Protocollo,Gruppo,DataOraIncidente,Localizzazione1,STRADA1,Localizzazione2,STRADA2,Strada02,Chilometrica,DaSpecificare,NaturaIncidente,particolaritastrade,TipoStrada,FondoStradale,Pavimentazione,Segnaletica,CondizioneAtmosferica,Traffico,Visibilita,Illuminazione,NUM_FERITI,NUM_RISERVATA,NUM_MORTI,NUM_ILLESI,Longitudine,Latitudine,Confermato,Progressivo,TipoVeicolo,StatoVeicolo,TipoPersona,Sesso,Tipolesione,Deceduto,DecedutoDopo,CinturaCascoUtilizzato,Airbag,,
3724666,11,04/07/2018 23:00:00,Strada Urbana,VIA ARDEATINA,all'intersezione con,VIA DI FIORANELLO,VIA DI FIORANELLO,,,Scontro frontale/laterale SX fra veicoli in marcia,Incrocio,Una carreggiata a doppio senso,Asciutto,Asfaltata,Orizzontale,Sereno,Scarso,Sufficiente,Sufficiente,1,0,0,2,12.5875,41.7971,-1,1,Autovettura privata,In marcia / fermata / arresto,Conducente,F,Illeso,0,,Non accertato,Inesploso,,
3724666,11,04/07/2018 23:00:00,Strada Urbana,VIA ARDEATINA,all'intersezione con,VIA DI FIORANELLO,VIA DI FIORANELLO,,,Scontro frontale/laterale SX fra veicoli in marcia,Incrocio,Una carreggiata a doppio senso,Asciutto,Asfaltata,Orizzontale,Sereno,Scarso,Sufficiente,Sufficiente,1,0,0,2,12.5875,41.7971,-1,1,Autovettura privata,In marcia / fermata / arresto,Passeggero,M,Illeso,0,,Non accertato,Inesploso,,
3724666,11,04/07/2018 23:00:00,Strada Urbana,VIA ARDEATINA,all'intersezione con,VIA DI FIORANELLO,VIA DI FIORANELLO,,,Scontro frontale/laterale SX fra veicoli in marcia,Incrocio,Una carreggiata a doppio senso,Asciutto,Asfaltata,Orizzontale,Sereno,Scarso,Sufficiente,Sufficiente,1,0,0,2,12.5875,41.7971,-1,2,Motociclo a solo,In marcia / fermata / arresto,Conducente,M,Rifiuta cure immediate,0,NON DECEDUTO,Non accertato,,,
3876052,11,09/07/2018 09:20:00,Strada Urbana,VIA ARISTIDE LEONORI,in corrispondenza,,del civico n.,6,,Scontro laterale fra veicoli in marcia,Rettilineo,Una carreggiata a senso unico di marcia,Asciutto,Asfaltata,Verticale ed orizzontale,Sereno,Normale,Buona,Ore Diurne,0,0,0,3,12.4863,41.8505,-1,1,Autovettura privata,In marcia / fermata / arresto,Conducente,M,Illeso,0,,Non accertato,,,
3876052,11,09/07/2018 09:20:00,Strada Urbana,VIA ARISTIDE LEONORI,in corrispondenza,,del civico n.,6,,Scontro laterale fra veicoli in marcia,Rettilineo,Una carreggiata a senso unico di marcia,Asciutto,Asfaltata,Verticale ed orizzontale,Sereno,Normale,Buona,Ore Diurne,0,0,0,3,12.4863,41.8505,-1,2,Autovettura privata,In marcia / fermata / arresto,Conducente,M,Illeso,0,,Non accertato,,,
3876052,11,09/07/2018 09:20:00,Strada Urbana,VIA ARISTIDE LEONORI,in corrispondenza,,del civico n.,6,,Scontro laterale fra veicoli in marcia,Rettilineo,Una carreggiata a senso unico di marcia,Asciutto,Asfaltata,Verticale ed orizzontale,Sereno,Normale,Buona,Ore Diurne,0,0,0,3,12.4863,41.8505,-1,2,Autovettura privata,In marcia / fermata / arresto,Passeggero,F,Illeso,0,,,,,
3898897,20,01/07/2018 00:15:00,Strada Urbana,VIALE DI TOR DI QUINTO,da specificare,,,,ALTEZZA VIA CIVITA CASTELLANA,Tamponamento Multiplo,Rettilineo,Una carreggiata a doppio senso,Asciutto,Asfaltata,Orizzontale,Sereno,Scarso,Sufficiente,Sufficiente,0,0,0,8,12.4707,41.9372,-1,1,Autovettura privata,In marcia / fermata / arresto,Conducente,M,Illeso,0,,,,,
3898897,20,01/07/2018 00:15:00,Strada Urbana,VIALE DI TOR DI QUINTO,da specificare,,,,ALTEZZA VIA CIVITA CASTELLANA,Tamponamento Multiplo,Rettilineo,Una carreggiata a doppio senso,Asciutto,Asfaltata,Orizzontale,Sereno,Scarso,Sufficiente,Sufficiente,0,0,0,8,12.4707,41.9372,-1,1,Autovettura privata,In marcia / fermata / arresto,Passeggero,M,Illeso,0,,,,,
3898897,20,01/07/2018 00:15:00,Strada Urbana,VIALE DI TOR DI QUINTO,da specificare,,,,ALTEZZA VIA CIVITA CASTELLANA,Tamponamento Multiplo,Rettilineo,Una carreggiata a doppio senso,Asciutto,Asfaltata,Orizzontale,Sereno,Scarso,Sufficiente,Sufficiente,0,0,0,8,12.4707,41.9372,-1,1,Autovettura privata,In marcia / fermata / arresto,Passeggero,M,Illeso,0,,,,,
3898897,20,01/07/2018 00:15:00,Strada Urbana,VIALE DI TOR DI QUINTO,da specificare,,,,ALTEZZA VIA CIVITA CASTELLANA,Tamponamento Multiplo,Rettilineo,Una carreggiata a doppio senso,Asciutto,Asfaltata,Orizzontale,Sereno,Scarso,Sufficiente,Sufficiente,0,0,0,8,12.4707,41.9372,-1,1,Autovettura privata,In marcia / fermata / arresto,Passeggero,M,Illeso,0,,,,,
3898897,20,01/07/2018 00:15:00,Strada Urbana,VIALE DI TOR DI QUINTO,da specificare,,,,ALTEZZA VIA CIVITA CASTELLANA,Tamponamento Multiplo,Rettilineo,Una carreggiata a doppio senso,Asciutto,Asfaltata,Orizzontale,Sereno,Scarso,Sufficiente,Sufficiente,0,0,0,8,12.4707,41.9372,-1,2,Autovettura privata,In marcia / fermata / arresto,Conducente,M,Illeso,0,,,,,
3898897,20,01/07/2018 00:15:00,Strada Urbana,VIALE DI TOR DI QUINTO,da specificare,,,,ALTEZZA VIA CIVITA CASTELLANA,Tamponamento Multiplo,Rettilineo,Una carreggiata a doppio senso,Asciutto,Asfaltata,Orizzontale,Sereno,Scarso,Sufficiente,Sufficiente,0,0,0,8,12.4707,41.9372,-1,3,Autovettura privata,In marcia / fermata / arresto,Conducente,M,Illeso,0,,,,,
3898897,20,01/07/2018 00:15:00,Strada Urbana,VIALE DI TOR DI QUINTO,da specificare,,,,ALTEZZA VIA CIVITA CASTELLANA,Tamponamento Multiplo,Rettilineo,Una carreggiata a doppio senso,Asciutto,Asfaltata,Orizzontale,Sereno,Scarso,Sufficiente,Sufficiente,0,0,0,8,12.4707,41.9372,-1,3,Autovettura privata,In marcia / fermata / arresto,Passeggero,F,Illeso,0,,,,,
3898897,20,01/07/2018 00:15:00,Strada Urbana,VIALE DI TOR DI QUINTO,da specificare,,,,ALTEZZA VIA CIVITA CASTELLANA,Tamponamento Multiplo,Rettilineo,Una carreggiata a doppio senso,Asciutto,Asfaltata,Orizzontale,Sereno,Scarso,Sufficiente,Sufficiente,0,0,0,8,12.4707,41.9372,-1,3,Autovettura privata,In marcia / fermata / arresto,Passeggero,F,Illeso,0,,,,,
3898925,2,01/07/2018 12:30:00,Strada Urbana,CIRCONVALLAZIONE SALARIA,da specificare,,,,rampa uscita dir Salaria-GRA alt. Prato Signora,Veicolo in marcia contro ostacolo accidentale,Curva a visuale libera,Una carreggiata a senso unico di marcia,Asciutto,Asfaltata,Verticale ed orizzontale,Sereno,Scarso,Buona,Ore Diurne,0,0,0,1,12.5099,41.9386,-1,1,Motociclo a solo,In marcia / fermata / arresto,Conducente,M,Illeso,0,,Non accertato,,,
3898935,7,01/07/2018 00:15:00,Strada Urbana,VIA MONDOLFO,all'intersezione con,VIA PIEVEBOVIGLIANA,VIA PIEVEBOVIGLIANA,,,Scontro frontale/laterale DX fra veicoli in marcia,Incrocio,Una carreggiata a doppio senso,Asciutto,Asfaltata,Assente,Sereno,Scarso,Sufficiente,Sufficiente,0,0,0,2,12.5883,41.9385,-1,1,Autovettura privata,In marcia / fermata / arresto,Conducente,M,Illeso,0,,Non accertato,Inesploso,,
3898935,7,01/07/2018 00:15:00,Strada Urbana,VIA MONDOLFO,all'intersezione con,VIA PIEVEBOVIGLIANA,VIA PIEVEBOVIGLIANA,,,Scontro frontale/laterale DX fra veicoli in marcia,Incrocio,Una carreggiata a doppio senso,Asciutto,Asfaltata,Assente,Sereno,Scarso,Sufficiente,Sufficiente,0,0,0,2,12.5883,41.9385,-1,1,Autovettura privata,In marcia / fermata / arresto,Passeggero,F,Illeso,0,,Non accertato,Inesploso,,
3898951,7,01/07/2018 11:00:00,Strada Urbana,VIALE PALMIRO TOGLIATTI,da specificare,,,,fronte civico 987 fermata atac 71303 dir prenestin,Veicolo in marcia contro ostacolo fisso,Rettilineo,Due carreggiate,Asciutto,Asfaltata,Assente,Sereno,Scarso,Buona,Ore Diurne,1,0,0,0,12.5733,41.8872,-1,1,Velocipede,In marcia / fermata / arresto,Conducente,M,Rimandato,0,NON DECEDUTO,Esente,,,
3898983,6,01/07/2018 13:30:00,Strada Urbana,VIA ZENODOSSIO,all'intersezione con,VIA PIETRO SENSINI,VIA PIETRO SENSINI,,,Veicolo in marcia contro veicolo in sosta,Incrocio,Una carreggiata a doppio senso,Asciutto,Asfaltata,Verticale ed orizzontale,Sereno,Scarso,Buona,Ore Diurne,0,0,0,1,12.5368,41.8832,-1,1,Autovettura privata,In marcia / fermata / arresto,Conducente,M,Illeso,0,,Non accertato,Inesploso,,
3899029,10,01/07/2018 01:40:00,Strada Urbana,VIA ANAGNINA,all'intersezione semaforizzata con,VIA DEI SETTE METRI,VIA DEI SETTE METRI,,,Tamponamento Multiplo,Intersezione semaforizzata,Due carreggiate,Asciutto,Asfaltata,Verticale ed orizzontale,Sereno,Normale,Sufficiente,Sufficiente,3,0,0,2,12.6114,41.8199,-1,1,Autovettura privata,In marcia / fermata / arresto,Conducente,F,Rimandato,0,NON DECEDUTO,Non accertato,Esploso,,
3899029,10,01/07/2018 01:40:00,Strada Urbana,VIA ANAGNINA,all'intersezione semaforizzata con,VIA DEI SETTE METRI,VIA DEI SETTE METRI,,,Tamponamento Multiplo,Intersezione semaforizzata,Due carreggiate,Asciutto,Asfaltata,Verticale ed orizzontale,Sereno,Normale,Sufficiente,Sufficiente,3,0,0,2,12.6114,41.8199,-1,2,Autovettura privata,In marcia / fermata / arresto,Conducente,M,Illeso,0,,Non accertato,Inesploso,,
3899029,10,01/07/2018 01:40:00,Strada Urbana,VIA ANAGNINA,all'intersezione semaforizzata con,VIA DEI SETTE METRI,VIA DEI SETTE METRI,,,Tamponamento Multiplo,Intersezione semaforizzata,Due carreggiate,Asciutto,Asfaltata,Verticale ed orizzontale,Sereno,Normale,Sufficiente,Sufficiente,3,0,0,2,12.6114,41.8199,-1,2,Autovettura privata,In marcia / fermata / arresto,Passeggero,M,Rimandato,0,NON DECEDUTO,Non accertato,Inesploso,,
3899029,10,01/07/2018 01:40:00,Strada Urbana,VIA ANAGNINA,all'intersezione semaforizzata con,VIA DEI SETTE METRI,VIA DEI SETTE METRI,,,Tamponamento Multiplo,Intersezione semaforizzata,Due carreggiate,Asciutto,Asfaltata,Verticale ed orizzontale,Sereno,Normale,Sufficiente,Sufficiente,3,0,0,2,12.6114,41.8199,-1,2,Autovettura privata,In marcia / fermata / arresto,Passeggero,F,Illeso,0,,Non accertato,Inesploso,,
3899029,10,01/07/2018 01:40:00,Strada Urbana,VIA ANAGNINA,all'intersezione semaforizzata con,VIA DEI SETTE METRI,VIA DEI SETTE METRI,,,Tamponamento Multiplo,Intersezione semaforizzata,Due carreggiate,Asciutto,Asfaltata,Verticale ed orizzontale,Sereno,Normale,Sufficiente,Sufficiente,3,0,0,2,12.6114,41.8199,-1,3,Autovettura privata,In marcia / fermata / arresto,Conducente,M,Rifiuta cure immediate,0,NON DECEDUTO,Non accertato,Inesploso,,
3899043,15,01/07/2018 16:20:00,Strada Urbana,PIAZZA ANTONIO MEUCCI,da specificare,,,,altezza distributore Total Erg,Scontro laterale fra veicoli in marcia,Rettilineo,Una carreggiata a senso unico di marcia,Asciutto,Asfaltata,Assente,Sereno,Scarso,Buona,Ore Diurne,0,0,0,3,12.4639,41.8617,-1,1,Autovettura privata,In marcia / fermata / arresto,Conducente,M,Illeso,0,,Utilizzato,,,
3899043,15,01/07/2018 16:20:00,Strada Urbana,PIAZZA ANTONIO MEUCCI,da specificare,,,,altezza distributore Total Erg,Scontro laterale fra veicoli in marcia,Rettilineo,Una carreggiata a senso unico di marcia,Asciutto,Asfaltata,Assente,Sereno,Scarso,Buona,Ore Diurne,0,0,0,3,12.4639,41.8617,-1,1,Autovettura privata,In marcia / fermata / arresto,Passeggero,F,Illeso,0,,Utilizzato,,,
3899043,15,01/07/2018 16:20:00,Strada Urbana,PIAZZA ANTONIO MEUCCI,da specificare,,,,altezza distributore Total Erg,Scontro laterale fra veicoli in marcia,Rettilineo,Una carreggiata a senso unico di marcia,Asciutto,Asfaltata,Assente,Sereno,Scarso,Buona,Ore Diurne,0,0,0,3,12.4639,41.8617,-1,2,Autovettura privata,In marcia / fermata / arresto,Conducente,F,Illeso,0,,Utilizzato,,,
3899056,2,01/07/2018 15:30:00,,PIAZZALE DEL MUSEO BORGHESE,da specificare,,,,lato viale del Museo Borghese,Veicolo in marcia contro ostacolo fisso,,,,,,,,,,1,0,0,0,,,0,1,Altro,In marcia / fermata / arresto,Conducente,F,Rimandato,0,NON DECEDUTO,Utilizzato,,,
3899116,5,01/07/2018 15:00:00,Strada Urbana,VIA TIBURTINA,all'intersezione semaforizzata con,VIA DI CASAL DEI PAZZI,VIA DI CASAL DEI PAZZI,,,Scontro frontale/laterale SX fra veicoli in marcia,Intersezione semaforizzata,Pi� di due carreggiate,Asciutto,Asfaltata,Verticale ed orizzontale,Sereno,Scarso,Buona,Ore Diurne,0,0,0,3,12.5712,41.9245,-1,1,Autovettura privata,In marcia / fermata / arresto,Conducente,M,Illeso,0,,Non accertato,Inesistente,,
3899116,5,01/07/2018 15:00:00,Strada Urbana,VIA TIBURTINA,all'intersezione semaforizzata con,VIA DI CASAL DEI PAZZI,VIA DI CASAL DEI PAZZI,,,Scontro frontale/laterale SX fra veicoli in marcia,Intersezione semaforizzata,Pi� di due carreggiate,Asciutto,Asfaltata,Verticale ed orizzontale,Sereno,Scarso,Buona,Ore Diurne,0,0,0,3,12.5712,41.9245,-1,2,Autovettura privata,In marcia / fermata / arresto,Conducente,M,Illeso,0,,Non accertato,Inesistente,,
3899116,5,01/07/2018 15:00:00,Strada Urbana,VIA TIBURTINA,all'intersezione semaforizzata con,VIA DI CASAL DEI PAZZI,VIA DI CASAL DEI PAZZI,,,Scontro frontale/laterale SX fra veicoli in marcia,Intersezione semaforizzata,Pi� di due carreggiate,Asciutto,Asfaltata,Verticale ed orizzontale,Sereno,Scarso,Buona,Ore Diurne,0,0,0,3,12.5712,41.9245,-1,2,Autovettura privata,In marcia / fermata / arresto,Passeggero,F,Illeso,0,,Non accertato,Inesistente,,
3899117,6,01/07/2018 17:30:00,Strada Urbana,VIA ALBONA,in corrispondenza,,del civico n.,91,,Fuoriuscita dalla sede stradale,Rettilineo,Una carreggiata a senso unico di marcia,Asciutto,Asfaltata,Assente,Sereno,Scarso,Buona,Ore Diurne,0,0,0,3,12.5557,41.8985,-1,1,Autovettura privata,In marcia / fermata / arresto,Conducente,F,Illeso,0,,Non accertato,Inesploso,,
3899117,6,01/07/2018 17:30:00,Strada Urbana,VIA ALBONA,in corrispondenza,,del civico n.,91,,Fuoriuscita dalla sede stradale,Rettilineo,Una carreggiata a senso unico di marcia,Asciutto,Asfaltata,Assente,Sereno,Scarso,Buona,Ore Diurne,0,0,0,3,12.5557,41.8985,-1,1,Autovettura privata,In marcia / fermata / arresto,Passeggero,M,Illeso,0,,Non accertato,Inesploso,,
3899117,6,01/07/2018 17:30:00,Strada Urbana,VIA ALBONA,in corrispondenza,,del civico n.,91,,Fuoriuscita dalla sede stradale,Rettilineo,Una carreggiata a senso unico di marcia,Asciutto,Asfaltata,Assente,Sereno,Scarso,Buona,Ore Diurne,0,0,0,3,12.5557,41.8985,-1,2,Autovettura privata,In marcia / fermata / arresto,Conducente,M,Illeso,0,,Non accertato,Inesploso,,
3899436,9,02/07/2018 02:00:00,Strada Urbana,VIA TUSCOLANA,in corrispondenza,,del civico n.,515/a,,Investimento di pedone,Rettilineo,Due carreggiate,Asciutto,Asfaltata,Verticale ed orizzontale,Sereno,Scarso,Sufficiente,Sufficiente,1,0,0,1,12.5405,41.8676,-1,,,,Pedone,M,Rimandato,0,NON DECEDUTO,,,,
3899436,9,02/07/2018 02:00:00,Strada Urbana,VIA TUSCOLANA,in corrispondenza,,del civico n.,515/a,,Investimento di pedone,Rettilineo,Due carreggiate,Asciutto,Asfaltata,Verticale ed orizzontale,Sereno,Scarso,Sufficiente,Sufficiente,1,0,0,1,12.5405,41.8676,-1,1,Autovettura privata,In marcia / fermata / arresto,Conducente,M,Illeso,0,,Non accertato,Inesploso,,
3899446,7,02/07/2018 01:15:00,Strada Urbana,VIALE PALMIRO TOGLIATTI,all'intersezione con,PIAZZALE PINO PASCALI,PIAZZALE PINO PASCALI,,,Investimento di pedone,Incrocio,Una carreggiata a senso unico di marcia,Asciutto,Asfaltata,Assente,Sereno,Scarso,Buona,Sufficiente,1,1,0,0,12.5746,41.8973,-1,,,,Pedone,M,Prognosi riservata,0,NON DECEDUTO,,,,
3899446,7,02/07/2018 01:15:00,Strada Urbana,VIALE PALMIRO TOGLIATTI,all'intersezione con,PIAZZALE PINO PASCALI,PIAZZALE PINO PASCALI,,,Investimento di pedone,Incrocio,Una carreggiata a senso unico di marcia,Asciutto,Asfaltata,Assente,Sereno,Scarso,Buona,Sufficiente,1,1,0,0,12.5746,41.8973,-1,1,Autovettura privata,In marcia / fermata / arresto,Conducente,M,Rimandato,0,NON DECEDUTO,Non accertato,Inesploso,,
3899486,15,01/07/2018 23:35:00,Strada Urbana,VIA DEL TRULLO,all'intersezione con,VIA DEL MONTE DELLE CAPRE,VIA DEL MONTE DELLE CAPRE,,,Scontro laterale fra veicoli in marcia,Intersezione semaforizzata,Due carreggiate,Asciutto,Asfaltata,Orizzontale,Sereno,Normale,Buona,Sufficiente,1,0,0,2,12.4368,41.843,-1,1,Motociclo a solo,In marcia / fermata / arresto,Conducente,M,Rifiuta cure immediate,0,NON DECEDUTO,,,,
3899486,15,01/07/2018 23:35:00,Strada Urbana,VIA DEL TRULLO,all'intersezione con,VIA DEL MONTE DELLE CAPRE,VIA DEL MONTE DELLE CAPRE,,,Scontro laterale fra veicoli in marcia,Intersezione semaforizzata,Due carreggiate,Asciutto,Asfaltata,Orizzontale,Sereno,Normale,Buona,Sufficiente,1,0,0,2,12.4368,41.843,-1,2,Autovettura privata,In marcia / fermata / arresto,Conducente,M,Illeso,0,,,,,
3899486,15,01/07/2018 23:35:00,Strada Urbana,VIA DEL TRULLO,all'intersezione con,VIA DEL MONTE DELLE CAPRE,VIA DEL MONTE DELLE CAPRE,,,Scontro laterale fra veicoli in marcia,Intersezione semaforizzata,Due carreggiate,Asciutto,Asfaltata,Orizzontale,Sereno,Normale,Buona,Sufficiente,1,0,0,2,12.4368,41.843,-1,2,Autovettura privata,In marcia / fermata / arresto,Passeggero,M,Illeso,0,,,,,
3899509,5,01/07/2018 19:20:00,Strada Urbana,VIA DEL CASALE DI S. BASILIO,all'intersezione con,VIA CASTELRAIMONDO,VIA CASTELRAIMONDO,,,Scontro frontale/laterale SX fra veicoli in marcia,Incrocio,Una carreggiata a doppio senso,Asciutto,Asfaltata,Verticale ed orizzontale,Sereno,Normale,Buona,Ore Diurne,1,0,0,2,12.5776,41.939,-1,1,Motociclo a solo,In marcia / fermata / arresto,Conducente,M,Rimandato,0,NON DECEDUTO,Non accertato,,,
3899509,5,01/07/2018 19:20:00,Strada Urbana,VIA DEL CASALE DI S. BASILIO,all'intersezione con,VIA CASTELRAIMONDO,VIA CASTELRAIMONDO,,,Scontro frontale/laterale SX fra veicoli in marcia,Incrocio,Una carreggiata a doppio senso,Asciutto,Asfaltata,Verticale ed orizzontale,Sereno,Normale,Buona,Ore Diurne,1,0,0,2,12.5776,41.939,-1,2,Autovettura privata,In marcia / fermata / arresto,Conducente,F,Illeso,0,,Non accertato,Inesploso,,
3899509,5,01/07/2018 19:20:00,Strada Urbana,VIA DEL CASALE DI S. BASILIO,all'intersezione con,VIA CASTELRAIMONDO,VIA CASTELRAIMONDO,,,Scontro frontale/laterale SX fra veicoli in marcia,Incrocio,Una carreggiata a doppio senso,Asciutto,Asfaltata,Verticale ed orizzontale,Sereno,Normale,Buona,Ore Diurne,1,0,0,2,12.5776,41.939,-1,2,Autovettura privata,In marcia / fermata / arresto,Passeggero,F,Illeso,0,,Non accertato,Inesploso,,
3899518,5,02/07/2018 03:30:00,Strada Urbana,VIA DELLE CASE ROSSE,in corrispondenza,,del civico n.,46,,Veicolo in marcia contro ostacolo fisso,Rettilineo,Una carreggiata a doppio senso,Asciutto,Asfaltata,Verticale,Sereno,Scarso,Sufficiente,Sufficiente,1,0,0,0,12.6354,41.9263,0,1,Autovettura privata,In marcia / fermata / arresto,Conducente,M,Rimandato,0,NON DECEDUTO,Non accertato,,,
3899529,11,01/07/2018 14:30:00,Strada Urbana,VIA ARDEATINA,in prossimit�,,del civico n.,253,,Scontro frontale/laterale SX fra veicoli in marcia,Curva senza visuale libera,Una carreggiata a doppio senso,Asciutto,Asfaltata,Verticale ed orizzontale,Sereno,Scarso,Buona,Ore Diurne,2,0,0,0,12.5157,41.8481,-1,1,Autovettura privata,In marcia / fermata / arresto,Conducente,F,Rimandato,0,NON DECEDUTO,,,,
3899529,11,01/07/2018 14:30:00,Strada Urbana,VIA ARDEATINA,in prossimit�,,del civico n.,253,,Scontro frontale/laterale SX fra veicoli in marcia,Curva senza visuale libera,Una carreggiata a doppio senso,Asciutto,Asfaltata,Verticale ed orizzontale,Sereno,Scarso,Buona,Ore Diurne,2,0,0,0,12.5157,41.8481,-1,2,Autocarro inferiore 35 q.,In marcia / fermata / arresto,Conducente,M,Rimandato,0,NON DECEDUTO,,,,
3899539,8,01/07/2018 23:10:00,,VIA DI ROCCA CENCIA,da specificare,,,,200mt dopo Via S. Alessio in Aspromonte dir. Prene,Investimento di pedone,,,,,,,,,,1,0,0,1,12.6922,41.8764,0,,,,Pedone,M,Ricoverato,0,NON DECEDUTO,,,,
3899539,8,01/07/2018 23:10:00,,VIA DI ROCCA CENCIA,da specificare,,,,200mt dopo Via S. Alessio in Aspromonte dir. Prene,Investimento di pedone,,,,,,,,,,1,0,0,1,12.6922,41.8764,0,1,Autovettura privata,In marcia / fermata / arresto,Conducente,M,Illeso,0,,Non accertato,Inesploso,,
3899543,6,02/07/2018 00:17:00,Strada Urbana,VIA ATLANTE,in corrispondenza,,del civico n.,101,,Scontro frontale fra veicoli in marcia,Rettilineo,Una carreggiata a doppio senso,Asciutto,Asfaltata,Assente,Sereno,Scarso,Sufficiente,Insufficiente,0,0,0,2,12.6168,41.8784,-1,1,Autovettura privata,In marcia / fermata / arresto,Conducente,M,Illeso,0,,,,,
3899543,6,02/07/2018 00:17:00,Strada Urbana,VIA ATLANTE,in corrispondenza,,del civico n.,101,,Scontro frontale fra veicoli in marcia,Rettilineo,Una carreggiata a doppio senso,Asciutto,Asfaltata,Assente,Sereno,Scarso,Sufficiente,Insufficiente,0,0,0,2,12.6168,41.8784,-1,2,Autovettura privata,In marcia / fermata / arresto,Conducente,M,Illeso,0,,,,,
3899573,13,01/07/2018 11:10:00,Strada Urbana,VIA DEL LIDO DI CASTELPORZIANO,all'intersezione con,VIA MAREBBE,VIA MAREBBE,,,Scontro laterale fra veicoli in marcia,Incrocio,Una carreggiata a doppio senso,Asciutto,Asfaltata,Verticale ed orizzontale,Sereno,Normale,Buona,Ore Diurne,0,0,0,5,12.354,41.7155,-1,1,Motociclo con passeggero,In marcia / fermata / arresto,Conducente,M,Illeso,0,,,,,
3899573,13,01/07/2018 11:10:00,Strada Urbana,VIA DEL LIDO DI CASTELPORZIANO,all'intersezione con,VIA MAREBBE,VIA MAREBBE,,,Scontro laterale fra veicoli in marcia,Incrocio,Una carreggiata a doppio senso,Asciutto,Asfaltata,Verticale ed orizzontale,Sereno,Normale,Buona,Ore Diurne,0,0,0,5,12.354,41.7155,-1,1,Motociclo con passeggero,In marcia / fermata / arresto,Passeggero,F,Illeso,0,,,,,
3899573,13,01/07/2018 11:10:00,Strada Urbana,VIA DEL LIDO DI CASTELPORZIANO,all'intersezione con,VIA MAREBBE,VIA MAREBBE,,,Scontro laterale fra veicoli in marcia,Incrocio,Una carreggiata a doppio senso,Asciutto,Asfaltata,Verticale ed orizzontale,Sereno,Normale,Buona,Ore Diurne,0,0,0,5,12.354,41.7155,-1,2,Autovettura privata,In marcia / fermata / arresto,Conducente,F,Illeso,0,,Non accertato,Inesploso,,
3899573,13,01/07/2018 11:10:00,Strada Urbana,VIA DEL LIDO DI CASTELPORZIANO,all'intersezione con,VIA MAREBBE,VIA MAREBBE,,,Scontro laterale fra veicoli in marcia,Incrocio,Una carreggiata a doppio senso,Asciutto,Asfaltata,Verticale ed orizzontale,Sereno,Normale,Buona,Ore Diurne,0,0,0,5,12.354,41.7155,-1,2,Autovettura privata,In marcia / fermata / arresto,Passeggero,F,Illeso,0,,,,,
3899573,13,01/07/2018 11:10:00,Strada Urbana,VIA DEL LIDO DI CASTELPORZIANO,all'intersezione con,VIA MAREBBE,VIA MAREBBE,,,Scontro laterale fra veicoli in marcia,Incrocio,Una carreggiata a doppio senso,Asciutto,Asfaltata,Verticale ed orizzontale,Sereno,Normale,Buona,Ore Diurne,0,0,0,5,12.354,41.7155,-1,2,Autovettura privata,In marcia / fermata / arresto,Passeggero,F,Illeso,0,,,,,
3899608,9,02/07/2018 08:30:00,,VIA CONCORDIA,da specificare,,,,PROX PIAZZA ZAMA,Scontro laterale fra veicoli in marcia,,,,,,,,,,0,0,0,1,,,0,2,Autovettura privata,In marcia / fermata / arresto,Conducente,M,Illeso,0,,,,,
3899624,6,02/07/2018 07:40:00,Strada Urbana,VIA TOR DE' SCHIAVI,in corrispondenza,,del civico n.,310,,Scontro laterale fra veicoli in marcia,Rettilineo,Due carreggiate,Asciutto,Asfaltata,Assente,Sereno,Normale,Buona,Ore Diurne,0,0,0,2,12.561,41.8902,-1,1,Autovettura privata,In marcia / fermata / arresto,Conducente,F,Illeso,0,,Non accertato,Inesploso,,
3899624,6,02/07/2018 07:40:00,Strada Urbana,VIA TOR DE' SCHIAVI,in corrispondenza,,del civico n.,310,,Scontro laterale fra veicoli in marcia,Rettilineo,Due carreggiate,Asciutto,Asfaltata,Assente,Sereno,Normale,Buona,Ore Diurne,0,0,0,2,12.561,41.8902,-1,2,Autovettura privata,In marcia / fermata / arresto,Conducente,F,Illeso,0,,Non accertato,Inesploso,,
3899628,13,01/07/2018 12:35:00,Strada Urbana,VIA DI MACCHIA SAPONARA,in corrispondenza,,del civico n.,22,,Tamponamento,Rettilineo,Una carreggiata a doppio senso,Asciutto,Asfaltata,Assente,Sereno,Scarso,Buona,Ore Diurne,0,0,0,5,12.3503,41.7786,-1,1,Autovettura privata,In marcia / fermata / arresto,Conducente,M,Illeso,0,,Non accertato,Inesploso,,
3899628,13,01/07/2018 12:35:00,Strada Urbana,VIA DI MACCHIA SAPONARA,in corrispondenza,,del civico n.,22,,Tamponamento,Rettilineo,Una carreggiata a doppio senso,Asciutto,Asfaltata,Assente,Sereno,Scarso,Buona,Ore Diurne,0,0,0,5,12.3503,41.7786,-1,1,Autovettura privata,In marcia / fermata / arresto,Passeggero,F,Illeso,0,,Non accertato,Inesploso,,
3899628,13,01/07/2018 12:35:00,Strada Urbana,VIA DI MACCHIA SAPONARA,in corrispondenza,,del civico n.,22,,Tamponamento,Rettilineo,Una carreggiata a doppio senso,Asciutto,Asfaltata,Assente,Sereno,Scarso,Buona,Ore Diurne,0,0,0,5,12.3503,41.7786,-1,1,Autovettura privata,In marcia / fermata / arresto,Passeggero,M,Illeso,0,,Non accertato,Inesploso,,
3899628,13,01/07/2018 12:35:00,Strada Urbana,VIA DI MACCHIA SAPONARA,in corrispondenza,,del civico n.,22,,Tamponamento,Rettilineo,Una carreggiata a doppio senso,Asciutto,Asfaltata,Assente,Sereno,Scarso,Buona,Ore Diurne,0,0,0,5,12.3503,41.7786,-1,1,Autovettura privata,In marcia / fermata / arresto,Passeggero,M,Illeso,0,,Non accertato,Inesploso,,