Protocollo,Gruppo,DataOraIncidente,Localizzazione1,STRADA1,Localizzazione2,STRADA2,Strada02,Chilometrica,DaSpecificare,NaturaIncidente,particolaritastrade,TipoStrada,FondoStradale,Pavimentazione,Segnaletica,CondizioneAtmosferica,Traffico,Visibilita,Illuminazione,NUM_FERITI,NUM_RISERVATA,NUM_MORTI,NUM_ILLESI,Longitudine,Latitudine,Confermato,Progressivo,TipoVeicolo,StatoVeicolo,TipoPersona,Sesso,Tipolesione,Deceduto,DecedutoDopo,CinturaCascoUtilizzato,Airbag,,
3900259,9,02/07/2018 07:30:00,Strada Urbana,VIA CASILINA,da specificare,,,,fronte civico 3/E,Veicolo in marcia contro veicoli in sosta,Rettilineo,Due carreggiate,Asciutto,Asfaltata,Verticale ed orizzontale,Sereno,Normale,Buona,Ore Diurne,1,0,0,0,12.5235,41.8887,-1,1,Autovettura privata,In marcia / fermata / arresto,Conducente,F,Rimandato,0,NON DECEDUTO,Non accertato,Inesploso,,
3900263,9,02/07/2018 12:20:00,Strada Urbana,VIA TUSCOLANA,in corrispondenza,,del civico n.,622,,Tamponamento,Rettilineo,Due carreggiate,Asciutto,Asfaltata,Verticale ed orizzontale,Sereno,Normale,Buona,Ore Diurne,1,0,0,1,12.5388,41.8686,-1,1,Autovettura privata,In marcia / fermata / arresto,Conducente,M,Illeso,0,,Non accertato,Inesploso,,
3900263,9,02/07/2018 12:20:00,Strada Urbana,VIA TUSCOLANA,in corrispondenza,,del civico n.,622,,Tamponamento,Rettilineo,Due carreggiate,Asciutto,Asfaltata,Verticale ed orizzontale,Sereno,Normale,Buona,Ore Diurne,1,0,0,1,12.5388,41.8686,-1,2,Autovettura privata,In marcia / fermata / arresto,Conducente,F,Rimandato,0,NON DECEDUTO,Non accertato,Inesploso,,
3900295,20,02/07/2018 15:50:00,Regionale entro l'abitato,VIA FLAMINIA,in corrispondenza,,del civico n.,1197,,Tamponamento,Rettilineo,Una carreggiata a doppio senso,Asciutto,Asfaltata,Verticale ed orizzontale,Sereno,Intenso,Buona,Ore Diurne,1,0,0,1,12.494,41.9886,-1,1,Autovettura privata,In marcia / fermata / arresto,Conducente,M,Illeso,0,,Non accertato,Inesploso,,
3900295,20,02/07/2018 15:50:00,Regionale entro l'abitato,VIA FLAMINIA,in corrispondenza,,del civico n.,1197,,Tamponamento,Rettilineo,Una carreggiata a doppio senso,Asciutto,Asfaltata,Verticale ed orizzontale,Sereno,Intenso,Buona,Ore Diurne,1,0,0,1,12.494,41.9886,-1,2,Motociclo a solo,In marcia / fermata / arresto,Conducente,M,Rimandato,0,NON DECEDUTO,Non accertato,,,
3900326,16,01/07/2018 03:00:00,,VIALE DELL'INDUSTRIA,in corrispondenza,,del palo luce n.,11,,Veicolo in marcia contro ostacolo accidentale,,,,,,,,,,0,0,0,1,12.4746,41.8377,0,1,Autovettura privata,In marcia / fermata / arresto,Conducente,M,Illeso,0,,Non accertato,Inesploso,,
3900336,6,02/07/2018 14:20:00,Strada Urbana,VIA DI PORTONACCIO,in corrispondenza,,del palo luce n.,104,,Tamponamento Multiplo,Rettilineo,Due carreggiate,Asciutto,Asfaltata,Verticale ed orizzontale,Sereno,Normale,Buona,Ore Diurne,0,0,0,3,12.5415,41.8958,-1,1,Autovettura privata,In marcia / fermata / arresto,Conducente,F,Illeso,0,,,,,
3900336,6,02/07/2018 14:20:00,Strada Urbana,VIA DI PORTONACCIO,in corrispondenza,,del palo luce n.,104,,Tamponamento Multiplo,Rettilineo,Due carreggiate,Asciutto,Asfaltata,Verticale ed orizzontale,Sereno,Normale,Buona,Ore Diurne,0,0,0,3,12.5415,41.8958,-1,2,Autovettura privata,In marcia / fermata / arresto,Conducente,F,Illeso,0,,,,,
3900336,6,02/07/2018 14:20:00,Strada Urbana,VIA DI PORTONACCIO,in corrispondenza,,del palo luce n.,104,,Tamponamento Multiplo,Rettilineo,Due carreggiate,Asciutto,Asfaltata,Verticale ed orizzontale,Sereno,Normale,Buona,Ore Diurne,0,0,0,3,12.5415,41.8958,-1,3,Autovettura privata,In marcia / fermata / arresto,Conducente,M,Illeso,0,,,,,
3900339,4,01/07/2018 01:40:00,Provinciale,VIA NOMENTANA,da specificare,,,,in prossimit� del fronte civico 1141/A,Tamponamento,Rettilineo,Una carreggiata a doppio senso,Asciutto,Asfaltata,Verticale ed orizzontale,Sereno,Scarso,Sufficiente,Sufficiente,1,0,0,1,12.5728,41.9579,-1,1,Autovettura privata,In marcia / fermata / arresto,Conducente,F,Rimandato,0,NON DECEDUTO,Non accertato,Inesploso,,
3900339,4,01/07/2018 01:40:00,Provinciale,VIA NOMENTANA,da specificare,,,,in prossimit� del fronte civico 1141/A,Tamponamento,Rettilineo,Una carreggiata a doppio senso,Asciutto,Asfaltata,Verticale ed orizzontale,Sereno,Scarso,Sufficiente,Sufficiente,1,0,0,1,12.5728,41.9579,-1,2,Autovettura privata,In marcia / fermata / arresto,Conducente,F,Illeso,0,,,Esploso,,
3900347,13,02/07/2018 08:20:00,Strada Urbana,VIA DEI VELIERI,in prossimit�,,del civico n.,59,,Scontro laterale fra veicoli in marcia,Rettilineo,Due carreggiate,Asciutto,Asfaltata,Verticale ed orizzontale,Sereno,Normale,Buona,Ore Diurne,0,0,0,5,12.2753,41.7362,-1,1,Autovettura privata,In marcia / fermata / arresto,Conducente,M,Illeso,0,,,,,
3900347,13,02/07/2018 08:20:00,Strada Urbana,VIA DEI VELIERI,in prossimit�,,del civico n.,59,,Scontro laterale fra veicoli in marcia,Rettilineo,Due carreggiate,Asciutto,Asfaltata,Verticale ed orizzontale,Sereno,Normale,Buona,Ore Diurne,0,0,0,5,12.2753,41.7362,-1,1,Autovettura privata,In marcia / fermata / arresto,Passeggero,F,Illeso,0,,,,,
3900347,13,02/07/2018 08:20:00,Strada Urbana,VIA DEI VELIERI,in prossimit�,,del civico n.,59,,Scontro laterale fra veicoli in marcia,Rettilineo,Due carreggiate,Asciutto,Asfaltata,Verticale ed orizzontale,Sereno,Normale,Buona,Ore Diurne,0,0,0,5,12.2753,41.7362,-1,1,Autovettura privata,In marcia / fermata / arresto,Passeggero,F,Illeso,0,,,,,
3900347,13,02/07/2018 08:20:00,Strada Urbana,VIA DEI VELIERI,in prossimit�,,del civico n.,59,,Scontro laterale fra veicoli in marcia,Rettilineo,Due carreggiate,Asciutto,Asfaltata,Verticale ed orizzontale,Sereno,Normale,Buona,Ore Diurne,0,0,0,5,12.2753,41.7362,-1,1,Autovettura privata,In marcia / fermata / arresto,Passeggero,F,Illeso,0,,,,,
3900347,13,02/07/2018 08:20:00,Strada Urbana,VIA DEI VELIERI,in prossimit�,,del civico n.,59,,Scontro laterale fra veicoli in marcia,Rettilineo,Due carreggiate,Asciutto,Asfaltata,Verticale ed orizzontale,Sereno,Normale,Buona,Ore Diurne,0,0,0,5,12.2753,41.7362,-1,2,Autovettura privata,In marcia / fermata / arresto,Conducente,F,Illeso,0,,,,,
3900427,18,02/07/2018 11:25:00,Strada Urbana,VIA MATTIA BATTISTINI,in prossimit�,,del civico n.,11,,Tamponamento Multiplo,Rettilineo,Una carreggiata a doppio senso,Asciutto,Asfaltata,Verticale ed orizzontale,Sereno,Intenso,Buona,Ore Diurne,2,0,0,4,12.4106,41.9055,-1,1,Autoarticolato,In marcia / fermata / arresto,Conducente,M,Illeso,0,,Non accertato,Inesploso,,
3900427,18,02/07/2018 11:25:00,Strada Urbana,VIA MATTIA BATTISTINI,in prossimit�,,del civico n.,11,,Tamponamento Multiplo,Rettilineo,Una carreggiata a doppio senso,Asciutto,Asfaltata,Verticale ed orizzontale,Sereno,Intenso,Buona,Ore Diurne,2,0,0,4,12.4106,41.9055,-1,2,Autobus turistico,In marcia / fermata / arresto,Conducente,M,Illeso,0,,,,,
3900427,18,02/07/2018 11:25:00,Strada Urbana,VIA MATTIA BATTISTINI,in prossimit�,,del civico n.,11,,Tamponamento Multiplo,Rettilineo,Una carreggiata a doppio senso,Asciutto,Asfaltata,Verticale ed orizzontale,Sereno,Intenso,Buona,Ore Diurne,2,0,0,4,12.4106,41.9055,-1,3,Autovettura privata,In marcia / fermata / arresto,Conducente,F,Rifiuta cure immediate,0,NON DECEDUTO,,,,
3900427,18,02/07/2018 11:25:00,Strada Urbana,VIA MATTIA BATTISTINI,in prossimit�,,del civico n.,11,,Tamponamento Multiplo,Rettilineo,Una carreggiata a doppio senso,Asciutto,Asfaltata,Verticale ed orizzontale,Sereno,Intenso,Buona,Ore Diurne,2,0,0,4,12.4106,41.9055,-1,3,Autovettura privata,In marcia / fermata / arresto,Passeggero,M,Rifiuta cure immediate,0,NON DECEDUTO,,,,
3900427,18,02/07/2018 11:25:00,Strada Urbana,VIA MATTIA BATTISTINI,in prossimit�,,del civico n.,11,,Tamponamento Multiplo,Rettilineo,Una carreggiata a doppio senso,Asciutto,Asfaltata,Verticale ed orizzontale,Sereno,Intenso,Buona,Ore Diurne,2,0,0,4,12.4106,41.9055,-1,3,Autovettura privata,In marcia / fermata / arresto,Passeggero,F,Illeso,0,,,,,
3900427,18,02/07/2018 11:25:00,Strada Urbana,VIA MATTIA BATTISTINI,in prossimit�,,del civico n.,11,,Tamponamento Multiplo,Rettilineo,Una carreggiata a doppio senso,Asciutto,Asfaltata,Verticale ed orizzontale,Sereno,Intenso,Buona,Ore Diurne,2,0,0,4,12.4106,41.9055,-1,3,Autovettura privata,In marcia / fermata / arresto,Passeggero,F,Illeso,0,,,,,
3900432,11,02/07/2018 13:30:00,Strada Urbana,VIA ANDREA DEL CASTAGNO,in prossimit�,,del civico n.,164,,Scontro laterale fra veicoli in marcia,Curva senza visuale libera,Una carreggiata a senso unico di marcia,Asciutto,Asfaltata,Verticale,Sereno,Normale,Buona,Ore Diurne,0,0,0,2,12.4888,41.8356,-1,1,Autovettura privata,In marcia / fermata / arresto,Conducente,F,Illeso,0,,Non accertato,Inesploso,,
3900432,11,02/07/2018 13:30:00,Strada Urbana,VIA ANDREA DEL CASTAGNO,in prossimit�,,del civico n.,164,,Scontro laterale fra veicoli in marcia,Curva senza visuale libera,Una carreggiata a senso unico di marcia,Asciutto,Asfaltata,Verticale,Sereno,Normale,Buona,Ore Diurne,0,0,0,2,12.4888,41.8356,-1,2,Autovettura privata,In marcia / fermata / arresto,Conducente,M,Illeso,0,,Non accertato,Inesploso,,
3900443,19,02/07/2018 13:37:00,Strada Urbana,VIA DEL FOSSO DI S. SPIRITO,in prossimit�,,del civico n.,92,,Veicolo in marcia contro veicoli in sosta,Rettilineo,Una carreggiata a doppio senso,Asciutto,Asfaltata,Assente,Sereno,Normale,Buona,Ore Diurne,0,0,0,1,12.3854,41.9455,-1,1,Autovettura privata,In marcia / fermata / arresto,Conducente,M,Illeso,0,,Non accertato,Inesploso,,
3900458,13,02/07/2018 09:50:00,Strada Urbana,CORSO DUCA DI GENOVA,in corrispondenza,,del civico n.,155,,Scontro frontale/laterale DX fra veicoli in marcia,Rettilineo,Una carreggiata a doppio senso,Asciutto,Asfaltata,Verticale ed orizzontale,Sereno,Normale,Buona,Ore Diurne,2,0,0,0,12.2716,41.7338,-1,1,Autovettura privata,In marcia / fermata / arresto,Conducente,M,Rimandato,0,NON DECEDUTO,,,,
3900458,13,02/07/2018 09:50:00,Strada Urbana,CORSO DUCA DI GENOVA,in corrispondenza,,del civico n.,155,,Scontro frontale/laterale DX fra veicoli in marcia,Rettilineo,Una carreggiata a doppio senso,Asciutto,Asfaltata,Verticale ed orizzontale,Sereno,Normale,Buona,Ore Diurne,2,0,0,0,12.2716,41.7338,-1,2,Autovettura privata,In marcia / fermata / arresto,Conducente,M,Rimandato,0,NON DECEDUTO,,,,
3900459,19,02/07/2018 12:00:00,Strada Urbana,VIA TRIONFALE,da specificare,,,,pross.t� Rampa Accesso da Casal del Marmo,Tamponamento Multiplo,Rettilineo,Una carreggiata a doppio senso,Asciutto,Asfaltata,Orizzontale,Sereno,Normale,Buona,Ore Diurne,1,0,0,4,12.4186,41.9443,-1,1,Autovettura privata,In marcia / fermata / arresto,Conducente,M,Illeso,0,,Non accertato,Inesploso,,
3900459,19,02/07/2018 12:00:00,Strada Urbana,VIA TRIONFALE,da specificare,,,,pross.t� Rampa Accesso da Casal del Marmo,Tamponamento Multiplo,Rettilineo,Una carreggiata a doppio senso,Asciutto,Asfaltata,Orizzontale,Sereno,Normale,Buona,Ore Diurne,1,0,0,4,12.4186,41.9443,-1,2,Autovettura privata,In marcia / fermata / arresto,Conducente,M,Illeso,0,,Non accertato,Inesploso,,
3900459,19,02/07/2018 12:00:00,Strada Urbana,VIA TRIONFALE,da specificare,,,,pross.t� Rampa Accesso da Casal del Marmo,Tamponamento Multiplo,Rettilineo,Una carreggiata a doppio senso,Asciutto,Asfaltata,Orizzontale,Sereno,Normale,Buona,Ore Diurne,1,0,0,4,12.4186,41.9443,-1,2,Autovettura privata,In marcia / fermata / arresto,Passeggero,F,Rimandato,0,NON DECEDUTO,Non accertato,Inesploso,,
3900459,19,02/07/2018 12:00:00,Strada Urbana,VIA TRIONFALE,da specificare,,,,pross.t� Rampa Accesso da Casal del Marmo,Tamponamento Multiplo,Rettilineo,Una carreggiata a doppio senso,Asciutto,Asfaltata,Orizzontale,Sereno,Normale,Buona,Ore Diurne,1,0,0,4,12.4186,41.9443,-1,2,Autovettura privata,In marcia / fermata / arresto,Passeggero,F,Illeso,0,,Non accertato,Inesploso,,
3900459,19,02/07/2018 12:00:00,Strada Urbana,VIA TRIONFALE,da specificare,,,,pross.t� Rampa Accesso da Casal del Marmo,Tamponamento Multiplo,Rettilineo,Una carreggiata a doppio senso,Asciutto,Asfaltata,Orizzontale,Sereno,Normale,Buona,Ore Diurne,1,0,0,4,12.4186,41.9443,-1,3,Autovettura privata,In marcia / fermata / arresto,Conducente,M,Illeso,0,,Non accertato,Inesploso,,
3900461,18,02/07/2018 08:10:00,Strada Urbana,VIA RISERVA DELLA TORRETTA,all'intersezione con,VIA DELLA MAGLIANELLA,VIA DELLA MAGLIANELLA,,,Scontro frontale/laterale DX fra veicoli in marcia,Intersezione stradale segnalata,Una carreggiata a doppio senso,Asciutto,Asfaltata,Verticale ed orizzontale,Sereno,Normale,Buona,Ore Diurne,0,0,0,2,12.3826,41.8878,-1,1,Autocarro inferiore 35 q.,In marcia / fermata / arresto,Conducente,M,Illeso,0,,Non accertato,Inesploso,,
3900461,18,02/07/2018 08:10:00,Strada Urbana,VIA RISERVA DELLA TORRETTA,all'intersezione con,VIA DELLA MAGLIANELLA,VIA DELLA MAGLIANELLA,,,Scontro frontale/laterale DX fra veicoli in marcia,Intersezione stradale segnalata,Una carreggiata a doppio senso,Asciutto,Asfaltata,Verticale ed orizzontale,Sereno,Normale,Buona,Ore Diurne,0,0,0,2,12.3826,41.8878,-1,2,Autovettura privata,In marcia / fermata / arresto,Conducente,F,Illeso,0,,Non accertato,Inesploso,,
3900473,18,01/07/2018 01:15:00,Statale entro l'abitato,VIA AURELIA,in prossimit�,,del civico n.,481,,Scontro laterale fra veicoli in marcia,Rettilineo,Due carreggiate,Asciutto,Asfaltata,Verticale ed orizzontale,Sereno,Scarso,Buona,Sufficiente,0,0,0,2,12.4247,41.8964,-1,1,Autovettura privata,In marcia / fermata / arresto,Conducente,M,Illeso,0,,,,,
3900473,18,01/07/2018 01:15:00,Statale entro l'abitato,VIA AURELIA,in prossimit�,,del civico n.,481,,Scontro laterale fra veicoli in marcia,Rettilineo,Due carreggiate,Asciutto,Asfaltata,Verticale ed orizzontale,Sereno,Scarso,Buona,Sufficiente,0,0,0,2,12.4247,41.8964,-1,2,Autovettura privata,In marcia / fermata / arresto,Conducente,M,Illeso,0,,,,,
3900492,18,01/07/2018 17:00:00,Strada Urbana,VIA MARTINO V,all'intersezione con,VIA PIO IX,VIA PIO IX,,,Scontro laterale fra veicoli in marcia,Intersezione stradale segnalata,Una carreggiata a senso unico di marcia,Asciutto,Asfaltata,Verticale ed orizzontale,Sereno,Normale,Buona,Ore Diurne,0,0,0,3,12.4218,41.9054,-1,1,Autovettura privata,In marcia / fermata / arresto,Conducente,M,Illeso,0,,,,,
3900492,18,01/07/2018 17:00:00,Strada Urbana,VIA MARTINO V,all'intersezione con,VIA PIO IX,VIA PIO IX,,,Scontro laterale fra veicoli in marcia,Intersezione stradale segnalata,Una carreggiata a senso unico di marcia,Asciutto,Asfaltata,Verticale ed orizzontale,Sereno,Normale,Buona,Ore Diurne,0,0,0,3,12.4218,41.9054,-1,2,Ciclomotore,In marcia / fermata / arresto,Conducente,M,Illeso,0,,,,,
3900492,18,01/07/2018 17:00:00,Strada Urbana,VIA MARTINO V,all'intersezione con,VIA PIO IX,VIA PIO IX,,,Scontro laterale fra veicoli in marcia,Intersezione stradale segnalata,Una carreggiata a senso unico di marcia,Asciutto,Asfaltata,Verticale ed orizzontale,Sereno,Normale,Buona,Ore Diurne,0,0,0,3,12.4218,41.9054,-1,2,Ciclomotore,In marcia / fermata / arresto,Passeggero,F,Illeso,0,,,,,
3900507,18,01/07/2018 19:50:00,Statale,VIA AURELIA,in prossimit�,,della chilometrica,21.1,,Tamponamento,Rettilineo,Due carreggiate,Asciutto,Asfaltata,Verticale ed orizzontale,Sereno,Intenso,Sufficiente,Ore Diurne,1,0,0,3,12.3612,41.8845,-1,1,Autovettura privata,In marcia / fermata / arresto,Conducente,M,Illeso,0,,,,,
3900507,18,01/07/2018 19:50:00,Statale,VIA AURELIA,in prossimit�,,della chilometrica,21.1,,Tamponamento,Rettilineo,Due carreggiate,Asciutto,Asfaltata,Verticale ed orizzontale,Sereno,Intenso,Sufficiente,Ore Diurne,1,0,0,3,12.3612,41.8845,-1,2,Autovettura privata,In marcia / fermata / arresto,Conducente,M,Illeso,0,,,,,
3900507,18,01/07/2018 19:50:00,Statale,VIA AURELIA,in prossimit�,,della chilometrica,21.1,,Tamponamento,Rettilineo,Due carreggiate,Asciutto,Asfaltata,Verticale ed orizzontale,Sereno,Intenso,Sufficiente,Ore Diurne,1,0,0,3,12.3612,41.8845,-1,2,Autovettura privata,In marcia / fermata / arresto,Passeggero,F,Illeso,0,,,,,
3900507,18,01/07/2018 19:50:00,Statale,VIA AURELIA,in prossimit�,,della chilometrica,21.1,,Tamponamento,Rettilineo,Due carreggiate,Asciutto,Asfaltata,Verticale ed orizzontale,Sereno,Intenso,Sufficiente,Ore Diurne,1,0,0,3,12.3612,41.8845,-1,2,Autovettura privata,In marcia / fermata / arresto,Passeggero,M,Rimandato,0,NON DECEDUTO,,,,
3900522,20,02/07/2018 17:15:00,Strada Urbana,VIA DI S. CORNELIA,in corrispondenza,,del civico n.,233,,Scontro frontale/laterale SX fra veicoli in marcia,Rettilineo,Una carreggiata a doppio senso,Asciutto,Asfaltata,Verticale ed orizzontale,Sereno,Scarso,Buona,Ore Diurne,3,0,0,0,12.4575,42.0219,-1,1,Autovettura privata,In marcia / fermata / arresto,Conducente,M,Ricoverato,0,NON DECEDUTO,Non accertato,Esploso,,
3900522,20,02/07/2018 17:15:00,Strada Urbana,VIA DI S. CORNELIA,in corrispondenza,,del civico n.,233,,Scontro frontale/laterale SX fra veicoli in marcia,Rettilineo,Una carreggiata a doppio senso,Asciutto,Asfaltata,Verticale ed orizzontale,Sereno,Scarso,Buona,Ore Diurne,3,0,0,0,12.4575,42.0219,-1,1,Autovettura privata,In marcia / fermata / arresto,Passeggero,F,Rifiuta cure immediate,0,NON DECEDUTO,Non accertato,Esploso,,
3900522,20,02/07/2018 17:15:00,Strada Urbana,VIA DI S. CORNELIA,in corrispondenza,,del civico n.,233,,Scontro frontale/laterale SX fra veicoli in marcia,Rettilineo,Una carreggiata a doppio senso,Asciutto,Asfaltata,Verticale ed orizzontale,Sereno,Scarso,Buona,Ore Diurne,3,0,0,0,12.4575,42.0219,-1,2,Autovettura privata,In marcia / fermata / arresto,Conducente,M,Ricoverato,0,NON DECEDUTO,Non accertato,Esploso,,
3900529,18,01/07/2018 22:30:00,Strada Urbana,CIRCONVALLAZIONE AURELIA,da specificare,,,,svolta immissione fronte civ. 66,Scontro laterale fra veicoli in marcia,Rettilineo,Una carreggiata a doppio senso,Asciutto,Asfaltata,Verticale ed orizzontale,Sereno,Scarso,Sufficiente,Sufficiente,0,0,0,3,12.4282,41.8971,-1,1,Autocarro inferiore 35 q.,In marcia / fermata / arresto,Conducente,M,Illeso,0,,,,,
3900529,18,01/07/2018 22:30:00,Strada Urbana,CIRCONVALLAZIONE AURELIA,da specificare,,,,svolta immissione fronte civ. 66,Scontro laterale fra veicoli in marcia,Rettilineo,Una carreggiata a doppio senso,Asciutto,Asfaltata,Verticale ed orizzontale,Sereno,Scarso,Sufficiente,Sufficiente,0,0,0,3,12.4282,41.8971,-1,2,Autovettura privata,In marcia / fermata / arresto,Conducente,M,Illeso,0,,,,,
3900529,18,01/07/2018 22:30:00,Strada Urbana,CIRCONVALLAZIONE AURELIA,da specificare,,,,svolta immissione fronte civ. 66,Scontro laterale fra veicoli in marcia,Rettilineo,Una carreggiata a doppio senso,Asciutto,Asfaltata,Verticale ed orizzontale,Sereno,Scarso,Sufficiente,Sufficiente,0,0,0,3,12.4282,41.8971,-1,2,Autovettura privata,In marcia / fermata / arresto,Passeggero,F,Illeso,0,,,,,
3900535,18,01/07/2018 19:00:00,Statale,VIA AURELIA,in prossimit�,,della chilometrica,14.6,,Tamponamento Multiplo,Rettilineo,Due carreggiate,Asciutto,Asfaltata,Verticale ed orizzontale,Sereno,Intenso,Buona,Ore Diurne,0,0,0,7,12.4002,41.8857,-1,1,Autovettura privata,In marcia / fermata / arresto,Conducente,M,Illeso,0,,,,,
3900535,18,01/07/2018 19:00:00,Statale,VIA AURELIA,in prossimit�,,della chilometrica,14.6,,Tamponamento Multiplo,Rettilineo,Due carreggiate,Asciutto,Asfaltata,Verticale ed orizzontale,Sereno,Intenso,Buona,Ore Diurne,0,0,0,7,12.4002,41.8857,-1,1,Autovettura privata,In marcia / fermata / arresto,Passeggero,F,Illeso,0,,,,,
3900535,18,01/07/2018 19:00:00,Statale,VIA AURELIA,in prossimit�,,della chilometrica,14.6,,Tamponamento Multiplo,Rettilineo,Due carreggiate,Asciutto,Asfaltata,Verticale ed orizzontale,Sereno,Intenso,Buona,Ore Diurne,0,0,0,7,12.4002,41.8857,-1,1,Autovettura privata,In marcia / fermata / arresto,Passeggero,F,Illeso,0,,,,,
3900535,18,01/07/2018 19:00:00,Statale,VIA AURELIA,in prossimit�,,della chilometrica,14.6,,Tamponamento Multiplo,Rettilineo,Due carreggiate,Asciutto,Asfaltata,Verticale ed orizzontale,Sereno,Intenso,Buona,Ore Diurne,0,0,0,7,12.4002,41.8857,-1,2,Autovettura privata,In marcia / fermata / arresto,Conducente,M,Illeso,0,,,,,
3900535,18,01/07/2018 19:00:00,Statale,VIA AURELIA,in prossimit�,,della chilometrica,14.6,,Tamponamento Multiplo,Rettilineo,Due carreggiate,Asciutto,Asfaltata,Verticale ed orizzontale,Sereno,Intenso,Buona,Ore Diurne,0,0,0,7,12.4002,41.8857,-1,3,Autovettura privata,In marcia / fermata / arresto,Conducente,M,Illeso,0,,,,,
3900535,18,01/07/2018 19:00:00,Statale,VIA AURELIA,in prossimit�,,della chilometrica,14.6,,Tamponamento Multiplo,Rettilineo,Due carreggiate,Asciutto,Asfaltata,Verticale ed orizzontale,Sereno,Intenso,Buona,Ore Diurne,0,0,0,7,12.4002,41.8857,-1,3,Autovettura privata,In marcia / fermata / arresto,Passeggero,F,Illeso,0,,,,,
3900535,18,01/07/2018 19:00:00,Statale,VIA AURELIA,in prossimit�,,della chilometrica,14.6,,Tamponamento Multiplo,Rettilineo,Due carreggiate,Asciutto,Asfaltata,Verticale ed orizzontale,Sereno,Intenso,Buona,Ore Diurne,0,0,0,7,12.4002,41.8857,-1,3,Autovettura privata,In marcia / fermata / arresto,Passeggero,M,Illeso,0,,,,,
3900539,18,02/07/2018 00:20:00,Strada Urbana,VIA CORNELIA,all'intersezione con,VIA GIOVANNI SENZATERRA,VIA GIOVANNI SENZATERRA,,,Scontro frontale/laterale DX fra veicoli in marcia,Intersezione stradale segnalata,Una carreggiata a doppio senso,Asciutto,Asfaltata,Verticale ed orizzontale,Sereno,Scarso,Buona,Sufficiente,3,0,0,3,12.3899,41.9007,-1,1,Autovettura privata,In marcia / fermata / arresto,Conducente,M,Illeso,0,,Non accertato,Inesploso,,
3900539,18,02/07/2018 00:20:00,Strada Urbana,VIA CORNELIA,all'intersezione con,VIA GIOVANNI SENZATERRA,VIA GIOVANNI SENZATERRA,,,Scontro frontale/laterale DX fra veicoli in marcia,Intersezione stradale segnalata,Una carreggiata a doppio senso,Asciutto,Asfaltata,Verticale ed orizzontale,Sereno,Scarso,Buona,Sufficiente,3,0,0,3,12.3899,41.9007,-1,1,Autovettura privata,In marcia / fermata / arresto,Passeggero,M,Ricoverato,0,NON DECEDUTO,Non accertato,Esploso,,
3900539,18,02/07/2018 00:20:00,Strada Urbana,VIA CORNELIA,all'intersezione con,VIA GIOVANNI SENZATERRA,VIA GIOVANNI SENZATERRA,,,Scontro frontale/laterale DX fra veicoli in marcia,Intersezione stradale segnalata,Una carreggiata a doppio senso,Asciutto,Asfaltata,Verticale ed orizzontale,Sereno,Scarso,Buona,Sufficiente,3,0,0,3,12.3899,41.9007,-1,1,Autovettura privata,In marcia / fermata / arresto,Passeggero,M,Ricoverato,0,NON DECEDUTO,Non accertato,Esploso,,
3900539,18,02/07/2018 00:20:00,Strada Urbana,VIA CORNELIA,all'intersezione con,VIA GIOVANNI SENZATERRA,VIA GIOVANNI SENZATERRA,,,Scontro frontale/laterale DX fra veicoli in marcia,Intersezione stradale segnalata,Una carreggiata a doppio senso,Asciutto,Asfaltata,Verticale ed orizzontale,Sereno,Scarso,Buona,Sufficiente,3,0,0,3,12.3899,41.9007,-1,2,Autobus di linea,In marcia / fermata / arresto,Conducente,M,Illeso,0,,Esente,Inesploso,,
3900539,18,02/07/2018 00:20:00,Strada Urbana,VIA CORNELIA,all'intersezione con,VIA GIOVANNI SENZATERRA,VIA GIOVANNI SENZATERRA,,,Scontro frontale/laterale DX fra veicoli in marcia,Intersezione stradale segnalata,Una carreggiata a doppio senso,Asciutto,Asfaltata,Verticale ed orizzontale,Sereno,Scarso,Buona,Sufficiente,3,0,0,3,12.3899,41.9007,-1,2,Autobus di linea,In marcia / fermata / arresto,Passeggero,M,Illeso,0,,Esente,,,
3900539,18,02/07/2018 00:20:00,Strada Urbana,VIA CORNELIA,all'intersezione con,VIA GIOVANNI SENZATERRA,VIA GIOVANNI SENZATERRA,,,Scontro frontale/laterale DX fra veicoli in marcia,Intersezione stradale segnalata,Una carreggiata a doppio senso,Asciutto,Asfaltata,Verticale ed orizzontale,Sereno,Scarso,Buona,Sufficiente,3,0,0,3,12.3899,41.9007,-1,2,Autobus di linea,In marcia / fermata / arresto,Passeggero,M,Rimandato,0,NON DECEDUTO,Esente,,,
3900545,16,02/07/2018 00:15:00,Strada Urbana,VIA FEDERICO OZANAM,in corrispondenza,,del civico n.,30,,Veicolo in marcia contro veicoli in sosta,Rettilineo,Una carreggiata a doppio senso,Asciutto,Asfaltata,Verticale ed orizzontale,Sereno,Scarso,Sufficiente,Sufficiente,1,0,0,1,12.4476,41.8757,-1,1,Autovettura privata,In marcia / fermata / arresto,Conducente,M,Illeso,0,,Non accertato,Inesploso,,
3900545,16,02/07/2018 00:15:00,Strada Urbana,VIA FEDERICO OZANAM,in corrispondenza,,del civico n.,30,,Veicolo in marcia contro veicoli in sosta,Rettilineo,Una carreggiata a doppio senso,Asciutto,Asfaltata,Verticale ed orizzontale,Sereno,Scarso,Sufficiente,Sufficiente,1,0,0,1,12.4476,41.8757,-1,1,Autovettura privata,In marcia / fermata / arresto,Passeggero,M,Rimandato,0,NON DECEDUTO,Non accertato,Inesploso,,