Protocollo,Gruppo,DataOraIncidente,Localizzazione1,STRADA1,Localizzazione2,STRADA2,Strada02,Chilometrica,DaSpecificare,NaturaIncidente,particolaritastrade,TipoStrada,FondoStradale,Pavimentazione,Segnaletica,CondizioneAtmosferica,Traffico,Visibilita,Illuminazione,NUM_FERITI,NUM_RISERVATA,NUM_MORTI,NUM_ILLESI,Longitudine,Latitudine,Confermato,Progressivo,TipoVeicolo,StatoVeicolo,TipoPersona,Sesso,Tipolesione,Deceduto,DecedutoDopo,CinturaCascoUtilizzato,Airbag,,
3900565,17,02/07/2018 16:30:00,Strada Urbana,VIA PLINIO,in corrispondenza,,del civico n.,44,,Veicolo in marcia contro veicolo in sosta,Rettilineo,Una carreggiata a senso unico di marcia,Asciutto,Asfaltata,Verticale ed orizzontale,Sereno,Scarso,Buona,Ore Diurne,0,0,0,1,12.4647,41.9072,-1,2,Motociclo a solo,In marcia / fermata / arresto,Conducente,M,Illeso,0,,,,,
3900566,3,02/07/2018 06:30:00,Strada Urbana,PIAZZALE DEL VERANO,da specificare,,,,fronte Viale Regina Elena,Scontro frontale/laterale SX fra veicoli in marcia,Rettilineo,Pi� di due carreggiate,Asciutto,Asfaltata,Verticale ed orizzontale,Sereno,Normale,Buona,Ore Diurne,0,0,0,2,12.5188,41.9012,-1,1,Autovettura privata,In marcia / fermata / arresto,Conducente,M,Illeso,0,,Non accertato,Inesploso,,
3900566,3,02/07/2018 06:30:00,Strada Urbana,PIAZZALE DEL VERANO,da specificare,,,,fronte Viale Regina Elena,Scontro frontale/laterale SX fra veicoli in marcia,Rettilineo,Pi� di due carreggiate,Asciutto,Asfaltata,Verticale ed orizzontale,Sereno,Normale,Buona,Ore Diurne,0,0,0,2,12.5188,41.9012,-1,2,Autovettura privata,In marcia / fermata / arresto,Conducente,M,Illeso,0,,Non accertato,Inesploso,,
3900585,18,02/07/2018 09:30:00,Strada Urbana,VIA DI BOCCEA,in prossimit�,,del civico n.,271,,Scontro frontale/laterale DX fra veicoli in marcia,Rettilineo,Due carreggiate,Asciutto,Asfaltata,Verticale ed orizzontale,Sereno,Normale,Buona,Ore Diurne,1,0,0,2,12.4159,41.9032,-1,1,Motociclo a solo,In marcia / fermata / arresto,Conducente,M,Rimandato,0,NON DECEDUTO,,,,
3900585,18,02/07/2018 09:30:00,Strada Urbana,VIA DI BOCCEA,in prossimit�,,del civico n.,271,,Scontro frontale/laterale DX fra veicoli in marcia,Rettilineo,Due carreggiate,Asciutto,Asfaltata,Verticale ed orizzontale,Sereno,Normale,Buona,Ore Diurne,1,0,0,2,12.4159,41.9032,-1,2,Autovettura privata,In marcia / fermata / arresto,Conducente,M,Illeso,0,,,,,
3900585,18,02/07/2018 09:30:00,Strada Urbana,VIA DI BOCCEA,in prossimit�,,del civico n.,271,,Scontro frontale/laterale DX fra veicoli in marcia,Rettilineo,Due carreggiate,Asciutto,Asfaltata,Verticale ed orizzontale,Sereno,Normale,Buona,Ore Diurne,1,0,0,2,12.4159,41.9032,-1,2,Autovettura privata,In marcia / fermata / arresto,Passeggero,F,Illeso,0,,,,,
3900589,13,02/07/2018 10:40:00,Strada Urbana,VIA DEL MARE,da specificare,,,,PROSS. SVICOLO V. DEI ROMAGNOLI,Tamponamento Multiplo,Rettilineo,Una carreggiata a doppio senso,Asciutto,Asfaltata,Verticale ed orizzontale,Sereno,Intenso,Buona,Ore Diurne,0,0,0,5,12.4632,41.8403,-1,1,Autovettura privata,In marcia / fermata / arresto,Conducente,F,Illeso,0,,,,,
3900589,13,02/07/2018 10:40:00,Strada Urbana,VIA DEL MARE,da specificare,,,,PROSS. SVICOLO V. DEI ROMAGNOLI,Tamponamento Multiplo,Rettilineo,Una carreggiata a doppio senso,Asciutto,Asfaltata,Verticale ed orizzontale,Sereno,Intenso,Buona,Ore Diurne,0,0,0,5,12.4632,41.8403,-1,2,Autovettura privata,In marcia / fermata / arresto,Conducente,M,Illeso,0,,,,,
3900589,13,02/07/2018 10:40:00,Strada Urbana,VIA DEL MARE,da specificare,,,,PROSS. SVICOLO V. DEI ROMAGNOLI,Tamponamento Multiplo,Rettilineo,Una carreggiata a doppio senso,Asciutto,Asfaltata,Verticale ed orizzontale,Sereno,Intenso,Buona,Ore Diurne,0,0,0,5,12.4632,41.8403,-1,3,Autovettura privata,In marcia / fermata / arresto,Conducente,F,Illeso,0,,,,,
3900589,13,02/07/2018 10:40:00,Strada Urbana,VIA DEL MARE,da specificare,,,,PROSS. SVICOLO V. DEI ROMAGNOLI,Tamponamento Multiplo,Rettilineo,Una carreggiata a doppio senso,Asciutto,Asfaltata,Verticale ed orizzontale,Sereno,Intenso,Buona,Ore Diurne,0,0,0,5,12.4632,41.8403,-1,3,Autovettura privata,In marcia / fermata / arresto,Passeggero,F,Illeso,0,,,,,
3900589,13,02/07/2018 10:40:00,Strada Urbana,VIA DEL MARE,da specificare,,,,PROSS. SVICOLO V. DEI ROMAGNOLI,Tamponamento Multiplo,Rettilineo,Una carreggiata a doppio senso,Asciutto,Asfaltata,Verticale ed orizzontale,Sereno,Intenso,Buona,Ore Diurne,0,0,0,5,12.4632,41.8403,-1,3,Autovettura privata,In marcia / fermata / arresto,Passeggero,M,Illeso,0,,,,,
3900599,3,01/07/2018 16:45:00,Strada Urbana,PIAZZALE DELLA STAZIONE TIBURTINA,da specificare,,,,fronte Via Masaniello,Veicolo in marcia contro ostacolo accidentale,Rettilineo,Una carreggiata a senso unico di marcia,Asciutto,Asfaltata,Verticale ed orizzontale,Sereno,Normale,Buona,Ore Diurne,0,0,0,1,12.5314,41.9085,-1,1,Autovettura privata,In marcia / fermata / arresto,Conducente,M,Illeso,0,,Non accertato,,,
3900604,17,02/07/2018 02:00:00,Strada Urbana,VIA DI BOCCEA,in prossimit�,,del civico n.,561,,Infortunio per sola frenata improvvisa,Rettilineo,Due carreggiate,Asciutto,Asfaltata,Verticale ed orizzontale,Sereno,Scarso,Sufficiente,Insufficiente,1,0,0,0,12.3812,41.9153,-1,1,Motociclo a solo,In marcia / fermata / arresto,Conducente,F,Rimandato,0,NON DECEDUTO,,,,
3900627,16,01/07/2018 19:10:00,,VIA DEL FONTANILE DI MEZZALUNA,da specificare,,,,200 mt.parco Leprignana dir.Maccarese,Veicolo in marcia contro ostacolo accidentale,,,,,,,,,,0,0,0,2,,,0,1,Motociclo a solo,In marcia / fermata / arresto,Conducente,M,Illeso,0,,,,,
3900627,16,01/07/2018 19:10:00,,VIA DEL FONTANILE DI MEZZALUNA,da specificare,,,,200 mt.parco Leprignana dir.Maccarese,Veicolo in marcia contro ostacolo accidentale,,,,,,,,,,0,0,0,2,,,0,1,Motociclo a solo,In marcia / fermata / arresto,Passeggero,F,Illeso,0,,,,,
3901016,11,02/07/2018 23:50:00,Strada Urbana,VIA CRISTOFORO COLOMBO,da specificare,,,,50 MT PRIMA DI VIA OROPA,Scontro laterale fra veicoli in marcia,Rettilineo,Pi� di due carreggiate,Asciutto,Asfaltata,Verticale ed orizzontale,Sereno,Scarso,Buona,Sufficiente,0,0,0,5,,,0,1,Autovettura privata,In marcia / fermata / arresto,Conducente,M,Illeso,0,,Non accertato,,,
3901016,11,02/07/2018 23:50:00,Strada Urbana,VIA CRISTOFORO COLOMBO,da specificare,,,,50 MT PRIMA DI VIA OROPA,Scontro laterale fra veicoli in marcia,Rettilineo,Pi� di due carreggiate,Asciutto,Asfaltata,Verticale ed orizzontale,Sereno,Scarso,Buona,Sufficiente,0,0,0,5,,,0,1,Autovettura privata,In marcia / fermata / arresto,Passeggero,M,Illeso,0,,Non accertato,,,
3901016,11,02/07/2018 23:50:00,Strada Urbana,VIA CRISTOFORO COLOMBO,da specificare,,,,50 MT PRIMA DI VIA OROPA,Scontro laterale fra veicoli in marcia,Rettilineo,Pi� di due carreggiate,Asciutto,Asfaltata,Verticale ed orizzontale,Sereno,Scarso,Buona,Sufficiente,0,0,0,5,,,0,1,Autovettura privata,In marcia / fermata / arresto,Passeggero,M,Illeso,0,,Non accertato,,,
3901016,11,02/07/2018 23:50:00,Strada Urbana,VIA CRISTOFORO COLOMBO,da specificare,,,,50 MT PRIMA DI VIA OROPA,Scontro laterale fra veicoli in marcia,Rettilineo,Pi� di due carreggiate,Asciutto,Asfaltata,Verticale ed orizzontale,Sereno,Scarso,Buona,Sufficiente,0,0,0,5,,,0,2,Autovettura privata,In marcia / fermata / arresto,Conducente,M,Illeso,0,,Non accertato,,,
3901016,11,02/07/2018 23:50:00,Strada Urbana,VIA CRISTOFORO COLOMBO,da specificare,,,,50 MT PRIMA DI VIA OROPA,Scontro laterale fra veicoli in marcia,Rettilineo,Pi� di due carreggiate,Asciutto,Asfaltata,Verticale ed orizzontale,Sereno,Scarso,Buona,Sufficiente,0,0,0,5,,,0,2,Autovettura privata,In marcia / fermata / arresto,Passeggero,F,Illeso,0,,Non accertato,,,
3901017,11,02/07/2018 19:20:00,Strada Urbana,VIA CRISTOFORO COLOMBO,all'intersezione semaforizzata con,VIA FLAVIO DOMIZIANO,VIA FLAVIO DOMIZIANO,,,Infortunio per caduta del veicolo,Intersezione semaforizzata,Pi� di due carreggiate,Asciutto,Asfaltata,Verticale ed orizzontale,Sereno,Normale,Buona,Ore Diurne,1,0,0,0,12.4857,41.8512,-1,1,Motociclo a solo,In marcia / fermata / arresto,Conducente,M,Rimandato,0,NON DECEDUTO,,,,
3901018,5,02/07/2018 10:00:00,,VIA TIBURTINA,all'intersezione con,VIA RUBELLIA,VIA RUBELLIA,,,Scontro laterale fra veicoli in marcia,,,,,,,,,,0,0,0,1,12.6238,41.9384,0,1,Autovettura privata,In marcia / fermata / arresto,Conducente,F,Illeso,0,,,,,
3901029,5,02/07/2018 12:15:00,Strada Urbana,VIA DONATO MENICHELLA,all'intersezione con,VIA ENRICO JOVANE,VIA ENRICO JOVANE,,,Scontro frontale fra veicoli in marcia,Incrocio,Una carreggiata a senso unico di marcia,Asciutto,Asfaltata,Verticale ed orizzontale,Sereno,Normale,Buona,Ore Diurne,1,0,0,1,12.5823,41.9495,-1,1,Autovettura privata,In marcia / fermata / arresto,Conducente,M,Rimandato,0,NON DECEDUTO,Non accertato,Inesploso,,
3901029,5,02/07/2018 12:15:00,Strada Urbana,VIA DONATO MENICHELLA,all'intersezione con,VIA ENRICO JOVANE,VIA ENRICO JOVANE,,,Scontro frontale fra veicoli in marcia,Incrocio,Una carreggiata a senso unico di marcia,Asciutto,Asfaltata,Verticale ed orizzontale,Sereno,Normale,Buona,Ore Diurne,1,0,0,1,12.5823,41.9495,-1,2,Autovettura privata,In marcia / fermata / arresto,Conducente,M,Illeso,0,,Non accertato,Inesploso,,
3901030,11,02/07/2018 06:30:00,Strada Urbana,VIALE GUGLIELMO MARCONI,da specificare,,,,prossimit� civico 881 fronte metro Marconi,Scontro laterale fra veicoli in marcia,Rettilineo,Due carreggiate,Asciutto,Asfaltata,Verticale ed orizzontale,Sereno,Normale,Buona,Ore Diurne,1,0,0,1,12.4749,41.8488,-1,1,Autovettura privata,In marcia / fermata / arresto,Conducente,M,Illeso,0,,,,,
3901030,11,02/07/2018 06:30:00,Strada Urbana,VIALE GUGLIELMO MARCONI,da specificare,,,,prossimit� civico 881 fronte metro Marconi,Scontro laterale fra veicoli in marcia,Rettilineo,Due carreggiate,Asciutto,Asfaltata,Verticale ed orizzontale,Sereno,Normale,Buona,Ore Diurne,1,0,0,1,12.4749,41.8488,-1,2,Autovettura privata,In marcia / fermata / arresto,Conducente,M,Rimandato,0,NON DECEDUTO,,,,
3901032,6,02/07/2018 18:39:00,Strada Urbana,VIA CASILINA,all'intersezione con,CIRCONVALLAZIONE CASILINA,CIRCONVALLAZIONE CASILINA,,,Scontro frontale/laterale SX fra veicoli in marcia,Intersezione stradale segnalata,Una carreggiata a doppio senso,Asciutto,Asfaltata,Verticale ed orizzontale,Sereno,Intenso,Buona,Ore Diurne,1,0,0,1,12.5275,41.8864,-1,1,Autovettura privata,In marcia / fermata / arresto,Conducente,F,Illeso,0,,,,,
3901032,6,02/07/2018 18:39:00,Strada Urbana,VIA CASILINA,all'intersezione con,CIRCONVALLAZIONE CASILINA,CIRCONVALLAZIONE CASILINA,,,Scontro frontale/laterale SX fra veicoli in marcia,Intersezione stradale segnalata,Una carreggiata a doppio senso,Asciutto,Asfaltata,Verticale ed orizzontale,Sereno,Intenso,Buona,Ore Diurne,1,0,0,1,12.5275,41.8864,-1,2,Motociclo a solo,In marcia / fermata / arresto,Conducente,M,Rimandato,0,NON DECEDUTO,,,,
3901037,5,02/07/2018 15:15:00,Strada Urbana,VIA DEI MONTI TIBURTINI,all'intersezione semaforizzata con,VIA DEI DURANTINI,VIA DEI DURANTINI,,,Scontro frontale/laterale DX fra veicoli in marcia,Incrocio,Due carreggiate,Asciutto,Asfaltata,Verticale ed orizzontale,Sereno,Normale,Buona,Ore Diurne,0,0,0,6,12.5429,41.9171,-1,1,Autocarro inferiore 35 q.,In marcia / fermata / arresto,Conducente,M,Illeso,0,,Non accertato,,,
3901037,5,02/07/2018 15:15:00,Strada Urbana,VIA DEI MONTI TIBURTINI,all'intersezione semaforizzata con,VIA DEI DURANTINI,VIA DEI DURANTINI,,,Scontro frontale/laterale DX fra veicoli in marcia,Incrocio,Due carreggiate,Asciutto,Asfaltata,Verticale ed orizzontale,Sereno,Normale,Buona,Ore Diurne,0,0,0,6,12.5429,41.9171,-1,2,Autovettura privata,In marcia / fermata / arresto,Conducente,M,Illeso,0,,Non accertato,,,
3901037,5,02/07/2018 15:15:00,Strada Urbana,VIA DEI MONTI TIBURTINI,all'intersezione semaforizzata con,VIA DEI DURANTINI,VIA DEI DURANTINI,,,Scontro frontale/laterale DX fra veicoli in marcia,Incrocio,Due carreggiate,Asciutto,Asfaltata,Verticale ed orizzontale,Sereno,Normale,Buona,Ore Diurne,0,0,0,6,12.5429,41.9171,-1,2,Autovettura privata,In marcia / fermata / arresto,Passeggero,M,Illeso,0,,Non accertato,,,
3901037,5,02/07/2018 15:15:00,Strada Urbana,VIA DEI MONTI TIBURTINI,all'intersezione semaforizzata con,VIA DEI DURANTINI,VIA DEI DURANTINI,,,Scontro frontale/laterale DX fra veicoli in marcia,Incrocio,Due carreggiate,Asciutto,Asfaltata,Verticale ed orizzontale,Sereno,Normale,Buona,Ore Diurne,0,0,0,6,12.5429,41.9171,-1,2,Autovettura privata,In marcia / fermata / arresto,Passeggero,F,Illeso,0,,Non accertato,,,
3901037,5,02/07/2018 15:15:00,Strada Urbana,VIA DEI MONTI TIBURTINI,all'intersezione semaforizzata con,VIA DEI DURANTINI,VIA DEI DURANTINI,,,Scontro frontale/laterale DX fra veicoli in marcia,Incrocio,Due carreggiate,Asciutto,Asfaltata,Verticale ed orizzontale,Sereno,Normale,Buona,Ore Diurne,0,0,0,6,12.5429,41.9171,-1,2,Autovettura privata,In marcia / fermata / arresto,Passeggero,F,Illeso,0,,Non accertato,,,
3901037,5,02/07/2018 15:15:00,Strada Urbana,VIA DEI MONTI TIBURTINI,all'intersezione semaforizzata con,VIA DEI DURANTINI,VIA DEI DURANTINI,,,Scontro frontale/laterale DX fra veicoli in marcia,Incrocio,Due carreggiate,Asciutto,Asfaltata,Verticale ed orizzontale,Sereno,Normale,Buona,Ore Diurne,0,0,0,6,12.5429,41.9171,-1,2,Autovettura privata,In marcia / fermata / arresto,Passeggero,M,Illeso,0,,Non accertato,,,
3901039,7,02/07/2018 08:10:00,Strada Urbana,VIALE PALMIRO TOGLIATTI,da specificare,,,,prossimit� Via Carlo Fadda,Scontro laterale fra veicoli in marcia,Rettilineo,Due carreggiate,Bagnato (pioggia),Asfaltata,Verticale ed orizzontale,Sereno,Normale,Sufficiente,Ore Diurne,0,0,0,2,12.5681,41.8653,-1,1,Autovettura pubblica,In marcia / fermata / arresto,Conducente,M,Illeso,0,,Non accertato,Inesploso,,
3901039,7,02/07/2018 08:10:00,Strada Urbana,VIALE PALMIRO TOGLIATTI,da specificare,,,,prossimit� Via Carlo Fadda,Scontro laterale fra veicoli in marcia,Rettilineo,Due carreggiate,Bagnato (pioggia),Asfaltata,Verticale ed orizzontale,Sereno,Normale,Sufficiente,Ore Diurne,0,0,0,2,12.5681,41.8653,-1,2,Autovettura privata,In marcia / fermata / arresto,Conducente,M,Illeso,0,,Non accertato,Inesploso,,
3901047,20,02/07/2018 08:20:00,Strada Urbana,VIALE ANTONINO DI SAN GIULIANO,all'intersezione con,PIAZZALE DELLA FARNESINA,PIAZZALE DELLA FARNESINA,,,Scontro laterale fra veicoli in marcia,Incrocio,Due carreggiate,Asciutto,Asfaltata,Verticale,Sereno,Scarso,Buona,Ore Diurne,0,0,0,2,12.4606,41.9371,-1,1,Autovettura privata,In marcia / fermata / arresto,Conducente,M,Illeso,0,,Non accertato,,,
3901047,20,02/07/2018 08:20:00,Strada Urbana,VIALE ANTONINO DI SAN GIULIANO,all'intersezione con,PIAZZALE DELLA FARNESINA,PIAZZALE DELLA FARNESINA,,,Scontro laterale fra veicoli in marcia,Incrocio,Due carreggiate,Asciutto,Asfaltata,Verticale,Sereno,Scarso,Buona,Ore Diurne,0,0,0,2,12.4606,41.9371,-1,2,Autovettura privata,In marcia / fermata / arresto,Conducente,M,Illeso,0,,Non accertato,,,
3901050,15,02/07/2018 22:55:00,Strada Urbana,VIA PORTUENSE,in corrispondenza,,del civico n.,321,,Scontro frontale/laterale SX fra veicoli in marcia,Rettilineo,Due carreggiate,Asciutto,Asfaltata,Verticale ed orizzontale,Sereno,Scarso,Buona,Sufficiente,1,0,0,2,12.4613,41.866,-1,1,Motociclo a solo,In marcia / fermata / arresto,Conducente,M,Ricoverato,0,NON DECEDUTO,Utilizzato,,,
3901050,15,02/07/2018 22:55:00,Strada Urbana,VIA PORTUENSE,in corrispondenza,,del civico n.,321,,Scontro frontale/laterale SX fra veicoli in marcia,Rettilineo,Due carreggiate,Asciutto,Asfaltata,Verticale ed orizzontale,Sereno,Scarso,Buona,Sufficiente,1,0,0,2,12.4613,41.866,-1,2,Autovettura privata,In marcia / fermata / arresto,Conducente,M,Illeso,0,,Utilizzato,,,
3901050,15,02/07/2018 22:55:00,Strada Urbana,VIA PORTUENSE,in corrispondenza,,del civico n.,321,,Scontro frontale/laterale SX fra veicoli in marcia,Rettilineo,Due carreggiate,Asciutto,Asfaltata,Verticale ed orizzontale,Sereno,Scarso,Buona,Sufficiente,1,0,0,2,12.4613,41.866,-1,2,Autovettura privata,In marcia / fermata / arresto,Passeggero,M,Illeso,0,,Utilizzato,,,
3901051,17,02/07/2018 11:40:00,Strada Urbana,PIAZZALE CLODIO,in corrispondenza,,del civico n.,28,,Tamponamento,Rettilineo,Una carreggiata a senso unico di marcia,Asciutto,Asfaltata,Verticale ed orizzontale,Sereno,Normale,Buona,Ore Diurne,0,0,0,2,12.4536,41.9162,-1,1,Autovettura privata,In marcia / fermata / arresto,Conducente,F,Illeso,0,,,,,
3901051,17,02/07/2018 11:40:00,Strada Urbana,PIAZZALE CLODIO,in corrispondenza,,del civico n.,28,,Tamponamento,Rettilineo,Una carreggiata a senso unico di marcia,Asciutto,Asfaltata,Verticale ed orizzontale,Sereno,Normale,Buona,Ore Diurne,0,0,0,2,12.4536,41.9162,-1,2,Autovettura privata,In marcia / fermata / arresto,Conducente,M,Illeso,0,,,,,
3901052,20,03/07/2018 00:45:00,Strada Urbana,VIA TRIONFALE,all'intersezione con,VIA GIOVANNI DELLA CASA,VIA GIOVANNI DELLA CASA,,,Scontro frontale fra veicoli in marcia,Intersezione non regolata/non segnalata,Una carreggiata a doppio senso,Asciutto,Asfaltata,Verticale ed orizzontale,Sereno,Scarso,Sufficiente,Sufficiente,1,1,0,0,12.4186,41.9443,-1,1,Autovettura privata,In marcia / fermata / arresto,Conducente,M,Rimandato,0,NON DECEDUTO,Non accertato,Inesploso,,
3901052,20,03/07/2018 00:45:00,Strada Urbana,VIA TRIONFALE,all'intersezione con,VIA GIOVANNI DELLA CASA,VIA GIOVANNI DELLA CASA,,,Scontro frontale fra veicoli in marcia,Intersezione non regolata/non segnalata,Una carreggiata a doppio senso,Asciutto,Asfaltata,Verticale ed orizzontale,Sereno,Scarso,Sufficiente,Sufficiente,1,1,0,0,12.4186,41.9443,-1,2,Motociclo a solo,In marcia / fermata / arresto,Conducente,M,Prognosi riservata,0,NON DECEDUTO,Non accertato,,,
3901054,5,02/07/2018 17:00:00,Strada Urbana,VIA TIBURTINA,da specificare,,,,in prossimit� di VIA LANCIANO,Tamponamento,Rettilineo,Due carreggiate,Asciutto,Asfaltata,Verticale ed orizzontale,Sereno,Intenso,Buona,Ore Diurne,0,0,0,3,12.5745,41.9264,-1,1,Autovettura privata,In marcia / fermata / arresto,Conducente,M,Illeso,0,,Non accertato,Inesploso,,
3901054,5,02/07/2018 17:00:00,Strada Urbana,VIA TIBURTINA,da specificare,,,,in prossimit� di VIA LANCIANO,Tamponamento,Rettilineo,Due carreggiate,Asciutto,Asfaltata,Verticale ed orizzontale,Sereno,Intenso,Buona,Ore Diurne,0,0,0,3,12.5745,41.9264,-1,2,Autovettura privata,In marcia / fermata / arresto,Conducente,M,Illeso,0,,Non accertato,Inesploso,,
3901054,5,02/07/2018 17:00:00,Strada Urbana,VIA TIBURTINA,da specificare,,,,in prossimit� di VIA LANCIANO,Tamponamento,Rettilineo,Due carreggiate,Asciutto,Asfaltata,Verticale ed orizzontale,Sereno,Intenso,Buona,Ore Diurne,0,0,0,3,12.5745,41.9264,-1,2,Autovettura privata,In marcia / fermata / arresto,Passeggero,M,Illeso,0,,Non accertato,Inesploso,,
3901056,19,02/07/2018 20:05:00,Strada Urbana,VIA DELLA PALMAROLA NUOVA,in prossimit�,,del civico n.,1,,Investimento di pedone,Rettilineo,Una carreggiata a senso unico di marcia,Asciutto,Asfaltata,Verticale ed orizzontale,Sereno,Normale,Buona,Ore Diurne,1,0,0,2,12.3922,41.9479,-1,,,,Pedone,M,Rimandato,0,NON DECEDUTO,,,,
3901056,19,02/07/2018 20:05:00,Strada Urbana,VIA DELLA PALMAROLA NUOVA,in prossimit�,,del civico n.,1,,Investimento di pedone,Rettilineo,Una carreggiata a senso unico di marcia,Asciutto,Asfaltata,Verticale ed orizzontale,Sereno,Normale,Buona,Ore Diurne,1,0,0,2,12.3922,41.9479,-1,1,Autovettura privata,In marcia / fermata / arresto,Conducente,F,Illeso,0,,Esente,,,
3901056,19,02/07/2018 20:05:00,Strada Urbana,VIA DELLA PALMAROLA NUOVA,in prossimit�,,del civico n.,1,,Investimento di pedone,Rettilineo,Una carreggiata a senso unico di marcia,Asciutto,Asfaltata,Verticale ed orizzontale,Sereno,Normale,Buona,Ore Diurne,1,0,0,2,12.3922,41.9479,-1,1,Autovettura privata,In marcia / fermata / arresto,Passeggero,M,Illeso,0,,Non accertato,Inesploso,,
3901058,13,02/07/2018 21:20:00,Strada Urbana,VIA DEI PESCATORI,in prossimit�,,del civico n.,153,,Veicolo in marcia contro veicolo fermo,Rettilineo,Una carreggiata a doppio senso,Asciutto,Asfaltata,Verticale ed orizzontale,Sereno,Normale,Buona,Inesistente,0,0,0,3,12.3143,41.7352,-1,1,Autovettura privata,In marcia / fermata / arresto,Conducente,M,Illeso,0,,Non accertato,Inesploso,,
3901058,13,02/07/2018 21:20:00,Strada Urbana,VIA DEI PESCATORI,in prossimit�,,del civico n.,153,,Veicolo in marcia contro veicolo fermo,Rettilineo,Una carreggiata a doppio senso,Asciutto,Asfaltata,Verticale ed orizzontale,Sereno,Normale,Buona,Inesistente,0,0,0,3,12.3143,41.7352,-1,1,Autovettura privata,In marcia / fermata / arresto,Passeggero,F,Illeso,0,,Non accertato,Inesploso,,
3901058,13,02/07/2018 21:20:00,Strada Urbana,VIA DEI PESCATORI,in prossimit�,,del civico n.,153,,Veicolo in marcia contro veicolo fermo,Rettilineo,Una carreggiata a doppio senso,Asciutto,Asfaltata,Verticale ed orizzontale,Sereno,Normale,Buona,Inesistente,0,0,0,3,12.3143,41.7352,-1,2,Autovettura privata,In marcia / fermata / arresto,Conducente,M,Illeso,0,,Non accertato,Inesploso,,
3901060,11,02/07/2018 11:00:00,Strada Urbana,VIA APPIA PIGNATELLI,da specificare,,,,prossimit� VICOLO DELLA BASILICA,Tamponamento Multiplo,Rettilineo,Una carreggiata a senso unico di marcia,Asciutto,Asfaltata,Verticale ed orizzontale,Sereno,Normale,Buona,Ore Diurne,1,0,0,3,12.5191,41.8576,-1,1,Autovettura privata,In marcia / fermata / arresto,Conducente,M,Illeso,0,,,,,
3901060,11,02/07/2018 11:00:00,Strada Urbana,VIA APPIA PIGNATELLI,da specificare,,,,prossimit� VICOLO DELLA BASILICA,Tamponamento Multiplo,Rettilineo,Una carreggiata a senso unico di marcia,Asciutto,Asfaltata,Verticale ed orizzontale,Sereno,Normale,Buona,Ore Diurne,1,0,0,3,12.5191,41.8576,-1,1,Autovettura privata,In marcia / fermata / arresto,Passeggero,M,Illeso,0,,,,,
3901060,11,02/07/2018 11:00:00,Strada Urbana,VIA APPIA PIGNATELLI,da specificare,,,,prossimit� VICOLO DELLA BASILICA,Tamponamento Multiplo,Rettilineo,Una carreggiata a senso unico di marcia,Asciutto,Asfaltata,Verticale ed orizzontale,Sereno,Normale,Buona,Ore Diurne,1,0,0,3,12.5191,41.8576,-1,2,Autovettura privata,In marcia / fermata / arresto,Conducente,F,Rimandato,0,NON DECEDUTO,,,,
3901060,11,02/07/2018 11:00:00,Strada Urbana,VIA APPIA PIGNATELLI,da specificare,,,,prossimit� VICOLO DELLA BASILICA,Tamponamento Multiplo,Rettilineo,Una carreggiata a senso unico di marcia,Asciutto,Asfaltata,Verticale ed orizzontale,Sereno,Normale,Buona,Ore Diurne,1,0,0,3,12.5191,41.8576,-1,3,Autovettura privata,In marcia / fermata / arresto,Conducente,F,Illeso,0,,,,,
3901061,5,02/07/2018 17:30:00,Strada Urbana,VIA FRANCESCO SELMI,all'intersezione con,VIA VANNI BIRINGUCCI,VIA VANNI BIRINGUCCI,,,Scontro frontale/laterale DX fra veicoli in marcia,Intersezione stradale segnalata,Una carreggiata a senso unico di marcia,Asciutto,Asfaltata,Verticale ed orizzontale,Sereno,Normale,Buona,Ore Diurne,0,0,0,4,12.5702,41.9299,-1,1,Autovettura privata,In marcia / fermata / arresto,Conducente,F,Illeso,0,,Non accertato,Inesploso,,
3901061,5,02/07/2018 17:30:00,Strada Urbana,VIA FRANCESCO SELMI,all'intersezione con,VIA VANNI BIRINGUCCI,VIA VANNI BIRINGUCCI,,,Scontro frontale/laterale DX fra veicoli in marcia,Intersezione stradale segnalata,Una carreggiata a senso unico di marcia,Asciutto,Asfaltata,Verticale ed orizzontale,Sereno,Normale,Buona,Ore Diurne,0,0,0,4,12.5702,41.9299,-1,2,Autovettura privata,In marcia / fermata / arresto,Conducente,M,Illeso,0,,Non accertato,Inesploso,,
3901061,5,02/07/2018 17:30:00,Strada Urbana,VIA FRANCESCO SELMI,all'intersezione con,VIA VANNI BIRINGUCCI,VIA VANNI BIRINGUCCI,,,Scontro frontale/laterale DX fra veicoli in marcia,Intersezione stradale segnalata,Una carreggiata a senso unico di marcia,Asciutto,Asfaltata,Verticale ed orizzontale,Sereno,Normale,Buona,Ore Diurne,0,0,0,4,12.5702,41.9299,-1,2,Autovettura privata,In marcia / fermata / arresto,Passeggero,M,Illeso,0,,Non accertato,Inesploso,,
3901061,5,02/07/2018 17:30:00,Strada Urbana,VIA FRANCESCO SELMI,all'intersezione con,VIA VANNI BIRINGUCCI,VIA VANNI BIRINGUCCI,,,Scontro frontale/laterale DX fra veicoli in marcia,Intersezione stradale segnalata,Una carreggiata a senso unico di marcia,Asciutto,Asfaltata,Verticale ed orizzontale,Sereno,Normale,Buona,Ore Diurne,0,0,0,4,12.5702,41.9299,-1,2,Autovettura privata,In marcia / fermata / arresto,Passeggero,F,Illeso,0,,Non accertato,Inesploso,,