Protocollo,Gruppo,DataOraIncidente,Localizzazione1,STRADA1,Localizzazione2,STRADA2,Strada02,Chilometrica,DaSpecificare,NaturaIncidente,particolaritastrade,TipoStrada,FondoStradale,Pavimentazione,Segnaletica,CondizioneAtmosferica,Traffico,Visibilita,Illuminazione,NUM_FERITI,NUM_RISERVATA,NUM_MORTI,NUM_ILLESI,Longitudine,Latitudine,Confermato,Progressivo,TipoVeicolo,StatoVeicolo,TipoPersona,Sesso,Tipolesione,Deceduto,DecedutoDopo,CinturaCascoUtilizzato,Airbag,,
3901308,23,03/07/2018,Comunale extraurbana,VIA CRISTOFORO COLOMBO,all'intersezione semaforizzata con,VIA DI CASAL PALOCCO,VIA DI CASAL PALOCCO,,,Scontro laterale fra veicoli in marcia,Intersezione semaforizzata,Pi� di due carreggiate,Asciutto,Asfaltata,Verticale ed orizzontale,Nuvoloso,Scarso,Buona,Sufficiente,0,0,0,2,12.4116,41.7858,-1,2,Autovettura privata,In marcia / fermata / arresto,Conducente,M,Illeso,0,,Non accertato,Inesploso,,
3901309,12,03/07/2018 09:50:00,Provinciale entro l'abitato,VIA LAURENTINA,all'intersezione con,VIA DI TOR PAGNOTTA,VIA DI TOR PAGNOTTA,,,Scontro laterale fra veicoli in marcia,Rotatoria,Una carreggiata a senso unico di marcia,Asciutto,Asfaltata,Verticale ed orizzontale,Sereno,Normale,Buona,Ore Diurne,0,0,0,2,12.4853,41.8102,-1,1,Autocarro inferiore 35 q.,In marcia / fermata / arresto,Conducente,M,Illeso,0,,Non accertato,Inesploso,,
3901309,12,03/07/2018 09:50:00,Provinciale entro l'abitato,VIA LAURENTINA,all'intersezione con,VIA DI TOR PAGNOTTA,VIA DI TOR PAGNOTTA,,,Scontro laterale fra veicoli in marcia,Rotatoria,Una carreggiata a senso unico di marcia,Asciutto,Asfaltata,Verticale ed orizzontale,Sereno,Normale,Buona,Ore Diurne,0,0,0,2,12.4853,41.8102,-1,2,Autovettura privata,In marcia / fermata / arresto,Conducente,M,Illeso,0,,Non accertato,Inesploso,,
3901327,23,02/07/2018 16:15:00,Comunale extraurbana,VIA DEL MARE,in corrispondenza,,della chilometrica,15.4,,Tamponamento,Rettilineo,Una carreggiata a doppio senso,Asciutto,Asfaltata,Verticale ed orizzontale,Sereno,Normale,Buona,Ore Diurne,1,0,0,1,12.4206,41.8079,-1,1,Autovettura privata,In marcia / fermata / arresto,Conducente,F,Rifiuta cure immediate,0,NON DECEDUTO,Non accertato,Inesistente,,
3901327,23,02/07/2018 16:15:00,Comunale extraurbana,VIA DEL MARE,in corrispondenza,,della chilometrica,15.4,,Tamponamento,Rettilineo,Una carreggiata a doppio senso,Asciutto,Asfaltata,Verticale ed orizzontale,Sereno,Normale,Buona,Ore Diurne,1,0,0,1,12.4206,41.8079,-1,2,Autovettura privata,In marcia / fermata / arresto,Conducente,M,Illeso,0,,Utilizzato,Esploso,,
3901380,12,02/07/2018 17:30:00,Provinciale entro l'abitato,VIA OSTIENSE,all'intersezione con,VIA MONTE DEL FINOCCHIO,VIA MONTE DEL FINOCCHIO,,,Scontro laterale fra veicoli in marcia,Intersezione stradale segnalata,Una carreggiata a doppio senso,Asciutto,Asfaltata,Verticale ed orizzontale,Sereno,Normale,Buona,Ore Diurne,1,0,0,1,12.454,41.8329,-1,1,Autovettura pubblica,In marcia / fermata / arresto,Conducente,M,Illeso,0,,Utilizzato,Inesploso,,
3901380,12,02/07/2018 17:30:00,Provinciale entro l'abitato,VIA OSTIENSE,all'intersezione con,VIA MONTE DEL FINOCCHIO,VIA MONTE DEL FINOCCHIO,,,Scontro laterale fra veicoli in marcia,Intersezione stradale segnalata,Una carreggiata a doppio senso,Asciutto,Asfaltata,Verticale ed orizzontale,Sereno,Normale,Buona,Ore Diurne,1,0,0,1,12.454,41.8329,-1,2,Motociclo a solo,In marcia / fermata / arresto,Conducente,M,Rimandato,0,NON DECEDUTO,,,,
3901399,6,03/07/2018 09:10:00,Strada Urbana,VIA DI ACQUA BULLICANTE,all'intersezione con,VIA FORMIA,VIA FORMIA,,,Scontro frontale/laterale DX fra veicoli in marcia,Incrocio,Una carreggiata a doppio senso,Asciutto,Asfaltata,Verticale,Sereno,Normale,Buona,Ore Diurne,0,0,0,3,12.5434,41.886,-1,1,Autovettura privata,In marcia / fermata / arresto,Conducente,F,Illeso,0,,Non accertato,Inesploso,,
3901399,6,03/07/2018 09:10:00,Strada Urbana,VIA DI ACQUA BULLICANTE,all'intersezione con,VIA FORMIA,VIA FORMIA,,,Scontro frontale/laterale DX fra veicoli in marcia,Incrocio,Una carreggiata a doppio senso,Asciutto,Asfaltata,Verticale,Sereno,Normale,Buona,Ore Diurne,0,0,0,3,12.5434,41.886,-1,1,Autovettura privata,In marcia / fermata / arresto,Passeggero,F,Illeso,0,,Non accertato,Inesploso,,
3901399,6,03/07/2018 09:10:00,Strada Urbana,VIA DI ACQUA BULLICANTE,all'intersezione con,VIA FORMIA,VIA FORMIA,,,Scontro frontale/laterale DX fra veicoli in marcia,Incrocio,Una carreggiata a doppio senso,Asciutto,Asfaltata,Verticale,Sereno,Normale,Buona,Ore Diurne,0,0,0,3,12.5434,41.886,-1,2,Autovettura privata,In marcia / fermata / arresto,Conducente,M,Illeso,0,,Non accertato,Inesploso,,
3901405,18,03/07/2018 07:40:00,Strada Urbana,VIA DI BOCCEA,all'intersezione con,VIA DI VAL CANNUTA,VIA DI VAL CANNUTA,,,Scontro frontale/laterale SX fra veicoli in marcia,Intersezione stradale segnalata,Una carreggiata a doppio senso,Asciutto,Asfaltata,Verticale ed orizzontale,Sereno,Intenso,Buona,Ore Diurne,0,0,0,2,12.4164,41.9036,-1,1,Autovettura privata,In marcia / fermata / arresto,Conducente,M,Illeso,0,,Non accertato,Inesploso,,
3901405,18,03/07/2018 07:40:00,Strada Urbana,VIA DI BOCCEA,all'intersezione con,VIA DI VAL CANNUTA,VIA DI VAL CANNUTA,,,Scontro frontale/laterale SX fra veicoli in marcia,Intersezione stradale segnalata,Una carreggiata a doppio senso,Asciutto,Asfaltata,Verticale ed orizzontale,Sereno,Intenso,Buona,Ore Diurne,0,0,0,2,12.4164,41.9036,-1,2,Autovettura privata,In marcia / fermata / arresto,Conducente,F,Illeso,0,,Non accertato,Inesploso,,
3901425,2,02/07/2018 17:00:00,Strada Urbana,VIALE ROMANIA,all'intersezione con,VIA NINO OXILIA,VIA NINO OXILIA,,,Scontro laterale fra veicoli in marcia,Incrocio,Una carreggiata a doppio senso,Asciutto,Asfaltata,Verticale ed orizzontale,Sereno,Scarso,Buona,Ore Diurne,1,0,0,1,12.4933,41.9262,-1,1,Autovettura privata,In marcia / fermata / arresto,Conducente,F,Illeso,0,,Non accertato,Inesploso,,
3901425,2,02/07/2018 17:00:00,Strada Urbana,VIALE ROMANIA,all'intersezione con,VIA NINO OXILIA,VIA NINO OXILIA,,,Scontro laterale fra veicoli in marcia,Incrocio,Una carreggiata a doppio senso,Asciutto,Asfaltata,Verticale ed orizzontale,Sereno,Scarso,Buona,Ore Diurne,1,0,0,1,12.4933,41.9262,-1,2,Motociclo a solo,In marcia / fermata / arresto,Conducente,M,Rimandato,0,NON DECEDUTO,Non accertato,,,
3901433,12,03/07/2018 00:20:00,Strada Urbana,VIA CRISTOFORO COLOMBO,da specificare,,,,prossimit� civico 336,Infortunio per caduta del veicolo,Rettilineo,Pi� di due carreggiate,Viscido da liquidi oleosi,Asfaltata,Verticale ed orizzontale,Sereno,Scarso,Sufficiente,Sufficiente,1,0,0,0,12.4116,41.7858,-1,1,Motociclo a solo,In marcia / fermata / arresto,Conducente,M,Rimandato,0,NON DECEDUTO,Utilizzato,,,
3901464,12,03/07/2018 10:00:00,Statale,VIA PONTINA,in prossimit�,,della chilometrica,20.5,,Veicolo in marcia contro veicolo arresto,Rettilineo,Due carreggiate,Asciutto,Asfaltata,Verticale ed orizzontale,Sereno,Normale,Buona,Ore Diurne,0,0,0,4,12.4635,41.7049,-1,1,Autovettura privata,In marcia / fermata / arresto,Conducente,F,Illeso,0,,Non accertato,Inesploso,,
3901464,12,03/07/2018 10:00:00,Statale,VIA PONTINA,in prossimit�,,della chilometrica,20.5,,Veicolo in marcia contro veicolo arresto,Rettilineo,Due carreggiate,Asciutto,Asfaltata,Verticale ed orizzontale,Sereno,Normale,Buona,Ore Diurne,0,0,0,4,12.4635,41.7049,-1,2,Autovettura privata,In marcia / fermata / arresto,Conducente,F,Illeso,0,,Non accertato,Inesploso,,
3901464,12,03/07/2018 10:00:00,Statale,VIA PONTINA,in prossimit�,,della chilometrica,20.5,,Veicolo in marcia contro veicolo arresto,Rettilineo,Due carreggiate,Asciutto,Asfaltata,Verticale ed orizzontale,Sereno,Normale,Buona,Ore Diurne,0,0,0,4,12.4635,41.7049,-1,2,Autovettura privata,In marcia / fermata / arresto,Passeggero,F,Illeso,0,,,,,
3901464,12,03/07/2018 10:00:00,Statale,VIA PONTINA,in prossimit�,,della chilometrica,20.5,,Veicolo in marcia contro veicolo arresto,Rettilineo,Due carreggiate,Asciutto,Asfaltata,Verticale ed orizzontale,Sereno,Normale,Buona,Ore Diurne,0,0,0,4,12.4635,41.7049,-1,2,Autovettura privata,In marcia / fermata / arresto,Passeggero,M,Illeso,0,,,,,
3901491,19,03/07/2018 10:15:00,Strada Urbana,PIAZZALE DELLE MEDAGLIE D'ORO,in corrispondenza,,del civico n.,31B,,Investimento di pedone,Rettilineo,Una carreggiata a doppio senso,Asciutto,Asfaltata,Orizzontale,Sereno,Normale,Buona,Ore Diurne,1,0,0,1,12.4459,41.9237,-1,,,,Pedone,F,Rimandato,0,NON DECEDUTO,,,,
3901491,19,03/07/2018 10:15:00,Strada Urbana,PIAZZALE DELLE MEDAGLIE D'ORO,in corrispondenza,,del civico n.,31B,,Investimento di pedone,Rettilineo,Una carreggiata a doppio senso,Asciutto,Asfaltata,Orizzontale,Sereno,Normale,Buona,Ore Diurne,1,0,0,1,12.4459,41.9237,-1,1,Autovettura privata,In marcia / fermata / arresto,Conducente,M,Illeso,0,,Non accertato,Inesploso,,
3901512,2,02/07/2018 08:30:00,Strada Urbana,CIRCONVALLAZIONE SALARIA,da specificare,,,,uscita VIA SALARIA dir. GRA,Tamponamento,Rettilineo,Due carreggiate,Asciutto,Asfaltata,Verticale ed orizzontale,Sereno,Intenso,Buona,Ore Diurne,0,0,0,3,12.5207,41.9347,-1,1,Autovettura privata,In marcia / fermata / arresto,Conducente,F,Illeso,0,,Non accertato,Inesploso,,
3901512,2,02/07/2018 08:30:00,Strada Urbana,CIRCONVALLAZIONE SALARIA,da specificare,,,,uscita VIA SALARIA dir. GRA,Tamponamento,Rettilineo,Due carreggiate,Asciutto,Asfaltata,Verticale ed orizzontale,Sereno,Intenso,Buona,Ore Diurne,0,0,0,3,12.5207,41.9347,-1,2,Autovettura privata,In marcia / fermata / arresto,Conducente,M,Illeso,0,,Non accertato,Inesploso,,
3901512,2,02/07/2018 08:30:00,Strada Urbana,CIRCONVALLAZIONE SALARIA,da specificare,,,,uscita VIA SALARIA dir. GRA,Tamponamento,Rettilineo,Due carreggiate,Asciutto,Asfaltata,Verticale ed orizzontale,Sereno,Intenso,Buona,Ore Diurne,0,0,0,3,12.5207,41.9347,-1,2,Autovettura privata,In marcia / fermata / arresto,Passeggero,F,Illeso,0,,Non accertato,Inesploso,,
3901513,2,02/07/2018 09:45:00,Strada Urbana,CORSO D'ITALIA,in prossimit�,,del civico n.,6,,Scontro laterale fra veicoli in marcia,Rettilineo,Due carreggiate,Asciutto,Asfaltata,Verticale ed orizzontale,Sereno,Normale,Buona,Ore Diurne,1,0,0,1,12.4908,41.9105,-1,1,Autovettura privata,In marcia / fermata / arresto,Conducente,F,Illeso,0,,Non accertato,,,
3901513,2,02/07/2018 09:45:00,Strada Urbana,CORSO D'ITALIA,in prossimit�,,del civico n.,6,,Scontro laterale fra veicoli in marcia,Rettilineo,Due carreggiate,Asciutto,Asfaltata,Verticale ed orizzontale,Sereno,Normale,Buona,Ore Diurne,1,0,0,1,12.4908,41.9105,-1,2,Motociclo a solo,In marcia / fermata / arresto,Conducente,F,Rimandato,0,NON DECEDUTO,Non accertato,,,
3901514,3,02/07/2018 12:50:00,Strada Urbana,PIAZZALE DEL VERANO,da specificare,,,,INTERNO CIMITERO ALTEZZA INGRESSO QUADRIPORTICO,Scontro laterale fra veicoli in marcia,Rettilineo,Una carreggiata a doppio senso,Asciutto,Asfaltata,Orizzontale,Sereno,Scarso,Buona,Ore Diurne,0,0,0,4,12.5195,41.9013,-1,1,Autovettura privata,In marcia / fermata / arresto,Conducente,F,Illeso,0,,,,,
3901514,3,02/07/2018 12:50:00,Strada Urbana,PIAZZALE DEL VERANO,da specificare,,,,INTERNO CIMITERO ALTEZZA INGRESSO QUADRIPORTICO,Scontro laterale fra veicoli in marcia,Rettilineo,Una carreggiata a doppio senso,Asciutto,Asfaltata,Orizzontale,Sereno,Scarso,Buona,Ore Diurne,0,0,0,4,12.5195,41.9013,-1,2,Autovettura privata,In marcia / fermata / arresto,Conducente,M,Illeso,0,,Non accertato,Inesploso,,
3901514,3,02/07/2018 12:50:00,Strada Urbana,PIAZZALE DEL VERANO,da specificare,,,,INTERNO CIMITERO ALTEZZA INGRESSO QUADRIPORTICO,Scontro laterale fra veicoli in marcia,Rettilineo,Una carreggiata a doppio senso,Asciutto,Asfaltata,Orizzontale,Sereno,Scarso,Buona,Ore Diurne,0,0,0,4,12.5195,41.9013,-1,2,Autovettura privata,In marcia / fermata / arresto,Passeggero,F,Illeso,0,,Non accertato,Inesploso,,
3901514,3,02/07/2018 12:50:00,Strada Urbana,PIAZZALE DEL VERANO,da specificare,,,,INTERNO CIMITERO ALTEZZA INGRESSO QUADRIPORTICO,Scontro laterale fra veicoli in marcia,Rettilineo,Una carreggiata a doppio senso,Asciutto,Asfaltata,Orizzontale,Sereno,Scarso,Buona,Ore Diurne,0,0,0,4,12.5195,41.9013,-1,2,Autovettura privata,In marcia / fermata / arresto,Passeggero,F,Illeso,0,,Non accertato,Inesploso,,
3901515,2,02/07/2018 11:40:00,Strada Urbana,LARGO ALESSANDRO VESSELLA,in prossimit�,,del civico n.,FR. 1,,Scontro frontale/laterale DX fra veicoli in marcia,Rotatoria,Una carreggiata a senso unico di marcia,Asciutto,Asfaltata,Verticale ed orizzontale,Sereno,Scarso,Buona,Ore Diurne,0,0,0,3,12.5105,41.937,-1,1,Autovettura privata,In marcia / fermata / arresto,Conducente,F,Illeso,0,,Non accertato,Inesploso,,
3901515,2,02/07/2018 11:40:00,Strada Urbana,LARGO ALESSANDRO VESSELLA,in prossimit�,,del civico n.,FR. 1,,Scontro frontale/laterale DX fra veicoli in marcia,Rotatoria,Una carreggiata a senso unico di marcia,Asciutto,Asfaltata,Verticale ed orizzontale,Sereno,Scarso,Buona,Ore Diurne,0,0,0,3,12.5105,41.937,-1,2,Autovettura privata,In marcia / fermata / arresto,Conducente,M,Illeso,0,,Non accertato,Inesploso,,
3901515,2,02/07/2018 11:40:00,Strada Urbana,LARGO ALESSANDRO VESSELLA,in prossimit�,,del civico n.,FR. 1,,Scontro frontale/laterale DX fra veicoli in marcia,Rotatoria,Una carreggiata a senso unico di marcia,Asciutto,Asfaltata,Verticale ed orizzontale,Sereno,Scarso,Buona,Ore Diurne,0,0,0,3,12.5105,41.937,-1,2,Autovettura privata,In marcia / fermata / arresto,Passeggero,F,Illeso,0,,Non accertato,Inesploso,,
3901518,2,02/07/2018 13:25:00,Strada Urbana,VIALE SOMALIA,all'intersezione semaforizzata con,VIA ALESSANDRO VESSELLA,VIA ALESSANDRO VESSELLA,,,Scontro frontale/laterale DX fra veicoli in marcia,Incrocio,Una carreggiata a doppio senso,Asciutto,Asfaltata,Verticale ed orizzontale,Sereno,Normale,Buona,Ore Diurne,0,0,0,3,12.5151,41.936,-1,1,Autovettura privata,In marcia / fermata / arresto,Conducente,M,Illeso,0,,Non accertato,Inesploso,,
3901518,2,02/07/2018 13:25:00,Strada Urbana,VIALE SOMALIA,all'intersezione semaforizzata con,VIA ALESSANDRO VESSELLA,VIA ALESSANDRO VESSELLA,,,Scontro frontale/laterale DX fra veicoli in marcia,Incrocio,Una carreggiata a doppio senso,Asciutto,Asfaltata,Verticale ed orizzontale,Sereno,Normale,Buona,Ore Diurne,0,0,0,3,12.5151,41.936,-1,2,Autovettura privata,In marcia / fermata / arresto,Conducente,F,Illeso,0,,Non accertato,Inesploso,,
3901518,2,02/07/2018 13:25:00,Strada Urbana,VIALE SOMALIA,all'intersezione semaforizzata con,VIA ALESSANDRO VESSELLA,VIA ALESSANDRO VESSELLA,,,Scontro frontale/laterale DX fra veicoli in marcia,Incrocio,Una carreggiata a doppio senso,Asciutto,Asfaltata,Verticale ed orizzontale,Sereno,Normale,Buona,Ore Diurne,0,0,0,3,12.5151,41.936,-1,2,Autovettura privata,In marcia / fermata / arresto,Passeggero,F,Illeso,0,,Non accertato,Inesploso,,
3901519,2,02/07/2018 15:20:00,Strada Urbana,PIAZZA SABAZIO,in corrispondenza,,del civico n.,15,,Veicolo in marcia contro veicoli in sosta,Rotatoria,Una carreggiata a senso unico di marcia,Asciutto,Asfaltata,Verticale ed orizzontale,Sereno,Scarso,Buona,Ore Diurne,0,0,0,1,12.5084,41.9216,-1,1,Autovettura privata,In marcia / fermata / arresto,Conducente,M,Illeso,0,,Non accertato,Inesploso,,
3901533,2,02/07/2018 14:30:00,Strada Urbana,VIA LUIGI CANINA,all'intersezione con,VIA FLAMINIA,VIA FLAMINIA,,,Scontro frontale/laterale DX fra veicoli in marcia,Incrocio,Pi� di due carreggiate,Asciutto,Asfaltata,Verticale ed orizzontale,Sereno,Normale,Buona,Ore Diurne,0,0,0,2,12.4721,41.9209,-1,1,Autovettura privata,In marcia / fermata / arresto,Conducente,M,Illeso,0,,Non accertato,Inesploso,,
3901533,2,02/07/2018 14:30:00,Strada Urbana,VIA LUIGI CANINA,all'intersezione con,VIA FLAMINIA,VIA FLAMINIA,,,Scontro frontale/laterale DX fra veicoli in marcia,Incrocio,Pi� di due carreggiate,Asciutto,Asfaltata,Verticale ed orizzontale,Sereno,Normale,Buona,Ore Diurne,0,0,0,2,12.4721,41.9209,-1,2,Autovettura privata,In marcia / fermata / arresto,Conducente,M,Illeso,0,,Non accertato,Inesploso,,
3901534,2,02/07/2018 15:55:00,Strada Urbana,VIA TEMBIEN,in corrispondenza,,del civico n.,FC 41,,Veicolo in marcia contro ostacolo accidentale,Rettilineo,Pi� di due carreggiate,Asciutto,Asfaltata,Verticale ed orizzontale,Sereno,Normale,Buona,Ore Diurne,0,0,0,1,12.5253,41.9293,-1,1,Ciclomotore,In marcia / fermata / arresto,Conducente,M,Illeso,0,,,,,
3901537,2,03/07/2018,Strada Urbana,VIALE LIEGI,in prossimit�,,del civico n.,50,,Veicolo in marcia contro veicolo in sosta,Rettilineo,Due carreggiate,Asciutto,Asfaltata,Verticale ed orizzontale,Sereno,Scarso,Sufficiente,Sufficiente,0,0,0,1,12.495,41.9218,-1,1,Autovettura privata,In marcia / fermata / arresto,Conducente,M,Illeso,0,,,,,
3901544,16,02/07/2018 18:20:00,Strada Urbana,CIRCONVALLAZIONE GIANICOLENSE,in corrispondenza,,del civico n.,195,,Tamponamento Multiplo,Rettilineo,Pi� di due carreggiate,Asciutto,Asfaltata,Verticale ed orizzontale,Sereno,Normale,Buona,Ore Diurne,0,0,0,3,12.445,41.8755,-1,1,Autovettura privata,In marcia / fermata / arresto,Conducente,M,Illeso,0,,Non accertato,Inesploso,,
3901544,16,02/07/2018 18:20:00,Strada Urbana,CIRCONVALLAZIONE GIANICOLENSE,in corrispondenza,,del civico n.,195,,Tamponamento Multiplo,Rettilineo,Pi� di due carreggiate,Asciutto,Asfaltata,Verticale ed orizzontale,Sereno,Normale,Buona,Ore Diurne,0,0,0,3,12.445,41.8755,-1,2,Autovettura privata,In marcia / fermata / arresto,Conducente,M,Illeso,0,,Non accertato,Inesploso,,
3901544,16,02/07/2018 18:20:00,Strada Urbana,CIRCONVALLAZIONE GIANICOLENSE,in corrispondenza,,del civico n.,195,,Tamponamento Multiplo,Rettilineo,Pi� di due carreggiate,Asciutto,Asfaltata,Verticale ed orizzontale,Sereno,Normale,Buona,Ore Diurne,0,0,0,3,12.445,41.8755,-1,3,Autovettura privata,In marcia / fermata / arresto,Conducente,M,Illeso,0,,Non accertato,Inesploso,,
3901548,20,03/07/2018 10:30:00,Strada Urbana,VIA VEIENTANA VETERE,in corrispondenza,,del civico n.,320,,Scontro frontale/laterale SX fra veicoli in marcia,Curva senza visuale libera,Una carreggiata a senso unico di marcia,Asciutto,Asfaltata,Verticale,Sereno,Scarso,Buona,Ore Diurne,0,0,0,3,12.4838,41.9898,-1,1,Autovettura privata,In marcia / fermata / arresto,Conducente,M,Illeso,0,,Non accertato,Inesploso,,
3901548,20,03/07/2018 10:30:00,Strada Urbana,VIA VEIENTANA VETERE,in corrispondenza,,del civico n.,320,,Scontro frontale/laterale SX fra veicoli in marcia,Curva senza visuale libera,Una carreggiata a senso unico di marcia,Asciutto,Asfaltata,Verticale,Sereno,Scarso,Buona,Ore Diurne,0,0,0,3,12.4838,41.9898,-1,1,Autovettura privata,In marcia / fermata / arresto,Passeggero,F,Illeso,0,,Non accertato,Inesploso,,
3901548,20,03/07/2018 10:30:00,Strada Urbana,VIA VEIENTANA VETERE,in corrispondenza,,del civico n.,320,,Scontro frontale/laterale SX fra veicoli in marcia,Curva senza visuale libera,Una carreggiata a senso unico di marcia,Asciutto,Asfaltata,Verticale,Sereno,Scarso,Buona,Ore Diurne,0,0,0,3,12.4838,41.9898,-1,2,Autovettura privata,In marcia / fermata / arresto,Conducente,M,Illeso,0,,Non accertato,Inesploso,,
3901557,11,03/07/2018 11:40:00,Strada Urbana,VIALE GUGLIELMO MARCONI,all'intersezione semaforizzata con,VIA DELLA VASCA NAVALE,VIA DELLA VASCA NAVALE,,,Scontro laterale fra veicoli in marcia,Intersezione stradale segnalata,Una carreggiata a doppio senso,Asciutto,Asfaltata,Verticale ed orizzontale,Sereno,Normale,Buona,Ore Diurne,0,0,0,3,12.4706,41.8586,-1,1,Autovettura privata,In marcia / fermata / arresto,Conducente,M,Illeso,0,,Non accertato,Inesploso,,
3901557,11,03/07/2018 11:40:00,Strada Urbana,VIALE GUGLIELMO MARCONI,all'intersezione semaforizzata con,VIA DELLA VASCA NAVALE,VIA DELLA VASCA NAVALE,,,Scontro laterale fra veicoli in marcia,Intersezione stradale segnalata,Una carreggiata a doppio senso,Asciutto,Asfaltata,Verticale ed orizzontale,Sereno,Normale,Buona,Ore Diurne,0,0,0,3,12.4706,41.8586,-1,2,Autovettura pubblica,In marcia / fermata / arresto,Conducente,M,Illeso,0,,Non accertato,Inesploso,,
3901557,11,03/07/2018 11:40:00,Strada Urbana,VIALE GUGLIELMO MARCONI,all'intersezione semaforizzata con,VIA DELLA VASCA NAVALE,VIA DELLA VASCA NAVALE,,,Scontro laterale fra veicoli in marcia,Intersezione stradale segnalata,Una carreggiata a doppio senso,Asciutto,Asfaltata,Verticale ed orizzontale,Sereno,Normale,Buona,Ore Diurne,0,0,0,3,12.4706,41.8586,-1,2,Autovettura pubblica,In marcia / fermata / arresto,Passeggero,F,Illeso,0,,Non accertato,,,
3901566,16,03/07/2018 01:45:00,Strada Urbana,VIALE DEGLI EROI DI CEFALONIA,in corrispondenza,,del civico n.,285,,Veicolo in marcia contro veicolo in sosta,Rettilineo,Una carreggiata a senso unico di marcia,Asciutto,Asfaltata,Orizzontale,Sereno,Scarso,Buona,Sufficiente,1,0,0,0,12.4352,41.7857,-1,2,Autovettura privata,In marcia / fermata / arresto,Conducente,M,Rimandato,0,NON DECEDUTO,Non accertato,Esploso,,
3901591,15,03/07/2018 11:30:00,Strada Urbana,VIA FRANCESCO GRIMALDI,in corrispondenza,,del civico n.,126,,Scontro laterale fra veicoli in marcia,Rettilineo,Due carreggiate,Asciutto,Asfaltata,Orizzontale,Sereno,Normale,Buona,Ore Diurne,0,0,0,2,12.4659,41.8654,-1,1,Autovettura privata,In marcia / fermata / arresto,Conducente,M,Illeso,0,,Utilizzato,,,
3901591,15,03/07/2018 11:30:00,Strada Urbana,VIA FRANCESCO GRIMALDI,in corrispondenza,,del civico n.,126,,Scontro laterale fra veicoli in marcia,Rettilineo,Due carreggiate,Asciutto,Asfaltata,Orizzontale,Sereno,Normale,Buona,Ore Diurne,0,0,0,2,12.4659,41.8654,-1,2,Autocarro inferiore 35 q.,In marcia / fermata / arresto,Conducente,M,Illeso,0,,Utilizzato,Inesploso,,
3901637,19,03/07/2018 11:40:00,Strada Urbana,VIA DEI MONTI DI PRIMAVALLE,in prossimit�,,del civico n.,282,,Scontro laterale fra veicoli in marcia,Rettilineo,Una carreggiata a doppio senso,Asciutto,Asfaltata,Verticale ed orizzontale,Sereno,Normale,Buona,Ore Diurne,0,0,0,2,12.4146,41.9066,-1,1,Autobus di linea,In marcia / fermata / arresto,Conducente,M,Illeso,0,,Non accertato,Inesploso,,
3901637,19,03/07/2018 11:40:00,Strada Urbana,VIA DEI MONTI DI PRIMAVALLE,in prossimit�,,del civico n.,282,,Scontro laterale fra veicoli in marcia,Rettilineo,Una carreggiata a doppio senso,Asciutto,Asfaltata,Verticale ed orizzontale,Sereno,Normale,Buona,Ore Diurne,0,0,0,2,12.4146,41.9066,-1,2,Autovettura privata,In marcia / fermata / arresto,Conducente,M,Illeso,0,,Non accertato,Inesploso,,
3901639,4,02/07/2018 07:00:00,Strada Urbana,VIA DELLA CESARINA,da specificare,,,,direzione via nomentana,Scontro frontale/laterale SX fra veicoli in marcia,Curva senza visuale libera,Una carreggiata a doppio senso,Asciutto,Asfaltata,Assente,Sereno,Normale,Buona,Ore Diurne,3,0,0,1,12.5855,41.9756,-1,1,Autovettura privata,In marcia / fermata / arresto,Conducente,M,Rifiuta cure immediate,0,NON DECEDUTO,Non accertato,Inesploso,,
3901639,4,02/07/2018 07:00:00,Strada Urbana,VIA DELLA CESARINA,da specificare,,,,direzione via nomentana,Scontro frontale/laterale SX fra veicoli in marcia,Curva senza visuale libera,Una carreggiata a doppio senso,Asciutto,Asfaltata,Assente,Sereno,Normale,Buona,Ore Diurne,3,0,0,1,12.5855,41.9756,-1,1,Autovettura privata,In marcia / fermata / arresto,Passeggero,F,Illeso,0,,Non accertato,Inesploso,,
3901639,4,02/07/2018 07:00:00,Strada Urbana,VIA DELLA CESARINA,da specificare,,,,direzione via nomentana,Scontro frontale/laterale SX fra veicoli in marcia,Curva senza visuale libera,Una carreggiata a doppio senso,Asciutto,Asfaltata,Assente,Sereno,Normale,Buona,Ore Diurne,3,0,0,1,12.5855,41.9756,-1,2,Autovettura privata,In marcia / fermata / arresto,Conducente,M,Rimandato,0,NON DECEDUTO,,,,
3901639,4,02/07/2018 07:00:00,Strada Urbana,VIA DELLA CESARINA,da specificare,,,,direzione via nomentana,Scontro frontale/laterale SX fra veicoli in marcia,Curva senza visuale libera,Una carreggiata a doppio senso,Asciutto,Asfaltata,Assente,Sereno,Normale,Buona,Ore Diurne,3,0,0,1,12.5855,41.9756,-1,2,Autovettura privata,In marcia / fermata / arresto,Passeggero,F,Rimandato,0,NON DECEDUTO,,,,
3901677,4,02/07/2018 12:20:00,Statale entro l'abitato,VIA NOMENTANA,in prossimit�,,del civico n.,887,,Tamponamento Multiplo,Rettilineo,Una carreggiata a doppio senso,Asciutto,Asfaltata,Verticale ed orizzontale,Sereno,Normale,Buona,Ore Diurne,2,0,0,3,12.5548,41.9423,-1,1,Autovettura privata,In marcia / fermata / arresto,Conducente,M,Illeso,0,,Non accertato,Inesploso,,