Protocollo,Gruppo,DataOraIncidente,Localizzazione1,STRADA1,Localizzazione2,STRADA2,Strada02,Chilometrica,DaSpecificare,NaturaIncidente,particolaritastrade,TipoStrada,FondoStradale,Pavimentazione,Segnaletica,CondizioneAtmosferica,Traffico,Visibilita,Illuminazione,NUM_FERITI,NUM_RISERVATA,NUM_MORTI,NUM_ILLESI,Longitudine,Latitudine,Confermato,Progressivo,TipoVeicolo,StatoVeicolo,TipoPersona,Sesso,Tipolesione,Deceduto,DecedutoDopo,CinturaCascoUtilizzato,Airbag,,
3901677,4,02/07/2018 12:20:00,Statale entro l'abitato,VIA NOMENTANA,in prossimit�,,del civico n.,887,,Tamponamento Multiplo,Rettilineo,Una carreggiata a doppio senso,Asciutto,Asfaltata,Verticale ed orizzontale,Sereno,Normale,Buona,Ore Diurne,2,0,0,3,12.5548,41.9423,-1,2,Autovettura privata,In marcia / fermata / arresto,Conducente,M,Rifiuta cure immediate,0,NON DECEDUTO,Non accertato,Inesploso,,
3901677,4,02/07/2018 12:20:00,Statale entro l'abitato,VIA NOMENTANA,in prossimit�,,del civico n.,887,,Tamponamento Multiplo,Rettilineo,Una carreggiata a doppio senso,Asciutto,Asfaltata,Verticale ed orizzontale,Sereno,Normale,Buona,Ore Diurne,2,0,0,3,12.5548,41.9423,-1,2,Autovettura privata,In marcia / fermata / arresto,Passeggero,F,Rifiuta cure immediate,0,NON DECEDUTO,Non accertato,Inesploso,,
3901677,4,02/07/2018 12:20:00,Statale entro l'abitato,VIA NOMENTANA,in prossimit�,,del civico n.,887,,Tamponamento Multiplo,Rettilineo,Una carreggiata a doppio senso,Asciutto,Asfaltata,Verticale ed orizzontale,Sereno,Normale,Buona,Ore Diurne,2,0,0,3,12.5548,41.9423,-1,3,Autovettura privata,In marcia / fermata / arresto,Conducente,M,Illeso,0,,Non accertato,Inesploso,,
3901677,4,02/07/2018 12:20:00,Statale entro l'abitato,VIA NOMENTANA,in prossimit�,,del civico n.,887,,Tamponamento Multiplo,Rettilineo,Una carreggiata a doppio senso,Asciutto,Asfaltata,Verticale ed orizzontale,Sereno,Normale,Buona,Ore Diurne,2,0,0,3,12.5548,41.9423,-1,3,Autovettura privata,In marcia / fermata / arresto,Passeggero,M,Illeso,0,,Non accertato,Inesploso,,
3901698,15,03/07/2018 09:20:00,Strada Urbana,PIAZZA ANTONIO MEUCCI,all'intersezione con,VIA ODERISI DA GUBBIO,VIA ODERISI DA GUBBIO,,,Scontro laterale fra veicoli in marcia,Intersezione semaforizzata,Una carreggiata a doppio senso,Asciutto,Asfaltata,Verticale ed orizzontale,Sereno,Intenso,Buona,Ore Diurne,0,0,0,3,12.4639,41.8617,-1,1,Autovettura privata,In marcia / fermata / arresto,Conducente,M,Illeso,0,,Utilizzato,,,
3901698,15,03/07/2018 09:20:00,Strada Urbana,PIAZZA ANTONIO MEUCCI,all'intersezione con,VIA ODERISI DA GUBBIO,VIA ODERISI DA GUBBIO,,,Scontro laterale fra veicoli in marcia,Intersezione semaforizzata,Una carreggiata a doppio senso,Asciutto,Asfaltata,Verticale ed orizzontale,Sereno,Intenso,Buona,Ore Diurne,0,0,0,3,12.4639,41.8617,-1,1,Autovettura privata,In marcia / fermata / arresto,Passeggero,F,Illeso,0,,Utilizzato,,,
3901698,15,03/07/2018 09:20:00,Strada Urbana,PIAZZA ANTONIO MEUCCI,all'intersezione con,VIA ODERISI DA GUBBIO,VIA ODERISI DA GUBBIO,,,Scontro laterale fra veicoli in marcia,Intersezione semaforizzata,Una carreggiata a doppio senso,Asciutto,Asfaltata,Verticale ed orizzontale,Sereno,Intenso,Buona,Ore Diurne,0,0,0,3,12.4639,41.8617,-1,2,Autovettura privata,In marcia / fermata / arresto,Conducente,M,Illeso,0,,Utilizzato,,,
3901766,10,03/07/2018 13:15:00,Strada Urbana,VIALE PALMIRO TOGLIATTI,da specificare,,,,100 m prima di via Quinto Publicio,Tamponamento,Rettilineo,Una carreggiata a senso unico di marcia,Asciutto,Asfaltata,Orizzontale,Sereno,Normale,Buona,Ore Diurne,0,0,0,2,12.5714,41.8553,-1,1,Autovettura privata,In marcia / fermata / arresto,Conducente,F,Illeso,0,,Non accertato,Inesploso,,
3901766,10,03/07/2018 13:15:00,Strada Urbana,VIALE PALMIRO TOGLIATTI,da specificare,,,,100 m prima di via Quinto Publicio,Tamponamento,Rettilineo,Una carreggiata a senso unico di marcia,Asciutto,Asfaltata,Orizzontale,Sereno,Normale,Buona,Ore Diurne,0,0,0,2,12.5714,41.8553,-1,2,Autovettura privata,In marcia / fermata / arresto,Conducente,F,Illeso,0,,Non accertato,Inesploso,,
3901811,13,02/07/2018 17:45:00,Strada Urbana,LUNGOMARE DUILIO,da specificare,,,,altezza civico 2/B,Tamponamento,Rettilineo,Pi� di due carreggiate,Asciutto,Asfaltata,Verticale ed orizzontale,Sereno,Normale,Buona,Ore Diurne,1,0,0,1,12.296,41.7224,-1,1,Motociclo con passeggero,In marcia / fermata / arresto,Conducente,M,Rimandato,0,NON DECEDUTO,Non accertato,,,
3901811,13,02/07/2018 17:45:00,Strada Urbana,LUNGOMARE DUILIO,da specificare,,,,altezza civico 2/B,Tamponamento,Rettilineo,Pi� di due carreggiate,Asciutto,Asfaltata,Verticale ed orizzontale,Sereno,Normale,Buona,Ore Diurne,1,0,0,1,12.296,41.7224,-1,2,Autovettura privata,In marcia / fermata / arresto,Conducente,M,Illeso,0,,Non accertato,Inesploso,,
3901812,4,02/07/2018 12:30:00,Strada Urbana,VIA ETTORE ROMAGNOLI,in prossimit�,,del civico n.,59,,Veicolo in marcia contro veicolo arresto,Rettilineo,Due carreggiate,Asciutto,Asfaltata,Verticale ed orizzontale,Sereno,Normale,Buona,Ore Diurne,0,0,0,3,12.547,41.9421,-1,1,Autovettura di polizia,In marcia / fermata / arresto,Conducente,M,Illeso,0,,,,,
3901812,4,02/07/2018 12:30:00,Strada Urbana,VIA ETTORE ROMAGNOLI,in prossimit�,,del civico n.,59,,Veicolo in marcia contro veicolo arresto,Rettilineo,Due carreggiate,Asciutto,Asfaltata,Verticale ed orizzontale,Sereno,Normale,Buona,Ore Diurne,0,0,0,3,12.547,41.9421,-1,1,Autovettura di polizia,In marcia / fermata / arresto,Passeggero,M,Illeso,0,,,,,
3901812,4,02/07/2018 12:30:00,Strada Urbana,VIA ETTORE ROMAGNOLI,in prossimit�,,del civico n.,59,,Veicolo in marcia contro veicolo arresto,Rettilineo,Due carreggiate,Asciutto,Asfaltata,Verticale ed orizzontale,Sereno,Normale,Buona,Ore Diurne,0,0,0,3,12.547,41.9421,-1,2,Motociclo a solo,In marcia / fermata / arresto,Conducente,F,Illeso,0,,,,,
3901855,10,03/07/2018 13:55:00,Strada Urbana,VIA LUCIO SESTIO,all'intersezione con,VIA FABRIZIO LUSCINO,VIA FABRIZIO LUSCINO,,,Scontro frontale/laterale SX fra veicoli in marcia,Incrocio,Due carreggiate,Asciutto,Asfaltata,Verticale ed orizzontale,Nuvoloso,Scarso,Buona,Ore Diurne,0,0,0,2,12.5542,41.8569,-1,1,Autovettura privata,In marcia / fermata / arresto,Conducente,M,Illeso,0,,Non accertato,Inesploso,,
3901855,10,03/07/2018 13:55:00,Strada Urbana,VIA LUCIO SESTIO,all'intersezione con,VIA FABRIZIO LUSCINO,VIA FABRIZIO LUSCINO,,,Scontro frontale/laterale SX fra veicoli in marcia,Incrocio,Due carreggiate,Asciutto,Asfaltata,Verticale ed orizzontale,Nuvoloso,Scarso,Buona,Ore Diurne,0,0,0,2,12.5542,41.8569,-1,2,Autovettura privata,In marcia / fermata / arresto,Conducente,F,Illeso,0,,Non accertato,Inesploso,,
3901880,4,01/07/2018 23:20:00,Strada Urbana,VIA DELLA STORTA,da specificare,,,,a m 87 circa dal civico 169,Scontro laterale fra veicoli in marcia,Curva senza visuale libera,Una carreggiata a doppio senso,Asciutto,Asfaltata,Verticale,Sereno,Scarso,Buona,Sufficiente,2,0,0,1,12.3648,41.9661,-1,1,Autovettura privata,In marcia / fermata / arresto,Conducente,M,Rimandato,0,NON DECEDUTO,Non accertato,Inesploso,,
3901880,4,01/07/2018 23:20:00,Strada Urbana,VIA DELLA STORTA,da specificare,,,,a m 87 circa dal civico 169,Scontro laterale fra veicoli in marcia,Curva senza visuale libera,Una carreggiata a doppio senso,Asciutto,Asfaltata,Verticale,Sereno,Scarso,Buona,Sufficiente,2,0,0,1,12.3648,41.9661,-1,1,Autovettura privata,In marcia / fermata / arresto,Passeggero,F,Rimandato,0,NON DECEDUTO,Non accertato,Inesploso,,
3901880,4,01/07/2018 23:20:00,Strada Urbana,VIA DELLA STORTA,da specificare,,,,a m 87 circa dal civico 169,Scontro laterale fra veicoli in marcia,Curva senza visuale libera,Una carreggiata a doppio senso,Asciutto,Asfaltata,Verticale,Sereno,Scarso,Buona,Sufficiente,2,0,0,1,12.3648,41.9661,-1,2,Autovettura privata,In marcia / fermata / arresto,Conducente,M,Illeso,0,,Non accertato,Inesploso,,
3901909,18,03/07/2018 14:30:00,Strada Urbana,VIA DI BOCCEA,in prossimit�,,del civico n.,303,,Scontro frontale/laterale SX fra veicoli in marcia,Rettilineo,Una carreggiata a doppio senso,Asciutto,Asfaltata,Verticale ed orizzontale,Sereno,Normale,Buona,Ore Diurne,2,0,0,1,12.4141,41.9029,-1,1,Autovettura privata,In marcia / fermata / arresto,Conducente,M,Illeso,0,,Non accertato,Inesploso,,
3901909,18,03/07/2018 14:30:00,Strada Urbana,VIA DI BOCCEA,in prossimit�,,del civico n.,303,,Scontro frontale/laterale SX fra veicoli in marcia,Rettilineo,Una carreggiata a doppio senso,Asciutto,Asfaltata,Verticale ed orizzontale,Sereno,Normale,Buona,Ore Diurne,2,0,0,1,12.4141,41.9029,-1,2,Motociclo con passeggero,In marcia / fermata / arresto,Conducente,F,Rimandato,0,NON DECEDUTO,Non accertato,,,
3901909,18,03/07/2018 14:30:00,Strada Urbana,VIA DI BOCCEA,in prossimit�,,del civico n.,303,,Scontro frontale/laterale SX fra veicoli in marcia,Rettilineo,Una carreggiata a doppio senso,Asciutto,Asfaltata,Verticale ed orizzontale,Sereno,Normale,Buona,Ore Diurne,2,0,0,1,12.4141,41.9029,-1,2,Motociclo con passeggero,In marcia / fermata / arresto,Passeggero,F,Rimandato,0,NON DECEDUTO,Esente,,,
3901919,13,03/07/2018 09:30:00,Strada Urbana,VIALE DELLE REPUBBLICHE MARINARE,in corrispondenza,,del civico n.,118,,Scontro laterale fra veicoli in marcia,Rettilineo,Due carreggiate,Asciutto,Asfaltata,Verticale ed orizzontale,Sereno,Normale,Buona,Ore Diurne,0,0,0,3,12.27,41.7368,-1,1,Autovettura privata,In marcia / fermata / arresto,Conducente,F,Illeso,0,,Non accertato,Inesploso,,
3901919,13,03/07/2018 09:30:00,Strada Urbana,VIALE DELLE REPUBBLICHE MARINARE,in corrispondenza,,del civico n.,118,,Scontro laterale fra veicoli in marcia,Rettilineo,Due carreggiate,Asciutto,Asfaltata,Verticale ed orizzontale,Sereno,Normale,Buona,Ore Diurne,0,0,0,3,12.27,41.7368,-1,1,Autovettura privata,In marcia / fermata / arresto,Passeggero,F,Illeso,0,,Non accertato,Inesploso,,
3901919,13,03/07/2018 09:30:00,Strada Urbana,VIALE DELLE REPUBBLICHE MARINARE,in corrispondenza,,del civico n.,118,,Scontro laterale fra veicoli in marcia,Rettilineo,Due carreggiate,Asciutto,Asfaltata,Verticale ed orizzontale,Sereno,Normale,Buona,Ore Diurne,0,0,0,3,12.27,41.7368,-1,2,Autovettura privata,In marcia / fermata / arresto,Conducente,F,Illeso,0,,Non accertato,Inesploso,,
3901924,6,03/07/2018 12:40:00,Strada Urbana,VIALE DELL'ACQUEDOTTO ALESSANDRINO,da specificare,,,,alt. VIA ORESTE SALOMONE,Scontro frontale/laterale SX fra veicoli in marcia,Rettilineo,Una carreggiata a senso unico di marcia,Asciutto,Asfaltata,Assente,Sereno,Scarso,Buona,Ore Diurne,0,0,0,2,12.5445,41.8758,-1,1,Autovettura privata,In marcia / fermata / arresto,Conducente,M,Illeso,0,,Non accertato,Inesploso,,
3901924,6,03/07/2018 12:40:00,Strada Urbana,VIALE DELL'ACQUEDOTTO ALESSANDRINO,da specificare,,,,alt. VIA ORESTE SALOMONE,Scontro frontale/laterale SX fra veicoli in marcia,Rettilineo,Una carreggiata a senso unico di marcia,Asciutto,Asfaltata,Assente,Sereno,Scarso,Buona,Ore Diurne,0,0,0,2,12.5445,41.8758,-1,2,Autovettura privata,In marcia / fermata / arresto,Conducente,M,Illeso,0,,Non accertato,Inesploso,,
3901932,13,02/07/2018 15:00:00,Strada Urbana,VIA DI ACILIA,all'intersezione con,PIAZZA S. LEONARDO DA PORTO MAURIZIO,PIAZZA S. LEONARDO DA PORTO MAURIZIO,,,Scontro frontale/laterale DX fra veicoli in marcia,Incrocio,Una carreggiata a doppio senso,Asciutto,Asfaltata,Verticale ed orizzontale,Sereno,Normale,Buona,Ore Diurne,1,0,0,3,12.3714,41.7737,-1,1,Autovettura privata,In marcia / fermata / arresto,Conducente,M,Illeso,0,,Non accertato,Inesploso,,
3901932,13,02/07/2018 15:00:00,Strada Urbana,VIA DI ACILIA,all'intersezione con,PIAZZA S. LEONARDO DA PORTO MAURIZIO,PIAZZA S. LEONARDO DA PORTO MAURIZIO,,,Scontro frontale/laterale DX fra veicoli in marcia,Incrocio,Una carreggiata a doppio senso,Asciutto,Asfaltata,Verticale ed orizzontale,Sereno,Normale,Buona,Ore Diurne,1,0,0,3,12.3714,41.7737,-1,1,Autovettura privata,In marcia / fermata / arresto,Passeggero,M,Illeso,0,,Non accertato,Inesploso,,
3901932,13,02/07/2018 15:00:00,Strada Urbana,VIA DI ACILIA,all'intersezione con,PIAZZA S. LEONARDO DA PORTO MAURIZIO,PIAZZA S. LEONARDO DA PORTO MAURIZIO,,,Scontro frontale/laterale DX fra veicoli in marcia,Incrocio,Una carreggiata a doppio senso,Asciutto,Asfaltata,Verticale ed orizzontale,Sereno,Normale,Buona,Ore Diurne,1,0,0,3,12.3714,41.7737,-1,2,Autobus di linea,In marcia / fermata / arresto,Conducente,M,Illeso,0,,Esente,Inesploso,,
3901932,13,02/07/2018 15:00:00,Strada Urbana,VIA DI ACILIA,all'intersezione con,PIAZZA S. LEONARDO DA PORTO MAURIZIO,PIAZZA S. LEONARDO DA PORTO MAURIZIO,,,Scontro frontale/laterale DX fra veicoli in marcia,Incrocio,Una carreggiata a doppio senso,Asciutto,Asfaltata,Verticale ed orizzontale,Sereno,Normale,Buona,Ore Diurne,1,0,0,3,12.3714,41.7737,-1,2,Autobus di linea,In marcia / fermata / arresto,Passeggero,F,Rimandato,0,NON DECEDUTO,Esente,Inesistente,,
3902059,7,03/07/2018 16:30:00,Strada Urbana,VIA PRENESTINA,all'intersezione con,VIA ENRICO PRAMPOLINI,VIA ENRICO PRAMPOLINI,,,Scontro laterale fra veicoli in marcia,Incrocio,Due carreggiate,Asciutto,Asfaltata,Orizzontale,Sereno,Normale,Buona,Ore Diurne,0,0,0,2,12.5687,41.8952,-1,1,Autovettura privata,In marcia / fermata / arresto,Conducente,M,Illeso,0,,Non accertato,Inesploso,,
3902059,7,03/07/2018 16:30:00,Strada Urbana,VIA PRENESTINA,all'intersezione con,VIA ENRICO PRAMPOLINI,VIA ENRICO PRAMPOLINI,,,Scontro laterale fra veicoli in marcia,Incrocio,Due carreggiate,Asciutto,Asfaltata,Orizzontale,Sereno,Normale,Buona,Ore Diurne,0,0,0,2,12.5687,41.8952,-1,2,Autovettura privata,In marcia / fermata / arresto,Conducente,M,Illeso,0,,Non accertato,Inesploso,,
3902187,7,03/07/2018 16:30:00,Strada Urbana,VIA MOLFETTA,all'intersezione con,VIA MANFREDONIA,VIA MANFREDONIA,,,Scontro frontale/laterale SX fra veicoli in marcia,Incrocio,Una carreggiata a doppio senso,Asciutto,Asfaltata,Verticale ed orizzontale,Sereno,Intenso,Buona,Ore Diurne,1,0,0,3,12.5765,41.89,-1,1,Autocarro superiore 35 q.,In marcia / fermata / arresto,Conducente,M,Illeso,0,,Non accertato,Inesistente,,
3902187,7,03/07/2018 16:30:00,Strada Urbana,VIA MOLFETTA,all'intersezione con,VIA MANFREDONIA,VIA MANFREDONIA,,,Scontro frontale/laterale SX fra veicoli in marcia,Incrocio,Una carreggiata a doppio senso,Asciutto,Asfaltata,Verticale ed orizzontale,Sereno,Intenso,Buona,Ore Diurne,1,0,0,3,12.5765,41.89,-1,2,Autovettura privata,In marcia / fermata / arresto,Conducente,M,Illeso,0,,,,,
3902187,7,03/07/2018 16:30:00,Strada Urbana,VIA MOLFETTA,all'intersezione con,VIA MANFREDONIA,VIA MANFREDONIA,,,Scontro frontale/laterale SX fra veicoli in marcia,Incrocio,Una carreggiata a doppio senso,Asciutto,Asfaltata,Verticale ed orizzontale,Sereno,Intenso,Buona,Ore Diurne,1,0,0,3,12.5765,41.89,-1,2,Autovettura privata,In marcia / fermata / arresto,Passeggero,M,Rimandato,0,NON DECEDUTO,Non accertato,Inesploso,,
3902187,7,03/07/2018 16:30:00,Strada Urbana,VIA MOLFETTA,all'intersezione con,VIA MANFREDONIA,VIA MANFREDONIA,,,Scontro frontale/laterale SX fra veicoli in marcia,Incrocio,Una carreggiata a doppio senso,Asciutto,Asfaltata,Verticale ed orizzontale,Sereno,Intenso,Buona,Ore Diurne,1,0,0,3,12.5765,41.89,-1,2,Autovettura privata,In marcia / fermata / arresto,Passeggero,F,Illeso,0,,Non accertato,Inesploso,,
3902200,10,03/07/2018 16:45:00,Statale entro l'abitato,VIA APPIA NUOVA,da specificare,,,,carr. dir. GRA 10 m dopo il palo Acea 438,Veicolo in marcia contro ostacolo accidentale,Rettilineo,Una carreggiata a senso unico di marcia,Asciutto,Asfaltata,Orizzontale,Sereno,Intenso,Buona,Ore Diurne,0,0,0,1,12.5658,41.8214,-1,1,Motociclo a solo,In marcia / fermata / arresto,Conducente,M,Illeso,0,,Non accertato,,,
3902307,6,03/07/2018 17:10:00,Strada Urbana,VIALE DELLA SERENISSIMA,all'intersezione semaforizzata con,VIALE DELLA VENEZIA GIULIA,VIALE DELLA VENEZIA GIULIA,,,Investimento di pedone,Intersezione semaforizzata,Una carreggiata a doppio senso,Asciutto,Asfaltata,Verticale ed orizzontale,Sereno,Intenso,Buona,Ore Diurne,1,0,0,1,12.5578,41.8993,-1,,,,Pedone,F,Rimandato,0,NON DECEDUTO,,,,
3902307,6,03/07/2018 17:10:00,Strada Urbana,VIALE DELLA SERENISSIMA,all'intersezione semaforizzata con,VIALE DELLA VENEZIA GIULIA,VIALE DELLA VENEZIA GIULIA,,,Investimento di pedone,Intersezione semaforizzata,Una carreggiata a doppio senso,Asciutto,Asfaltata,Verticale ed orizzontale,Sereno,Intenso,Buona,Ore Diurne,1,0,0,1,12.5578,41.8993,-1,1,Autovettura privata,In marcia / fermata / arresto,Conducente,F,Illeso,0,,Non accertato,Inesploso,,
3902340,18,03/07/2018 18:40:00,Statale entro l'abitato,VIA AURELIA,in prossimit�,,del civico n.,674,,Tamponamento,Rettilineo,Una carreggiata a doppio senso,Asciutto,Asfaltata,Verticale ed orizzontale,Sereno,Normale,Buona,Ore Diurne,0,0,0,3,12.4155,41.8938,-1,1,Autovettura privata,In marcia / fermata / arresto,Conducente,F,Illeso,0,,Non accertato,Inesploso,,
3902340,18,03/07/2018 18:40:00,Statale entro l'abitato,VIA AURELIA,in prossimit�,,del civico n.,674,,Tamponamento,Rettilineo,Una carreggiata a doppio senso,Asciutto,Asfaltata,Verticale ed orizzontale,Sereno,Normale,Buona,Ore Diurne,0,0,0,3,12.4155,41.8938,-1,1,Autovettura privata,In marcia / fermata / arresto,Passeggero,M,Illeso,0,,Non accertato,Inesploso,,
3902340,18,03/07/2018 18:40:00,Statale entro l'abitato,VIA AURELIA,in prossimit�,,del civico n.,674,,Tamponamento,Rettilineo,Una carreggiata a doppio senso,Asciutto,Asfaltata,Verticale ed orizzontale,Sereno,Normale,Buona,Ore Diurne,0,0,0,3,12.4155,41.8938,-1,2,Autovettura privata,In marcia / fermata / arresto,Conducente,M,Illeso,0,,Non accertato,Inesploso,,
3902363,16,03/07/2018 07:30:00,Strada Urbana,VIA LEONE XIII,all'intersezione con,VIA DELLA NOCETTA,VIA DELLA NOCETTA,,,Scontro laterale fra veicoli in marcia,Incrocio,Due carreggiate,Asciutto,Asfaltata,Verticale ed orizzontale,Nuvoloso,Normale,Buona,Ore Diurne,0,0,0,3,12.4404,41.8869,-1,1,Autovettura privata,In marcia / fermata / arresto,Conducente,M,Illeso,0,,Non accertato,Inesploso,,
3902363,16,03/07/2018 07:30:00,Strada Urbana,VIA LEONE XIII,all'intersezione con,VIA DELLA NOCETTA,VIA DELLA NOCETTA,,,Scontro laterale fra veicoli in marcia,Incrocio,Due carreggiate,Asciutto,Asfaltata,Verticale ed orizzontale,Nuvoloso,Normale,Buona,Ore Diurne,0,0,0,3,12.4404,41.8869,-1,2,Motociclo con passeggero,In marcia / fermata / arresto,Conducente,M,Illeso,0,,Non accertato,,,
3902363,16,03/07/2018 07:30:00,Strada Urbana,VIA LEONE XIII,all'intersezione con,VIA DELLA NOCETTA,VIA DELLA NOCETTA,,,Scontro laterale fra veicoli in marcia,Incrocio,Due carreggiate,Asciutto,Asfaltata,Verticale ed orizzontale,Nuvoloso,Normale,Buona,Ore Diurne,0,0,0,3,12.4404,41.8869,-1,3,Autovettura privata,In marcia / fermata / arresto,Conducente,M,Illeso,0,,Non accertato,Inesploso,,
3902372,16,03/07/2018 07:30:00,Strada Urbana,VIA SILVESTRI,all'intersezione con,PIAZZA BIAGIO PACE,PIAZZA BIAGIO PACE,,,Scontro frontale fra veicoli in marcia,Intersezione stradale segnalata,Una carreggiata a doppio senso,Asciutto,Asfaltata,Verticale ed orizzontale,Sereno,Normale,Buona,Ore Diurne,1,0,0,2,12.4327,41.8779,-1,1,Autovettura privata,In marcia / fermata / arresto,Conducente,F,Illeso,0,,Non accertato,Inesploso,,
3902372,16,03/07/2018 07:30:00,Strada Urbana,VIA SILVESTRI,all'intersezione con,PIAZZA BIAGIO PACE,PIAZZA BIAGIO PACE,,,Scontro frontale fra veicoli in marcia,Intersezione stradale segnalata,Una carreggiata a doppio senso,Asciutto,Asfaltata,Verticale ed orizzontale,Sereno,Normale,Buona,Ore Diurne,1,0,0,2,12.4327,41.8779,-1,1,Autovettura privata,In marcia / fermata / arresto,Passeggero,M,Illeso,0,,Non accertato,Esploso,,
3902372,16,03/07/2018 07:30:00,Strada Urbana,VIA SILVESTRI,all'intersezione con,PIAZZA BIAGIO PACE,PIAZZA BIAGIO PACE,,,Scontro frontale fra veicoli in marcia,Intersezione stradale segnalata,Una carreggiata a doppio senso,Asciutto,Asfaltata,Verticale ed orizzontale,Sereno,Normale,Buona,Ore Diurne,1,0,0,2,12.4327,41.8779,-1,2,Motociclo a solo,In marcia / fermata / arresto,Conducente,F,Rifiuta cure immediate,0,NON DECEDUTO,Non accertato,,,
3902640,9,03/07/2018 11:00:00,,VIA LATINA,all'intersezione con,VIA DINO COMPAGNI,VIA DINO COMPAGNI,,,Scontro frontale/laterale SX fra veicoli in marcia,,,,,,,,,,0,0,0,2,,,0,1,Autovettura privata,In marcia / fermata / arresto,Conducente,M,Illeso,0,,,,,
3902640,9,03/07/2018 11:00:00,,VIA LATINA,all'intersezione con,VIA DINO COMPAGNI,VIA DINO COMPAGNI,,,Scontro frontale/laterale SX fra veicoli in marcia,,,,,,,,,,0,0,0,2,,,0,2,Autovettura privata,In marcia / fermata / arresto,Conducente,M,Illeso,0,,,,,
3902643,11,03/07/2018 13:10:00,Strada Urbana,VIA ATTILIO AMBROSINI,all'intersezione semaforizzata con,VIA ARISTIDE LEONORI,VIA ARISTIDE LEONORI,,,Investimento di pedone,Intersezione semaforizzata,Due carreggiate,Asciutto,Asfaltata,Verticale ed orizzontale,Sereno,Normale,Buona,Ore Diurne,1,0,0,1,12.4892,41.8484,-1,,,,Pedone,F,Rimandato,0,NON DECEDUTO,,,,
3902643,11,03/07/2018 13:10:00,Strada Urbana,VIA ATTILIO AMBROSINI,all'intersezione semaforizzata con,VIA ARISTIDE LEONORI,VIA ARISTIDE LEONORI,,,Investimento di pedone,Intersezione semaforizzata,Due carreggiate,Asciutto,Asfaltata,Verticale ed orizzontale,Sereno,Normale,Buona,Ore Diurne,1,0,0,1,12.4892,41.8484,-1,1,Autovettura privata,In marcia / fermata / arresto,Conducente,F,Illeso,0,,Non accertato,Inesploso,,
3902669,8,03/07/2018 12:00:00,Strada Urbana,VIA LARINO,in corrispondenza,,del civico n.,8,,Veicolo in marcia contro ostacolo fisso,Rettilineo,Una carreggiata a doppio senso,Asciutto,Asfaltata,Assente,Nuvoloso,Scarso,Buona,Ore Diurne,0,0,0,1,12.6798,41.9097,-1,1,Autovettura privata,In marcia / fermata / arresto,Conducente,M,Illeso,0,,Non accertato,Inesploso,,
3902671,6,03/07/2018 20:35:00,Strada Urbana,VIALE PARTENOPE,in prossimit�,,del civico n.,101,,Tamponamento,Rettilineo,Due carreggiate,Asciutto,Asfaltata,Assente,Sereno,Scarso,Buona,Sufficiente,0,0,0,2,12.5514,41.8905,-1,1,Autovettura privata,In marcia / fermata / arresto,Conducente,F,Illeso,0,,,,,
3902671,6,03/07/2018 20:35:00,Strada Urbana,VIALE PARTENOPE,in prossimit�,,del civico n.,101,,Tamponamento,Rettilineo,Due carreggiate,Asciutto,Asfaltata,Assente,Sereno,Scarso,Buona,Sufficiente,0,0,0,2,12.5514,41.8905,-1,2,Autovettura privata,In marcia / fermata / arresto,Conducente,M,Illeso,0,,,,,
3902673,8,03/07/2018 08:30:00,Strada Urbana,VIALE S. RITA DA CASCIA,in prossimit�,,del civico n.,80,,Veicolo in marcia contro veicolo in sosta,Rettilineo,Una carreggiata a doppio senso,Asciutto,Asfaltata,Orizzontale,Sereno,Normale,Buona,Ore Diurne,1,0,0,0,12.6427,41.8706,-1,1,Autovettura privata,In marcia / fermata / arresto,Conducente,F,Rimandato,0,NON DECEDUTO,Non accertato,Inesploso,,
3902679,8,03/07/2018 17:30:00,Strada Urbana,VIA SAN BIAGIO PLATANI,all'intersezione con,VIA POLLINA,VIA POLLINA,,,Scontro frontale/laterale DX fra veicoli in marcia,Intersezione stradale segnalata,Una carreggiata a doppio senso,Asciutto,Asfaltata,Verticale ed orizzontale,Sereno,Scarso,Buona,Ore Diurne,1,0,0,2,12.6448,41.8746,-1,1,Autovettura privata,In marcia / fermata / arresto,Conducente,M,Illeso,0,,Non accertato,Inesploso,,
3902679,8,03/07/2018 17:30:00,Strada Urbana,VIA SAN BIAGIO PLATANI,all'intersezione con,VIA POLLINA,VIA POLLINA,,,Scontro frontale/laterale DX fra veicoli in marcia,Intersezione stradale segnalata,Una carreggiata a doppio senso,Asciutto,Asfaltata,Verticale ed orizzontale,Sereno,Scarso,Buona,Ore Diurne,1,0,0,2,12.6448,41.8746,-1,2,Autovettura privata,In marcia / fermata / arresto,Conducente,M,Illeso,0,,Non accertato,Inesploso,,
3902679,8,03/07/2018 17:30:00,Strada Urbana,VIA SAN BIAGIO PLATANI,all'intersezione con,VIA POLLINA,VIA POLLINA,,,Scontro frontale/laterale DX fra veicoli in marcia,Intersezione stradale segnalata,Una carreggiata a doppio senso,Asciutto,Asfaltata,Verticale ed orizzontale,Sereno,Scarso,Buona,Ore Diurne,1,0,0,2,12.6448,41.8746,-1,2,Autovettura privata,In marcia / fermata / arresto,Passeggero,M,Rimandato,0,NON DECEDUTO,Non accertato,Inesploso,,
3902681,8,03/07/2018 18:20:00,Strada Urbana,VIA RAOUL FOLLEREAU,all'intersezione con,VIA ALBERTO LUTHULI,VIA ALBERTO LUTHULI,,,Scontro frontale/laterale SX fra veicoli in marcia,Incrocio,Una carreggiata a doppio senso,Asciutto,Asfaltata,Verticale ed orizzontale,Sereno,Normale,Buona,Ore Diurne,2,0,0,1,12.6756,41.8949,-1,1,Autovettura privata,In marcia / fermata / arresto,Conducente,F,Ricoverato,0,NON DECEDUTO,,,,