Protocollo,Gruppo,DataOraIncidente,Localizzazione1,STRADA1,Localizzazione2,STRADA2,Strada02,Chilometrica,DaSpecificare,NaturaIncidente,particolaritastrade,TipoStrada,FondoStradale,Pavimentazione,Segnaletica,CondizioneAtmosferica,Traffico,Visibilita,Illuminazione,NUM_FERITI,NUM_RISERVATA,NUM_MORTI,NUM_ILLESI,Longitudine,Latitudine,Confermato,Progressivo,TipoVeicolo,StatoVeicolo,TipoPersona,Sesso,Tipolesione,Deceduto,DecedutoDopo,CinturaCascoUtilizzato,Airbag,,
3902681,8,03/07/2018 18:20:00,Strada Urbana,VIA RAOUL FOLLEREAU,all'intersezione con,VIA ALBERTO LUTHULI,VIA ALBERTO LUTHULI,,,Scontro frontale/laterale SX fra veicoli in marcia,Incrocio,Una carreggiata a doppio senso,Asciutto,Asfaltata,Verticale ed orizzontale,Sereno,Normale,Buona,Ore Diurne,2,0,0,1,12.6756,41.8949,-1,2,Autovettura privata,In marcia / fermata / arresto,Conducente,M,Ricoverato,0,NON DECEDUTO,Non accertato,Inesploso,,
3902681,8,03/07/2018 18:20:00,Strada Urbana,VIA RAOUL FOLLEREAU,all'intersezione con,VIA ALBERTO LUTHULI,VIA ALBERTO LUTHULI,,,Scontro frontale/laterale SX fra veicoli in marcia,Incrocio,Una carreggiata a doppio senso,Asciutto,Asfaltata,Verticale ed orizzontale,Sereno,Normale,Buona,Ore Diurne,2,0,0,1,12.6756,41.8949,-1,2,Autovettura privata,In marcia / fermata / arresto,Passeggero,M,Illeso,0,,,,,
3902683,11,03/07/2018 20:30:00,Strada Urbana,LUNGOTEVERE DI S. PAOLO,da specificare,,,,fr.palo Acea 38,Tamponamento Multiplo,Curva a visuale libera,Due carreggiate,Asciutto,Asfaltata,Verticale ed orizzontale,Sereno,Scarso,Buona,Ore Diurne,0,0,0,4,12.4751,41.8602,-1,1,Autovettura privata,In marcia / fermata / arresto,Conducente,M,Illeso,0,,Non accertato,,,
3902683,11,03/07/2018 20:30:00,Strada Urbana,LUNGOTEVERE DI S. PAOLO,da specificare,,,,fr.palo Acea 38,Tamponamento Multiplo,Curva a visuale libera,Due carreggiate,Asciutto,Asfaltata,Verticale ed orizzontale,Sereno,Scarso,Buona,Ore Diurne,0,0,0,4,12.4751,41.8602,-1,1,Autovettura privata,In marcia / fermata / arresto,Passeggero,F,Illeso,0,,Non accertato,,,
3902683,11,03/07/2018 20:30:00,Strada Urbana,LUNGOTEVERE DI S. PAOLO,da specificare,,,,fr.palo Acea 38,Tamponamento Multiplo,Curva a visuale libera,Due carreggiate,Asciutto,Asfaltata,Verticale ed orizzontale,Sereno,Scarso,Buona,Ore Diurne,0,0,0,4,12.4751,41.8602,-1,2,Autovettura privata,In marcia / fermata / arresto,Conducente,M,Illeso,0,,Non accertato,,,
3902683,11,03/07/2018 20:30:00,Strada Urbana,LUNGOTEVERE DI S. PAOLO,da specificare,,,,fr.palo Acea 38,Tamponamento Multiplo,Curva a visuale libera,Due carreggiate,Asciutto,Asfaltata,Verticale ed orizzontale,Sereno,Scarso,Buona,Ore Diurne,0,0,0,4,12.4751,41.8602,-1,3,Autovettura privata,In marcia / fermata / arresto,Conducente,M,Illeso,0,,Non accertato,,,
3902686,8,03/07/2018 12:05:00,Statale entro l'abitato,VIA CASILINA,all'intersezione con,VIA DI VERMICINO,VIA DI VERMICINO,,,Scontro laterale fra veicoli in marcia,Intersezione semaforizzata,Una carreggiata a doppio senso,Asciutto,Asfaltata,Verticale ed orizzontale,Sereno,Normale,Buona,Ore Diurne,0,0,0,1,12.6271,41.8632,-1,1,Autobus di linea,In marcia / fermata / arresto,Conducente,M,Illeso,0,,,,,
3902692,18,03/07/2018 12:15:00,Strada Urbana,VIA GREGORIO VII,in corrispondenza,,del civico n.,407,,Veicolo in marcia contro veicolo arresto,Rettilineo,Pi� di due carreggiate,Asciutto,Asfaltata,Verticale ed orizzontale,Sereno,Normale,Buona,Ore Diurne,0,0,0,3,12.4391,41.8951,-1,1,Autovettura privata,In marcia / fermata / arresto,Conducente,M,Illeso,0,,Non accertato,Inesploso,,
3902692,18,03/07/2018 12:15:00,Strada Urbana,VIA GREGORIO VII,in corrispondenza,,del civico n.,407,,Veicolo in marcia contro veicolo arresto,Rettilineo,Pi� di due carreggiate,Asciutto,Asfaltata,Verticale ed orizzontale,Sereno,Normale,Buona,Ore Diurne,0,0,0,3,12.4391,41.8951,-1,2,Motociclo a solo,In marcia / fermata / arresto,Conducente,M,Illeso,0,,Non accertato,,,
3902692,18,03/07/2018 12:15:00,Strada Urbana,VIA GREGORIO VII,in corrispondenza,,del civico n.,407,,Veicolo in marcia contro veicolo arresto,Rettilineo,Pi� di due carreggiate,Asciutto,Asfaltata,Verticale ed orizzontale,Sereno,Normale,Buona,Ore Diurne,0,0,0,3,12.4391,41.8951,-1,3,Autovettura privata,In marcia / fermata / arresto,Conducente,M,Illeso,0,,Non accertato,Inesploso,,
3902694,8,03/07/2018 19:50:00,Provinciale,VIA PRENESTINA,da specificare,,,,in prossimit� del civ. 1112,Scontro frontale/laterale SX fra veicoli in marcia,Rettilineo,Una carreggiata a doppio senso,Asciutto,Asfaltata,Assente,Sereno,Normale,Buona,Ore Diurne,1,0,0,1,12.6165,41.8932,-1,1,Autovettura privata,In marcia / fermata / arresto,Conducente,M,Illeso,0,,Non accertato,,,
3902694,8,03/07/2018 19:50:00,Provinciale,VIA PRENESTINA,da specificare,,,,in prossimit� del civ. 1112,Scontro frontale/laterale SX fra veicoli in marcia,Rettilineo,Una carreggiata a doppio senso,Asciutto,Asfaltata,Assente,Sereno,Normale,Buona,Ore Diurne,1,0,0,1,12.6165,41.8932,-1,2,Motociclo con passeggero,In marcia / fermata / arresto,Conducente,M,Rimandato,0,NON DECEDUTO,,,,
3902696,6,04/07/2018,Strada Urbana,VIA PIETRO CROSTAROSA,in prossimit�,,del civico n.,69,,Veicolo in marcia contro veicolo in sosta,Rettilineo,Una carreggiata a doppio senso,Asciutto,Asfaltata,Assente,Sereno,Scarso,Buona,Sufficiente,0,0,0,1,12.5914,41.8294,-1,2,Autoarticolato,In marcia / fermata / arresto,Conducente,M,Illeso,0,,,,,
3902697,17,03/07/2018 14:51:00,Strada Urbana,VIA DEGLI SCIPIONI,in corrispondenza,,del civico n.,56,,Scontro laterale fra veicoli in marcia,Rettilineo,Una carreggiata a senso unico di marcia,Asciutto,In cubetti di porfido,Verticale ed orizzontale,Sereno,Scarso,Buona,Ore Diurne,0,0,0,3,12.4574,41.9083,-1,1,Motociclo con passeggero,In marcia / fermata / arresto,Conducente,M,Illeso,0,,,,,
3902697,17,03/07/2018 14:51:00,Strada Urbana,VIA DEGLI SCIPIONI,in corrispondenza,,del civico n.,56,,Scontro laterale fra veicoli in marcia,Rettilineo,Una carreggiata a senso unico di marcia,Asciutto,In cubetti di porfido,Verticale ed orizzontale,Sereno,Scarso,Buona,Ore Diurne,0,0,0,3,12.4574,41.9083,-1,2,Autovettura privata,In marcia / fermata / arresto,Conducente,M,Illeso,0,,,,,
3902697,17,03/07/2018 14:51:00,Strada Urbana,VIA DEGLI SCIPIONI,in corrispondenza,,del civico n.,56,,Scontro laterale fra veicoli in marcia,Rettilineo,Una carreggiata a senso unico di marcia,Asciutto,In cubetti di porfido,Verticale ed orizzontale,Sereno,Scarso,Buona,Ore Diurne,0,0,0,3,12.4574,41.9083,-1,2,Autovettura privata,In marcia / fermata / arresto,Passeggero,F,Illeso,0,,,,,
3902702,7,03/07/2018 08:30:00,Strada Urbana,VIA DI TOR TRE TESTE,da specificare,,,,circa 16 metri prima del civico 245/a,Veicolo in marcia contro ostacolo accidentale,Rettilineo,Due carreggiate,Asciutto,Con buche,Assente,Sereno,Normale,Buona,Ore Diurne,0,0,0,1,12.5917,41.8811,-1,1,Motociclo a solo,In marcia / fermata / arresto,Conducente,M,Illeso,0,,Non accertato,,,
3902704,15,03/07/2018 17:00:00,Strada Urbana,VIA DELLA MAGLIANA NUOVA,all'intersezione con,VIA DEI GROTTONI,VIA DEI GROTTONI,,,Scontro frontale/laterale DX fra veicoli in marcia,Incrocio,Una carreggiata a senso unico di marcia,Asciutto,Asfaltata,Verticale ed orizzontale,Sereno,Normale,Buona,Ore Diurne,2,0,0,2,12.4566,41.8491,-1,1,Autovettura privata,In marcia / fermata / arresto,Conducente,F,Illeso,0,,Non accertato,Inesploso,,
3902704,15,03/07/2018 17:00:00,Strada Urbana,VIA DELLA MAGLIANA NUOVA,all'intersezione con,VIA DEI GROTTONI,VIA DEI GROTTONI,,,Scontro frontale/laterale DX fra veicoli in marcia,Incrocio,Una carreggiata a senso unico di marcia,Asciutto,Asfaltata,Verticale ed orizzontale,Sereno,Normale,Buona,Ore Diurne,2,0,0,2,12.4566,41.8491,-1,1,Autovettura privata,In marcia / fermata / arresto,Passeggero,F,Rimandato,0,NON DECEDUTO,Non accertato,Inesploso,,
3902704,15,03/07/2018 17:00:00,Strada Urbana,VIA DELLA MAGLIANA NUOVA,all'intersezione con,VIA DEI GROTTONI,VIA DEI GROTTONI,,,Scontro frontale/laterale DX fra veicoli in marcia,Incrocio,Una carreggiata a senso unico di marcia,Asciutto,Asfaltata,Verticale ed orizzontale,Sereno,Normale,Buona,Ore Diurne,2,0,0,2,12.4566,41.8491,-1,2,Autovettura privata,In marcia / fermata / arresto,Conducente,F,Illeso,0,,Non accertato,Inesploso,,
3902704,15,03/07/2018 17:00:00,Strada Urbana,VIA DELLA MAGLIANA NUOVA,all'intersezione con,VIA DEI GROTTONI,VIA DEI GROTTONI,,,Scontro frontale/laterale DX fra veicoli in marcia,Incrocio,Una carreggiata a senso unico di marcia,Asciutto,Asfaltata,Verticale ed orizzontale,Sereno,Normale,Buona,Ore Diurne,2,0,0,2,12.4566,41.8491,-1,2,Autovettura privata,In marcia / fermata / arresto,Passeggero,F,Rimandato,0,NON DECEDUTO,Non accertato,Inesploso,,
3902708,13,03/07/2018 12:05:00,Strada Urbana,VIA DI PRATO CORNELIO,da specificare,,,,ALTEZZA VIA G. PELLIZZA,Scontro frontale/laterale DX fra veicoli in marcia,Rettilineo,Una carreggiata a doppio senso,Asciutto,Asfaltata,Assente,Nuvoloso,Normale,Buona,Ore Diurne,1,0,0,0,12.3626,41.7738,-1,1,Velocipede,In marcia / fermata / arresto,Conducente,M,Rimandato,0,NON DECEDUTO,Esente,,,
3902715,13,03/07/2018 17:15:00,Strada Urbana,LARGO DEL CAPELVENERE,da specificare,,,,pross. Via Monti di San Paolo,Veicolo in marcia contro veicolo in sosta,Rettilineo,Una carreggiata a senso unico di marcia,Asciutto,Asfaltata,Verticale,Sereno,Intenso,Buona,Ore Diurne,0,0,0,1,12.3604,41.7845,-1,1,Autovettura privata,In marcia / fermata / arresto,Conducente,M,Illeso,0,,Non accertato,Esploso,,
3902721,10,04/07/2018 06:40:00,Strada Urbana,VIALE DEI CONSOLI,all'intersezione con,PIAZZA DEI CONSOLI,PIAZZA DEI CONSOLI,,,Scontro frontale/laterale DX fra veicoli in marcia,Incrocio,Due carreggiate,Asciutto,Asfaltata,Orizzontale,Sereno,Intenso,Buona,Ore Diurne,0,0,0,3,12.5561,41.8625,-1,1,Autovettura privata,In marcia / fermata / arresto,Conducente,F,Illeso,0,,Non accertato,Inesploso,,
3902721,10,04/07/2018 06:40:00,Strada Urbana,VIALE DEI CONSOLI,all'intersezione con,PIAZZA DEI CONSOLI,PIAZZA DEI CONSOLI,,,Scontro frontale/laterale DX fra veicoli in marcia,Incrocio,Due carreggiate,Asciutto,Asfaltata,Orizzontale,Sereno,Intenso,Buona,Ore Diurne,0,0,0,3,12.5561,41.8625,-1,2,Autovettura privata,In marcia / fermata / arresto,Conducente,M,Illeso,0,,Non accertato,Inesploso,,
3902721,10,04/07/2018 06:40:00,Strada Urbana,VIALE DEI CONSOLI,all'intersezione con,PIAZZA DEI CONSOLI,PIAZZA DEI CONSOLI,,,Scontro frontale/laterale DX fra veicoli in marcia,Incrocio,Due carreggiate,Asciutto,Asfaltata,Orizzontale,Sereno,Intenso,Buona,Ore Diurne,0,0,0,3,12.5561,41.8625,-1,2,Autovettura privata,In marcia / fermata / arresto,Passeggero,M,Illeso,0,,Non accertato,Inesploso,,
3902737,20,03/07/2018 17:15:00,Regionale entro l'abitato,VIA CASSIA,all'intersezione con,VIA VILFREDO PARETO,VIA VILFREDO PARETO,,,Scontro laterale fra veicoli in marcia,Incrocio,Una carreggiata a doppio senso,Asciutto,Asfaltata,Verticale ed orizzontale,Sereno,Normale,Buona,Ore Diurne,1,0,0,1,12.4618,41.9498,-1,1,Autovettura privata,In marcia / fermata / arresto,Conducente,F,Illeso,0,,Non accertato,Inesploso,,
3902737,20,03/07/2018 17:15:00,Regionale entro l'abitato,VIA CASSIA,all'intersezione con,VIA VILFREDO PARETO,VIA VILFREDO PARETO,,,Scontro laterale fra veicoli in marcia,Incrocio,Una carreggiata a doppio senso,Asciutto,Asfaltata,Verticale ed orizzontale,Sereno,Normale,Buona,Ore Diurne,1,0,0,1,12.4618,41.9498,-1,2,Quadriciclo leggero,In marcia / fermata / arresto,Conducente,M,Rimandato,0,NON DECEDUTO,Non accertato,Inesistente,,
3902738,19,04/07/2018 07:20:00,Strada Urbana,VIA MATTIA BATTISTINI,all'intersezione con,VIA CARDINALE MERCATI,VIA CARDINALE MERCATI,,,Scontro frontale/laterale DX fra veicoli in marcia,Intersezione stradale segnalata,Una carreggiata a doppio senso,Asciutto,Asfaltata,Verticale ed orizzontale,Sereno,Normale,Buona,Ore Diurne,1,0,0,3,12.4184,41.9139,-1,1,Motociclo a solo,In marcia / fermata / arresto,Conducente,M,Rimandato,0,NON DECEDUTO,Non accertato,,,
3902738,19,04/07/2018 07:20:00,Strada Urbana,VIA MATTIA BATTISTINI,all'intersezione con,VIA CARDINALE MERCATI,VIA CARDINALE MERCATI,,,Scontro frontale/laterale DX fra veicoli in marcia,Intersezione stradale segnalata,Una carreggiata a doppio senso,Asciutto,Asfaltata,Verticale ed orizzontale,Sereno,Normale,Buona,Ore Diurne,1,0,0,3,12.4184,41.9139,-1,2,Autovettura privata,In marcia / fermata / arresto,Conducente,M,Illeso,0,,Non accertato,Inesploso,,
3902738,19,04/07/2018 07:20:00,Strada Urbana,VIA MATTIA BATTISTINI,all'intersezione con,VIA CARDINALE MERCATI,VIA CARDINALE MERCATI,,,Scontro frontale/laterale DX fra veicoli in marcia,Intersezione stradale segnalata,Una carreggiata a doppio senso,Asciutto,Asfaltata,Verticale ed orizzontale,Sereno,Normale,Buona,Ore Diurne,1,0,0,3,12.4184,41.9139,-1,2,Autovettura privata,In marcia / fermata / arresto,Passeggero,F,Illeso,0,,Non accertato,Inesploso,,
3902738,19,04/07/2018 07:20:00,Strada Urbana,VIA MATTIA BATTISTINI,all'intersezione con,VIA CARDINALE MERCATI,VIA CARDINALE MERCATI,,,Scontro frontale/laterale DX fra veicoli in marcia,Intersezione stradale segnalata,Una carreggiata a doppio senso,Asciutto,Asfaltata,Verticale ed orizzontale,Sereno,Normale,Buona,Ore Diurne,1,0,0,3,12.4184,41.9139,-1,2,Autovettura privata,In marcia / fermata / arresto,Passeggero,F,Illeso,0,,Non accertato,Inesistente,,
3902740,20,03/07/2018 11:40:00,Strada Urbana,LARGO DI VIGNA STELLUTI,da specificare,,,,fronte civico 22,Scontro laterale fra veicoli in marcia,Rettilineo,Una carreggiata a doppio senso,Asciutto,Asfaltata,Verticale ed orizzontale,Sereno,Normale,Buona,Ore Diurne,0,0,0,2,12.466,41.9476,-1,1,Autovettura privata,In marcia / fermata / arresto,Conducente,F,Illeso,0,,,,,
3902740,20,03/07/2018 11:40:00,Strada Urbana,LARGO DI VIGNA STELLUTI,da specificare,,,,fronte civico 22,Scontro laterale fra veicoli in marcia,Rettilineo,Una carreggiata a doppio senso,Asciutto,Asfaltata,Verticale ed orizzontale,Sereno,Normale,Buona,Ore Diurne,0,0,0,2,12.466,41.9476,-1,2,Autovettura privata,In marcia / fermata / arresto,Conducente,F,Illeso,0,,,,,
3902741,7,04/07/2018 01:30:00,Strada Urbana,VIA PRENESTINA,in corrispondenza,,del civico n.,127,,Veicolo in marcia contro veicoli in sosta,Rettilineo,Due carreggiate,Asciutto,Asfaltata,Verticale ed orizzontale,Sereno,Scarso,Buona,Sufficiente,0,0,0,2,12.5336,41.8925,-1,1,Autovettura privata,In marcia / fermata / arresto,Conducente,F,Illeso,0,,,,,
3902741,7,04/07/2018 01:30:00,Strada Urbana,VIA PRENESTINA,in corrispondenza,,del civico n.,127,,Veicolo in marcia contro veicoli in sosta,Rettilineo,Due carreggiate,Asciutto,Asfaltata,Verticale ed orizzontale,Sereno,Scarso,Buona,Sufficiente,0,0,0,2,12.5336,41.8925,-1,1,Autovettura privata,In marcia / fermata / arresto,Passeggero,F,Illeso,0,,,,,
3902745,19,03/07/2018 18:30:00,Strada Urbana,VIA TRIONFALE,da specificare,,,,altezza via Giuseppe Taverna,Scontro laterale fra veicoli in marcia,Rettilineo,Una carreggiata a senso unico di marcia,Asciutto,Asfaltata,Verticale ed orizzontale,Sereno,Intenso,Buona,Ore Diurne,0,0,0,2,12.4186,41.9443,-1,1,Autovettura privata,In marcia / fermata / arresto,Conducente,M,Illeso,0,,Non accertato,Inesploso,,
3902745,19,03/07/2018 18:30:00,Strada Urbana,VIA TRIONFALE,da specificare,,,,altezza via Giuseppe Taverna,Scontro laterale fra veicoli in marcia,Rettilineo,Una carreggiata a senso unico di marcia,Asciutto,Asfaltata,Verticale ed orizzontale,Sereno,Intenso,Buona,Ore Diurne,0,0,0,2,12.4186,41.9443,-1,2,Autovettura privata,In marcia / fermata / arresto,Conducente,F,Illeso,0,,Non accertato,Inesploso,,
3902753,15,03/07/2018 12:00:00,Strada Urbana,VIA DELLA MAGLIANA NUOVA,da specificare,,,,prossimit� Via L. Rava,Veicolo in marcia contro veicolo in sosta,Rettilineo,Due carreggiate,Asciutto,Asfaltata,Verticale ed orizzontale,Sereno,Normale,Buona,Ore Diurne,0,0,0,1,12.4566,41.8491,-1,2,Autovettura privata,In marcia / fermata / arresto,Conducente,M,Illeso,0,,Non accertato,,,
3902758,20,03/07/2018 19:30:00,Strada Urbana,VIA DI VILLA SEVERINI,in corrispondenza,,del civico n.,10,,Tamponamento,Rettilineo,Due carreggiate,Asciutto,Asfaltata,Verticale ed orizzontale,Sereno,Intenso,Buona,Ore Diurne,0,0,0,3,12.4704,41.948,-1,1,Autovettura privata,In marcia / fermata / arresto,Conducente,F,Illeso,0,,Non accertato,,,
3902758,20,03/07/2018 19:30:00,Strada Urbana,VIA DI VILLA SEVERINI,in corrispondenza,,del civico n.,10,,Tamponamento,Rettilineo,Due carreggiate,Asciutto,Asfaltata,Verticale ed orizzontale,Sereno,Intenso,Buona,Ore Diurne,0,0,0,3,12.4704,41.948,-1,2,Autovettura privata,In marcia / fermata / arresto,Conducente,M,Illeso,0,,Non accertato,,,
3902758,20,03/07/2018 19:30:00,Strada Urbana,VIA DI VILLA SEVERINI,in corrispondenza,,del civico n.,10,,Tamponamento,Rettilineo,Due carreggiate,Asciutto,Asfaltata,Verticale ed orizzontale,Sereno,Intenso,Buona,Ore Diurne,0,0,0,3,12.4704,41.948,-1,2,Autovettura privata,In marcia / fermata / arresto,Passeggero,M,Illeso,0,,Non accertato,,,
3902761,20,03/07/2018 16:50:00,Strada Urbana,CORSO DI FRANCIA,in prossimit�,,del civico n.,121,,Tamponamento,Rettilineo,Due carreggiate,Asciutto,Asfaltata,Verticale,Sereno,Normale,Sufficiente,Ore Diurne,1,0,0,1,12.4706,41.9419,-1,1,Autovettura privata,In marcia / fermata / arresto,Conducente,M,Illeso,0,,Non accertato,,,
3902761,20,03/07/2018 16:50:00,Strada Urbana,CORSO DI FRANCIA,in prossimit�,,del civico n.,121,,Tamponamento,Rettilineo,Due carreggiate,Asciutto,Asfaltata,Verticale,Sereno,Normale,Sufficiente,Ore Diurne,1,0,0,1,12.4706,41.9419,-1,2,Motociclo a solo,In marcia / fermata / arresto,Conducente,M,Rimandato,0,NON DECEDUTO,Non accertato,,,
3902770,5,03/07/2018 13:30:00,Strada Urbana,NUOVA CIRCONVALLAZIONE INTERNA,da specificare,,,,dir. Salaria tra Tiburtina FS e Monti Tiburtini,Tamponamento,Galleria illuminata,Una carreggiata a senso unico di marcia,Asciutto,Asfaltata,Verticale ed orizzontale,Sereno,Normale,Buona,Ore Diurne,0,0,0,3,12.5285,41.9177,-1,1,Autovettura privata,In marcia / fermata / arresto,Conducente,F,Illeso,0,,Non accertato,Inesploso,,
3902770,5,03/07/2018 13:30:00,Strada Urbana,NUOVA CIRCONVALLAZIONE INTERNA,da specificare,,,,dir. Salaria tra Tiburtina FS e Monti Tiburtini,Tamponamento,Galleria illuminata,Una carreggiata a senso unico di marcia,Asciutto,Asfaltata,Verticale ed orizzontale,Sereno,Normale,Buona,Ore Diurne,0,0,0,3,12.5285,41.9177,-1,2,Autovettura privata,In marcia / fermata / arresto,Conducente,F,Illeso,0,,Non utilizzato,Inesploso,,
3902770,5,03/07/2018 13:30:00,Strada Urbana,NUOVA CIRCONVALLAZIONE INTERNA,da specificare,,,,dir. Salaria tra Tiburtina FS e Monti Tiburtini,Tamponamento,Galleria illuminata,Una carreggiata a senso unico di marcia,Asciutto,Asfaltata,Verticale ed orizzontale,Sereno,Normale,Buona,Ore Diurne,0,0,0,3,12.5285,41.9177,-1,2,Autovettura privata,In marcia / fermata / arresto,Passeggero,F,Illeso,0,,Utilizzato,Inesistente,,
3902779,1,01/07/2018 01:15:00,Strada Urbana,LUNGOTEVERE RAFFAELLO SANZIO,da specificare,,,,FRONTE VIA COLOMBA ANTONIETTI,Scontro laterale fra veicoli in marcia,Rettilineo,Una carreggiata a senso unico di marcia,Asciutto,Asfaltata,Verticale ed orizzontale,Sereno,Intenso,Sufficiente,Sufficiente,1,0,0,3,12.4721,41.8908,-1,,,,Pedone,M,Ricoverato,0,NON DECEDUTO,,,,
3902779,1,01/07/2018 01:15:00,Strada Urbana,LUNGOTEVERE RAFFAELLO SANZIO,da specificare,,,,FRONTE VIA COLOMBA ANTONIETTI,Scontro laterale fra veicoli in marcia,Rettilineo,Una carreggiata a senso unico di marcia,Asciutto,Asfaltata,Verticale ed orizzontale,Sereno,Intenso,Sufficiente,Sufficiente,1,0,0,3,12.4721,41.8908,-1,1,Motociclo a solo,In marcia / fermata / arresto,Conducente,F,Illeso,0,,Non accertato,,,
3902779,1,01/07/2018 01:15:00,Strada Urbana,LUNGOTEVERE RAFFAELLO SANZIO,da specificare,,,,FRONTE VIA COLOMBA ANTONIETTI,Scontro laterale fra veicoli in marcia,Rettilineo,Una carreggiata a senso unico di marcia,Asciutto,Asfaltata,Verticale ed orizzontale,Sereno,Intenso,Sufficiente,Sufficiente,1,0,0,3,12.4721,41.8908,-1,2,Autovettura privata,In marcia / fermata / arresto,Conducente,F,Illeso,0,,Non accertato,,,
3902779,1,01/07/2018 01:15:00,Strada Urbana,LUNGOTEVERE RAFFAELLO SANZIO,da specificare,,,,FRONTE VIA COLOMBA ANTONIETTI,Scontro laterale fra veicoli in marcia,Rettilineo,Una carreggiata a senso unico di marcia,Asciutto,Asfaltata,Verticale ed orizzontale,Sereno,Intenso,Sufficiente,Sufficiente,1,0,0,3,12.4721,41.8908,-1,2,Autovettura privata,In marcia / fermata / arresto,Passeggero,M,Illeso,0,,Non accertato,,,
3902780,5,03/07/2018 17:00:00,Strada Urbana,VIA POLLENZA,in prossimit�,,del civico n.,7,,Veicolo in marcia contro veicolo fermo,Rettilineo,Una carreggiata a doppio senso,Asciutto,Asfaltata,Assente,Sereno,Normale,Buona,Ore Diurne,0,0,0,3,12.5754,41.9417,-1,1,Autovettura privata,In marcia / fermata / arresto,Conducente,M,Illeso,0,,Non accertato,Inesploso,,
3902780,5,03/07/2018 17:00:00,Strada Urbana,VIA POLLENZA,in prossimit�,,del civico n.,7,,Veicolo in marcia contro veicolo fermo,Rettilineo,Una carreggiata a doppio senso,Asciutto,Asfaltata,Assente,Sereno,Normale,Buona,Ore Diurne,0,0,0,3,12.5754,41.9417,-1,1,Autovettura privata,In marcia / fermata / arresto,Passeggero,F,Illeso,0,,Non accertato,Inesploso,,
3902780,5,03/07/2018 17:00:00,Strada Urbana,VIA POLLENZA,in prossimit�,,del civico n.,7,,Veicolo in marcia contro veicolo fermo,Rettilineo,Una carreggiata a doppio senso,Asciutto,Asfaltata,Assente,Sereno,Normale,Buona,Ore Diurne,0,0,0,3,12.5754,41.9417,-1,2,Autocarro inferiore 35 q.,In marcia / fermata / arresto,Conducente,M,Illeso,0,,Non accertato,Inesploso,,
3902786,5,03/07/2018 18:00:00,Strada Urbana,VIA ALBERTO BERGAMINI,in prossimit�,,del civico n.,51,,Tamponamento,Rettilineo,Due carreggiate,Asciutto,Asfaltata,Verticale ed orizzontale,Sereno,Normale,Buona,Ore Diurne,0,0,0,2,12.5543,41.9059,-1,1,Autovettura privata,In marcia / fermata / arresto,Conducente,F,Illeso,0,,Non accertato,Inesistente,,
3902786,5,03/07/2018 18:00:00,Strada Urbana,VIA ALBERTO BERGAMINI,in prossimit�,,del civico n.,51,,Tamponamento,Rettilineo,Due carreggiate,Asciutto,Asfaltata,Verticale ed orizzontale,Sereno,Normale,Buona,Ore Diurne,0,0,0,2,12.5543,41.9059,-1,2,Autovettura privata,In marcia / fermata / arresto,Conducente,F,Illeso,0,,Non accertato,Inesistente,,
3902817,13,03/07/2018 18:10:00,Strada Urbana,VIA DEL MARE,da specificare,,,,ALT. VIA DI CASTELFUSANO,Scontro laterale fra veicoli in marcia,Rettilineo,Una carreggiata a doppio senso,Asciutto,Asfaltata,Verticale ed orizzontale,Sereno,Intenso,Buona,Ore Diurne,0,0,0,3,12.3039,41.7606,-1,1,Motociclo a solo,In marcia / fermata / arresto,Conducente,M,Illeso,0,,,,,
3902817,13,03/07/2018 18:10:00,Strada Urbana,VIA DEL MARE,da specificare,,,,ALT. VIA DI CASTELFUSANO,Scontro laterale fra veicoli in marcia,Rettilineo,Una carreggiata a doppio senso,Asciutto,Asfaltata,Verticale ed orizzontale,Sereno,Intenso,Buona,Ore Diurne,0,0,0,3,12.3039,41.7606,-1,2,Autovettura privata,In marcia / fermata / arresto,Conducente,M,Illeso,0,,,,,
3902817,13,03/07/2018 18:10:00,Strada Urbana,VIA DEL MARE,da specificare,,,,ALT. VIA DI CASTELFUSANO,Scontro laterale fra veicoli in marcia,Rettilineo,Una carreggiata a doppio senso,Asciutto,Asfaltata,Verticale ed orizzontale,Sereno,Intenso,Buona,Ore Diurne,0,0,0,3,12.3039,41.7606,-1,2,Autovettura privata,In marcia / fermata / arresto,Passeggero,M,Illeso,0,,Non accertato,,,
3902843,17,03/07/2018 19:50:00,Strada Urbana,PIAZZALE MARESCIALLO GIARDINO,all'intersezione semaforizzata con,LUNGOTEVERE MARESCIALLO CADORNA,LUNGOTEVERE MARESCIALLO CADORNA,,,Tamponamento,Intersezione semaforizzata,Pi� di due carreggiate,Bagnato (pioggia),Asfaltata,Verticale ed orizzontale,Sereno,Normale,Buona,Sufficiente,0,0,0,2,12.4586,41.924,-1,1,Autovettura privata,In marcia / fermata / arresto,Conducente,M,Illeso,0,,,,,
3902843,17,03/07/2018 19:50:00,Strada Urbana,PIAZZALE MARESCIALLO GIARDINO,all'intersezione semaforizzata con,LUNGOTEVERE MARESCIALLO CADORNA,LUNGOTEVERE MARESCIALLO CADORNA,,,Tamponamento,Intersezione semaforizzata,Pi� di due carreggiate,Bagnato (pioggia),Asfaltata,Verticale ed orizzontale,Sereno,Normale,Buona,Sufficiente,0,0,0,2,12.4586,41.924,-1,2,Autovettura privata,In marcia / fermata / arresto,Conducente,M,Illeso,0,,,,,