Protocollo,Gruppo,DataOraIncidente,Localizzazione1,STRADA1,Localizzazione2,STRADA2,Strada02,Chilometrica,DaSpecificare,NaturaIncidente,particolaritastrade,TipoStrada,FondoStradale,Pavimentazione,Segnaletica,CondizioneAtmosferica,Traffico,Visibilita,Illuminazione,NUM_FERITI,NUM_RISERVATA,NUM_MORTI,NUM_ILLESI,Longitudine,Latitudine,Confermato,Progressivo,TipoVeicolo,StatoVeicolo,TipoPersona,Sesso,Tipolesione,Deceduto,DecedutoDopo,CinturaCascoUtilizzato,Airbag,,
3902854,7,03/07/2018 21:20:00,Strada Urbana,VIA APPIA NUOVA,in prossimit�,,del civico n.,803,,Tamponamento,Rettilineo,Due carreggiate,Asciutto,Asfaltata,Verticale ed orizzontale,Sereno,Scarso,Buona,Sufficiente,0,0,0,4,12.5439,41.8543,-1,1,Autovettura privata,In marcia / fermata / arresto,Conducente,M,Illeso,0,,Non accertato,Inesploso,,
3902854,7,03/07/2018 21:20:00,Strada Urbana,VIA APPIA NUOVA,in prossimit�,,del civico n.,803,,Tamponamento,Rettilineo,Due carreggiate,Asciutto,Asfaltata,Verticale ed orizzontale,Sereno,Scarso,Buona,Sufficiente,0,0,0,4,12.5439,41.8543,-1,1,Autovettura privata,In marcia / fermata / arresto,Passeggero,F,Illeso,0,,Non accertato,Inesploso,,
3902854,7,03/07/2018 21:20:00,Strada Urbana,VIA APPIA NUOVA,in prossimit�,,del civico n.,803,,Tamponamento,Rettilineo,Due carreggiate,Asciutto,Asfaltata,Verticale ed orizzontale,Sereno,Scarso,Buona,Sufficiente,0,0,0,4,12.5439,41.8543,-1,2,Autovettura privata,In marcia / fermata / arresto,Conducente,F,Illeso,0,,Non accertato,Inesploso,,
3902854,7,03/07/2018 21:20:00,Strada Urbana,VIA APPIA NUOVA,in prossimit�,,del civico n.,803,,Tamponamento,Rettilineo,Due carreggiate,Asciutto,Asfaltata,Verticale ed orizzontale,Sereno,Scarso,Buona,Sufficiente,0,0,0,4,12.5439,41.8543,-1,2,Autovettura privata,In marcia / fermata / arresto,Passeggero,M,Illeso,0,,Non accertato,Inesploso,,
3902871,4,03/07/2018 09:00:00,Strada Urbana,VIALE ADRIATICO,in prossimit�,,del civico n.,173,,Scontro laterale fra veicoli in marcia,Rettilineo,Una carreggiata a doppio senso,Asciutto,Asfaltata,Orizzontale,Sereno,Normale,Buona,Ore Diurne,0,0,0,2,12.5372,41.9435,-1,1,Motociclo a solo,In marcia / fermata / arresto,Conducente,M,Illeso,0,,Non accertato,,,
3902871,4,03/07/2018 09:00:00,Strada Urbana,VIALE ADRIATICO,in prossimit�,,del civico n.,173,,Scontro laterale fra veicoli in marcia,Rettilineo,Una carreggiata a doppio senso,Asciutto,Asfaltata,Orizzontale,Sereno,Normale,Buona,Ore Diurne,0,0,0,2,12.5372,41.9435,-1,2,Autovettura privata,In marcia / fermata / arresto,Conducente,M,Illeso,0,,Non accertato,,,
3902878,13,03/07/2018 23:30:00,Strada Urbana,VIA DEI PESCATORI,da specificare,,,,SNC,Tamponamento,Rettilineo,Una carreggiata a doppio senso,Asciutto,Asfaltata,Verticale ed orizzontale,Sereno,Scarso,Buona,Sufficiente,3,0,0,3,12.3344,41.7522,-1,1,Autovettura privata,In marcia / fermata / arresto,Conducente,M,Illeso,0,,,,,
3902878,13,03/07/2018 23:30:00,Strada Urbana,VIA DEI PESCATORI,da specificare,,,,SNC,Tamponamento,Rettilineo,Una carreggiata a doppio senso,Asciutto,Asfaltata,Verticale ed orizzontale,Sereno,Scarso,Buona,Sufficiente,3,0,0,3,12.3344,41.7522,-1,2,Autovettura privata,In marcia / fermata / arresto,Conducente,F,Rimandato,0,NON DECEDUTO,,,,
3902878,13,03/07/2018 23:30:00,Strada Urbana,VIA DEI PESCATORI,da specificare,,,,SNC,Tamponamento,Rettilineo,Una carreggiata a doppio senso,Asciutto,Asfaltata,Verticale ed orizzontale,Sereno,Scarso,Buona,Sufficiente,3,0,0,3,12.3344,41.7522,-1,2,Autovettura privata,In marcia / fermata / arresto,Passeggero,M,Rimandato,0,NON DECEDUTO,,,,
3902878,13,03/07/2018 23:30:00,Strada Urbana,VIA DEI PESCATORI,da specificare,,,,SNC,Tamponamento,Rettilineo,Una carreggiata a doppio senso,Asciutto,Asfaltata,Verticale ed orizzontale,Sereno,Scarso,Buona,Sufficiente,3,0,0,3,12.3344,41.7522,-1,2,Autovettura privata,In marcia / fermata / arresto,Passeggero,M,Rimandato,0,NON DECEDUTO,,,,
3902878,13,03/07/2018 23:30:00,Strada Urbana,VIA DEI PESCATORI,da specificare,,,,SNC,Tamponamento,Rettilineo,Una carreggiata a doppio senso,Asciutto,Asfaltata,Verticale ed orizzontale,Sereno,Scarso,Buona,Sufficiente,3,0,0,3,12.3344,41.7522,-1,2,Autovettura privata,In marcia / fermata / arresto,Passeggero,M,Illeso,0,,,,,
3902878,13,03/07/2018 23:30:00,Strada Urbana,VIA DEI PESCATORI,da specificare,,,,SNC,Tamponamento,Rettilineo,Una carreggiata a doppio senso,Asciutto,Asfaltata,Verticale ed orizzontale,Sereno,Scarso,Buona,Sufficiente,3,0,0,3,12.3344,41.7522,-1,2,Autovettura privata,In marcia / fermata / arresto,Passeggero,F,Illeso,0,,,,,
3902896,17,03/07/2018 15:45:00,Strada Urbana,VIA VESPASIANO,in corrispondenza,,del civico n.,24,,Veicolo in marcia contro ostacolo accidentale,Rettilineo,Una carreggiata a senso unico di marcia,Asciutto,In cubetti di porfido,Verticale ed orizzontale,Sereno,Scarso,Buona,Ore Diurne,1,0,0,0,12.4566,41.9072,-1,1,Motociclo a solo,In marcia / fermata / arresto,Conducente,M,Rimandato,0,NON DECEDUTO,,,,
3902934,15,03/07/2018 17:00:00,Strada Urbana,VIA PORTUENSE,da specificare,,,,FRONTE CIV. 720/A,Veicolo in marcia contro ostacolo accidentale,Rettilineo,Una carreggiata a doppio senso,Viscido da liquidi oleosi,Asfaltata,Verticale ed orizzontale,Sereno,Normale,Buona,Ore Diurne,2,0,0,0,12.414,41.847,-1,1,Ciclomotore con passeggero,In marcia / fermata / arresto,Conducente,F,Rimandato,0,NON DECEDUTO,Utilizzato,,,
3902934,15,03/07/2018 17:00:00,Strada Urbana,VIA PORTUENSE,da specificare,,,,FRONTE CIV. 720/A,Veicolo in marcia contro ostacolo accidentale,Rettilineo,Una carreggiata a doppio senso,Viscido da liquidi oleosi,Asfaltata,Verticale ed orizzontale,Sereno,Normale,Buona,Ore Diurne,2,0,0,0,12.414,41.847,-1,1,Ciclomotore con passeggero,In marcia / fermata / arresto,Passeggero,M,Rifiuta cure immediate,0,NON DECEDUTO,Non accertato,,,
3902943,19,04/07/2018 08:55:00,Strada Urbana,VIA DELLA VALLE DEI FONTANILI,in prossimit�,,del civico n.,29,,Scontro laterale fra veicoli in marcia,Rettilineo,Una carreggiata a doppio senso,Asciutto,Asfaltata,Orizzontale,Sereno,Normale,Buona,Ore Diurne,1,0,0,1,12.4096,41.9232,-1,1,Autovettura privata,In marcia / fermata / arresto,Conducente,M,Illeso,0,,Non accertato,Inesploso,,
3902943,19,04/07/2018 08:55:00,Strada Urbana,VIA DELLA VALLE DEI FONTANILI,in prossimit�,,del civico n.,29,,Scontro laterale fra veicoli in marcia,Rettilineo,Una carreggiata a doppio senso,Asciutto,Asfaltata,Orizzontale,Sereno,Normale,Buona,Ore Diurne,1,0,0,1,12.4096,41.9232,-1,2,Motociclo a solo,In marcia / fermata / arresto,Conducente,M,Rimandato,0,NON DECEDUTO,,,,
3902944,7,04/07/2018 07:10:00,Strada Urbana,VIA DELLE BETULLE,all'intersezione con,VIA DELLE ROSE,VIA DELLE ROSE,,,Scontro frontale/laterale SX fra veicoli in marcia,Incrocio,Una carreggiata a senso unico di marcia,Asciutto,Asfaltata,Verticale ed orizzontale,Sereno,Normale,Sufficiente,Ore Diurne,1,0,0,1,12.563,41.8898,-1,1,Autovettura privata,In marcia / fermata / arresto,Conducente,F,Illeso,0,,Non accertato,Esploso,,
3902944,7,04/07/2018 07:10:00,Strada Urbana,VIA DELLE BETULLE,all'intersezione con,VIA DELLE ROSE,VIA DELLE ROSE,,,Scontro frontale/laterale SX fra veicoli in marcia,Incrocio,Una carreggiata a senso unico di marcia,Asciutto,Asfaltata,Verticale ed orizzontale,Sereno,Normale,Sufficiente,Ore Diurne,1,0,0,1,12.563,41.8898,-1,2,Autovettura privata,In marcia / fermata / arresto,Conducente,F,Rimandato,0,NON DECEDUTO,Non accertato,Inesploso,,
3902951,15,03/07/2018 20:50:00,Strada Urbana,VIA PORTUENSE,all'intersezione con,VIA ALESSANDRO BRISSE,VIA ALESSANDRO BRISSE,,,Scontro frontale/laterale DX fra veicoli in marcia,Intersezione non regolata/non segnalata,Una carreggiata a senso unico di marcia,Asciutto,Asfaltata,Verticale ed orizzontale,Sereno,Normale,Buona,Sufficiente,1,0,0,3,12.414,41.847,-1,1,Autovettura privata,In marcia / fermata / arresto,Conducente,F,Illeso,0,,Utilizzato,,,
3902951,15,03/07/2018 20:50:00,Strada Urbana,VIA PORTUENSE,all'intersezione con,VIA ALESSANDRO BRISSE,VIA ALESSANDRO BRISSE,,,Scontro frontale/laterale DX fra veicoli in marcia,Intersezione non regolata/non segnalata,Una carreggiata a senso unico di marcia,Asciutto,Asfaltata,Verticale ed orizzontale,Sereno,Normale,Buona,Sufficiente,1,0,0,3,12.414,41.847,-1,1,Autovettura privata,In marcia / fermata / arresto,Passeggero,M,Illeso,0,,Non accertato,,,
3902951,15,03/07/2018 20:50:00,Strada Urbana,VIA PORTUENSE,all'intersezione con,VIA ALESSANDRO BRISSE,VIA ALESSANDRO BRISSE,,,Scontro frontale/laterale DX fra veicoli in marcia,Intersezione non regolata/non segnalata,Una carreggiata a senso unico di marcia,Asciutto,Asfaltata,Verticale ed orizzontale,Sereno,Normale,Buona,Sufficiente,1,0,0,3,12.414,41.847,-1,1,Autovettura privata,In marcia / fermata / arresto,Passeggero,F,Illeso,0,,Non accertato,,,
3902951,15,03/07/2018 20:50:00,Strada Urbana,VIA PORTUENSE,all'intersezione con,VIA ALESSANDRO BRISSE,VIA ALESSANDRO BRISSE,,,Scontro frontale/laterale DX fra veicoli in marcia,Intersezione non regolata/non segnalata,Una carreggiata a senso unico di marcia,Asciutto,Asfaltata,Verticale ed orizzontale,Sereno,Normale,Buona,Sufficiente,1,0,0,3,12.414,41.847,-1,2,Motociclo a solo,In marcia / fermata / arresto,Conducente,M,Ricoverato,0,NON DECEDUTO,Non accertato,,,
3902977,16,03/07/2018 14:45:00,Strada Urbana,VIALE DEI QUATTRO VENTI,all'intersezione con,VIA FRANCESCO MAIDALCHINI,VIA FRANCESCO MAIDALCHINI,,,Scontro frontale/laterale DX fra veicoli in marcia,Intersezione non regolata/non segnalata,Una carreggiata a doppio senso,Asciutto,Asfaltata,Orizzontale,Sereno,Normale,Buona,Ore Diurne,2,0,0,1,12.4585,41.8795,-1,1,Autovettura privata,In marcia / fermata / arresto,Conducente,M,Rifiuta cure immediate,0,NON DECEDUTO,Non accertato,Esploso,,
3902977,16,03/07/2018 14:45:00,Strada Urbana,VIALE DEI QUATTRO VENTI,all'intersezione con,VIA FRANCESCO MAIDALCHINI,VIA FRANCESCO MAIDALCHINI,,,Scontro frontale/laterale DX fra veicoli in marcia,Intersezione non regolata/non segnalata,Una carreggiata a doppio senso,Asciutto,Asfaltata,Orizzontale,Sereno,Normale,Buona,Ore Diurne,2,0,0,1,12.4585,41.8795,-1,2,Autovettura privata,In marcia / fermata / arresto,Conducente,M,Illeso,0,,Non accertato,Inesploso,,
3902977,16,03/07/2018 14:45:00,Strada Urbana,VIALE DEI QUATTRO VENTI,all'intersezione con,VIA FRANCESCO MAIDALCHINI,VIA FRANCESCO MAIDALCHINI,,,Scontro frontale/laterale DX fra veicoli in marcia,Intersezione non regolata/non segnalata,Una carreggiata a doppio senso,Asciutto,Asfaltata,Orizzontale,Sereno,Normale,Buona,Ore Diurne,2,0,0,1,12.4585,41.8795,-1,2,Autovettura privata,In marcia / fermata / arresto,Passeggero,F,Rimandato,0,NON DECEDUTO,Non accertato,Inesploso,,
3902978,4,03/07/2018 12:00:00,Strada Urbana,VIALE JONIO,all'intersezione con,VIA SCARPANTO,VIA SCARPANTO,,,Scontro laterale fra veicoli in marcia,Incrocio,Due carreggiate,Asciutto,Asfaltata,Verticale ed orizzontale,Sereno,Normale,Buona,Ore Diurne,1,0,0,1,12.536,41.9442,-1,1,Motociclo a solo,In marcia / fermata / arresto,Conducente,M,Rimandato,0,NON DECEDUTO,,,,
3902978,4,03/07/2018 12:00:00,Strada Urbana,VIALE JONIO,all'intersezione con,VIA SCARPANTO,VIA SCARPANTO,,,Scontro laterale fra veicoli in marcia,Incrocio,Due carreggiate,Asciutto,Asfaltata,Verticale ed orizzontale,Sereno,Normale,Buona,Ore Diurne,1,0,0,1,12.536,41.9442,-1,2,Autovettura privata,In marcia / fermata / arresto,Conducente,M,Illeso,0,,,,,
3902997,17,03/07/2018 18:45:00,Strada Urbana,PIAZZA DELLA LIBERTA',all'intersezione semaforizzata con,PIAZZA COLA DI RIENZO,PIAZZA COLA DI RIENZO,,,Scontro laterale fra veicoli in marcia,Incrocio,Una carreggiata a senso unico di marcia,Asciutto,Asfaltata,Verticale ed orizzontale,Sereno,Normale,Buona,Ore Diurne,0,0,0,2,12.4706,41.9095,-1,1,Motociclo con passeggero,In marcia / fermata / arresto,Conducente,M,Illeso,0,,,,,
3902997,17,03/07/2018 18:45:00,Strada Urbana,PIAZZA DELLA LIBERTA',all'intersezione semaforizzata con,PIAZZA COLA DI RIENZO,PIAZZA COLA DI RIENZO,,,Scontro laterale fra veicoli in marcia,Incrocio,Una carreggiata a senso unico di marcia,Asciutto,Asfaltata,Verticale ed orizzontale,Sereno,Normale,Buona,Ore Diurne,0,0,0,2,12.4706,41.9095,-1,2,Autovettura privata,In marcia / fermata / arresto,Conducente,M,Illeso,0,,,,,
3903002,1,02/07/2018 11:30:00,Strada Urbana,VIA FRANCESCO CRISPI,in corrispondenza,,del civico n.,76,,Veicolo in marcia contro veicolo in sosta,Rettilineo,Una carreggiata a senso unico di marcia,Asciutto,In cubetti di porfido,Verticale ed orizzontale,Sereno,Normale,Buona,Ore Diurne,0,0,0,1,12.486,41.9051,-1,1,Autovettura privata,In marcia / fermata / arresto,Conducente,F,Illeso,0,,,,,
3903010,17,03/07/2018 18:30:00,Strada Urbana,PIAZZA MONTE GRAPPA,all'intersezione semaforizzata con,PONTE DEL RISORGIMENTO,PONTE DEL RISORGIMENTO,,,Tamponamento,Intersezione semaforizzata,Una carreggiata a senso unico di marcia,Asciutto,Asfaltata,Verticale ed orizzontale,Sereno,Normale,Buona,Ore Diurne,0,0,0,5,12.4698,41.9187,-1,1,Autovettura privata,In marcia / fermata / arresto,Conducente,M,Illeso,0,,,,,
3903010,17,03/07/2018 18:30:00,Strada Urbana,PIAZZA MONTE GRAPPA,all'intersezione semaforizzata con,PONTE DEL RISORGIMENTO,PONTE DEL RISORGIMENTO,,,Tamponamento,Intersezione semaforizzata,Una carreggiata a senso unico di marcia,Asciutto,Asfaltata,Verticale ed orizzontale,Sereno,Normale,Buona,Ore Diurne,0,0,0,5,12.4698,41.9187,-1,1,Autovettura privata,In marcia / fermata / arresto,Passeggero,F,Illeso,0,,,,,
3903010,17,03/07/2018 18:30:00,Strada Urbana,PIAZZA MONTE GRAPPA,all'intersezione semaforizzata con,PONTE DEL RISORGIMENTO,PONTE DEL RISORGIMENTO,,,Tamponamento,Intersezione semaforizzata,Una carreggiata a senso unico di marcia,Asciutto,Asfaltata,Verticale ed orizzontale,Sereno,Normale,Buona,Ore Diurne,0,0,0,5,12.4698,41.9187,-1,1,Autovettura privata,In marcia / fermata / arresto,Passeggero,M,Illeso,0,,,,,
3903010,17,03/07/2018 18:30:00,Strada Urbana,PIAZZA MONTE GRAPPA,all'intersezione semaforizzata con,PONTE DEL RISORGIMENTO,PONTE DEL RISORGIMENTO,,,Tamponamento,Intersezione semaforizzata,Una carreggiata a senso unico di marcia,Asciutto,Asfaltata,Verticale ed orizzontale,Sereno,Normale,Buona,Ore Diurne,0,0,0,5,12.4698,41.9187,-1,1,Autovettura privata,In marcia / fermata / arresto,Passeggero,F,Illeso,0,,,,,
3903010,17,03/07/2018 18:30:00,Strada Urbana,PIAZZA MONTE GRAPPA,all'intersezione semaforizzata con,PONTE DEL RISORGIMENTO,PONTE DEL RISORGIMENTO,,,Tamponamento,Intersezione semaforizzata,Una carreggiata a senso unico di marcia,Asciutto,Asfaltata,Verticale ed orizzontale,Sereno,Normale,Buona,Ore Diurne,0,0,0,5,12.4698,41.9187,-1,2,Autovettura privata,In marcia / fermata / arresto,Conducente,F,Illeso,0,,,,,
3903013,10,04/07/2018 09:55:00,Strada Urbana,PIAZZA DEI TRIBUNI,all'intersezione con,VIA MARCO PAPIO,VIA MARCO PAPIO,,,Tamponamento,Incrocio,Due carreggiate,Asciutto,Asfaltata,Assente,Sereno,Scarso,Buona,Ore Diurne,0,0,0,4,12.5507,41.8652,-1,1,Autovettura privata,In marcia / fermata / arresto,Conducente,M,Illeso,0,,Non accertato,Inesploso,,
3903013,10,04/07/2018 09:55:00,Strada Urbana,PIAZZA DEI TRIBUNI,all'intersezione con,VIA MARCO PAPIO,VIA MARCO PAPIO,,,Tamponamento,Incrocio,Due carreggiate,Asciutto,Asfaltata,Assente,Sereno,Scarso,Buona,Ore Diurne,0,0,0,4,12.5507,41.8652,-1,1,Autovettura privata,In marcia / fermata / arresto,Passeggero,M,Illeso,0,,Non accertato,Inesploso,,
3903013,10,04/07/2018 09:55:00,Strada Urbana,PIAZZA DEI TRIBUNI,all'intersezione con,VIA MARCO PAPIO,VIA MARCO PAPIO,,,Tamponamento,Incrocio,Due carreggiate,Asciutto,Asfaltata,Assente,Sereno,Scarso,Buona,Ore Diurne,0,0,0,4,12.5507,41.8652,-1,1,Autovettura privata,In marcia / fermata / arresto,Passeggero,F,Illeso,0,,Non accertato,Inesploso,,
3903013,10,04/07/2018 09:55:00,Strada Urbana,PIAZZA DEI TRIBUNI,all'intersezione con,VIA MARCO PAPIO,VIA MARCO PAPIO,,,Tamponamento,Incrocio,Due carreggiate,Asciutto,Asfaltata,Assente,Sereno,Scarso,Buona,Ore Diurne,0,0,0,4,12.5507,41.8652,-1,2,Autovettura privata,Allontanatosi,Conducente,M,Illeso,0,,Non accertato,Inesploso,,
3903022,12,03/07/2018 19:50:00,Strada Urbana,VIALE DELL'UMANESIMO,da specificare,,,,alt. Piazzale Nervi,Scontro frontale fra veicoli in marcia,Rettilineo,Una carreggiata a doppio senso,Asciutto,Asfaltata,Verticale ed orizzontale,Sereno,Normale,Buona,Ore Diurne,1,0,0,1,12.4663,41.8241,-1,1,Autovettura privata,In marcia / fermata / arresto,Conducente,M,Illeso,0,,,,,
3903022,12,03/07/2018 19:50:00,Strada Urbana,VIALE DELL'UMANESIMO,da specificare,,,,alt. Piazzale Nervi,Scontro frontale fra veicoli in marcia,Rettilineo,Una carreggiata a doppio senso,Asciutto,Asfaltata,Verticale ed orizzontale,Sereno,Normale,Buona,Ore Diurne,1,0,0,1,12.4663,41.8241,-1,2,Motociclo a solo,In marcia / fermata / arresto,Conducente,M,Rimandato,0,NON DECEDUTO,,,,
3903023,2,03/07/2018 12:30:00,Strada Urbana,CIRCONVALLAZIONE SALARIA,da specificare,,,,dir. Stadio 50 m. prima uscita rampa Etiopia/Libia,Scontro frontale/laterale DX fra veicoli in marcia,Rettilineo,Pi� di due carreggiate,Asciutto,Asfaltata,Verticale ed orizzontale,Sereno,Normale,Buona,Ore Diurne,0,0,0,3,12.5207,41.9347,-1,1,Autovettura di polizia,In marcia / fermata / arresto,Conducente,M,Illeso,0,,,,,
3903023,2,03/07/2018 12:30:00,Strada Urbana,CIRCONVALLAZIONE SALARIA,da specificare,,,,dir. Stadio 50 m. prima uscita rampa Etiopia/Libia,Scontro frontale/laterale DX fra veicoli in marcia,Rettilineo,Pi� di due carreggiate,Asciutto,Asfaltata,Verticale ed orizzontale,Sereno,Normale,Buona,Ore Diurne,0,0,0,3,12.5207,41.9347,-1,1,Autovettura di polizia,In marcia / fermata / arresto,Passeggero,M,Illeso,0,,,,,
3903023,2,03/07/2018 12:30:00,Strada Urbana,CIRCONVALLAZIONE SALARIA,da specificare,,,,dir. Stadio 50 m. prima uscita rampa Etiopia/Libia,Scontro frontale/laterale DX fra veicoli in marcia,Rettilineo,Pi� di due carreggiate,Asciutto,Asfaltata,Verticale ed orizzontale,Sereno,Normale,Buona,Ore Diurne,0,0,0,3,12.5207,41.9347,-1,2,Autovettura privata,In marcia / fermata / arresto,Conducente,M,Illeso,0,,,,,
3903026,1,02/07/2018 15:10:00,Strada Urbana,LUNGOTEVERE IN AUGUSTA,da specificare,,,,IN PROSSIMITA' ARA PACIS,Tamponamento,Rettilineo,Una carreggiata a senso unico di marcia,Asciutto,In cubetti di porfido,Assente,Sereno,Normale,Buona,Ore Diurne,0,0,0,2,12.4748,41.9076,-1,1,Motociclo a solo,In marcia / fermata / arresto,Conducente,M,Illeso,0,,,,,
3903026,1,02/07/2018 15:10:00,Strada Urbana,LUNGOTEVERE IN AUGUSTA,da specificare,,,,IN PROSSIMITA' ARA PACIS,Tamponamento,Rettilineo,Una carreggiata a senso unico di marcia,Asciutto,In cubetti di porfido,Assente,Sereno,Normale,Buona,Ore Diurne,0,0,0,2,12.4748,41.9076,-1,2,Autovettura privata,In marcia / fermata / arresto,Conducente,M,Illeso,0,,,,,
3903031,2,03/07/2018 13:00:00,Strada Urbana,VIA ANTONIO STOPPANI,all'intersezione semaforizzata con,VIALE PARIOLI,VIALE PARIOLI,,,Scontro laterale fra veicoli in marcia,Incrocio,Due carreggiate,Asciutto,Asfaltata,Verticale ed orizzontale,Sereno,Normale,Buona,Ore Diurne,0,0,0,3,12.4912,41.9225,-1,1,Autovettura privata,In marcia / fermata / arresto,Conducente,M,Illeso,0,,Non accertato,Inesploso,,
3903031,2,03/07/2018 13:00:00,Strada Urbana,VIA ANTONIO STOPPANI,all'intersezione semaforizzata con,VIALE PARIOLI,VIALE PARIOLI,,,Scontro laterale fra veicoli in marcia,Incrocio,Due carreggiate,Asciutto,Asfaltata,Verticale ed orizzontale,Sereno,Normale,Buona,Ore Diurne,0,0,0,3,12.4912,41.9225,-1,1,Autovettura privata,In marcia / fermata / arresto,Passeggero,F,Illeso,0,,Non accertato,Inesploso,,
3903031,2,03/07/2018 13:00:00,Strada Urbana,VIA ANTONIO STOPPANI,all'intersezione semaforizzata con,VIALE PARIOLI,VIALE PARIOLI,,,Scontro laterale fra veicoli in marcia,Incrocio,Due carreggiate,Asciutto,Asfaltata,Verticale ed orizzontale,Sereno,Normale,Buona,Ore Diurne,0,0,0,3,12.4912,41.9225,-1,2,Autovettura privata,In marcia / fermata / arresto,Conducente,M,Illeso,0,,Non accertato,Inesploso,,
3903041,2,03/07/2018 17:25:00,Strada Urbana,PIAZZALE DEL PARCO DELLA RIMEMBRANZA,da specificare,,,,altezza v.le Pilsduski,Scontro laterale fra veicoli in marcia,Rettilineo,Una carreggiata a senso unico di marcia,Asciutto,Asfaltata,Verticale ed orizzontale,Sereno,Normale,Buona,Ore Diurne,0,0,0,2,12.4828,41.9289,-1,1,Autovettura privata,In marcia / fermata / arresto,Conducente,F,Illeso,0,,Non accertato,Inesploso,,
3903041,2,03/07/2018 17:25:00,Strada Urbana,PIAZZALE DEL PARCO DELLA RIMEMBRANZA,da specificare,,,,altezza v.le Pilsduski,Scontro laterale fra veicoli in marcia,Rettilineo,Una carreggiata a senso unico di marcia,Asciutto,Asfaltata,Verticale ed orizzontale,Sereno,Normale,Buona,Ore Diurne,0,0,0,2,12.4828,41.9289,-1,2,Ciclomotore,In marcia / fermata / arresto,Conducente,M,Illeso,0,,Non accertato,,,
3903042,2,03/07/2018 18:00:00,Strada Urbana,VIALE DELLE BELLE ARTI,da specificare,,,,alt. GNAM,Scontro laterale fra veicoli in marcia,Rettilineo,Una carreggiata a doppio senso,Asciutto,Asfaltata,Verticale ed orizzontale,Sereno,Normale,Buona,Ore Diurne,0,0,0,2,12.4782,41.9187,-1,1,Motociclo a solo,In marcia / fermata / arresto,Conducente,M,Illeso,0,,Non accertato,,,
3903042,2,03/07/2018 18:00:00,Strada Urbana,VIALE DELLE BELLE ARTI,da specificare,,,,alt. GNAM,Scontro laterale fra veicoli in marcia,Rettilineo,Una carreggiata a doppio senso,Asciutto,Asfaltata,Verticale ed orizzontale,Sereno,Normale,Buona,Ore Diurne,0,0,0,2,12.4782,41.9187,-1,2,Quadriciclo leggero,In marcia / fermata / arresto,Conducente,M,Illeso,0,,Non accertato,Inesploso,,
3903044,2,03/07/2018 20:30:00,Strada Urbana,Tangenziale Est direzione S. Giovanni,da specificare,,,,altezza galleria Fleming,Veicolo in marcia contro veicolo fermo,Rettilineo,Una carreggiata a senso unico di marcia,Asciutto,Asfaltata,Verticale ed orizzontale,Sereno,Normale,Buona,Ore Diurne,0,0,0,6,12.477,41.9405,-1,1,Autovettura privata,In marcia / fermata / arresto,Conducente,M,Illeso,0,,,,,
3903044,2,03/07/2018 20:30:00,Strada Urbana,Tangenziale Est direzione S. Giovanni,da specificare,,,,altezza galleria Fleming,Veicolo in marcia contro veicolo fermo,Rettilineo,Una carreggiata a senso unico di marcia,Asciutto,Asfaltata,Verticale ed orizzontale,Sereno,Normale,Buona,Ore Diurne,0,0,0,6,12.477,41.9405,-1,1,Autovettura privata,In marcia / fermata / arresto,Passeggero,F,Illeso,0,,,,,
3903044,2,03/07/2018 20:30:00,Strada Urbana,Tangenziale Est direzione S. Giovanni,da specificare,,,,altezza galleria Fleming,Veicolo in marcia contro veicolo fermo,Rettilineo,Una carreggiata a senso unico di marcia,Asciutto,Asfaltata,Verticale ed orizzontale,Sereno,Normale,Buona,Ore Diurne,0,0,0,6,12.477,41.9405,-1,1,Autovettura privata,In marcia / fermata / arresto,Passeggero,M,Illeso,0,,,,,
3903044,2,03/07/2018 20:30:00,Strada Urbana,Tangenziale Est direzione S. Giovanni,da specificare,,,,altezza galleria Fleming,Veicolo in marcia contro veicolo fermo,Rettilineo,Una carreggiata a senso unico di marcia,Asciutto,Asfaltata,Verticale ed orizzontale,Sereno,Normale,Buona,Ore Diurne,0,0,0,6,12.477,41.9405,-1,1,Autovettura privata,In marcia / fermata / arresto,Passeggero,M,Illeso,0,,,,,
3903044,2,03/07/2018 20:30:00,Strada Urbana,Tangenziale Est direzione S. Giovanni,da specificare,,,,altezza galleria Fleming,Veicolo in marcia contro veicolo fermo,Rettilineo,Una carreggiata a senso unico di marcia,Asciutto,Asfaltata,Verticale ed orizzontale,Sereno,Normale,Buona,Ore Diurne,0,0,0,6,12.477,41.9405,-1,2,Autovettura privata,In marcia / fermata / arresto,Conducente,M,Illeso,0,,,,,
3903051,2,04/07/2018 12:45:00,Strada Urbana,CORSO TRIESTE,in prossimit�,,del civico n.,109,,Scontro laterale fra veicoli in marcia,Rettilineo,Pi� di due carreggiate,Asciutto,Asfaltata,Assente,Sereno,Scarso,Buona,Ore Diurne,1,0,0,1,12.5106,41.9218,-1,1,Autovettura privata,In marcia / fermata / arresto,Conducente,M,Illeso,0,,,,,
3903051,2,04/07/2018 12:45:00,Strada Urbana,CORSO TRIESTE,in prossimit�,,del civico n.,109,,Scontro laterale fra veicoli in marcia,Rettilineo,Pi� di due carreggiate,Asciutto,Asfaltata,Assente,Sereno,Scarso,Buona,Ore Diurne,1,0,0,1,12.5106,41.9218,-1,2,Ciclomotore,In marcia / fermata / arresto,Conducente,M,Rimandato,0,NON DECEDUTO,Non accertato,,,