Protocollo,Gruppo,DataOraIncidente,Localizzazione1,STRADA1,Localizzazione2,STRADA2,Strada02,Chilometrica,DaSpecificare,NaturaIncidente,particolaritastrade,TipoStrada,FondoStradale,Pavimentazione,Segnaletica,CondizioneAtmosferica,Traffico,Visibilita,Illuminazione,NUM_FERITI,NUM_RISERVATA,NUM_MORTI,NUM_ILLESI,Longitudine,Latitudine,Confermato,Progressivo,TipoVeicolo,StatoVeicolo,TipoPersona,Sesso,Tipolesione,Deceduto,DecedutoDopo,CinturaCascoUtilizzato,Airbag,,
3903072,4,03/07/2018 12:30:00,Strada Urbana,VIA VIRGILIO TALLI,da specificare,,,,prossimit� Via Amalia Betttini,Scontro laterale fra veicoli in marcia,Rettilineo,Due carreggiate,Asciutto,Asfaltata,Verticale ed orizzontale,Sereno,Scarso,Buona,Ore Diurne,0,0,0,3,12.5253,41.9641,-1,1,Autovettura privata,In marcia / fermata / arresto,Conducente,M,Illeso,0,,Non accertato,Inesploso,,
3903072,4,03/07/2018 12:30:00,Strada Urbana,VIA VIRGILIO TALLI,da specificare,,,,prossimit� Via Amalia Betttini,Scontro laterale fra veicoli in marcia,Rettilineo,Due carreggiate,Asciutto,Asfaltata,Verticale ed orizzontale,Sereno,Scarso,Buona,Ore Diurne,0,0,0,3,12.5253,41.9641,-1,1,Autovettura privata,In marcia / fermata / arresto,Passeggero,M,Illeso,0,,Non accertato,Inesploso,,
3903072,4,03/07/2018 12:30:00,Strada Urbana,VIA VIRGILIO TALLI,da specificare,,,,prossimit� Via Amalia Betttini,Scontro laterale fra veicoli in marcia,Rettilineo,Due carreggiate,Asciutto,Asfaltata,Verticale ed orizzontale,Sereno,Scarso,Buona,Ore Diurne,0,0,0,3,12.5253,41.9641,-1,2,Autovettura privata,In marcia / fermata / arresto,Conducente,M,Illeso,0,,Non accertato,Inesploso,,
3903137,19,04/07/2018 10:40:00,Strada Urbana,VIA DI TORREVECCHIA,all'intersezione con,VIA GABRIELE PALEOTTI,VIA GABRIELE PALEOTTI,,,Scontro frontale/laterale SX fra veicoli in marcia,Intersezione stradale segnalata,Una carreggiata a doppio senso,Asciutto,Asfaltata,Verticale ed orizzontale,Sereno,Normale,Buona,Ore Diurne,1,0,0,1,12.4122,41.9233,-1,1,Autovettura privata,In marcia / fermata / arresto,Conducente,M,Illeso,0,,Non accertato,Inesploso,,
3903137,19,04/07/2018 10:40:00,Strada Urbana,VIA DI TORREVECCHIA,all'intersezione con,VIA GABRIELE PALEOTTI,VIA GABRIELE PALEOTTI,,,Scontro frontale/laterale SX fra veicoli in marcia,Intersezione stradale segnalata,Una carreggiata a doppio senso,Asciutto,Asfaltata,Verticale ed orizzontale,Sereno,Normale,Buona,Ore Diurne,1,0,0,1,12.4122,41.9233,-1,2,Motociclo a solo,In marcia / fermata / arresto,Conducente,M,Rimandato,0,NON DECEDUTO,Non accertato,,,
3903155,1,02/07/2018 03:40:00,Strada Urbana,VIA VENTI SETTEMBRE,all'intersezione semaforizzata con,LARGO DI S. SUSANNA,LARGO DI S. SUSANNA,,,Veicolo in marcia contro ostacolo fisso,Intersezione semaforizzata,Una carreggiata a senso unico di marcia,Asciutto,Asfaltata,Verticale ed orizzontale,Sereno,Scarso,Buona,Sufficiente,0,0,0,1,12.4942,41.9045,-1,1,Autovettura privata,In marcia / fermata / arresto,Conducente,M,Illeso,0,,Non accertato,Esploso,,
3903161,4,03/07/2018 16:10:00,Strada Urbana,VICOLO DEI PRATI FISCALI,all'intersezione con,VIA VAL DI LANZO,VIA VAL DI LANZO,,,Scontro frontale/laterale DX fra veicoli in marcia,Incrocio,Due carreggiate,Asciutto,Asfaltata,Verticale ed orizzontale,Sereno,Normale,Buona,Ore Diurne,1,0,0,1,12.5249,41.9432,-1,1,Autovettura privata,In marcia / fermata / arresto,Conducente,F,Illeso,0,,,,,
3903161,4,03/07/2018 16:10:00,Strada Urbana,VICOLO DEI PRATI FISCALI,all'intersezione con,VIA VAL DI LANZO,VIA VAL DI LANZO,,,Scontro frontale/laterale DX fra veicoli in marcia,Incrocio,Due carreggiate,Asciutto,Asfaltata,Verticale ed orizzontale,Sereno,Normale,Buona,Ore Diurne,1,0,0,1,12.5249,41.9432,-1,2,Ciclomotore,In marcia / fermata / arresto,Conducente,M,Rimandato,0,NON DECEDUTO,,,,
3903187,4,03/07/2018 18:50:00,Provinciale entro l'abitato,VIA NOMENTANA,da specificare,,,,prossimit� fronte civico 546,Tamponamento Multiplo,Rettilineo,Una carreggiata a doppio senso,Asciutto,Asfaltata,Verticale ed orizzontale,Sereno,Normale,Buona,Ore Diurne,1,0,0,2,12.5728,41.9579,-1,1,Autovettura privata,In marcia / fermata / arresto,Conducente,M,Illeso,0,,Non accertato,Inesploso,,
3903187,4,03/07/2018 18:50:00,Provinciale entro l'abitato,VIA NOMENTANA,da specificare,,,,prossimit� fronte civico 546,Tamponamento Multiplo,Rettilineo,Una carreggiata a doppio senso,Asciutto,Asfaltata,Verticale ed orizzontale,Sereno,Normale,Buona,Ore Diurne,1,0,0,2,12.5728,41.9579,-1,2,Autovettura privata,In marcia / fermata / arresto,Conducente,M,Rifiuta cure immediate,0,NON DECEDUTO,Non accertato,Inesploso,,
3903187,4,03/07/2018 18:50:00,Provinciale entro l'abitato,VIA NOMENTANA,da specificare,,,,prossimit� fronte civico 546,Tamponamento Multiplo,Rettilineo,Una carreggiata a doppio senso,Asciutto,Asfaltata,Verticale ed orizzontale,Sereno,Normale,Buona,Ore Diurne,1,0,0,2,12.5728,41.9579,-1,3,Autovettura privata,In marcia / fermata / arresto,Conducente,M,Illeso,0,,Non accertato,Inesploso,,
3903204,6,04/07/2018 11:55:00,Strada Urbana,VIA DI ACQUA BULLICANTE,in prossimit�,,del civico n.,321,,Veicolo in marcia contro veicolo arresto,Rettilineo,Una carreggiata a doppio senso,Asciutto,Asfaltata,Orizzontale,Nuvoloso,Normale,Buona,Ore Diurne,0,0,0,3,12.5422,41.8889,-1,1,Autovettura privata,In marcia / fermata / arresto,Conducente,F,Illeso,0,,Non accertato,Inesploso,,
3903204,6,04/07/2018 11:55:00,Strada Urbana,VIA DI ACQUA BULLICANTE,in prossimit�,,del civico n.,321,,Veicolo in marcia contro veicolo arresto,Rettilineo,Una carreggiata a doppio senso,Asciutto,Asfaltata,Orizzontale,Nuvoloso,Normale,Buona,Ore Diurne,0,0,0,3,12.5422,41.8889,-1,2,Autovettura privata,In marcia / fermata / arresto,Conducente,M,Illeso,0,,Non accertato,Inesploso,,
3903204,6,04/07/2018 11:55:00,Strada Urbana,VIA DI ACQUA BULLICANTE,in prossimit�,,del civico n.,321,,Veicolo in marcia contro veicolo arresto,Rettilineo,Una carreggiata a doppio senso,Asciutto,Asfaltata,Orizzontale,Nuvoloso,Normale,Buona,Ore Diurne,0,0,0,3,12.5422,41.8889,-1,2,Autovettura privata,In marcia / fermata / arresto,Passeggero,F,Illeso,0,,Non accertato,Inesploso,,
3903295,9,04/07/2018 11:40:00,Strada Urbana,VIA CESARE BARONIO,all'intersezione con,VIA LATINA,VIA LATINA,,,Investimento di pedone,Incrocio,Due carreggiate,Asciutto,Asfaltata,Verticale ed orizzontale,Sereno,Normale,Buona,Ore Diurne,1,0,0,1,12.5165,41.8704,-1,,,,Pedone,F,Rimandato,0,NON DECEDUTO,,,,
3903295,9,04/07/2018 11:40:00,Strada Urbana,VIA CESARE BARONIO,all'intersezione con,VIA LATINA,VIA LATINA,,,Investimento di pedone,Incrocio,Due carreggiate,Asciutto,Asfaltata,Verticale ed orizzontale,Sereno,Normale,Buona,Ore Diurne,1,0,0,1,12.5165,41.8704,-1,1,Autovettura privata,In marcia / fermata / arresto,Conducente,M,Illeso,0,,Non accertato,Inesploso,,
3903304,6,04/07/2018 12:20:00,Strada Urbana,VIA ETTORE FIERAMOSCA,da specificare,,,,altezza via Gentile da Leonessa,Veicolo in marcia contro ostacolo accidentale,Rettilineo,Una carreggiata a doppio senso,Asciutto,Asfaltata,Verticale ed orizzontale,Sereno,Scarso,Buona,Ore Diurne,0,0,0,1,12.5282,41.8928,-1,1,Autovettura privata,In marcia / fermata / arresto,Conducente,M,Illeso,0,,Non accertato,Inesploso,,
3903335,12,02/07/2018 20:50:00,Provinciale entro l'abitato,VIA LAURENTINA,all'intersezione con,VIA DI CASTEL DI LEVA,VIA DI CASTEL DI LEVA,,,Scontro frontale/laterale DX fra veicoli in marcia,Rotatoria,Due carreggiate,Asciutto,Asfaltata,Verticale ed orizzontale,Sereno,Normale,Buona,Sufficiente,0,0,0,2,12.4853,41.8102,-1,1,Autovettura privata,In marcia / fermata / arresto,Conducente,M,Illeso,0,,,,,
3903335,12,02/07/2018 20:50:00,Provinciale entro l'abitato,VIA LAURENTINA,all'intersezione con,VIA DI CASTEL DI LEVA,VIA DI CASTEL DI LEVA,,,Scontro frontale/laterale DX fra veicoli in marcia,Rotatoria,Due carreggiate,Asciutto,Asfaltata,Verticale ed orizzontale,Sereno,Normale,Buona,Sufficiente,0,0,0,2,12.4853,41.8102,-1,2,Autovettura privata,In marcia / fermata / arresto,Conducente,M,Illeso,0,,,,,
3903425,4,03/07/2018 19:00:00,Strada Urbana,VIALE FRANCO ARCALLI,da specificare,,,,"direz. GRA fr. ""PORTA DI ROMA""",Tamponamento,Rettilineo,Due carreggiate,Asciutto,Asfaltata,Orizzontale,Sereno,Normale,Buona,Ore Diurne,3,0,0,1,12.5422,41.9709,-1,1,Autovettura privata,In marcia / fermata / arresto,Conducente,M,Rifiuta cure immediate,0,NON DECEDUTO,Non accertato,,,
3903425,4,03/07/2018 19:00:00,Strada Urbana,VIALE FRANCO ARCALLI,da specificare,,,,"direz. GRA fr. ""PORTA DI ROMA""",Tamponamento,Rettilineo,Due carreggiate,Asciutto,Asfaltata,Orizzontale,Sereno,Normale,Buona,Ore Diurne,3,0,0,1,12.5422,41.9709,-1,1,Autovettura privata,In marcia / fermata / arresto,Passeggero,M,Rifiuta cure immediate,0,NON DECEDUTO,Non accertato,,,
3903425,4,03/07/2018 19:00:00,Strada Urbana,VIALE FRANCO ARCALLI,da specificare,,,,"direz. GRA fr. ""PORTA DI ROMA""",Tamponamento,Rettilineo,Due carreggiate,Asciutto,Asfaltata,Orizzontale,Sereno,Normale,Buona,Ore Diurne,3,0,0,1,12.5422,41.9709,-1,1,Autovettura privata,In marcia / fermata / arresto,Passeggero,F,Rifiuta cure immediate,0,NON DECEDUTO,Non accertato,,,
3903425,4,03/07/2018 19:00:00,Strada Urbana,VIALE FRANCO ARCALLI,da specificare,,,,"direz. GRA fr. ""PORTA DI ROMA""",Tamponamento,Rettilineo,Due carreggiate,Asciutto,Asfaltata,Orizzontale,Sereno,Normale,Buona,Ore Diurne,3,0,0,1,12.5422,41.9709,-1,2,Autovettura privata,In marcia / fermata / arresto,Conducente,M,Illeso,0,,Non accertato,,,
3903448,11,04/07/2018 11:40:00,Strada Urbana,VIA PAOLO DI DONO,in prossimit�,,del civico n.,171,,Scontro laterale fra veicoli in marcia,Curva a visuale libera,Una carreggiata a senso unico di marcia,Asciutto,Asfaltata,Verticale ed orizzontale,Sereno,Normale,Buona,Ore Diurne,0,0,0,4,12.4923,41.8287,-1,1,Autovettura privata,In marcia / fermata / arresto,Conducente,F,Illeso,0,,Non accertato,Inesploso,,
3903448,11,04/07/2018 11:40:00,Strada Urbana,VIA PAOLO DI DONO,in prossimit�,,del civico n.,171,,Scontro laterale fra veicoli in marcia,Curva a visuale libera,Una carreggiata a senso unico di marcia,Asciutto,Asfaltata,Verticale ed orizzontale,Sereno,Normale,Buona,Ore Diurne,0,0,0,4,12.4923,41.8287,-1,1,Autovettura privata,In marcia / fermata / arresto,Passeggero,F,Illeso,0,,Non accertato,Inesploso,,
3903448,11,04/07/2018 11:40:00,Strada Urbana,VIA PAOLO DI DONO,in prossimit�,,del civico n.,171,,Scontro laterale fra veicoli in marcia,Curva a visuale libera,Una carreggiata a senso unico di marcia,Asciutto,Asfaltata,Verticale ed orizzontale,Sereno,Normale,Buona,Ore Diurne,0,0,0,4,12.4923,41.8287,-1,2,Autovettura privata,In marcia / fermata / arresto,Conducente,F,Illeso,0,,Non accertato,Inesploso,,
3903448,11,04/07/2018 11:40:00,Strada Urbana,VIA PAOLO DI DONO,in prossimit�,,del civico n.,171,,Scontro laterale fra veicoli in marcia,Curva a visuale libera,Una carreggiata a senso unico di marcia,Asciutto,Asfaltata,Verticale ed orizzontale,Sereno,Normale,Buona,Ore Diurne,0,0,0,4,12.4923,41.8287,-1,2,Autovettura privata,In marcia / fermata / arresto,Passeggero,F,Illeso,0,,Non accertato,Inesploso,,
3903464,20,04/07/2018 13:15:00,Regionale entro l'abitato,VIA FORNACE VIGNOLO,da specificare,,,,rampa di immissione per via Flaminia,Tamponamento,Rettilineo,Una carreggiata a doppio senso,Asciutto,Asfaltata,Verticale ed orizzontale,Sereno,Scarso,Buona,Ore Diurne,1,0,0,1,12.4991,41.9892,-1,1,Autovettura privata,In marcia / fermata / arresto,Conducente,M,Illeso,0,,Non accertato,Inesploso,,
3903464,20,04/07/2018 13:15:00,Regionale entro l'abitato,VIA FORNACE VIGNOLO,da specificare,,,,rampa di immissione per via Flaminia,Tamponamento,Rettilineo,Una carreggiata a doppio senso,Asciutto,Asfaltata,Verticale ed orizzontale,Sereno,Scarso,Buona,Ore Diurne,1,0,0,1,12.4991,41.9892,-1,2,Velocipede,In marcia / fermata / arresto,Conducente,M,Rifiuta cure immediate,0,NON DECEDUTO,Esente,,,
3903466,20,03/07/2018 16:15:00,Strada Urbana,VIA FLAMINIA,in corrispondenza,,del civico n.,726,,Tamponamento,Rettilineo,Una carreggiata a doppio senso,Asciutto,Asfaltata,Verticale ed orizzontale,Sereno,Normale,Buona,Ore Diurne,0,0,0,2,12.4725,41.9445,-1,1,Autovettura privata,In marcia / fermata / arresto,Conducente,M,Illeso,0,,,,,
3903466,20,03/07/2018 16:15:00,Strada Urbana,VIA FLAMINIA,in corrispondenza,,del civico n.,726,,Tamponamento,Rettilineo,Una carreggiata a doppio senso,Asciutto,Asfaltata,Verticale ed orizzontale,Sereno,Normale,Buona,Ore Diurne,0,0,0,2,12.4725,41.9445,-1,2,Autovettura privata,In marcia / fermata / arresto,Conducente,M,Illeso,0,,,,,
3903479,12,03/07/2018 15:30:00,Strada Urbana,VIALE DEGLI EROI DI CEFALONIA,all'intersezione con,VIA ARMANDO BUSSI,VIA ARMANDO BUSSI,,,Scontro frontale/laterale SX fra veicoli in marcia,Intersezione non regolata/non segnalata,Una carreggiata a senso unico di marcia,Asciutto,Asfaltata,Verticale ed orizzontale,Sereno,Normale,Buona,Ore Diurne,1,0,0,1,12.4368,41.7826,-1,1,Autovettura privata,In marcia / fermata / arresto,Conducente,M,Illeso,0,,Utilizzato,Inesploso,,
3903479,12,03/07/2018 15:30:00,Strada Urbana,VIALE DEGLI EROI DI CEFALONIA,all'intersezione con,VIA ARMANDO BUSSI,VIA ARMANDO BUSSI,,,Scontro frontale/laterale SX fra veicoli in marcia,Intersezione non regolata/non segnalata,Una carreggiata a senso unico di marcia,Asciutto,Asfaltata,Verticale ed orizzontale,Sereno,Normale,Buona,Ore Diurne,1,0,0,1,12.4368,41.7826,-1,2,Motociclo a solo,In marcia / fermata / arresto,Conducente,M,Rimandato,0,NON DECEDUTO,Non accertato,,,
3903496,10,04/07/2018 13:50:00,Strada Urbana,VIA DELLE CAPANNELLE,all'intersezione con,VIA DEL CALICE,VIA DEL CALICE,,,Scontro frontale/laterale SX fra veicoli in marcia,Intersezione stradale segnalata,Una carreggiata a doppio senso,Asciutto,Asfaltata,Verticale ed orizzontale,Sereno,Normale,Sufficiente,Ore Diurne,1,0,0,1,12.5659,41.8289,-1,1,Motociclo a solo,In marcia / fermata / arresto,Conducente,M,Rimandato,0,NON DECEDUTO,Non accertato,,,
3903496,10,04/07/2018 13:50:00,Strada Urbana,VIA DELLE CAPANNELLE,all'intersezione con,VIA DEL CALICE,VIA DEL CALICE,,,Scontro frontale/laterale SX fra veicoli in marcia,Intersezione stradale segnalata,Una carreggiata a doppio senso,Asciutto,Asfaltata,Verticale ed orizzontale,Sereno,Normale,Sufficiente,Ore Diurne,1,0,0,1,12.5659,41.8289,-1,2,Autovettura privata,In marcia / fermata / arresto,Conducente,M,Illeso,0,,Non accertato,Inesploso,,
3903522,12,03/07/2018 15:45:00,Strada Urbana,VIALE CITTA' D'EUROPA,in corrispondenza,,del civico n.,661,,Tamponamento Multiplo,Rettilineo,Due carreggiate,Asciutto,Asfaltata,Verticale ed orizzontale,Sereno,Normale,Buona,Ore Diurne,0,0,0,3,12.4515,41.8205,-1,1,Autovettura privata,In marcia / fermata / arresto,Conducente,F,Illeso,0,,Utilizzato,Inesploso,,
3903522,12,03/07/2018 15:45:00,Strada Urbana,VIALE CITTA' D'EUROPA,in corrispondenza,,del civico n.,661,,Tamponamento Multiplo,Rettilineo,Due carreggiate,Asciutto,Asfaltata,Verticale ed orizzontale,Sereno,Normale,Buona,Ore Diurne,0,0,0,3,12.4515,41.8205,-1,2,Quadriciclo leggero,In marcia / fermata / arresto,Conducente,F,Illeso,0,,,,,
3903522,12,03/07/2018 15:45:00,Strada Urbana,VIALE CITTA' D'EUROPA,in corrispondenza,,del civico n.,661,,Tamponamento Multiplo,Rettilineo,Due carreggiate,Asciutto,Asfaltata,Verticale ed orizzontale,Sereno,Normale,Buona,Ore Diurne,0,0,0,3,12.4515,41.8205,-1,3,Ciclomotore,In marcia / fermata / arresto,Conducente,M,Illeso,0,,,,,
3903587,7,04/07/2018 13:25:00,Strada Urbana,VIALE PALMIRO TOGLIATTI,all'intersezione con,PIAZZALE PINO PASCALI,PIAZZALE PINO PASCALI,,,Scontro frontale/laterale SX fra veicoli in marcia,Intersezione semaforizzata,Due carreggiate,Asciutto,Asfaltata,Verticale ed orizzontale,Sereno,Scarso,Buona,Ore Diurne,0,0,0,8,12.5703,41.8751,-1,1,Autovettura privata,In marcia / fermata / arresto,Conducente,F,Illeso,0,,Non accertato,Inesploso,,
3903587,7,04/07/2018 13:25:00,Strada Urbana,VIALE PALMIRO TOGLIATTI,all'intersezione con,PIAZZALE PINO PASCALI,PIAZZALE PINO PASCALI,,,Scontro frontale/laterale SX fra veicoli in marcia,Intersezione semaforizzata,Due carreggiate,Asciutto,Asfaltata,Verticale ed orizzontale,Sereno,Scarso,Buona,Ore Diurne,0,0,0,8,12.5703,41.8751,-1,1,Autovettura privata,In marcia / fermata / arresto,Passeggero,F,Illeso,0,,Non accertato,Inesistente,,
3903587,7,04/07/2018 13:25:00,Strada Urbana,VIALE PALMIRO TOGLIATTI,all'intersezione con,PIAZZALE PINO PASCALI,PIAZZALE PINO PASCALI,,,Scontro frontale/laterale SX fra veicoli in marcia,Intersezione semaforizzata,Due carreggiate,Asciutto,Asfaltata,Verticale ed orizzontale,Sereno,Scarso,Buona,Ore Diurne,0,0,0,8,12.5703,41.8751,-1,2,Autovettura privata,In marcia / fermata / arresto,Conducente,M,Illeso,0,,Non accertato,Inesploso,,
3903587,7,04/07/2018 13:25:00,Strada Urbana,VIALE PALMIRO TOGLIATTI,all'intersezione con,PIAZZALE PINO PASCALI,PIAZZALE PINO PASCALI,,,Scontro frontale/laterale SX fra veicoli in marcia,Intersezione semaforizzata,Due carreggiate,Asciutto,Asfaltata,Verticale ed orizzontale,Sereno,Scarso,Buona,Ore Diurne,0,0,0,8,12.5703,41.8751,-1,2,Autovettura privata,In marcia / fermata / arresto,Passeggero,F,Illeso,0,,Non accertato,Inesploso,,
3903587,7,04/07/2018 13:25:00,Strada Urbana,VIALE PALMIRO TOGLIATTI,all'intersezione con,PIAZZALE PINO PASCALI,PIAZZALE PINO PASCALI,,,Scontro frontale/laterale SX fra veicoli in marcia,Intersezione semaforizzata,Due carreggiate,Asciutto,Asfaltata,Verticale ed orizzontale,Sereno,Scarso,Buona,Ore Diurne,0,0,0,8,12.5703,41.8751,-1,2,Autovettura privata,In marcia / fermata / arresto,Passeggero,F,Illeso,0,,Non accertato,Inesploso,,
3903587,7,04/07/2018 13:25:00,Strada Urbana,VIALE PALMIRO TOGLIATTI,all'intersezione con,PIAZZALE PINO PASCALI,PIAZZALE PINO PASCALI,,,Scontro frontale/laterale SX fra veicoli in marcia,Intersezione semaforizzata,Due carreggiate,Asciutto,Asfaltata,Verticale ed orizzontale,Sereno,Scarso,Buona,Ore Diurne,0,0,0,8,12.5703,41.8751,-1,2,Autovettura privata,In marcia / fermata / arresto,Passeggero,M,Illeso,0,,Non accertato,Inesploso,,
3903587,7,04/07/2018 13:25:00,Strada Urbana,VIALE PALMIRO TOGLIATTI,all'intersezione con,PIAZZALE PINO PASCALI,PIAZZALE PINO PASCALI,,,Scontro frontale/laterale SX fra veicoli in marcia,Intersezione semaforizzata,Due carreggiate,Asciutto,Asfaltata,Verticale ed orizzontale,Sereno,Scarso,Buona,Ore Diurne,0,0,0,8,12.5703,41.8751,-1,2,Autovettura privata,In marcia / fermata / arresto,Passeggero,F,Illeso,0,,Non accertato,Inesploso,,
3903587,7,04/07/2018 13:25:00,Strada Urbana,VIALE PALMIRO TOGLIATTI,all'intersezione con,PIAZZALE PINO PASCALI,PIAZZALE PINO PASCALI,,,Scontro frontale/laterale SX fra veicoli in marcia,Intersezione semaforizzata,Due carreggiate,Asciutto,Asfaltata,Verticale ed orizzontale,Sereno,Scarso,Buona,Ore Diurne,0,0,0,8,12.5703,41.8751,-1,2,Autovettura privata,In marcia / fermata / arresto,Passeggero,M,Illeso,0,,Non accertato,Inesploso,,
3903615,4,03/07/2018 14:00:00,Strada Urbana,VIALE PANTELLERIA,in prossimit�,,del civico n.,1,,Investimento di pedone,Rettilineo,Due carreggiate,Asciutto,Asfaltata,Verticale ed orizzontale,Sereno,Normale,Buona,Ore Diurne,1,0,0,1,12.5286,41.9446,-1,,,,Pedone,F,Rifiuta cure immediate,0,NON DECEDUTO,,,,
3903615,4,03/07/2018 14:00:00,Strada Urbana,VIALE PANTELLERIA,in prossimit�,,del civico n.,1,,Investimento di pedone,Rettilineo,Due carreggiate,Asciutto,Asfaltata,Verticale ed orizzontale,Sereno,Normale,Buona,Ore Diurne,1,0,0,1,12.5286,41.9446,-1,1,Autovettura pubblica,In marcia / fermata / arresto,Conducente,M,Illeso,0,,,,,
3903625,12,04/07/2018 13:05:00,Strada Urbana,VIA DI VALLERANO,da specificare,,,,ALTEZZA ROTATORIA VIA ALVARO DEL PORTILLO,Veicolo in marcia contro ostacolo fisso,Rotatoria,Una carreggiata a senso unico di marcia,Viscido da liquidi oleosi,Asfaltata,Verticale ed orizzontale,Sereno,Normale,Buona,Ore Diurne,0,0,0,1,12.4657,41.7865,-1,1,Autovettura privata,In marcia / fermata / arresto,Conducente,M,Illeso,0,,Utilizzato,Inesploso,,
3903628,1,02/07/2018 14:00:00,Strada Urbana,VIA ACCIAIOLI,in prossimit�,,del civico n.,7,,Scontro laterale fra veicoli in marcia,Rettilineo,Una carreggiata a senso unico di marcia,Asciutto,Asfaltata,Verticale ed orizzontale,Sereno,Normale,Buona,Ore Diurne,1,0,0,1,12.4645,41.9,-1,1,Motociclo a solo,In marcia / fermata / arresto,Conducente,M,Rimandato,0,NON DECEDUTO,Non accertato,,,
3903628,1,02/07/2018 14:00:00,Strada Urbana,VIA ACCIAIOLI,in prossimit�,,del civico n.,7,,Scontro laterale fra veicoli in marcia,Rettilineo,Una carreggiata a senso unico di marcia,Asciutto,Asfaltata,Verticale ed orizzontale,Sereno,Normale,Buona,Ore Diurne,1,0,0,1,12.4645,41.9,-1,2,Autovettura privata,In marcia / fermata / arresto,Conducente,M,Illeso,0,,Non accertato,,,
3903643,1,02/07/2018 22:40:00,Strada Urbana,CORSO VITTORIO EMANUELE II,all'intersezione con,PIAZZA DI S. ANDREA DELLA VALLE,PIAZZA DI S. ANDREA DELLA VALLE,,,Tamponamento,Incrocio,Una carreggiata a doppio senso,Asciutto,Asfaltata,Verticale ed orizzontale,Sereno,Normale,Buona,Sufficiente,4,0,0,2,12.4745,41.8965,-1,1,Autovettura pubblica,In marcia / fermata / arresto,Conducente,M,Illeso,0,,Non accertato,Inesploso,,
3903643,1,02/07/2018 22:40:00,Strada Urbana,CORSO VITTORIO EMANUELE II,all'intersezione con,PIAZZA DI S. ANDREA DELLA VALLE,PIAZZA DI S. ANDREA DELLA VALLE,,,Tamponamento,Incrocio,Una carreggiata a doppio senso,Asciutto,Asfaltata,Verticale ed orizzontale,Sereno,Normale,Buona,Sufficiente,4,0,0,2,12.4745,41.8965,-1,2,Autovettura pubblica,In marcia / fermata / arresto,Conducente,M,Illeso,0,,Non accertato,Esploso,,
3903643,1,02/07/2018 22:40:00,Strada Urbana,CORSO VITTORIO EMANUELE II,all'intersezione con,PIAZZA DI S. ANDREA DELLA VALLE,PIAZZA DI S. ANDREA DELLA VALLE,,,Tamponamento,Incrocio,Una carreggiata a doppio senso,Asciutto,Asfaltata,Verticale ed orizzontale,Sereno,Normale,Buona,Sufficiente,4,0,0,2,12.4745,41.8965,-1,2,Autovettura pubblica,In marcia / fermata / arresto,Passeggero,F,Rimandato,0,NON DECEDUTO,Non accertato,,,
3903643,1,02/07/2018 22:40:00,Strada Urbana,CORSO VITTORIO EMANUELE II,all'intersezione con,PIAZZA DI S. ANDREA DELLA VALLE,PIAZZA DI S. ANDREA DELLA VALLE,,,Tamponamento,Incrocio,Una carreggiata a doppio senso,Asciutto,Asfaltata,Verticale ed orizzontale,Sereno,Normale,Buona,Sufficiente,4,0,0,2,12.4745,41.8965,-1,2,Autovettura pubblica,In marcia / fermata / arresto,Passeggero,M,Rimandato,0,NON DECEDUTO,Non accertato,,,
3903643,1,02/07/2018 22:40:00,Strada Urbana,CORSO VITTORIO EMANUELE II,all'intersezione con,PIAZZA DI S. ANDREA DELLA VALLE,PIAZZA DI S. ANDREA DELLA VALLE,,,Tamponamento,Incrocio,Una carreggiata a doppio senso,Asciutto,Asfaltata,Verticale ed orizzontale,Sereno,Normale,Buona,Sufficiente,4,0,0,2,12.4745,41.8965,-1,2,Autovettura pubblica,In marcia / fermata / arresto,Passeggero,M,Ricoverato,0,NON DECEDUTO,Non accertato,,,
3903652,4,03/07/2018 15:30:00,Strada Urbana,PIAZZA UGO DA COMO,in corrispondenza,,del civico n.,10,,Veicolo in marcia contro veicolo in sosta,Curva a visuale libera,Una carreggiata a senso unico di marcia,Asciutto,Asfaltata,Assente,Sereno,Scarso,Buona,Ore Diurne,0,0,0,1,12.5174,41.948,-1,1,Autocarro inferiore 35 q.,In marcia / fermata / arresto,Conducente,M,Illeso,0,,,,,
3903654,18,04/07/2018 11:40:00,Strada Urbana,VIA LUDOVICO ALTIERI,in prossimit�,,del civico n.,14,,Veicolo in marcia contro veicolo in sosta,Rettilineo,Una carreggiata a senso unico di marcia,Asciutto,Asfaltata,Verticale ed orizzontale,Sereno,Scarso,Buona,Ore Diurne,0,0,0,1,12.4316,41.897,-1,1,Autocarro superiore 35 q.,In marcia / fermata / arresto,Conducente,M,Illeso,0,,Non accertato,Inesploso,,
3903657,18,04/07/2018 10:45:00,Strada Urbana,VIA DELLA MADONNA DEL RIPOSO,all'intersezione semaforizzata con,VIA AURELIA,VIA AURELIA,,,Tamponamento,Intersezione semaforizzata,Una carreggiata a doppio senso,Asciutto,Asfaltata,Verticale ed orizzontale,Sereno,Normale,Buona,Ore Diurne,0,0,0,2,12.4325,41.8966,-1,1,Quadriciclo leggero,In marcia / fermata / arresto,Conducente,F,Illeso,0,,Non accertato,Inesploso,,