Protocollo,Gruppo,DataOraIncidente,Localizzazione1,STRADA1,Localizzazione2,STRADA2,Strada02,Chilometrica,DaSpecificare,NaturaIncidente,particolaritastrade,TipoStrada,FondoStradale,Pavimentazione,Segnaletica,CondizioneAtmosferica,Traffico,Visibilita,Illuminazione,NUM_FERITI,NUM_RISERVATA,NUM_MORTI,NUM_ILLESI,Longitudine,Latitudine,Confermato,Progressivo,TipoVeicolo,StatoVeicolo,TipoPersona,Sesso,Tipolesione,Deceduto,DecedutoDopo,CinturaCascoUtilizzato,Airbag,,
3903657,18,04/07/2018 10:45:00,Strada Urbana,VIA DELLA MADONNA DEL RIPOSO,all'intersezione semaforizzata con,VIA AURELIA,VIA AURELIA,,,Tamponamento,Intersezione semaforizzata,Una carreggiata a doppio senso,Asciutto,Asfaltata,Verticale ed orizzontale,Sereno,Normale,Buona,Ore Diurne,0,0,0,2,12.4325,41.8966,-1,2,Autovettura privata,In marcia / fermata / arresto,Conducente,M,Illeso,0,,Non accertato,Inesploso,,
3903666,18,04/07/2018 11:45:00,Strada Urbana,VIA AURELIA,in prossimit�,,del civico n.,511,,Tamponamento,Rettilineo,Una carreggiata a doppio senso,Asciutto,Asfaltata,Verticale ed orizzontale,Sereno,Normale,Buona,Ore Diurne,0,0,0,2,12.4233,41.898,-1,1,Autovettura privata,In marcia / fermata / arresto,Conducente,F,Illeso,0,,,,,
3903666,18,04/07/2018 11:45:00,Strada Urbana,VIA AURELIA,in prossimit�,,del civico n.,511,,Tamponamento,Rettilineo,Una carreggiata a doppio senso,Asciutto,Asfaltata,Verticale ed orizzontale,Sereno,Normale,Buona,Ore Diurne,0,0,0,2,12.4233,41.898,-1,2,Autovettura privata,In marcia / fermata / arresto,Conducente,M,Illeso,0,,,,,
3903669,1,03/07/2018 17:45:00,Strada Urbana,VIALE PRETORIANO,all'intersezione semaforizzata con,PIAZZALE SISTO V,PIAZZALE SISTO V,,,Investimento di pedone,Intersezione semaforizzata,Una carreggiata a doppio senso,Asciutto,Asfaltata,Verticale,Sereno,Normale,Sufficiente,Ore Diurne,1,0,0,0,,,0,,,,Pedone,F,Rimandato,0,NON DECEDUTO,,,,
3903679,1,03/07/2018 16:45:00,Strada Urbana,VIA DEI BAULLARI,in corrispondenza,,del civico n.,134,,Investimento di pedone,Rettilineo,Una carreggiata a doppio senso,Asciutto,In cubetti di porfido,Verticale,Sereno,Normale,Buona,Ore Diurne,1,0,0,1,12.4724,41.8962,-1,,,,Pedone,M,Rimandato,0,NON DECEDUTO,,,,
3903679,1,03/07/2018 16:45:00,Strada Urbana,VIA DEI BAULLARI,in corrispondenza,,del civico n.,134,,Investimento di pedone,Rettilineo,Una carreggiata a doppio senso,Asciutto,In cubetti di porfido,Verticale,Sereno,Normale,Buona,Ore Diurne,1,0,0,1,12.4724,41.8962,-1,1,Autovettura pubblica,In marcia / fermata / arresto,Conducente,M,Illeso,0,,,,,
3903835,18,04/07/2018 16:30:00,Strada Urbana,VIA DELLA PINETA SACCHETTI,all'intersezione con,VIA CALISTO II,VIA CALISTO II,,,Investimento di pedone,Intersezione stradale segnalata,Una carreggiata a doppio senso,Asciutto,Asfaltata,Verticale ed orizzontale,Sereno,Normale,Buona,Ore Diurne,2,0,0,0,12.4244,41.9231,-1,,,,Pedone,F,Rimandato,0,NON DECEDUTO,,,,
3903835,18,04/07/2018 16:30:00,Strada Urbana,VIA DELLA PINETA SACCHETTI,all'intersezione con,VIA CALISTO II,VIA CALISTO II,,,Investimento di pedone,Intersezione stradale segnalata,Una carreggiata a doppio senso,Asciutto,Asfaltata,Verticale ed orizzontale,Sereno,Normale,Buona,Ore Diurne,2,0,0,0,12.4244,41.9231,-1,1,Motociclo a solo,In marcia / fermata / arresto,Conducente,M,Rimandato,0,NON DECEDUTO,Non accertato,,,
3903889,10,04/07/2018 17:40:00,Strada Urbana,VIA TUSCOLANA,da specificare,,,,via telegono,Scontro laterale fra veicoli in marcia,Rettilineo,Due carreggiate,Asciutto,Asfaltata,Orizzontale,Sereno,Normale,Buona,Ore Diurne,1,0,0,2,12.5511,41.863,-1,1,Autovettura privata,In marcia / fermata / arresto,Conducente,F,Illeso,0,,Non accertato,Inesploso,,
3903889,10,04/07/2018 17:40:00,Strada Urbana,VIA TUSCOLANA,da specificare,,,,via telegono,Scontro laterale fra veicoli in marcia,Rettilineo,Due carreggiate,Asciutto,Asfaltata,Orizzontale,Sereno,Normale,Buona,Ore Diurne,1,0,0,2,12.5511,41.863,-1,1,Autovettura privata,In marcia / fermata / arresto,Passeggero,F,Illeso,0,,Non accertato,Inesploso,,
3903889,10,04/07/2018 17:40:00,Strada Urbana,VIA TUSCOLANA,da specificare,,,,via telegono,Scontro laterale fra veicoli in marcia,Rettilineo,Due carreggiate,Asciutto,Asfaltata,Orizzontale,Sereno,Normale,Buona,Ore Diurne,1,0,0,2,12.5511,41.863,-1,2,Motociclo a solo,In marcia / fermata / arresto,Conducente,F,Rimandato,0,NON DECEDUTO,Non accertato,,,
3903926,5,04/07/2018 08:30:00,Strada Urbana,VIA ALESSANDRO DE STEFANI,in prossimit�,,del civico n.,55,,Scontro frontale/laterale SX fra veicoli in marcia,Rettilineo,Una carreggiata a doppio senso,Asciutto,Asfaltata,Verticale ed orizzontale,Sereno,Scarso,Buona,Ore Diurne,0,0,0,2,12.566,41.945,-1,1,Motociclo a solo,In marcia / fermata / arresto,Conducente,M,Illeso,0,,Non accertato,,,
3903926,5,04/07/2018 08:30:00,Strada Urbana,VIA ALESSANDRO DE STEFANI,in prossimit�,,del civico n.,55,,Scontro frontale/laterale SX fra veicoli in marcia,Rettilineo,Una carreggiata a doppio senso,Asciutto,Asfaltata,Verticale ed orizzontale,Sereno,Scarso,Buona,Ore Diurne,0,0,0,2,12.566,41.945,-1,2,Autovettura privata,In marcia / fermata / arresto,Conducente,M,Illeso,0,,Non accertato,,,
3903930,5,04/07/2018 08:50:00,,VIALE GIUSEPPE CAPPI,da specificare,,,,pross. VIA NINO TAMASSIA dir. BELMONTE IN SABINA,Veicolo in marcia contro ostacolo accidentale,,,,,,,,,,0,0,0,1,12.5871,41.9445,0,1,Motociclo a solo,In marcia / fermata / arresto,Conducente,M,Illeso,0,,,,,
3903942,5,04/07/2018 09:45:00,Strada Urbana,NUOVA CIRCONVALLAZIONE INTERNA,da specificare,,,,dir. SALARIA tr. uscita staz. Tiburtina-Monti Tibu,Tamponamento,Galleria illuminata,Una carreggiata a senso unico di marcia,Asciutto,Asfaltata,Verticale ed orizzontale,Sereno,Intenso,Buona,Ore Diurne,0,0,0,2,12.5282,41.913,-1,1,Autovettura privata,In marcia / fermata / arresto,Conducente,M,Illeso,0,,Non accertato,Inesploso,,
3903942,5,04/07/2018 09:45:00,Strada Urbana,NUOVA CIRCONVALLAZIONE INTERNA,da specificare,,,,dir. SALARIA tr. uscita staz. Tiburtina-Monti Tibu,Tamponamento,Galleria illuminata,Una carreggiata a senso unico di marcia,Asciutto,Asfaltata,Verticale ed orizzontale,Sereno,Intenso,Buona,Ore Diurne,0,0,0,2,12.5282,41.913,-1,2,Autovettura privata,In marcia / fermata / arresto,Conducente,M,Illeso,0,,Non accertato,Inesploso,,
3903949,19,04/07/2018 18:30:00,Strada Urbana,VIA PASQUALE II,in corrispondenza,,del civico n.,201,,Scontro frontale fra veicoli in marcia,Rettilineo,Una carreggiata a doppio senso,Asciutto,Asfaltata,Orizzontale,Sereno,Normale,Buona,Ore Diurne,0,0,0,3,12.4092,41.9098,-1,1,Autovettura privata,In marcia / fermata / arresto,Conducente,M,Illeso,0,,Non accertato,Inesploso,,
3903949,19,04/07/2018 18:30:00,Strada Urbana,VIA PASQUALE II,in corrispondenza,,del civico n.,201,,Scontro frontale fra veicoli in marcia,Rettilineo,Una carreggiata a doppio senso,Asciutto,Asfaltata,Orizzontale,Sereno,Normale,Buona,Ore Diurne,0,0,0,3,12.4092,41.9098,-1,1,Autovettura privata,In marcia / fermata / arresto,Passeggero,F,Illeso,0,,Non accertato,Inesploso,,
3903949,19,04/07/2018 18:30:00,Strada Urbana,VIA PASQUALE II,in corrispondenza,,del civico n.,201,,Scontro frontale fra veicoli in marcia,Rettilineo,Una carreggiata a doppio senso,Asciutto,Asfaltata,Orizzontale,Sereno,Normale,Buona,Ore Diurne,0,0,0,3,12.4092,41.9098,-1,2,Autovettura privata,In marcia / fermata / arresto,Conducente,M,Illeso,0,,,,,
3903958,16,04/07/2018 10:35:00,Strada Urbana,VIA PORTUENSE,in corrispondenza,,del civico n.,112 c,,Veicolo in marcia contro veicolo in sosta,Rettilineo,Una carreggiata a senso unico di marcia,Asciutto,Asfaltata,Assente,Sereno,Scarso,Buona,Ore Diurne,0,0,0,1,12.4689,41.8782,-1,2,Autocarro inferiore 35 q.,In marcia / fermata / arresto,Conducente,M,Illeso,0,,Non accertato,,,
3903966,5,04/07/2018 11:20:00,Strada Urbana,VIALE PALMIRO TOGLIATTI,in prossimit�,,del civico n.,1565,,Tamponamento Multiplo,Rettilineo,Due carreggiate,Asciutto,Asfaltata,Orizzontale,Sereno,Normale,Buona,Ore Diurne,0,0,0,5,12.5692,41.9156,-1,1,Autovettura privata,In marcia / fermata / arresto,Conducente,M,Illeso,0,,Non accertato,,,
3903966,5,04/07/2018 11:20:00,Strada Urbana,VIALE PALMIRO TOGLIATTI,in prossimit�,,del civico n.,1565,,Tamponamento Multiplo,Rettilineo,Due carreggiate,Asciutto,Asfaltata,Orizzontale,Sereno,Normale,Buona,Ore Diurne,0,0,0,5,12.5692,41.9156,-1,2,Autovettura privata,In marcia / fermata / arresto,Conducente,M,Illeso,0,,Non accertato,,,
3903966,5,04/07/2018 11:20:00,Strada Urbana,VIALE PALMIRO TOGLIATTI,in prossimit�,,del civico n.,1565,,Tamponamento Multiplo,Rettilineo,Due carreggiate,Asciutto,Asfaltata,Orizzontale,Sereno,Normale,Buona,Ore Diurne,0,0,0,5,12.5692,41.9156,-1,3,Autovettura privata,In marcia / fermata / arresto,Conducente,M,Illeso,0,,Non accertato,,,
3903966,5,04/07/2018 11:20:00,Strada Urbana,VIALE PALMIRO TOGLIATTI,in prossimit�,,del civico n.,1565,,Tamponamento Multiplo,Rettilineo,Due carreggiate,Asciutto,Asfaltata,Orizzontale,Sereno,Normale,Buona,Ore Diurne,0,0,0,5,12.5692,41.9156,-1,4,Autovettura privata,In marcia / fermata / arresto,Conducente,F,Illeso,0,,Non accertato,,,
3903966,5,04/07/2018 11:20:00,Strada Urbana,VIALE PALMIRO TOGLIATTI,in prossimit�,,del civico n.,1565,,Tamponamento Multiplo,Rettilineo,Due carreggiate,Asciutto,Asfaltata,Orizzontale,Sereno,Normale,Buona,Ore Diurne,0,0,0,5,12.5692,41.9156,-1,5,Autovettura privata,In marcia / fermata / arresto,Conducente,F,Illeso,0,,Non accertato,,,
3903969,5,04/07/2018 10:30:00,Strada Urbana,VIA VACUNA,in corrispondenza,,del civico n.,71,,Veicolo in marcia contro veicolo in sosta,Rettilineo,Una carreggiata a senso unico di marcia,Asciutto,Asfaltata,Assente,Sereno,Normale,Buona,Ore Diurne,0,0,0,1,12.5359,41.9109,-1,2,Autocarro inferiore 35 q.,In marcia / fermata / arresto,Conducente,M,Illeso,0,,Non accertato,Inesistente,,
3903971,16,04/07/2018 08:00:00,Strada Urbana,LARGO VICTOR HUGO GIROLAMI,all'intersezione con,VIA EDOARDO MARAGLIANO,VIA EDOARDO MARAGLIANO,,,Veicolo in marcia contro veicolo fermo,Incrocio,Una carreggiata a senso unico di marcia,Asciutto,Asfaltata,Verticale ed orizzontale,Sereno,Normale,Buona,Ore Diurne,0,0,0,2,12.4422,41.8653,-1,1,Autovettura privata,In marcia / fermata / arresto,Conducente,M,Illeso,0,,Non accertato,Inesploso,,
3903971,16,04/07/2018 08:00:00,Strada Urbana,LARGO VICTOR HUGO GIROLAMI,all'intersezione con,VIA EDOARDO MARAGLIANO,VIA EDOARDO MARAGLIANO,,,Veicolo in marcia contro veicolo fermo,Incrocio,Una carreggiata a senso unico di marcia,Asciutto,Asfaltata,Verticale ed orizzontale,Sereno,Normale,Buona,Ore Diurne,0,0,0,2,12.4422,41.8653,-1,2,Autovettura privata,In marcia / fermata / arresto,Conducente,F,Illeso,0,,Non accertato,Inesploso,,
3903983,9,04/07/2018 16:30:00,Strada Urbana,VIA DELLA CAFFARELLETTA,in prossimit�,,del civico n.,69,,Veicolo in marcia contro veicoli in sosta,Rettilineo,Una carreggiata a senso unico di marcia,Asciutto,Asfaltata,Verticale ed orizzontale,Sereno,Scarso,Buona,Ore Diurne,1,0,0,0,12.5177,41.8684,-1,1,Autovettura privata,In marcia / fermata / arresto,Conducente,M,Rimandato,0,NON DECEDUTO,Non accertato,Inesploso,,
3904021,7,04/07/2018 17:50:00,Strada Urbana,VIALE PALMIRO TOGLIATTI,in corrispondenza,,del civico n.,997,,Tamponamento,Rettilineo,Una carreggiata a senso unico di marcia,Asciutto,Asfaltata,Verticale ed orizzontale,Sereno,Intenso,Buona,Ore Diurne,0,0,0,2,12.5744,41.8943,-1,1,Autovettura privata,In marcia / fermata / arresto,Conducente,M,Illeso,0,,Non accertato,Inesploso,,
3904021,7,04/07/2018 17:50:00,Strada Urbana,VIALE PALMIRO TOGLIATTI,in corrispondenza,,del civico n.,997,,Tamponamento,Rettilineo,Una carreggiata a senso unico di marcia,Asciutto,Asfaltata,Verticale ed orizzontale,Sereno,Intenso,Buona,Ore Diurne,0,0,0,2,12.5744,41.8943,-1,2,Autovettura privata,In marcia / fermata / arresto,Conducente,F,Illeso,0,,Non accertato,Inesploso,,
3904314,9,04/07/2018 19:00:00,Strada Urbana,VIA LA SPEZIA,all'intersezione semaforizzata con,VIA NOLA,VIA NOLA,,,Scontro frontale/laterale DX fra veicoli in marcia,Intersezione semaforizzata,Una carreggiata a doppio senso,Asciutto,Asfaltata,Verticale ed orizzontale,Sereno,Normale,Buona,Ore Diurne,1,0,0,0,12.5152,41.8864,0,1,Motociclo a solo,In marcia / fermata / arresto,Conducente,M,Rimandato,0,NON DECEDUTO,Non accertato,,,
3904318,6,04/07/2018 19:20:00,Strada Urbana,VIALE DELLA SERENISSIMA,in prossimit�,,del civico n.,159,,Scontro laterale fra veicoli in marcia,Rettilineo,Pi� di due carreggiate,Asciutto,Asfaltata,Verticale ed orizzontale,Sereno,Intenso,Buona,Ore Diurne,0,0,0,3,12.558,41.899,-1,1,Autovettura privata,In marcia / fermata / arresto,Conducente,M,Illeso,0,,,,,
3904318,6,04/07/2018 19:20:00,Strada Urbana,VIALE DELLA SERENISSIMA,in prossimit�,,del civico n.,159,,Scontro laterale fra veicoli in marcia,Rettilineo,Pi� di due carreggiate,Asciutto,Asfaltata,Verticale ed orizzontale,Sereno,Intenso,Buona,Ore Diurne,0,0,0,3,12.558,41.899,-1,1,Autovettura privata,In marcia / fermata / arresto,Passeggero,F,Illeso,0,,,,,
3904318,6,04/07/2018 19:20:00,Strada Urbana,VIALE DELLA SERENISSIMA,in prossimit�,,del civico n.,159,,Scontro laterale fra veicoli in marcia,Rettilineo,Pi� di due carreggiate,Asciutto,Asfaltata,Verticale ed orizzontale,Sereno,Intenso,Buona,Ore Diurne,0,0,0,3,12.558,41.899,-1,2,Autovettura privata,In marcia / fermata / arresto,Conducente,M,Illeso,0,,,,,
3904336,7,04/07/2018 17:30:00,Strada Urbana,VIALE PALMIRO TOGLIATTI,all'intersezione con,VIA ANTONIO SEBASTIANI,VIA ANTONIO SEBASTIANI,,,Scontro laterale fra veicoli in marcia,Incrocio,Due carreggiate,Asciutto,Asfaltata,Orizzontale,Sereno,Normale,Buona,Ore Diurne,0,0,0,2,12.5733,41.8872,-1,1,Autovettura privata,In marcia / fermata / arresto,Conducente,M,Illeso,0,,Non accertato,Inesploso,,
3904336,7,04/07/2018 17:30:00,Strada Urbana,VIALE PALMIRO TOGLIATTI,all'intersezione con,VIA ANTONIO SEBASTIANI,VIA ANTONIO SEBASTIANI,,,Scontro laterale fra veicoli in marcia,Incrocio,Due carreggiate,Asciutto,Asfaltata,Orizzontale,Sereno,Normale,Buona,Ore Diurne,0,0,0,2,12.5733,41.8872,-1,2,Autovettura privata,In marcia / fermata / arresto,Conducente,F,Illeso,0,,Non accertato,Inesploso,,
3904338,18,04/07/2018 21:55:00,Strada Urbana,VIA SILVESTRO II,all'intersezione con,VIA PIO IX,VIA PIO IX,,,Scontro frontale/laterale SX fra veicoli in marcia,Incrocio,Una carreggiata a senso unico di marcia,Asciutto,Asfaltata,Verticale,Sereno,Scarso,Buona,Sufficiente,0,0,0,3,12.4234,41.9057,-1,1,Autovettura privata,In marcia / fermata / arresto,Conducente,M,Illeso,0,,,,,
3904338,18,04/07/2018 21:55:00,Strada Urbana,VIA SILVESTRO II,all'intersezione con,VIA PIO IX,VIA PIO IX,,,Scontro frontale/laterale SX fra veicoli in marcia,Incrocio,Una carreggiata a senso unico di marcia,Asciutto,Asfaltata,Verticale,Sereno,Scarso,Buona,Sufficiente,0,0,0,3,12.4234,41.9057,-1,2,Autovettura privata,In marcia / fermata / arresto,Conducente,M,Illeso,0,,,,,
3904338,18,04/07/2018 21:55:00,Strada Urbana,VIA SILVESTRO II,all'intersezione con,VIA PIO IX,VIA PIO IX,,,Scontro frontale/laterale SX fra veicoli in marcia,Incrocio,Una carreggiata a senso unico di marcia,Asciutto,Asfaltata,Verticale,Sereno,Scarso,Buona,Sufficiente,0,0,0,3,12.4234,41.9057,-1,2,Autovettura privata,In marcia / fermata / arresto,Passeggero,M,Illeso,0,,,,,
3904348,8,04/07/2018 09:10:00,Strada Urbana,VIA DEL FOSSO DI S. MAURA,in prossimit�,,del civico n.,93,,Scontro laterale fra veicoli in marcia,Rettilineo,Una carreggiata a senso unico di marcia,Asciutto,Asfaltata,Orizzontale,Sereno,Intenso,Buona,Ore Diurne,0,0,0,2,12.5978,41.8571,-1,1,Autovettura privata,In marcia / fermata / arresto,Conducente,M,Illeso,0,,Non accertato,Inesploso,,
3904348,8,04/07/2018 09:10:00,Strada Urbana,VIA DEL FOSSO DI S. MAURA,in prossimit�,,del civico n.,93,,Scontro laterale fra veicoli in marcia,Rettilineo,Una carreggiata a senso unico di marcia,Asciutto,Asfaltata,Orizzontale,Sereno,Intenso,Buona,Ore Diurne,0,0,0,2,12.5978,41.8571,-1,2,Autovettura privata,In marcia / fermata / arresto,Conducente,F,Illeso,0,,Non accertato,Inesploso,,
3904350,8,04/07/2018 10:00:00,Strada Urbana,VIA DELLE CERQUETE,in prossimit�,,del civico n.,71/b,,Investimento di pedone,Rettilineo,Una carreggiata a doppio senso,Asciutto,Strada pavimentata dissestata,Assente,Sereno,Normale,Buona,Ore Diurne,1,0,0,1,12.668,41.9181,-1,,,,Pedone,M,Ricoverato,0,NON DECEDUTO,,,,
3904350,8,04/07/2018 10:00:00,Strada Urbana,VIA DELLE CERQUETE,in prossimit�,,del civico n.,71/b,,Investimento di pedone,Rettilineo,Una carreggiata a doppio senso,Asciutto,Strada pavimentata dissestata,Assente,Sereno,Normale,Buona,Ore Diurne,1,0,0,1,12.668,41.9181,-1,1,Autovettura privata,In marcia / fermata / arresto,Conducente,M,Illeso,0,,Non accertato,Inesploso,,
3904351,7,05/07/2018 06:50:00,Strada Urbana,VIA CASILINA,in corrispondenza,,del civico n.,1040,,Scontro laterale fra veicoli in marcia,Rettilineo,Una carreggiata a doppio senso,Asciutto,Asfaltata,Orizzontale,Sereno,Normale,Buona,Ore Diurne,1,0,0,2,12.5884,41.868,-1,1,Autovettura privata,In marcia / fermata / arresto,Conducente,F,Illeso,0,,Non accertato,Inesploso,,
3904351,7,05/07/2018 06:50:00,Strada Urbana,VIA CASILINA,in corrispondenza,,del civico n.,1040,,Scontro laterale fra veicoli in marcia,Rettilineo,Una carreggiata a doppio senso,Asciutto,Asfaltata,Orizzontale,Sereno,Normale,Buona,Ore Diurne,1,0,0,2,12.5884,41.868,-1,1,Autovettura privata,In marcia / fermata / arresto,Passeggero,M,Illeso,0,,Non accertato,Inesploso,,
3904351,7,05/07/2018 06:50:00,Strada Urbana,VIA CASILINA,in corrispondenza,,del civico n.,1040,,Scontro laterale fra veicoli in marcia,Rettilineo,Una carreggiata a doppio senso,Asciutto,Asfaltata,Orizzontale,Sereno,Normale,Buona,Ore Diurne,1,0,0,2,12.5884,41.868,-1,2,Motociclo a solo,In marcia / fermata / arresto,Conducente,M,Ricoverato,0,NON DECEDUTO,,,,
3904354,8,04/07/2018 10:10:00,Strada Urbana,VIA ALBERTO LUTHULI,all'intersezione con,VIA RAOUL FOLLEREAU,VIA RAOUL FOLLEREAU,,,Scontro frontale/laterale DX fra veicoli in marcia,Intersezione stradale segnalata,Una carreggiata a doppio senso,Asciutto,Asfaltata,Verticale ed orizzontale,Sereno,Normale,Buona,Ore Diurne,1,0,0,1,12.6763,41.8938,-1,1,Autobus di linea,In marcia / fermata / arresto,Conducente,M,Illeso,0,,Non accertato,Inesploso,,
3904354,8,04/07/2018 10:10:00,Strada Urbana,VIA ALBERTO LUTHULI,all'intersezione con,VIA RAOUL FOLLEREAU,VIA RAOUL FOLLEREAU,,,Scontro frontale/laterale DX fra veicoli in marcia,Intersezione stradale segnalata,Una carreggiata a doppio senso,Asciutto,Asfaltata,Verticale ed orizzontale,Sereno,Normale,Buona,Ore Diurne,1,0,0,1,12.6763,41.8938,-1,2,Autovettura privata,In marcia / fermata / arresto,Conducente,M,Rifiuta cure immediate,0,NON DECEDUTO,Non accertato,Inesploso,,
3904362,8,04/07/2018 19:25:00,Strada Urbana,VIALE PAOLO FERDINANDO QUAGLIA,in prossimit�,,del civico n.,26,,Scontro frontale/laterale SX fra veicoli in marcia,Rettilineo,Una carreggiata a doppio senso,Asciutto,Asfaltata,Verticale,Sereno,Normale,Buona,Ore Diurne,1,0,0,1,12.6392,41.8673,-1,1,Motociclo a solo,In marcia / fermata / arresto,Conducente,M,Rimandato,0,NON DECEDUTO,Non accertato,,,
3904362,8,04/07/2018 19:25:00,Strada Urbana,VIALE PAOLO FERDINANDO QUAGLIA,in prossimit�,,del civico n.,26,,Scontro frontale/laterale SX fra veicoli in marcia,Rettilineo,Una carreggiata a doppio senso,Asciutto,Asfaltata,Verticale,Sereno,Normale,Buona,Ore Diurne,1,0,0,1,12.6392,41.8673,-1,2,Autovettura privata,In marcia / fermata / arresto,Conducente,M,Illeso,0,,Non accertato,Inesploso,,
3904367,15,04/07/2018 07:20:00,Strada Urbana,VIA DELLA MAGLIANA,da specificare,,,,rampa Roma Fiumicino dir fuori Roma,Scontro laterale fra veicoli in marcia,Rettilineo,Una carreggiata a senso unico di marcia,Asciutto,Asfaltata,Verticale ed orizzontale,Sereno,Intenso,Buona,Ore Diurne,1,0,0,1,12.4196,41.8317,-1,1,Motociclo a solo,In marcia / fermata / arresto,Conducente,M,Rimandato,0,NON DECEDUTO,Utilizzato,,,
3904367,15,04/07/2018 07:20:00,Strada Urbana,VIA DELLA MAGLIANA,da specificare,,,,rampa Roma Fiumicino dir fuori Roma,Scontro laterale fra veicoli in marcia,Rettilineo,Una carreggiata a senso unico di marcia,Asciutto,Asfaltata,Verticale ed orizzontale,Sereno,Intenso,Buona,Ore Diurne,1,0,0,1,12.4196,41.8317,-1,2,Autovettura privata,In marcia / fermata / arresto,Conducente,M,Illeso,0,,Utilizzato,,,
3904369,8,04/07/2018 18:00:00,,VIA VOLTURINO,in corrispondenza,,del civico n.,21,,Veicolo in marcia contro ostacolo fisso,,,,,,,,,,0,0,0,1,,,0,1,Autocarro superiore 35 q.,In marcia / fermata / arresto,Conducente,M,Illeso,0,,Non accertato,Inesploso,,
3904373,18,04/07/2018 17:00:00,Statale,VIA AURELIA,in corrispondenza,,della chilometrica,9.7,,Tamponamento,Pendenza,Due carreggiate,Asciutto,Asfaltata,Orizzontale,Sereno,Normale,Buona,Ore Diurne,1,0,0,1,12.4002,41.8857,-1,1,Autovettura privata,In marcia / fermata / arresto,Conducente,M,Rifiuta cure immediate,0,NON DECEDUTO,,,,
3904373,18,04/07/2018 17:00:00,Statale,VIA AURELIA,in corrispondenza,,della chilometrica,9.7,,Tamponamento,Pendenza,Due carreggiate,Asciutto,Asfaltata,Orizzontale,Sereno,Normale,Buona,Ore Diurne,1,0,0,1,12.4002,41.8857,-1,2,Autovettura privata,In marcia / fermata / arresto,Conducente,F,Illeso,0,,,,,
3904397,10,04/07/2018 17:30:00,Strada Urbana,VIA TUSCOLANA,in prossimit�,,del civico n.,918,,Scontro laterale fra veicoli in marcia,Rettilineo,Due carreggiate,Asciutto,Asfaltata,Verticale ed orizzontale,Sereno,Intenso,Buona,Ore Diurne,1,0,0,1,12.5514,41.8626,-1,1,Motociclo a solo,In marcia / fermata / arresto,Conducente,M,Rimandato,0,NON DECEDUTO,Non accertato,,,
3904397,10,04/07/2018 17:30:00,Strada Urbana,VIA TUSCOLANA,in prossimit�,,del civico n.,918,,Scontro laterale fra veicoli in marcia,Rettilineo,Due carreggiate,Asciutto,Asfaltata,Verticale ed orizzontale,Sereno,Intenso,Buona,Ore Diurne,1,0,0,1,12.5514,41.8626,-1,2,Autovettura privata,In marcia / fermata / arresto,Conducente,M,Illeso,0,,Non accertato,Inesploso,,
3904401,13,04/07/2018 13:35:00,Strada Urbana,VIALE DEI PROMONTORI,all'intersezione con,VIALE GIUSEPPE GENOESE ZERBI,VIALE GIUSEPPE GENOESE ZERBI,,,Scontro frontale/laterale DX fra veicoli in marcia,Incrocio,Due carreggiate,Asciutto,Asfaltata,Verticale,Sereno,Normale,Buona,Ore Diurne,1,0,0,1,12.2935,41.7369,-1,1,Autovettura privata,In marcia / fermata / arresto,Conducente,F,Illeso,0,,Non accertato,Inesploso,,
3904401,13,04/07/2018 13:35:00,Strada Urbana,VIALE DEI PROMONTORI,all'intersezione con,VIALE GIUSEPPE GENOESE ZERBI,VIALE GIUSEPPE GENOESE ZERBI,,,Scontro frontale/laterale DX fra veicoli in marcia,Incrocio,Due carreggiate,Asciutto,Asfaltata,Verticale,Sereno,Normale,Buona,Ore Diurne,1,0,0,1,12.2935,41.7369,-1,2,Motociclo a solo,In marcia / fermata / arresto,Conducente,M,Rimandato,0,NON DECEDUTO,Non accertato,,,
3904403,5,04/07/2018 18:45:00,Strada Urbana,VIA CIVITACAMPOMARANO,all'intersezione con,VIA CASTROPIGNANO,VIA CASTROPIGNANO,,,Scontro frontale/laterale DX fra veicoli in marcia,Incrocio,Una carreggiata a doppio senso,Asciutto,Asfaltata,Verticale,Sereno,Normale,Buona,Ore Diurne,1,0,0,1,12.6443,41.9336,-1,1,Autovettura privata,In marcia / fermata / arresto,Conducente,M,Illeso,0,,Non accertato,Inesploso,,
3904403,5,04/07/2018 18:45:00,Strada Urbana,VIA CIVITACAMPOMARANO,all'intersezione con,VIA CASTROPIGNANO,VIA CASTROPIGNANO,,,Scontro frontale/laterale DX fra veicoli in marcia,Incrocio,Una carreggiata a doppio senso,Asciutto,Asfaltata,Verticale,Sereno,Normale,Buona,Ore Diurne,1,0,0,1,12.6443,41.9336,-1,2,Autovettura privata,In marcia / fermata / arresto,Conducente,M,Rimandato,0,NON DECEDUTO,Non accertato,Inesploso,,
3904408,19,04/07/2018 19:20:00,Strada Urbana,VIA TRIONFALE,in prossimit�,,del civico n.,8379,,Scontro laterale fra veicoli in marcia,Curva senza visuale libera,Una carreggiata a senso unico di marcia,Asciutto,Asfaltata,Orizzontale,Sereno,Normale,Buona,Ore Diurne,0,0,0,2,12.4258,41.9378,-1,1,Autovettura privata,In marcia / fermata / arresto,Conducente,M,Illeso,0,,,,,
3904408,19,04/07/2018 19:20:00,Strada Urbana,VIA TRIONFALE,in prossimit�,,del civico n.,8379,,Scontro laterale fra veicoli in marcia,Curva senza visuale libera,Una carreggiata a senso unico di marcia,Asciutto,Asfaltata,Orizzontale,Sereno,Normale,Buona,Ore Diurne,0,0,0,2,12.4258,41.9378,-1,2,Autovettura privata,In marcia / fermata / arresto,Conducente,M,Illeso,0,,,,,