Protocollo,Gruppo,DataOraIncidente,Localizzazione1,STRADA1,Localizzazione2,STRADA2,Strada02,Chilometrica,DaSpecificare,NaturaIncidente,particolaritastrade,TipoStrada,FondoStradale,Pavimentazione,Segnaletica,CondizioneAtmosferica,Traffico,Visibilita,Illuminazione,NUM_FERITI,NUM_RISERVATA,NUM_MORTI,NUM_ILLESI,Longitudine,Latitudine,Confermato,Progressivo,TipoVeicolo,StatoVeicolo,TipoPersona,Sesso,Tipolesione,Deceduto,DecedutoDopo,CinturaCascoUtilizzato,Airbag,,
3904412,20,04/07/2018 10:45:00,Statale entro l'abitato,VIA FLAMINIA NUOVA,in corrispondenza,,del civico n.,821,,Tamponamento,Rettilineo,Due carreggiate,Asciutto,Asfaltata,Orizzontale,Nebbia,Normale,Buona,Ore Diurne,0,0,0,3,12.4812,41.9597,-1,1,Autovettura privata,In marcia / fermata / arresto,Conducente,F,Illeso,0,,Non accertato,,,
3904412,20,04/07/2018 10:45:00,Statale entro l'abitato,VIA FLAMINIA NUOVA,in corrispondenza,,del civico n.,821,,Tamponamento,Rettilineo,Due carreggiate,Asciutto,Asfaltata,Orizzontale,Nebbia,Normale,Buona,Ore Diurne,0,0,0,3,12.4812,41.9597,-1,1,Autovettura privata,In marcia / fermata / arresto,Passeggero,M,Illeso,0,,Non accertato,,,
3904412,20,04/07/2018 10:45:00,Statale entro l'abitato,VIA FLAMINIA NUOVA,in corrispondenza,,del civico n.,821,,Tamponamento,Rettilineo,Due carreggiate,Asciutto,Asfaltata,Orizzontale,Nebbia,Normale,Buona,Ore Diurne,0,0,0,3,12.4812,41.9597,-1,2,Autovettura privata,In marcia / fermata / arresto,Conducente,F,Illeso,0,,Non accertato,,,
3904419,19,04/07/2018 20:10:00,Strada Urbana,VIALE ANTONINO DI SAN GIULIANO,all'intersezione con,VIA DEI ROBILANT,VIA DEI ROBILANT,,,Scontro frontale/laterale DX fra veicoli in marcia,Intersezione stradale segnalata,Una carreggiata a senso unico di marcia,Asciutto,Asfaltata,Verticale ed orizzontale,Sereno,Normale,Buona,Sufficiente,2,0,0,1,12.4605,41.9372,-1,1,Autovettura privata,In marcia / fermata / arresto,Conducente,M,Illeso,0,,Non accertato,Inesploso,,
3904419,19,04/07/2018 20:10:00,Strada Urbana,VIALE ANTONINO DI SAN GIULIANO,all'intersezione con,VIA DEI ROBILANT,VIA DEI ROBILANT,,,Scontro frontale/laterale DX fra veicoli in marcia,Intersezione stradale segnalata,Una carreggiata a senso unico di marcia,Asciutto,Asfaltata,Verticale ed orizzontale,Sereno,Normale,Buona,Sufficiente,2,0,0,1,12.4605,41.9372,-1,2,Motociclo con passeggero,In marcia / fermata / arresto,Conducente,M,Rimandato,0,NON DECEDUTO,Non accertato,,,
3904419,19,04/07/2018 20:10:00,Strada Urbana,VIALE ANTONINO DI SAN GIULIANO,all'intersezione con,VIA DEI ROBILANT,VIA DEI ROBILANT,,,Scontro frontale/laterale DX fra veicoli in marcia,Intersezione stradale segnalata,Una carreggiata a senso unico di marcia,Asciutto,Asfaltata,Verticale ed orizzontale,Sereno,Normale,Buona,Sufficiente,2,0,0,1,12.4605,41.9372,-1,2,Motociclo con passeggero,In marcia / fermata / arresto,Passeggero,F,Rimandato,0,NON DECEDUTO,Non accertato,,,
3904420,13,04/07/2018 14:50:00,Strada Urbana,VIA DEI NAVICELLARI,all'intersezione con,VIA DEI FABBRI NAVALI,VIA DEI FABBRI NAVALI,,,Scontro frontale/laterale DX fra veicoli in marcia,Incrocio,Una carreggiata a senso unico di marcia,Asciutto,Asfaltata,Assente,Sereno,Normale,Sufficiente,Ore Diurne,1,0,0,1,12.3922,41.7883,-1,1,Autovettura privata,In marcia / fermata / arresto,Conducente,F,Illeso,0,,Non accertato,Inesploso,,
3904420,13,04/07/2018 14:50:00,Strada Urbana,VIA DEI NAVICELLARI,all'intersezione con,VIA DEI FABBRI NAVALI,VIA DEI FABBRI NAVALI,,,Scontro frontale/laterale DX fra veicoli in marcia,Incrocio,Una carreggiata a senso unico di marcia,Asciutto,Asfaltata,Assente,Sereno,Normale,Sufficiente,Ore Diurne,1,0,0,1,12.3922,41.7883,-1,2,Velocipede,In marcia / fermata / arresto,Conducente,F,Rimandato,0,NON DECEDUTO,Esente,,,
3904423,11,04/07/2018 19:30:00,Strada Urbana,VIA CRISTOFORO COLOMBO,all'intersezione con,PIAZZA ELIO RUFINO,PIAZZA ELIO RUFINO,,,Scontro laterale fra veicoli in marcia,Intersezione semaforizzata,Pi� di due carreggiate,Asciutto,Asfaltata,Verticale ed orizzontale,Sereno,Normale,Buona,Ore Diurne,0,0,0,4,12.4965,41.8585,-1,1,Autovettura privata,In marcia / fermata / arresto,Conducente,M,Illeso,0,,Non accertato,,,
3904423,11,04/07/2018 19:30:00,Strada Urbana,VIA CRISTOFORO COLOMBO,all'intersezione con,PIAZZA ELIO RUFINO,PIAZZA ELIO RUFINO,,,Scontro laterale fra veicoli in marcia,Intersezione semaforizzata,Pi� di due carreggiate,Asciutto,Asfaltata,Verticale ed orizzontale,Sereno,Normale,Buona,Ore Diurne,0,0,0,4,12.4965,41.8585,-1,1,Autovettura privata,In marcia / fermata / arresto,Passeggero,F,Illeso,0,,Non accertato,,,
3904423,11,04/07/2018 19:30:00,Strada Urbana,VIA CRISTOFORO COLOMBO,all'intersezione con,PIAZZA ELIO RUFINO,PIAZZA ELIO RUFINO,,,Scontro laterale fra veicoli in marcia,Intersezione semaforizzata,Pi� di due carreggiate,Asciutto,Asfaltata,Verticale ed orizzontale,Sereno,Normale,Buona,Ore Diurne,0,0,0,4,12.4965,41.8585,-1,2,Autovettura privata,In marcia / fermata / arresto,Conducente,M,Illeso,0,,Non accertato,,,
3904423,11,04/07/2018 19:30:00,Strada Urbana,VIA CRISTOFORO COLOMBO,all'intersezione con,PIAZZA ELIO RUFINO,PIAZZA ELIO RUFINO,,,Scontro laterale fra veicoli in marcia,Intersezione semaforizzata,Pi� di due carreggiate,Asciutto,Asfaltata,Verticale ed orizzontale,Sereno,Normale,Buona,Ore Diurne,0,0,0,4,12.4965,41.8585,-1,2,Autovettura privata,In marcia / fermata / arresto,Passeggero,M,Illeso,0,,Non utilizzato,,,
3904431,13,04/07/2018 17:10:00,Strada Urbana,VIA SARACENA,da specificare,,,,prossimit� via Maierato,Scontro laterale fra veicoli in marcia,Rettilineo,Una carreggiata a senso unico di marcia,Asciutto,Asfaltata,Assente,Sereno,Normale,Buona,Ore Diurne,0,0,0,3,12.3767,41.7959,-1,1,Autovettura privata,In marcia / fermata / arresto,Conducente,F,Illeso,0,,Non accertato,Inesploso,,
3904431,13,04/07/2018 17:10:00,Strada Urbana,VIA SARACENA,da specificare,,,,prossimit� via Maierato,Scontro laterale fra veicoli in marcia,Rettilineo,Una carreggiata a senso unico di marcia,Asciutto,Asfaltata,Assente,Sereno,Normale,Buona,Ore Diurne,0,0,0,3,12.3767,41.7959,-1,1,Autovettura privata,In marcia / fermata / arresto,Passeggero,M,Illeso,0,,Non accertato,Inesploso,,
3904431,13,04/07/2018 17:10:00,Strada Urbana,VIA SARACENA,da specificare,,,,prossimit� via Maierato,Scontro laterale fra veicoli in marcia,Rettilineo,Una carreggiata a senso unico di marcia,Asciutto,Asfaltata,Assente,Sereno,Normale,Buona,Ore Diurne,0,0,0,3,12.3767,41.7959,-1,1,Autovettura privata,In marcia / fermata / arresto,Passeggero,F,Illeso,0,,Non accertato,Inesploso,,
3904443,20,04/07/2018 11:55:00,Strada Urbana,VIA MONTEROSI,all'intersezione con,VIA CIVITELLA D'AGLIANO,VIA CIVITELLA D'AGLIANO,,,Scontro frontale/laterale SX fra veicoli in marcia,Incrocio,Una carreggiata a doppio senso,Asciutto,Asfaltata,Verticale ed orizzontale,Sereno,Scarso,Buona,Ore Diurne,0,0,0,2,12.4758,41.9503,-1,1,Autovettura privata,In marcia / fermata / arresto,Conducente,M,Illeso,0,,,,,
3904443,20,04/07/2018 11:55:00,Strada Urbana,VIA MONTEROSI,all'intersezione con,VIA CIVITELLA D'AGLIANO,VIA CIVITELLA D'AGLIANO,,,Scontro frontale/laterale SX fra veicoli in marcia,Incrocio,Una carreggiata a doppio senso,Asciutto,Asfaltata,Verticale ed orizzontale,Sereno,Scarso,Buona,Ore Diurne,0,0,0,2,12.4758,41.9503,-1,2,Autovettura pubblica,In marcia / fermata / arresto,Conducente,M,Illeso,0,,Non accertato,,,
3904448,12,04/07/2018 15:00:00,Strada Urbana,PIAZZA GUGLIELMO MARCONI,da specificare,,,,rotatoria direzione Roma centro,Tamponamento,Rotatoria,Due carreggiate,Asciutto,Asfaltata,Verticale ed orizzontale,Sereno,Normale,Buona,Ore Diurne,1,0,0,3,12.4713,41.8337,-1,1,Altro,In marcia / fermata / arresto,Conducente,F,Rimandato,0,NON DECEDUTO,Non accertato,Inesploso,,
3904448,12,04/07/2018 15:00:00,Strada Urbana,PIAZZA GUGLIELMO MARCONI,da specificare,,,,rotatoria direzione Roma centro,Tamponamento,Rotatoria,Due carreggiate,Asciutto,Asfaltata,Verticale ed orizzontale,Sereno,Normale,Buona,Ore Diurne,1,0,0,3,12.4713,41.8337,-1,2,Autocarro inferiore 35 q.,In marcia / fermata / arresto,Conducente,M,Illeso,0,,Non accertato,Inesploso,,
3904448,12,04/07/2018 15:00:00,Strada Urbana,PIAZZA GUGLIELMO MARCONI,da specificare,,,,rotatoria direzione Roma centro,Tamponamento,Rotatoria,Due carreggiate,Asciutto,Asfaltata,Verticale ed orizzontale,Sereno,Normale,Buona,Ore Diurne,1,0,0,3,12.4713,41.8337,-1,2,Autocarro inferiore 35 q.,In marcia / fermata / arresto,Passeggero,M,Illeso,0,,Non accertato,Inesploso,,
3904448,12,04/07/2018 15:00:00,Strada Urbana,PIAZZA GUGLIELMO MARCONI,da specificare,,,,rotatoria direzione Roma centro,Tamponamento,Rotatoria,Due carreggiate,Asciutto,Asfaltata,Verticale ed orizzontale,Sereno,Normale,Buona,Ore Diurne,1,0,0,3,12.4713,41.8337,-1,2,Autocarro inferiore 35 q.,In marcia / fermata / arresto,Passeggero,M,Illeso,0,,Non accertato,Inesploso,,
3904464,17,04/07/2018 21:05:00,Strada Urbana,VIA GIUSEPPE FERRARI,in corrispondenza,,del civico n.,41,,Veicolo in marcia contro veicolo fermo,Rettilineo,Una carreggiata a doppio senso,Asciutto,Asfaltata,Verticale ed orizzontale,Sereno,Normale,Buona,Sufficiente,0,0,0,2,12.4641,41.9145,-1,1,Autocarro inferiore 35 q.,In marcia / fermata / arresto,Conducente,M,Illeso,0,,,,,
3904464,17,04/07/2018 21:05:00,Strada Urbana,VIA GIUSEPPE FERRARI,in corrispondenza,,del civico n.,41,,Veicolo in marcia contro veicolo fermo,Rettilineo,Una carreggiata a doppio senso,Asciutto,Asfaltata,Verticale ed orizzontale,Sereno,Normale,Buona,Sufficiente,0,0,0,2,12.4641,41.9145,-1,2,Autovettura privata,In marcia / fermata / arresto,Conducente,M,Illeso,0,,,,,
3904480,11,05/07/2018 07:30:00,Strada Urbana,VIA DEI GEORGOFILI,all'intersezione con,VIA DELL'ARCADIA,VIA DELL'ARCADIA,,,Scontro frontale/laterale SX fra veicoli in marcia,Incrocio,Una carreggiata a senso unico di marcia,Asciutto,Asfaltata,Verticale ed orizzontale,Sereno,Normale,Buona,Ore Diurne,1,0,0,1,12.4922,41.8533,-1,1,Autocarro inferiore 35 q.,In marcia / fermata / arresto,Conducente,M,Illeso,0,,Non accertato,Inesploso,,
3904480,11,05/07/2018 07:30:00,Strada Urbana,VIA DEI GEORGOFILI,all'intersezione con,VIA DELL'ARCADIA,VIA DELL'ARCADIA,,,Scontro frontale/laterale SX fra veicoli in marcia,Incrocio,Una carreggiata a senso unico di marcia,Asciutto,Asfaltata,Verticale ed orizzontale,Sereno,Normale,Buona,Ore Diurne,1,0,0,1,12.4922,41.8533,-1,2,Motociclo a solo,In marcia / fermata / arresto,Conducente,M,Rimandato,0,NON DECEDUTO,Non accertato,,,
3904486,6,05/07/2018 08:30:00,Strada Urbana,VIALE DELLA SERENISSIMA,all'intersezione semaforizzata con,VIALE DELLA VENEZIA GIULIA,VIALE DELLA VENEZIA GIULIA,,,Tamponamento,Intersezione semaforizzata,Due carreggiate,Asciutto,Asfaltata,Verticale ed orizzontale,Sereno,Normale,Buona,Ore Diurne,1,0,0,1,12.5587,41.8967,-1,1,Autocarro inferiore 35 q.,In marcia / fermata / arresto,Conducente,M,Illeso,0,,Non accertato,Inesploso,,
3904486,6,05/07/2018 08:30:00,Strada Urbana,VIALE DELLA SERENISSIMA,all'intersezione semaforizzata con,VIALE DELLA VENEZIA GIULIA,VIALE DELLA VENEZIA GIULIA,,,Tamponamento,Intersezione semaforizzata,Due carreggiate,Asciutto,Asfaltata,Verticale ed orizzontale,Sereno,Normale,Buona,Ore Diurne,1,0,0,1,12.5587,41.8967,-1,2,Motociclo a solo,In marcia / fermata / arresto,Conducente,M,Rifiuta cure immediate,0,NON DECEDUTO,Non accertato,,,
3904496,13,04/07/2018 18:50:00,Strada Urbana,VIA DEL MARE,in prossimit�,,della chilometrica,17.2,,Scontro laterale fra veicoli in marcia,Pendenza,Una carreggiata a doppio senso,Asciutto,Asfaltata,Verticale ed orizzontale,Sereno,Normale,Buona,Ore Diurne,4,0,0,1,12.4632,41.8403,-1,1,Autovettura privata,In marcia / fermata / arresto,Conducente,M,Rimandato,0,NON DECEDUTO,Non accertato,Esploso,,
3904496,13,04/07/2018 18:50:00,Strada Urbana,VIA DEL MARE,in prossimit�,,della chilometrica,17.2,,Scontro laterale fra veicoli in marcia,Pendenza,Una carreggiata a doppio senso,Asciutto,Asfaltata,Verticale ed orizzontale,Sereno,Normale,Buona,Ore Diurne,4,0,0,1,12.4632,41.8403,-1,2,Autovettura privata,In marcia / fermata / arresto,Conducente,M,Illeso,0,,Non accertato,Inesploso,,
3904496,13,04/07/2018 18:50:00,Strada Urbana,VIA DEL MARE,in prossimit�,,della chilometrica,17.2,,Scontro laterale fra veicoli in marcia,Pendenza,Una carreggiata a doppio senso,Asciutto,Asfaltata,Verticale ed orizzontale,Sereno,Normale,Buona,Ore Diurne,4,0,0,1,12.4632,41.8403,-1,3,Autovettura privata,In marcia / fermata / arresto,Conducente,F,Rimandato,0,NON DECEDUTO,Non accertato,Esploso,,
3904496,13,04/07/2018 18:50:00,Strada Urbana,VIA DEL MARE,in prossimit�,,della chilometrica,17.2,,Scontro laterale fra veicoli in marcia,Pendenza,Una carreggiata a doppio senso,Asciutto,Asfaltata,Verticale ed orizzontale,Sereno,Normale,Buona,Ore Diurne,4,0,0,1,12.4632,41.8403,-1,3,Autovettura privata,In marcia / fermata / arresto,Passeggero,F,Rimandato,0,NON DECEDUTO,Non accertato,Esploso,,
3904496,13,04/07/2018 18:50:00,Strada Urbana,VIA DEL MARE,in prossimit�,,della chilometrica,17.2,,Scontro laterale fra veicoli in marcia,Pendenza,Una carreggiata a doppio senso,Asciutto,Asfaltata,Verticale ed orizzontale,Sereno,Normale,Buona,Ore Diurne,4,0,0,1,12.4632,41.8403,-1,3,Autovettura privata,In marcia / fermata / arresto,Passeggero,F,Rimandato,0,NON DECEDUTO,Non accertato,Esploso,,
3904497,23,04/07/2018 16:25:00,Comunale extraurbana,VIA CRISTOFORO COLOMBO,in prossimit�,,della chilometrica,18,,Veicolo in marcia contro veicolo arresto,Rettilineo,Pi� di due carreggiate,Asciutto,Asfaltata,Verticale ed orizzontale,Sereno,Normale,Buona,Ore Diurne,1,0,0,2,12.4116,41.7858,-1,1,Autovettura privata,In marcia / fermata / arresto,Conducente,F,Illeso,0,,Non accertato,Inesistente,,
3904497,23,04/07/2018 16:25:00,Comunale extraurbana,VIA CRISTOFORO COLOMBO,in prossimit�,,della chilometrica,18,,Veicolo in marcia contro veicolo arresto,Rettilineo,Pi� di due carreggiate,Asciutto,Asfaltata,Verticale ed orizzontale,Sereno,Normale,Buona,Ore Diurne,1,0,0,2,12.4116,41.7858,-1,1,Autovettura privata,In marcia / fermata / arresto,Passeggero,M,Illeso,0,,Non accertato,Inesistente,,
3904497,23,04/07/2018 16:25:00,Comunale extraurbana,VIA CRISTOFORO COLOMBO,in prossimit�,,della chilometrica,18,,Veicolo in marcia contro veicolo arresto,Rettilineo,Pi� di due carreggiate,Asciutto,Asfaltata,Verticale ed orizzontale,Sereno,Normale,Buona,Ore Diurne,1,0,0,2,12.4116,41.7858,-1,2,Motociclo con passeggero,In marcia / fermata / arresto,Conducente,M,Rimandato,0,NON DECEDUTO,Non accertato,,,
3904540,4,04/07/2018 17:15:00,Strada Urbana,VIALE TITINA DE FILIPPO,da specificare,,,,tra via Ezio Pinza e via Camillo Pilotto,Scontro laterale fra veicoli in marcia,Rettilineo,Una carreggiata a doppio senso,Asciutto,Asfaltata,Verticale ed orizzontale,Sereno,Scarso,Buona,Ore Diurne,0,0,0,3,12.5171,41.9661,-1,1,Autovettura privata,In marcia / fermata / arresto,Conducente,F,Illeso,0,,Non accertato,Inesploso,,
3904540,4,04/07/2018 17:15:00,Strada Urbana,VIALE TITINA DE FILIPPO,da specificare,,,,tra via Ezio Pinza e via Camillo Pilotto,Scontro laterale fra veicoli in marcia,Rettilineo,Una carreggiata a doppio senso,Asciutto,Asfaltata,Verticale ed orizzontale,Sereno,Scarso,Buona,Ore Diurne,0,0,0,3,12.5171,41.9661,-1,1,Autovettura privata,In marcia / fermata / arresto,Passeggero,F,Illeso,0,,Non accertato,Inesploso,,
3904540,4,04/07/2018 17:15:00,Strada Urbana,VIALE TITINA DE FILIPPO,da specificare,,,,tra via Ezio Pinza e via Camillo Pilotto,Scontro laterale fra veicoli in marcia,Rettilineo,Una carreggiata a doppio senso,Asciutto,Asfaltata,Verticale ed orizzontale,Sereno,Scarso,Buona,Ore Diurne,0,0,0,3,12.5171,41.9661,-1,2,Autovettura privata,In marcia / fermata / arresto,Conducente,M,Illeso,0,,Non accertato,Inesploso,,
3904544,20,04/07/2018 19:30:00,Strada Urbana,VIA VEIENTANA,da specificare,,,,in prossimit� di via di Grottarossa,Veicolo in marcia contro veicolo in sosta,Curva senza visuale libera,Una carreggiata a doppio senso,Asciutto,Asfaltata,Verticale,Sereno,Intenso,Buona,Ore Diurne,0,0,0,1,12.4451,41.9842,-1,1,Autovettura privata,In marcia / fermata / arresto,Conducente,M,Illeso,0,,Non accertato,,,
3904548,4,04/07/2018 17:00:00,Strada Urbana,VIA DARIO NICCODEMI,all'intersezione con,VIA RICCARDO BACCHELLI,VIA RICCARDO BACCHELLI,,,Scontro frontale/laterale SX fra veicoli in marcia,Incrocio,Una carreggiata a doppio senso,Asciutto,Asfaltata,Verticale ed orizzontale,Sereno,Normale,Buona,Ore Diurne,1,0,0,2,12.5487,41.955,-1,1,Autovettura privata,In marcia / fermata / arresto,Conducente,M,Illeso,0,,,,,
3904548,4,04/07/2018 17:00:00,Strada Urbana,VIA DARIO NICCODEMI,all'intersezione con,VIA RICCARDO BACCHELLI,VIA RICCARDO BACCHELLI,,,Scontro frontale/laterale SX fra veicoli in marcia,Incrocio,Una carreggiata a doppio senso,Asciutto,Asfaltata,Verticale ed orizzontale,Sereno,Normale,Buona,Ore Diurne,1,0,0,2,12.5487,41.955,-1,1,Autovettura privata,In marcia / fermata / arresto,Passeggero,M,Illeso,0,,,,,
3904548,4,04/07/2018 17:00:00,Strada Urbana,VIA DARIO NICCODEMI,all'intersezione con,VIA RICCARDO BACCHELLI,VIA RICCARDO BACCHELLI,,,Scontro frontale/laterale SX fra veicoli in marcia,Incrocio,Una carreggiata a doppio senso,Asciutto,Asfaltata,Verticale ed orizzontale,Sereno,Normale,Buona,Ore Diurne,1,0,0,2,12.5487,41.955,-1,2,Motociclo con passeggero,In marcia / fermata / arresto,Conducente,M,Rimandato,0,NON DECEDUTO,,,,
3904549,4,04/07/2018 19:40:00,Strada Urbana,VIA VIRGILIO TALLI,da specificare,,,,ALT P.ZZA R. MORELLI,Veicolo in marcia contro veicolo in sosta,Rettilineo,Una carreggiata a doppio senso,Asciutto,Asfaltata,Orizzontale,Sereno,Normale,Buona,Ore Diurne,0,0,0,1,12.5231,41.9646,-1,2,Autovettura privata,In marcia / fermata / arresto,Conducente,F,Illeso,0,,,,,
3904568,13,04/07/2018 20:15:00,Strada Urbana,PIAZZALE DELLA STAZIONE DEL LIDO,da specificare,,,,pross. via Lucio Lepidio,Scontro frontale/laterale SX fra veicoli in marcia,Rettilineo,Pi� di due carreggiate,Asciutto,Asfaltata,Verticale,Sereno,Normale,Buona,Ore Diurne,1,0,0,1,12.2838,41.7323,-1,1,Autovettura privata,In marcia / fermata / arresto,Conducente,F,Illeso,0,,Non accertato,Inesploso,,
3904568,13,04/07/2018 20:15:00,Strada Urbana,PIAZZALE DELLA STAZIONE DEL LIDO,da specificare,,,,pross. via Lucio Lepidio,Scontro frontale/laterale SX fra veicoli in marcia,Rettilineo,Pi� di due carreggiate,Asciutto,Asfaltata,Verticale,Sereno,Normale,Buona,Ore Diurne,1,0,0,1,12.2838,41.7323,-1,2,Velocipede,In marcia / fermata / arresto,Conducente,M,Rimandato,0,NON DECEDUTO,Esente,,,
3904585,19,05/07/2018 08:50:00,Strada Urbana,VIA MORSASCO,in corrispondenza,,del civico n.,20,,Scontro laterale fra veicoli in marcia,Rettilineo,Una carreggiata a doppio senso,Asciutto,Asfaltata,Verticale,Sereno,Normale,Buona,Ore Diurne,1,0,0,1,12.3622,41.9266,-1,1,Autovettura privata,In marcia / fermata / arresto,Conducente,M,Illeso,0,,Non accertato,Inesploso,,
3904585,19,05/07/2018 08:50:00,Strada Urbana,VIA MORSASCO,in corrispondenza,,del civico n.,20,,Scontro laterale fra veicoli in marcia,Rettilineo,Una carreggiata a doppio senso,Asciutto,Asfaltata,Verticale,Sereno,Normale,Buona,Ore Diurne,1,0,0,1,12.3622,41.9266,-1,2,Motociclo a solo,In marcia / fermata / arresto,Conducente,M,Rimandato,0,NON DECEDUTO,Non accertato,,,
3904591,1,04/07/2018 18:20:00,Strada Urbana,VIA DEGLI ANNIBALDI,in corrispondenza,,del palo luce n.,9,,Investimento di pedone,Rettilineo,Una carreggiata a senso unico di marcia,Asciutto,Asfaltata,Verticale ed orizzontale,Sereno,Normale,Buona,Ore Diurne,1,0,0,1,12.4918,41.892,-1,,,,Pedone,M,Rimandato,0,NON DECEDUTO,,,,
3904591,1,04/07/2018 18:20:00,Strada Urbana,VIA DEGLI ANNIBALDI,in corrispondenza,,del palo luce n.,9,,Investimento di pedone,Rettilineo,Una carreggiata a senso unico di marcia,Asciutto,Asfaltata,Verticale ed orizzontale,Sereno,Normale,Buona,Ore Diurne,1,0,0,1,12.4918,41.892,-1,1,Motociclo a solo,In marcia / fermata / arresto,Conducente,M,Illeso,0,,Non accertato,,,
3904622,18,05/07/2018 09:10:00,Strada Urbana,VIALE DI VALLE AURELIA,da specificare,,,,fronte civ. 65,Tamponamento,Curva a visuale libera,Due carreggiate,Asciutto,Asfaltata,Verticale ed orizzontale,Sereno,Normale,Buona,Ore Diurne,2,0,0,0,12.4332,41.9171,-1,1,Autovettura privata,In marcia / fermata / arresto,Conducente,F,Rimandato,0,NON DECEDUTO,Non accertato,Inesploso,,
3904622,18,05/07/2018 09:10:00,Strada Urbana,VIALE DI VALLE AURELIA,da specificare,,,,fronte civ. 65,Tamponamento,Curva a visuale libera,Due carreggiate,Asciutto,Asfaltata,Verticale ed orizzontale,Sereno,Normale,Buona,Ore Diurne,2,0,0,0,12.4332,41.9171,-1,2,Autovettura privata,In marcia / fermata / arresto,Conducente,F,Rimandato,0,NON DECEDUTO,Non accertato,Inesploso,,
3904634,4,04/07/2018 13:50:00,Strada Urbana,VIA DELLE LUCARIE,in corrispondenza,,del civico n.,110,,Veicolo in marcia contro veicolo in sosta,Rettilineo,Una carreggiata a doppio senso,Asciutto,Asfaltata,Assente,Sereno,Normale,Buona,Ore Diurne,0,0,0,1,12.5253,42.0053,-1,2,Autocarro inferiore 35 q.,In marcia / fermata / arresto,Conducente,M,Illeso,0,,Non accertato,Inesploso,,
3904636,7,05/07/2018 09:45:00,Strada Urbana,VIA PRENESTINA,all'intersezione con,VIA EMILIO LONGONI,VIA EMILIO LONGONI,,,Scontro laterale fra veicoli in marcia,Rotatoria,Una carreggiata a senso unico di marcia,Asciutto,Asfaltata,Verticale ed orizzontale,Sereno,Normale,Buona,Sufficiente,0,0,0,3,12.6153,41.8933,-1,1,Autocarro superiore 35 q.,In marcia / fermata / arresto,Conducente,M,Illeso,0,,Non accertato,Inesistente,,
3904636,7,05/07/2018 09:45:00,Strada Urbana,VIA PRENESTINA,all'intersezione con,VIA EMILIO LONGONI,VIA EMILIO LONGONI,,,Scontro laterale fra veicoli in marcia,Rotatoria,Una carreggiata a senso unico di marcia,Asciutto,Asfaltata,Verticale ed orizzontale,Sereno,Normale,Buona,Sufficiente,0,0,0,3,12.6153,41.8933,-1,1,Autocarro superiore 35 q.,In marcia / fermata / arresto,Passeggero,M,Illeso,0,,Non accertato,Inesistente,,
3904636,7,05/07/2018 09:45:00,Strada Urbana,VIA PRENESTINA,all'intersezione con,VIA EMILIO LONGONI,VIA EMILIO LONGONI,,,Scontro laterale fra veicoli in marcia,Rotatoria,Una carreggiata a senso unico di marcia,Asciutto,Asfaltata,Verticale ed orizzontale,Sereno,Normale,Buona,Sufficiente,0,0,0,3,12.6153,41.8933,-1,2,Autovettura privata,In marcia / fermata / arresto,Conducente,M,Illeso,0,,,,,
3904649,6,05/07/2018 18:00:00,Strada Urbana,VIA PIETRO SILVA,da specificare,,,,alt. Girdino Pubblico,Investimento di pedone,Rettilineo,Una carreggiata a senso unico di marcia,Asciutto,Asfaltata,Verticale,Sereno,Scarso,Buona,Ore Diurne,1,0,0,2,12.5444,41.8752,-1,,,,Pedone,F,Ricoverato,0,NON DECEDUTO,,,,
3904649,6,05/07/2018 18:00:00,Strada Urbana,VIA PIETRO SILVA,da specificare,,,,alt. Girdino Pubblico,Investimento di pedone,Rettilineo,Una carreggiata a senso unico di marcia,Asciutto,Asfaltata,Verticale,Sereno,Scarso,Buona,Ore Diurne,1,0,0,2,12.5444,41.8752,-1,1,Autovettura privata,In marcia / fermata / arresto,Conducente,M,Illeso,0,,Non accertato,Inesploso,,
3904649,6,05/07/2018 18:00:00,Strada Urbana,VIA PIETRO SILVA,da specificare,,,,alt. Girdino Pubblico,Investimento di pedone,Rettilineo,Una carreggiata a senso unico di marcia,Asciutto,Asfaltata,Verticale,Sereno,Scarso,Buona,Ore Diurne,1,0,0,2,12.5444,41.8752,-1,1,Autovettura privata,In marcia / fermata / arresto,Passeggero,M,Illeso,0,,Non accertato,Inesploso,,
3904654,4,04/07/2018 15:10:00,Strada Urbana,VIA DI SETTEBAGNI,in prossimit�,,del civico n.,726,,Scontro laterale fra veicoli in marcia,Curva senza visuale libera,Una carreggiata a doppio senso,Asciutto,Asfaltata,Verticale ed orizzontale,Sereno,Scarso,Buona,Ore Diurne,0,0,0,2,12.5181,41.9885,-1,1,Autovettura privata,In marcia / fermata / arresto,Conducente,M,Illeso,0,,Non accertato,Inesploso,,
3904654,4,04/07/2018 15:10:00,Strada Urbana,VIA DI SETTEBAGNI,in prossimit�,,del civico n.,726,,Scontro laterale fra veicoli in marcia,Curva senza visuale libera,Una carreggiata a doppio senso,Asciutto,Asfaltata,Verticale ed orizzontale,Sereno,Scarso,Buona,Ore Diurne,0,0,0,2,12.5181,41.9885,-1,2,Autovettura privata,In marcia / fermata / arresto,Conducente,M,Illeso,0,,Non accertato,Inesploso,,
3904671,6,05/07/2018 10:10:00,Strada Urbana,PIAZZA DEI CONDOTTIERI,in prossimit�,,del civico n.,46,,Scontro laterale fra veicoli in marcia,Rettilineo,Una carreggiata a doppio senso,Asciutto,Asfaltata,Orizzontale,Sereno,Normale,Buona,Ore Diurne,0,0,0,2,12.535,41.8877,-1,1,Autocarro inferiore 35 q.,In marcia / fermata / arresto,Conducente,M,Illeso,0,,Non accertato,Inesploso,,