Protocollo,Gruppo,DataOraIncidente,Localizzazione1,STRADA1,Localizzazione2,STRADA2,Strada02,Chilometrica,DaSpecificare,NaturaIncidente,particolaritastrade,TipoStrada,FondoStradale,Pavimentazione,Segnaletica,CondizioneAtmosferica,Traffico,Visibilita,Illuminazione,NUM_FERITI,NUM_RISERVATA,NUM_MORTI,NUM_ILLESI,Longitudine,Latitudine,Confermato,Progressivo,TipoVeicolo,StatoVeicolo,TipoPersona,Sesso,Tipolesione,Deceduto,DecedutoDopo,CinturaCascoUtilizzato,Airbag,,
3904671,6,05/07/2018 10:10:00,Strada Urbana,PIAZZA DEI CONDOTTIERI,in prossimit�,,del civico n.,46,,Scontro laterale fra veicoli in marcia,Rettilineo,Una carreggiata a doppio senso,Asciutto,Asfaltata,Orizzontale,Sereno,Normale,Buona,Ore Diurne,0,0,0,2,12.535,41.8877,-1,2,Autovettura privata,In marcia / fermata / arresto,Conducente,M,Illeso,0,,Non accertato,Inesploso,,
3904748,4,04/07/2018 12:30:00,Strada Urbana,LARGO VALSABBIA,da specificare,,,,fronte civico 2,Veicolo in marcia contro veicolo fermo,Rettilineo,Una carreggiata a senso unico di marcia,Asciutto,Asfaltata,Verticale,Sereno,Scarso,Buona,Ore Diurne,0,0,0,4,12.5166,41.9431,-1,1,Autovettura privata,In marcia / fermata / arresto,Conducente,M,Illeso,0,,Non accertato,Inesploso,,
3904748,4,04/07/2018 12:30:00,Strada Urbana,LARGO VALSABBIA,da specificare,,,,fronte civico 2,Veicolo in marcia contro veicolo fermo,Rettilineo,Una carreggiata a senso unico di marcia,Asciutto,Asfaltata,Verticale,Sereno,Scarso,Buona,Ore Diurne,0,0,0,4,12.5166,41.9431,-1,2,Autovettura privata,In marcia / fermata / arresto,Conducente,M,Illeso,0,,Non accertato,Inesploso,,
3904748,4,04/07/2018 12:30:00,Strada Urbana,LARGO VALSABBIA,da specificare,,,,fronte civico 2,Veicolo in marcia contro veicolo fermo,Rettilineo,Una carreggiata a senso unico di marcia,Asciutto,Asfaltata,Verticale,Sereno,Scarso,Buona,Ore Diurne,0,0,0,4,12.5166,41.9431,-1,2,Autovettura privata,In marcia / fermata / arresto,Passeggero,M,Illeso,0,,Non accertato,Inesploso,,
3904748,4,04/07/2018 12:30:00,Strada Urbana,LARGO VALSABBIA,da specificare,,,,fronte civico 2,Veicolo in marcia contro veicolo fermo,Rettilineo,Una carreggiata a senso unico di marcia,Asciutto,Asfaltata,Verticale,Sereno,Scarso,Buona,Ore Diurne,0,0,0,4,12.5166,41.9431,-1,2,Autovettura privata,In marcia / fermata / arresto,Passeggero,M,Illeso,0,,Non accertato,Inesploso,,
3904766,2,04/07/2018 13:55:00,Strada Urbana,PIAZZA GIUSEPPE VERDI,all'intersezione con,VIA GIOVANNI BATTISTA MARTINI,VIA GIOVANNI BATTISTA MARTINI,,,Scontro frontale/laterale DX fra veicoli in marcia,Intersezione non regolata/non segnalata,Una carreggiata a senso unico di marcia,Asciutto,Asfaltata,Verticale ed orizzontale,Sereno,Scarso,Buona,Ore Diurne,1,0,0,1,12.495,41.9196,-1,1,Autovettura pubblica,In marcia / fermata / arresto,Conducente,M,Illeso,0,,,,,
3904766,2,04/07/2018 13:55:00,Strada Urbana,PIAZZA GIUSEPPE VERDI,all'intersezione con,VIA GIOVANNI BATTISTA MARTINI,VIA GIOVANNI BATTISTA MARTINI,,,Scontro frontale/laterale DX fra veicoli in marcia,Intersezione non regolata/non segnalata,Una carreggiata a senso unico di marcia,Asciutto,Asfaltata,Verticale ed orizzontale,Sereno,Scarso,Buona,Ore Diurne,1,0,0,1,12.495,41.9196,-1,2,Motociclo con passeggero,In marcia / fermata / arresto,Conducente,M,Rimandato,0,NON DECEDUTO,,,,
3904770,2,04/07/2018 08:30:00,Strada Urbana,VIALE LIBIA,all'intersezione con,PIAZZA DI S. EMERENZIANA,PIAZZA DI S. EMERENZIANA,,,Scontro laterale fra veicoli in marcia,Incrocio,Due carreggiate,Asciutto,Asfaltata,Verticale ed orizzontale,Sereno,Normale,Buona,Ore Diurne,0,0,0,2,12.5185,41.9312,-1,1,Autovettura privata,In marcia / fermata / arresto,Conducente,F,Illeso,0,,Non accertato,Inesploso,,
3904770,2,04/07/2018 08:30:00,Strada Urbana,VIALE LIBIA,all'intersezione con,PIAZZA DI S. EMERENZIANA,PIAZZA DI S. EMERENZIANA,,,Scontro laterale fra veicoli in marcia,Incrocio,Due carreggiate,Asciutto,Asfaltata,Verticale ed orizzontale,Sereno,Normale,Buona,Ore Diurne,0,0,0,2,12.5185,41.9312,-1,2,Autovettura privata,In marcia / fermata / arresto,Conducente,M,Illeso,0,,Non accertato,Inesploso,,
3904774,2,04/07/2018 06:20:00,Strada Urbana,VIA SALARIA,all'intersezione con,VIA FILOMARINO,VIA FILOMARINO,,,Tamponamento,Incrocio,Una carreggiata a doppio senso,Asciutto,Asfaltata,Verticale ed orizzontale,Sereno,Normale,Buona,Ore Diurne,0,0,0,2,12.5074,41.9284,-1,1,Autovettura privata,In marcia / fermata / arresto,Conducente,M,Illeso,0,,,,,
3904774,2,04/07/2018 06:20:00,Strada Urbana,VIA SALARIA,all'intersezione con,VIA FILOMARINO,VIA FILOMARINO,,,Tamponamento,Incrocio,Una carreggiata a doppio senso,Asciutto,Asfaltata,Verticale ed orizzontale,Sereno,Normale,Buona,Ore Diurne,0,0,0,2,12.5074,41.9284,-1,2,Motociclo a solo,In marcia / fermata / arresto,Conducente,M,Illeso,0,,,,,
3904840,2,05/07/2018 08:30:00,Strada Urbana,LARGO SOMALIA,in prossimit�,,del civico n.,51,,Scontro frontale/laterale SX fra veicoli in marcia,Rettilineo,Una carreggiata a doppio senso,Asciutto,Asfaltata,Verticale ed orizzontale,Sereno,Normale,Buona,Ore Diurne,1,0,0,1,12.5153,41.9359,-1,1,Autovettura privata,In marcia / fermata / arresto,Conducente,F,Illeso,0,,,,,
3904840,2,05/07/2018 08:30:00,Strada Urbana,LARGO SOMALIA,in prossimit�,,del civico n.,51,,Scontro frontale/laterale SX fra veicoli in marcia,Rettilineo,Una carreggiata a doppio senso,Asciutto,Asfaltata,Verticale ed orizzontale,Sereno,Normale,Buona,Ore Diurne,1,0,0,1,12.5153,41.9359,-1,2,Motociclo a solo,In marcia / fermata / arresto,Conducente,M,Rifiuta cure immediate,0,NON DECEDUTO,Non accertato,,,
3904848,18,05/07/2018 11:00:00,Strada Urbana,VIA GIROLAMO VITELLI,in corrispondenza,,del civico n.,2,,Investimento di pedone,Rettilineo,Una carreggiata a doppio senso,Asciutto,Asfaltata,Verticale ed orizzontale,Sereno,Normale,Buona,Ore Diurne,1,0,0,1,12.4364,41.9,-1,,,,Pedone,F,Rimandato,0,NON DECEDUTO,,,,
3904848,18,05/07/2018 11:00:00,Strada Urbana,VIA GIROLAMO VITELLI,in corrispondenza,,del civico n.,2,,Investimento di pedone,Rettilineo,Una carreggiata a doppio senso,Asciutto,Asfaltata,Verticale ed orizzontale,Sereno,Normale,Buona,Ore Diurne,1,0,0,1,12.4364,41.9,-1,1,Autovettura privata,In marcia / fermata / arresto,Conducente,M,Illeso,0,,Non accertato,Inesistente,,
3904853,6,05/07/2018 11:55:00,Strada Urbana,VIA DINO PENAZZATO,in corrispondenza,,del civico n.,11,,Scontro laterale fra veicoli in marcia,Rettilineo,Una carreggiata a doppio senso,Asciutto,Asfaltata,Orizzontale,Sereno,Normale,Buona,Ore Diurne,1,0,0,3,12.5634,41.8965,-1,1,Autovettura privata,In marcia / fermata / arresto,Conducente,M,Illeso,0,,Non accertato,Inesploso,,
3904853,6,05/07/2018 11:55:00,Strada Urbana,VIA DINO PENAZZATO,in corrispondenza,,del civico n.,11,,Scontro laterale fra veicoli in marcia,Rettilineo,Una carreggiata a doppio senso,Asciutto,Asfaltata,Orizzontale,Sereno,Normale,Buona,Ore Diurne,1,0,0,3,12.5634,41.8965,-1,1,Autovettura privata,In marcia / fermata / arresto,Passeggero,F,Illeso,0,,Non accertato,Inesploso,,
3904853,6,05/07/2018 11:55:00,Strada Urbana,VIA DINO PENAZZATO,in corrispondenza,,del civico n.,11,,Scontro laterale fra veicoli in marcia,Rettilineo,Una carreggiata a doppio senso,Asciutto,Asfaltata,Orizzontale,Sereno,Normale,Buona,Ore Diurne,1,0,0,3,12.5634,41.8965,-1,1,Autovettura privata,In marcia / fermata / arresto,Passeggero,F,Illeso,0,,Non accertato,Inesploso,,
3904853,6,05/07/2018 11:55:00,Strada Urbana,VIA DINO PENAZZATO,in corrispondenza,,del civico n.,11,,Scontro laterale fra veicoli in marcia,Rettilineo,Una carreggiata a doppio senso,Asciutto,Asfaltata,Orizzontale,Sereno,Normale,Buona,Ore Diurne,1,0,0,3,12.5634,41.8965,-1,2,Motociclo a solo,In marcia / fermata / arresto,Conducente,M,Rimandato,0,NON DECEDUTO,Non accertato,,,
3904857,7,05/07/2018 11:30:00,Strada Urbana,VIA DI TOR SAPIENZA,in prossimit�,,del civico n.,130,,Tamponamento Multiplo,Rettilineo,Una carreggiata a doppio senso,Asciutto,Asfaltata,Orizzontale,Sereno,Normale,Buona,Ore Diurne,1,0,0,4,12.5913,41.8979,-1,1,Autovettura privata,In marcia / fermata / arresto,Conducente,M,Illeso,0,,,,,
3904857,7,05/07/2018 11:30:00,Strada Urbana,VIA DI TOR SAPIENZA,in prossimit�,,del civico n.,130,,Tamponamento Multiplo,Rettilineo,Una carreggiata a doppio senso,Asciutto,Asfaltata,Orizzontale,Sereno,Normale,Buona,Ore Diurne,1,0,0,4,12.5913,41.8979,-1,1,Autovettura privata,In marcia / fermata / arresto,Passeggero,F,Illeso,0,,Non accertato,Inesploso,,
3904857,7,05/07/2018 11:30:00,Strada Urbana,VIA DI TOR SAPIENZA,in prossimit�,,del civico n.,130,,Tamponamento Multiplo,Rettilineo,Una carreggiata a doppio senso,Asciutto,Asfaltata,Orizzontale,Sereno,Normale,Buona,Ore Diurne,1,0,0,4,12.5913,41.8979,-1,2,Autovettura privata,In marcia / fermata / arresto,Conducente,M,Illeso,0,,,,,
3904857,7,05/07/2018 11:30:00,Strada Urbana,VIA DI TOR SAPIENZA,in prossimit�,,del civico n.,130,,Tamponamento Multiplo,Rettilineo,Una carreggiata a doppio senso,Asciutto,Asfaltata,Orizzontale,Sereno,Normale,Buona,Ore Diurne,1,0,0,4,12.5913,41.8979,-1,3,Autovettura privata,In marcia / fermata / arresto,Conducente,M,Rimandato,0,NON DECEDUTO,Non accertato,Inesploso,,
3904857,7,05/07/2018 11:30:00,Strada Urbana,VIA DI TOR SAPIENZA,in prossimit�,,del civico n.,130,,Tamponamento Multiplo,Rettilineo,Una carreggiata a doppio senso,Asciutto,Asfaltata,Orizzontale,Sereno,Normale,Buona,Ore Diurne,1,0,0,4,12.5913,41.8979,-1,4,Autovettura privata,In marcia / fermata / arresto,Conducente,M,Illeso,0,,,,,
3904871,4,05/07/2018 01:30:00,Strada Urbana,VIA DELLA BUFALOTTA,da specificare,,,,fronte via Ida Baccini,Scontro laterale fra veicoli in marcia,Rettilineo,Una carreggiata a doppio senso,Asciutto,Asfaltata,Verticale ed orizzontale,Sereno,Normale,Buona,Sufficiente,1,0,0,3,12.5499,41.9676,-1,1,Autovettura privata,In marcia / fermata / arresto,Conducente,M,Illeso,0,,,,,
3904871,4,05/07/2018 01:30:00,Strada Urbana,VIA DELLA BUFALOTTA,da specificare,,,,fronte via Ida Baccini,Scontro laterale fra veicoli in marcia,Rettilineo,Una carreggiata a doppio senso,Asciutto,Asfaltata,Verticale ed orizzontale,Sereno,Normale,Buona,Sufficiente,1,0,0,3,12.5499,41.9676,-1,1,Autovettura privata,In marcia / fermata / arresto,Passeggero,M,Rimandato,0,NON DECEDUTO,,,,
3904871,4,05/07/2018 01:30:00,Strada Urbana,VIA DELLA BUFALOTTA,da specificare,,,,fronte via Ida Baccini,Scontro laterale fra veicoli in marcia,Rettilineo,Una carreggiata a doppio senso,Asciutto,Asfaltata,Verticale ed orizzontale,Sereno,Normale,Buona,Sufficiente,1,0,0,3,12.5499,41.9676,-1,1,Autovettura privata,In marcia / fermata / arresto,Passeggero,M,Illeso,0,,,Inesistente,,
3904871,4,05/07/2018 01:30:00,Strada Urbana,VIA DELLA BUFALOTTA,da specificare,,,,fronte via Ida Baccini,Scontro laterale fra veicoli in marcia,Rettilineo,Una carreggiata a doppio senso,Asciutto,Asfaltata,Verticale ed orizzontale,Sereno,Normale,Buona,Sufficiente,1,0,0,3,12.5499,41.9676,-1,2,Autovettura privata,In marcia / fermata / arresto,Conducente,M,Illeso,0,,,,,
3905155,5,05/07/2018 13:40:00,Strada Urbana,VIA LIMOSANO,in prossimit�,,del civico n.,5,,Scontro frontale/laterale SX fra veicoli in marcia,Rettilineo,Una carreggiata a doppio senso,Asciutto,Asfaltata,Orizzontale,Sereno,Normale,Buona,Ore Diurne,0,0,0,3,12.6533,41.9365,-1,1,Autovettura privata,In marcia / fermata / arresto,Conducente,F,Illeso,0,,Non accertato,Inesploso,,
3905155,5,05/07/2018 13:40:00,Strada Urbana,VIA LIMOSANO,in prossimit�,,del civico n.,5,,Scontro frontale/laterale SX fra veicoli in marcia,Rettilineo,Una carreggiata a doppio senso,Asciutto,Asfaltata,Orizzontale,Sereno,Normale,Buona,Ore Diurne,0,0,0,3,12.6533,41.9365,-1,1,Autovettura privata,In marcia / fermata / arresto,Passeggero,F,Illeso,0,,Non accertato,Inesploso,,
3905155,5,05/07/2018 13:40:00,Strada Urbana,VIA LIMOSANO,in prossimit�,,del civico n.,5,,Scontro frontale/laterale SX fra veicoli in marcia,Rettilineo,Una carreggiata a doppio senso,Asciutto,Asfaltata,Orizzontale,Sereno,Normale,Buona,Ore Diurne,0,0,0,3,12.6533,41.9365,-1,2,Autocarro inferiore 35 q.,In marcia / fermata / arresto,Conducente,M,Illeso,0,,Non accertato,Inesploso,,
3905219,1,01/07/2018 16:00:00,Strada Urbana,VIA DELLA FERRATELLA IN LATERANO,in prossimit�,,del civico n.,43,,Veicolo in marcia contro ostacolo accidentale,Rettilineo,Una carreggiata a senso unico di marcia,Asciutto,Strada pavimentata dissestata,Verticale ed orizzontale,Sereno,Scarso,Buona,Ore Diurne,0,0,0,1,12.5018,41.8835,0,1,Autovettura privata,In marcia / fermata / arresto,Conducente,F,Illeso,0,,Non accertato,,,
3905221,4,04/07/2018 08:20:00,Strada Urbana,VIALE JONIO,in prossimit�,,del civico n.,299,,Veicolo in marcia contro veicoli in sosta,Rettilineo,Due carreggiate,Asciutto,Asfaltata,Orizzontale,Sereno,Normale,Buona,Ore Diurne,0,0,0,1,12.5315,41.9455,-1,1,Autovettura privata,In marcia / fermata / arresto,Conducente,M,Illeso,0,,,,,
3905237,4,04/07/2018 07:15:00,Strada Urbana,PIAZZALE JONIO,da specificare,,,,altezza civico 13,Scontro laterale fra veicoli in marcia,Rettilineo,Due carreggiate,Asciutto,Asfaltata,Verticale ed orizzontale,Sereno,Normale,Buona,Ore Diurne,0,0,0,6,12.5262,41.9457,-1,1,Autobus urbano,In marcia / fermata / arresto,Conducente,M,Illeso,0,,,,,
3905237,4,04/07/2018 07:15:00,Strada Urbana,PIAZZALE JONIO,da specificare,,,,altezza civico 13,Scontro laterale fra veicoli in marcia,Rettilineo,Due carreggiate,Asciutto,Asfaltata,Verticale ed orizzontale,Sereno,Normale,Buona,Ore Diurne,0,0,0,6,12.5262,41.9457,-1,2,Autovettura privata,In marcia / fermata / arresto,Conducente,M,Illeso,0,,,,,
3905237,4,04/07/2018 07:15:00,Strada Urbana,PIAZZALE JONIO,da specificare,,,,altezza civico 13,Scontro laterale fra veicoli in marcia,Rettilineo,Due carreggiate,Asciutto,Asfaltata,Verticale ed orizzontale,Sereno,Normale,Buona,Ore Diurne,0,0,0,6,12.5262,41.9457,-1,2,Autovettura privata,In marcia / fermata / arresto,Passeggero,M,Illeso,0,,,,,
3905237,4,04/07/2018 07:15:00,Strada Urbana,PIAZZALE JONIO,da specificare,,,,altezza civico 13,Scontro laterale fra veicoli in marcia,Rettilineo,Due carreggiate,Asciutto,Asfaltata,Verticale ed orizzontale,Sereno,Normale,Buona,Ore Diurne,0,0,0,6,12.5262,41.9457,-1,2,Autovettura privata,In marcia / fermata / arresto,Passeggero,M,Illeso,0,,,,,
3905237,4,04/07/2018 07:15:00,Strada Urbana,PIAZZALE JONIO,da specificare,,,,altezza civico 13,Scontro laterale fra veicoli in marcia,Rettilineo,Due carreggiate,Asciutto,Asfaltata,Verticale ed orizzontale,Sereno,Normale,Buona,Ore Diurne,0,0,0,6,12.5262,41.9457,-1,2,Autovettura privata,In marcia / fermata / arresto,Passeggero,M,Illeso,0,,,,,
3905350,10,05/07/2018 16:50:00,Strada Urbana,VIA DELLE CAPANNELLE,in corrispondenza,,del civico n.,215,,Scontro laterale fra veicoli in marcia,Rettilineo,Una carreggiata a doppio senso,Asciutto,Asfaltata,Orizzontale,Sereno,Normale,Buona,Ore Diurne,0,1,0,1,12.5749,41.8448,-1,1,Autovettura privata,In marcia / fermata / arresto,Conducente,F,Illeso,0,,Non utilizzato,Inesploso,,
3905350,10,05/07/2018 16:50:00,Strada Urbana,VIA DELLE CAPANNELLE,in corrispondenza,,del civico n.,215,,Scontro laterale fra veicoli in marcia,Rettilineo,Una carreggiata a doppio senso,Asciutto,Asfaltata,Orizzontale,Sereno,Normale,Buona,Ore Diurne,0,1,0,1,12.5749,41.8448,-1,2,Motociclo a solo,In marcia / fermata / arresto,Conducente,M,Prognosi riservata,0,NON DECEDUTO,Utilizzato,,,
3905426,1,01/07/2018 09:40:00,Strada Urbana,VIA FLAVIA,all'intersezione con,VIA QUINTINO SELLA,VIA QUINTINO SELLA,,,Scontro frontale/laterale DX fra veicoli in marcia,Incrocio,Una carreggiata a senso unico di marcia,Asciutto,Asfaltata,Orizzontale,Sereno,Scarso,Buona,Ore Diurne,0,0,0,3,12.4972,41.9071,-1,1,Autovettura privata,In marcia / fermata / arresto,Conducente,M,Illeso,0,,Non accertato,,,
3905426,1,01/07/2018 09:40:00,Strada Urbana,VIA FLAVIA,all'intersezione con,VIA QUINTINO SELLA,VIA QUINTINO SELLA,,,Scontro frontale/laterale DX fra veicoli in marcia,Incrocio,Una carreggiata a senso unico di marcia,Asciutto,Asfaltata,Orizzontale,Sereno,Scarso,Buona,Ore Diurne,0,0,0,3,12.4972,41.9071,-1,2,Autovettura privata,In marcia / fermata / arresto,Conducente,F,Illeso,0,,Non accertato,Inesploso,,
3905426,1,01/07/2018 09:40:00,Strada Urbana,VIA FLAVIA,all'intersezione con,VIA QUINTINO SELLA,VIA QUINTINO SELLA,,,Scontro frontale/laterale DX fra veicoli in marcia,Incrocio,Una carreggiata a senso unico di marcia,Asciutto,Asfaltata,Orizzontale,Sereno,Scarso,Buona,Ore Diurne,0,0,0,3,12.4972,41.9071,-1,2,Autovettura privata,In marcia / fermata / arresto,Passeggero,F,Illeso,0,,Non accertato,Inesploso,,
3905454,1,01/07/2018 09:10:00,Strada Urbana,VIA VICENZA,in prossimit�,,del civico n.,32,,Veicolo in marcia contro veicolo fermo,Rettilineo,Una carreggiata a senso unico di marcia,Asciutto,Asfaltata,Verticale ed orizzontale,Sereno,Scarso,Buona,Ore Diurne,0,0,0,2,12.5036,41.9037,-1,1,Autovettura privata,In marcia / fermata / arresto,Conducente,M,Illeso,0,,Non accertato,Inesploso,,
3905454,1,01/07/2018 09:10:00,Strada Urbana,VIA VICENZA,in prossimit�,,del civico n.,32,,Veicolo in marcia contro veicolo fermo,Rettilineo,Una carreggiata a senso unico di marcia,Asciutto,Asfaltata,Verticale ed orizzontale,Sereno,Scarso,Buona,Ore Diurne,0,0,0,2,12.5036,41.9037,-1,2,Autovettura privata,In marcia / fermata / arresto,Conducente,M,Illeso,0,,Non accertato,Inesploso,,
3905462,7,05/07/2018 18:15:00,Strada Urbana,VIALE PALMIRO TOGLIATTI,in prossimit�,,del civico n.,667,,Scontro laterale fra veicoli in marcia,Rettilineo,Due carreggiate,Asciutto,Asfaltata,Verticale ed orizzontale,Sereno,Normale,Buona,Ore Diurne,0,0,0,3,12.5727,41.88,-1,1,Autovettura privata,In marcia / fermata / arresto,Conducente,M,Illeso,0,,Non accertato,Inesploso,,
3905462,7,05/07/2018 18:15:00,Strada Urbana,VIALE PALMIRO TOGLIATTI,in prossimit�,,del civico n.,667,,Scontro laterale fra veicoli in marcia,Rettilineo,Due carreggiate,Asciutto,Asfaltata,Verticale ed orizzontale,Sereno,Normale,Buona,Ore Diurne,0,0,0,3,12.5727,41.88,-1,2,Autovettura privata,In marcia / fermata / arresto,Conducente,M,Illeso,0,,Non accertato,Inesploso,,
3905462,7,05/07/2018 18:15:00,Strada Urbana,VIALE PALMIRO TOGLIATTI,in prossimit�,,del civico n.,667,,Scontro laterale fra veicoli in marcia,Rettilineo,Due carreggiate,Asciutto,Asfaltata,Verticale ed orizzontale,Sereno,Normale,Buona,Ore Diurne,0,0,0,3,12.5727,41.88,-1,2,Autovettura privata,In marcia / fermata / arresto,Passeggero,F,Illeso,0,,Non accertato,Inesploso,,
3905470,1,01/07/2018 18:20:00,Strada Urbana,VIA GALVANI,all'intersezione semaforizzata con,VIA NICOLA ZABAGLIA,VIA NICOLA ZABAGLIA,,,Scontro laterale fra veicoli in marcia,Intersezione semaforizzata,Una carreggiata a doppio senso,Asciutto,Asfaltata,Verticale ed orizzontale,Sereno,Scarso,Buona,Ore Diurne,0,0,0,6,12.476,41.8773,-1,1,Autovettura privata,In marcia / fermata / arresto,Conducente,M,Illeso,0,,Non accertato,,,
3905470,1,01/07/2018 18:20:00,Strada Urbana,VIA GALVANI,all'intersezione semaforizzata con,VIA NICOLA ZABAGLIA,VIA NICOLA ZABAGLIA,,,Scontro laterale fra veicoli in marcia,Intersezione semaforizzata,Una carreggiata a doppio senso,Asciutto,Asfaltata,Verticale ed orizzontale,Sereno,Scarso,Buona,Ore Diurne,0,0,0,6,12.476,41.8773,-1,1,Autovettura privata,In marcia / fermata / arresto,Passeggero,M,Illeso,0,,Non accertato,,,
3905470,1,01/07/2018 18:20:00,Strada Urbana,VIA GALVANI,all'intersezione semaforizzata con,VIA NICOLA ZABAGLIA,VIA NICOLA ZABAGLIA,,,Scontro laterale fra veicoli in marcia,Intersezione semaforizzata,Una carreggiata a doppio senso,Asciutto,Asfaltata,Verticale ed orizzontale,Sereno,Scarso,Buona,Ore Diurne,0,0,0,6,12.476,41.8773,-1,2,Velocipede,In marcia / fermata / arresto,Conducente,M,Illeso,0,,Esente,,,
3905470,1,01/07/2018 18:20:00,Strada Urbana,VIA GALVANI,all'intersezione semaforizzata con,VIA NICOLA ZABAGLIA,VIA NICOLA ZABAGLIA,,,Scontro laterale fra veicoli in marcia,Intersezione semaforizzata,Una carreggiata a doppio senso,Asciutto,Asfaltata,Verticale ed orizzontale,Sereno,Scarso,Buona,Ore Diurne,0,0,0,6,12.476,41.8773,-1,2,Velocipede,In marcia / fermata / arresto,Passeggero,F,Illeso,0,,Esente,,,
3905470,1,01/07/2018 18:20:00,Strada Urbana,VIA GALVANI,all'intersezione semaforizzata con,VIA NICOLA ZABAGLIA,VIA NICOLA ZABAGLIA,,,Scontro laterale fra veicoli in marcia,Intersezione semaforizzata,Una carreggiata a doppio senso,Asciutto,Asfaltata,Verticale ed orizzontale,Sereno,Scarso,Buona,Ore Diurne,0,0,0,6,12.476,41.8773,-1,2,Velocipede,In marcia / fermata / arresto,Passeggero,M,Illeso,0,,Esente,,,
3905470,1,01/07/2018 18:20:00,Strada Urbana,VIA GALVANI,all'intersezione semaforizzata con,VIA NICOLA ZABAGLIA,VIA NICOLA ZABAGLIA,,,Scontro laterale fra veicoli in marcia,Intersezione semaforizzata,Una carreggiata a doppio senso,Asciutto,Asfaltata,Verticale ed orizzontale,Sereno,Scarso,Buona,Ore Diurne,0,0,0,6,12.476,41.8773,-1,2,Velocipede,In marcia / fermata / arresto,Passeggero,M,Illeso,0,,Esente,,,
3905875,11,05/07/2018 10:35:00,Strada Urbana,VIALE DI S. PAOLO,all'intersezione semaforizzata con,VIA TEMISTOCLE CALZECCHI ONESTI,VIA TEMISTOCLE CALZECCHI ONESTI,,,Tamponamento,Intersezione semaforizzata,Due carreggiate,Asciutto,Asfaltata,Verticale ed orizzontale,Sereno,Normale,Buona,Ore Diurne,0,0,0,2,12.4739,41.8572,-1,1,Autovettura pubblica,In marcia / fermata / arresto,Conducente,M,Illeso,0,,,,,
3905875,11,05/07/2018 10:35:00,Strada Urbana,VIALE DI S. PAOLO,all'intersezione semaforizzata con,VIA TEMISTOCLE CALZECCHI ONESTI,VIA TEMISTOCLE CALZECCHI ONESTI,,,Tamponamento,Intersezione semaforizzata,Due carreggiate,Asciutto,Asfaltata,Verticale ed orizzontale,Sereno,Normale,Buona,Ore Diurne,0,0,0,2,12.4739,41.8572,-1,2,Autovettura privata,In marcia / fermata / arresto,Conducente,M,Illeso,0,,,,,
3905892,8,05/07/2018 16:50:00,Altra strada,VIA COLLATINA,da specificare,,,,interno area parcheggio III Piano Centro Comm.le,Scontro frontale/laterale SX fra veicoli in marcia,Pianeggiante,Una carreggiata a doppio senso,Asciutto,Asfaltata,Verticale ed orizzontale,Sereno,Scarso,Buona,Ore Diurne,2,0,0,2,12.6661,41.9223,-1,1,Autovettura privata,In marcia / fermata / arresto,Conducente,M,Illeso,0,,Non accertato,Inesploso,,
3905892,8,05/07/2018 16:50:00,Altra strada,VIA COLLATINA,da specificare,,,,interno area parcheggio III Piano Centro Comm.le,Scontro frontale/laterale SX fra veicoli in marcia,Pianeggiante,Una carreggiata a doppio senso,Asciutto,Asfaltata,Verticale ed orizzontale,Sereno,Scarso,Buona,Ore Diurne,2,0,0,2,12.6661,41.9223,-1,1,Autovettura privata,In marcia / fermata / arresto,Passeggero,F,Illeso,0,,Non accertato,,,
3905892,8,05/07/2018 16:50:00,Altra strada,VIA COLLATINA,da specificare,,,,interno area parcheggio III Piano Centro Comm.le,Scontro frontale/laterale SX fra veicoli in marcia,Pianeggiante,Una carreggiata a doppio senso,Asciutto,Asfaltata,Verticale ed orizzontale,Sereno,Scarso,Buona,Ore Diurne,2,0,0,2,12.6661,41.9223,-1,2,Motociclo con passeggero,In marcia / fermata / arresto,Conducente,M,Ricoverato,0,NON DECEDUTO,Non accertato,,,
3905892,8,05/07/2018 16:50:00,Altra strada,VIA COLLATINA,da specificare,,,,interno area parcheggio III Piano Centro Comm.le,Scontro frontale/laterale SX fra veicoli in marcia,Pianeggiante,Una carreggiata a doppio senso,Asciutto,Asfaltata,Verticale ed orizzontale,Sereno,Scarso,Buona,Ore Diurne,2,0,0,2,12.6661,41.9223,-1,2,Motociclo con passeggero,In marcia / fermata / arresto,Passeggero,M,Ricoverato,0,NON DECEDUTO,Non accertato,,,
3905894,8,05/07/2018 17:15:00,Strada Urbana,VIALE DEI ROMANISTI,in prossimit�,,del civico n.,297,,Tamponamento,Rettilineo,Due carreggiate,Asciutto,Asfaltata,Verticale ed orizzontale,Sereno,Normale,Buona,Ore Diurne,1,0,0,1,12.5694,41.8695,-1,1,Autovettura privata,In marcia / fermata / arresto,Conducente,M,Rifiuta cure immediate,0,NON DECEDUTO,Non accertato,Inesploso,,
3905894,8,05/07/2018 17:15:00,Strada Urbana,VIALE DEI ROMANISTI,in prossimit�,,del civico n.,297,,Tamponamento,Rettilineo,Due carreggiate,Asciutto,Asfaltata,Verticale ed orizzontale,Sereno,Normale,Buona,Ore Diurne,1,0,0,1,12.5694,41.8695,-1,2,Autovettura privata,In marcia / fermata / arresto,Conducente,M,Illeso,0,,Non accertato,Inesploso,,