Protocollo,Gruppo,DataOraIncidente,Localizzazione1,STRADA1,Localizzazione2,STRADA2,Strada02,Chilometrica,DaSpecificare,NaturaIncidente,particolaritastrade,TipoStrada,FondoStradale,Pavimentazione,Segnaletica,CondizioneAtmosferica,Traffico,Visibilita,Illuminazione,NUM_FERITI,NUM_RISERVATA,NUM_MORTI,NUM_ILLESI,Longitudine,Latitudine,Confermato,Progressivo,TipoVeicolo,StatoVeicolo,TipoPersona,Sesso,Tipolesione,Deceduto,DecedutoDopo,CinturaCascoUtilizzato,Airbag,,
3905897,8,05/07/2018 17:30:00,Strada Urbana,VIA CESSANITI,all'intersezione con,VIA NARDODIPACE,VIA NARDODIPACE,,,Scontro frontale/laterale SX fra veicoli in marcia,Intersezione stradale segnalata,Una carreggiata a doppio senso,Asciutto,Asfaltata,Verticale ed orizzontale,Sereno,Normale,Buona,Ore Diurne,1,0,0,1,12.6787,41.8753,-1,1,Autovettura privata,In marcia / fermata / arresto,Conducente,M,Rimandato,0,NON DECEDUTO,Non accertato,Inesploso,,
3905897,8,05/07/2018 17:30:00,Strada Urbana,VIA CESSANITI,all'intersezione con,VIA NARDODIPACE,VIA NARDODIPACE,,,Scontro frontale/laterale SX fra veicoli in marcia,Intersezione stradale segnalata,Una carreggiata a doppio senso,Asciutto,Asfaltata,Verticale ed orizzontale,Sereno,Normale,Buona,Ore Diurne,1,0,0,1,12.6787,41.8753,-1,2,Autovettura privata,In marcia / fermata / arresto,Conducente,M,Illeso,0,,Non accertato,Inesploso,,
3905901,11,05/07/2018 16:00:00,Strada Urbana,VIA APPIA ANTICA,in prossimit�,,del civico n.,34,,Veicolo in marcia contro veicolo fermo,Rettilineo,Una carreggiata a doppio senso,Asciutto,Asfaltata,Verticale ed orizzontale,Sereno,Normale,Buona,Ore Diurne,0,0,0,2,12.5023,41.8691,-1,1,Autovettura privata,In marcia / fermata / arresto,Conducente,M,Illeso,0,,,,,
3905901,11,05/07/2018 16:00:00,Strada Urbana,VIA APPIA ANTICA,in prossimit�,,del civico n.,34,,Veicolo in marcia contro veicolo fermo,Rettilineo,Una carreggiata a doppio senso,Asciutto,Asfaltata,Verticale ed orizzontale,Sereno,Normale,Buona,Ore Diurne,0,0,0,2,12.5023,41.8691,-1,2,Autovettura privata,In marcia / fermata / arresto,Conducente,M,Illeso,0,,,,,
3905903,8,05/07/2018 17:00:00,Strada Urbana,VIA DEL CASALONE,all'intersezione con,VIA DI LUNGHEZZINA,VIA DI LUNGHEZZINA,,,Infortunio per sola frenata improvvisa,Intersezione stradale segnalata,Una carreggiata a doppio senso,Asciutto,Asfaltata,Verticale ed orizzontale,Sereno,Normale,Buona,Ore Diurne,1,0,0,1,12.6797,41.9199,-1,1,Motociclo a solo,In marcia / fermata / arresto,Conducente,M,Rifiuta cure immediate,0,NON DECEDUTO,Non utilizzato,,,
3905903,8,05/07/2018 17:00:00,Strada Urbana,VIA DEL CASALONE,all'intersezione con,VIA DI LUNGHEZZINA,VIA DI LUNGHEZZINA,,,Infortunio per sola frenata improvvisa,Intersezione stradale segnalata,Una carreggiata a doppio senso,Asciutto,Asfaltata,Verticale ed orizzontale,Sereno,Normale,Buona,Ore Diurne,1,0,0,1,12.6797,41.9199,-1,2,Autovettura privata,In marcia / fermata / arresto,Conducente,F,Illeso,0,,,Inesploso,,
3905908,8,05/07/2018 11:50:00,Strada Urbana,VIA MASSA DI SAN GIULIANO,in prossimit�,,del civico n.,74,,Veicolo in marcia contro ostacolo accidentale,Rettilineo,Una carreggiata a doppio senso,Asciutto,Asfaltata,Orizzontale,Sereno,Normale,Buona,Ore Diurne,0,0,0,1,12.7006,41.8997,-1,1,Autovettura privata,In marcia / fermata / arresto,Conducente,M,Illeso,0,,Non accertato,,,
3905909,11,05/07/2018 16:45:00,Strada Urbana,VIA ARDEATINA,all'intersezione con,VIA VIGGIANO,VIA VIGGIANO,,,Scontro frontale/laterale DX fra veicoli in marcia,Incrocio,Una carreggiata a doppio senso,Asciutto,Asfaltata,Verticale ed orizzontale,Sereno,Normale,Buona,Ore Diurne,2,0,0,2,12.5178,41.8336,-1,1,Autovettura privata,In marcia / fermata / arresto,Conducente,M,Illeso,0,,,,,
3905909,11,05/07/2018 16:45:00,Strada Urbana,VIA ARDEATINA,all'intersezione con,VIA VIGGIANO,VIA VIGGIANO,,,Scontro frontale/laterale DX fra veicoli in marcia,Incrocio,Una carreggiata a doppio senso,Asciutto,Asfaltata,Verticale ed orizzontale,Sereno,Normale,Buona,Ore Diurne,2,0,0,2,12.5178,41.8336,-1,1,Autovettura privata,In marcia / fermata / arresto,Passeggero,F,Rimandato,0,NON DECEDUTO,,,,
3905909,11,05/07/2018 16:45:00,Strada Urbana,VIA ARDEATINA,all'intersezione con,VIA VIGGIANO,VIA VIGGIANO,,,Scontro frontale/laterale DX fra veicoli in marcia,Incrocio,Una carreggiata a doppio senso,Asciutto,Asfaltata,Verticale ed orizzontale,Sereno,Normale,Buona,Ore Diurne,2,0,0,2,12.5178,41.8336,-1,2,Autovettura privata,In marcia / fermata / arresto,Conducente,M,Rifiuta cure immediate,0,NON DECEDUTO,,,,
3905909,11,05/07/2018 16:45:00,Strada Urbana,VIA ARDEATINA,all'intersezione con,VIA VIGGIANO,VIA VIGGIANO,,,Scontro frontale/laterale DX fra veicoli in marcia,Incrocio,Una carreggiata a doppio senso,Asciutto,Asfaltata,Verticale ed orizzontale,Sereno,Normale,Buona,Ore Diurne,2,0,0,2,12.5178,41.8336,-1,3,Autocarro inferiore 35 q.,In marcia / fermata / arresto,Conducente,F,Illeso,0,,,,,
3905912,8,04/07/2018 15:10:00,,VIA DI TOR BELLA MONACA,da specificare,,,,pross. rampa immissione Via Aspertini,Veicolo in marcia contro ostacolo accidentale,,,,,,,,,,0,0,0,1,,,0,1,Autovettura privata,In marcia / fermata / arresto,Conducente,M,Illeso,0,,,,,
3905918,8,05/07/2018 05:00:00,Strada Urbana,VIA DEL FOSSO DI S. MAURA,all'intersezione con,VIA STEFANO DELLA BELLA,VIA STEFANO DELLA BELLA,,,Veicolo in marcia contro ostacolo fisso,Incrocio,Una carreggiata a senso unico di marcia,Asciutto,Asfaltata,Verticale ed orizzontale,Sereno,Scarso,Buona,Ore Diurne,0,0,0,1,12.5947,41.858,-1,1,Autovettura privata,In marcia / fermata / arresto,Conducente,M,Illeso,0,,Non accertato,Esploso,,
3905923,8,05/07/2018 16:30:00,Strada Urbana,VIA PIERO CORTI,in corrispondenza,,del civico n.,3,,Veicolo in marcia contro ostacolo fisso,Pendenza,Una carreggiata a doppio senso,Asciutto,Asfaltata,Orizzontale,Sereno,Scarso,Buona,Ore Diurne,0,0,0,1,12.6694,41.9012,-1,1,Autovettura privata,In marcia / fermata / arresto,Conducente,M,Illeso,0,,Non accertato,Esploso,,
3905925,3,04/07/2018 11:30:00,Strada Urbana,PIAZZA SALERNO,da specificare,,,,fronte via baglivi,Scontro laterale fra veicoli in marcia,Rettilineo,Una carreggiata a senso unico di marcia,Asciutto,Asfaltata,Verticale ed orizzontale,Sereno,Normale,Buona,Ore Diurne,0,0,0,2,12.513,41.9107,-1,1,Autovettura privata,In marcia / fermata / arresto,Conducente,F,Illeso,0,,Non accertato,Inesploso,,
3905925,3,04/07/2018 11:30:00,Strada Urbana,PIAZZA SALERNO,da specificare,,,,fronte via baglivi,Scontro laterale fra veicoli in marcia,Rettilineo,Una carreggiata a senso unico di marcia,Asciutto,Asfaltata,Verticale ed orizzontale,Sereno,Normale,Buona,Ore Diurne,0,0,0,2,12.513,41.9107,-1,2,Autovettura privata,In marcia / fermata / arresto,Conducente,F,Illeso,0,,Non accertato,Inesploso,,
3905934,6,05/07/2018 10:00:00,Strada Urbana,VIA ATTILIO HORTIS,in prossimit�,,del civico n.,57,,Veicolo in marcia contro veicoli in sosta,Rettilineo,Una carreggiata a senso unico di marcia,Asciutto,Asfaltata,Verticale,Sereno,Normale,Buona,Ore Diurne,0,0,0,1,12.5482,41.895,-1,2,Autovettura privata,In marcia / fermata / arresto,Conducente,M,Illeso,0,,,,,
3905935,3,04/07/2018 13:45:00,Strada Urbana,CIRCONVALLAZIONE TIBURTINA,da specificare,,,,direzione Salaria tratto sopraelevato,Tamponamento Multiplo,Rettilineo,Una carreggiata a senso unico di marcia,Asciutto,Asfaltata,Orizzontale,Sereno,Intenso,Buona,Ore Diurne,0,0,0,5,12.5207,41.897,-1,1,Autovettura privata,In marcia / fermata / arresto,Conducente,M,Illeso,0,,Non accertato,,,
3905935,3,04/07/2018 13:45:00,Strada Urbana,CIRCONVALLAZIONE TIBURTINA,da specificare,,,,direzione Salaria tratto sopraelevato,Tamponamento Multiplo,Rettilineo,Una carreggiata a senso unico di marcia,Asciutto,Asfaltata,Orizzontale,Sereno,Intenso,Buona,Ore Diurne,0,0,0,5,12.5207,41.897,-1,2,Autovettura privata,In marcia / fermata / arresto,Conducente,F,Illeso,0,,Non accertato,,,
3905935,3,04/07/2018 13:45:00,Strada Urbana,CIRCONVALLAZIONE TIBURTINA,da specificare,,,,direzione Salaria tratto sopraelevato,Tamponamento Multiplo,Rettilineo,Una carreggiata a senso unico di marcia,Asciutto,Asfaltata,Orizzontale,Sereno,Intenso,Buona,Ore Diurne,0,0,0,5,12.5207,41.897,-1,3,Autovettura privata,In marcia / fermata / arresto,Conducente,M,Illeso,0,,Non accertato,,,
3905935,3,04/07/2018 13:45:00,Strada Urbana,CIRCONVALLAZIONE TIBURTINA,da specificare,,,,direzione Salaria tratto sopraelevato,Tamponamento Multiplo,Rettilineo,Una carreggiata a senso unico di marcia,Asciutto,Asfaltata,Orizzontale,Sereno,Intenso,Buona,Ore Diurne,0,0,0,5,12.5207,41.897,-1,4,Autovettura privata,In marcia / fermata / arresto,Conducente,F,Illeso,0,,Non accertato,,,
3905935,3,04/07/2018 13:45:00,Strada Urbana,CIRCONVALLAZIONE TIBURTINA,da specificare,,,,direzione Salaria tratto sopraelevato,Tamponamento Multiplo,Rettilineo,Una carreggiata a senso unico di marcia,Asciutto,Asfaltata,Orizzontale,Sereno,Intenso,Buona,Ore Diurne,0,0,0,5,12.5207,41.897,-1,4,Autovettura privata,In marcia / fermata / arresto,Passeggero,M,Illeso,0,,Non accertato,,,
3905936,5,05/07/2018 13:50:00,Strada Urbana,VIA RINALDO D'AQUINO,da specificare,,,,in prossimit� della rotatoria con VIA PALOMBARESE,Tamponamento,Rettilineo,Due carreggiate,Asciutto,Asfaltata,Orizzontale,Sereno,Normale,Buona,Ore Diurne,0,0,0,3,12.6123,41.9693,-1,1,Autovettura privata,In marcia / fermata / arresto,Conducente,M,Illeso,0,,Non accertato,,,
3905936,5,05/07/2018 13:50:00,Strada Urbana,VIA RINALDO D'AQUINO,da specificare,,,,in prossimit� della rotatoria con VIA PALOMBARESE,Tamponamento,Rettilineo,Due carreggiate,Asciutto,Asfaltata,Orizzontale,Sereno,Normale,Buona,Ore Diurne,0,0,0,3,12.6123,41.9693,-1,1,Autovettura privata,In marcia / fermata / arresto,Passeggero,M,Illeso,0,,Non accertato,,,
3905936,5,05/07/2018 13:50:00,Strada Urbana,VIA RINALDO D'AQUINO,da specificare,,,,in prossimit� della rotatoria con VIA PALOMBARESE,Tamponamento,Rettilineo,Due carreggiate,Asciutto,Asfaltata,Orizzontale,Sereno,Normale,Buona,Ore Diurne,0,0,0,3,12.6123,41.9693,-1,2,Autovettura privata,In marcia / fermata / arresto,Conducente,M,Illeso,0,,Non accertato,,,
3905940,11,05/07/2018 21:00:00,Strada Urbana,VIALE LEONARDO DA VINCI,all'intersezione con,VIA COSTANTINO,VIA COSTANTINO,,,Scontro frontale/laterale DX fra veicoli in marcia,Incrocio,Due carreggiate,Asciutto,Asfaltata,Verticale ed orizzontale,Sereno,Scarso,Buona,Sufficiente,0,0,0,5,12.481,41.8578,-1,1,Autovettura privata,In marcia / fermata / arresto,Conducente,F,Illeso,0,,,,,
3905940,11,05/07/2018 21:00:00,Strada Urbana,VIALE LEONARDO DA VINCI,all'intersezione con,VIA COSTANTINO,VIA COSTANTINO,,,Scontro frontale/laterale DX fra veicoli in marcia,Incrocio,Due carreggiate,Asciutto,Asfaltata,Verticale ed orizzontale,Sereno,Scarso,Buona,Sufficiente,0,0,0,5,12.481,41.8578,-1,1,Autovettura privata,In marcia / fermata / arresto,Passeggero,F,Illeso,0,,,,,
3905940,11,05/07/2018 21:00:00,Strada Urbana,VIALE LEONARDO DA VINCI,all'intersezione con,VIA COSTANTINO,VIA COSTANTINO,,,Scontro frontale/laterale DX fra veicoli in marcia,Incrocio,Due carreggiate,Asciutto,Asfaltata,Verticale ed orizzontale,Sereno,Scarso,Buona,Sufficiente,0,0,0,5,12.481,41.8578,-1,2,Autovettura privata,In marcia / fermata / arresto,Conducente,M,Illeso,0,,,,,
3905940,11,05/07/2018 21:00:00,Strada Urbana,VIALE LEONARDO DA VINCI,all'intersezione con,VIA COSTANTINO,VIA COSTANTINO,,,Scontro frontale/laterale DX fra veicoli in marcia,Incrocio,Due carreggiate,Asciutto,Asfaltata,Verticale ed orizzontale,Sereno,Scarso,Buona,Sufficiente,0,0,0,5,12.481,41.8578,-1,2,Autovettura privata,In marcia / fermata / arresto,Passeggero,M,Illeso,0,,,,,
3905940,11,05/07/2018 21:00:00,Strada Urbana,VIALE LEONARDO DA VINCI,all'intersezione con,VIA COSTANTINO,VIA COSTANTINO,,,Scontro frontale/laterale DX fra veicoli in marcia,Incrocio,Due carreggiate,Asciutto,Asfaltata,Verticale ed orizzontale,Sereno,Scarso,Buona,Sufficiente,0,0,0,5,12.481,41.8578,-1,2,Autovettura privata,In marcia / fermata / arresto,Passeggero,F,Illeso,0,,,,,
3905945,5,04/07/2018 20:15:00,,VIA MESULA,all'intersezione con,VIA GIUSEPPE GIOENI,VIA GIUSEPPE GIOENI,,,Scontro frontale/laterale DX fra veicoli in marcia,,,,,,,,,,0,0,0,2,12.5355,41.9249,0,1,Autovettura privata,In marcia / fermata / arresto,Conducente,M,Illeso,0,,,,,
3905945,5,04/07/2018 20:15:00,,VIA MESULA,all'intersezione con,VIA GIUSEPPE GIOENI,VIA GIUSEPPE GIOENI,,,Scontro frontale/laterale DX fra veicoli in marcia,,,,,,,,,,0,0,0,2,12.5355,41.9249,0,2,Autovettura privata,In marcia / fermata / arresto,Conducente,M,Illeso,0,,,,,
3905946,18,05/07/2018 16:00:00,Strada Urbana,VIA CORNELIA,in corrispondenza,,del civico n.,165,,Veicolo in marcia contro veicolo in sosta,Rettilineo,Una carreggiata a doppio senso,Asciutto,Asfaltata,Verticale ed orizzontale,Sereno,Scarso,Buona,Ore Diurne,0,0,0,1,12.3906,41.9021,-1,1,Autocarro inferiore 35 q.,In marcia / fermata / arresto,Conducente,M,Illeso,0,,,,,
3905947,5,05/07/2018 18:15:00,Strada Urbana,VIA COLLI SUL VELINO,all'intersezione con,VIA TIBURTINA,VIA TIBURTINA,,,Scontro laterale fra veicoli in marcia,Incrocio,Una carreggiata a doppio senso,Asciutto,Asfaltata,Verticale ed orizzontale,Sereno,Intenso,Buona,Ore Diurne,0,0,0,2,12.6243,41.9376,-1,1,Motociclo a solo,In marcia / fermata / arresto,Conducente,M,Illeso,0,,Non accertato,,,
3905947,5,05/07/2018 18:15:00,Strada Urbana,VIA COLLI SUL VELINO,all'intersezione con,VIA TIBURTINA,VIA TIBURTINA,,,Scontro laterale fra veicoli in marcia,Incrocio,Una carreggiata a doppio senso,Asciutto,Asfaltata,Verticale ed orizzontale,Sereno,Intenso,Buona,Ore Diurne,0,0,0,2,12.6243,41.9376,-1,2,Autovettura privata,In marcia / fermata / arresto,Conducente,M,Illeso,0,,Non accertato,Inesploso,,
3905949,20,05/07/2018 12:30:00,Strada Urbana,VIALE MAURIZIO BARENDSON,da specificare,,,,inversione di marcia direzione FLAMINIA,Scontro frontale/laterale DX fra veicoli in marcia,Rettilineo,Due carreggiate,Asciutto,Asfaltata,Verticale ed orizzontale,Sereno,Normale,Buona,Ore Diurne,0,1,0,1,12.494,41.9755,-1,1,Autovettura privata,In marcia / fermata / arresto,Conducente,M,Illeso,0,,Non accertato,Inesploso,,
3905949,20,05/07/2018 12:30:00,Strada Urbana,VIALE MAURIZIO BARENDSON,da specificare,,,,inversione di marcia direzione FLAMINIA,Scontro frontale/laterale DX fra veicoli in marcia,Rettilineo,Due carreggiate,Asciutto,Asfaltata,Verticale ed orizzontale,Sereno,Normale,Buona,Ore Diurne,0,1,0,1,12.494,41.9755,-1,2,Motociclo a solo,In marcia / fermata / arresto,Conducente,M,Prognosi riservata,0,NON DECEDUTO,Non accertato,,,
3905953,16,05/07/2018 11:45:00,Strada Urbana,VIA ANTONIO BENNICELLI,all'intersezione con,VIA LUIGI ARATI,VIA LUIGI ARATI,,,Scontro laterale fra veicoli in marcia,Incrocio,Una carreggiata a senso unico di marcia,Asciutto,Asfaltata,Verticale ed orizzontale,Sereno,Normale,Buona,Ore Diurne,0,0,0,2,12.4424,41.874,-1,1,Autovettura privata,In marcia / fermata / arresto,Conducente,F,Illeso,0,,Non accertato,Inesploso,,
3905953,16,05/07/2018 11:45:00,Strada Urbana,VIA ANTONIO BENNICELLI,all'intersezione con,VIA LUIGI ARATI,VIA LUIGI ARATI,,,Scontro laterale fra veicoli in marcia,Incrocio,Una carreggiata a senso unico di marcia,Asciutto,Asfaltata,Verticale ed orizzontale,Sereno,Normale,Buona,Ore Diurne,0,0,0,2,12.4424,41.874,-1,2,Autovettura privata,In marcia / fermata / arresto,Conducente,F,Illeso,0,,Non accertato,Inesploso,,
3905956,3,04/07/2018 17:55:00,Strada Urbana,VIA NOMENTANA,in prossimit�,,del civico n.,50,,Tamponamento,Rettilineo,Pi� di due carreggiate,Asciutto,Asfaltata,Verticale ed orizzontale,Sereno,Intenso,Buona,Ore Diurne,0,0,0,1,12.5072,41.913,-1,1,Autovettura privata,In marcia / fermata / arresto,Conducente,M,Illeso,0,,Non accertato,Inesploso,,
3905958,15,05/07/2018 14:00:00,Strada Urbana,VIA DELLA MAGLIANA,da specificare,,,,fronte civ. 263/B,Scontro frontale/laterale DX fra veicoli in marcia,Rettilineo,Una carreggiata a doppio senso,Asciutto,Asfaltata,Orizzontale,Sereno,Normale,Buona,Ore Diurne,0,0,0,4,12.4196,41.8317,-1,1,Autovettura privata,In marcia / fermata / arresto,Conducente,M,Illeso,0,,Non accertato,Inesploso,,
3905958,15,05/07/2018 14:00:00,Strada Urbana,VIA DELLA MAGLIANA,da specificare,,,,fronte civ. 263/B,Scontro frontale/laterale DX fra veicoli in marcia,Rettilineo,Una carreggiata a doppio senso,Asciutto,Asfaltata,Orizzontale,Sereno,Normale,Buona,Ore Diurne,0,0,0,4,12.4196,41.8317,-1,2,Autovettura privata,In marcia / fermata / arresto,Conducente,M,Illeso,0,,Non accertato,Inesploso,,
3905958,15,05/07/2018 14:00:00,Strada Urbana,VIA DELLA MAGLIANA,da specificare,,,,fronte civ. 263/B,Scontro frontale/laterale DX fra veicoli in marcia,Rettilineo,Una carreggiata a doppio senso,Asciutto,Asfaltata,Orizzontale,Sereno,Normale,Buona,Ore Diurne,0,0,0,4,12.4196,41.8317,-1,2,Autovettura privata,In marcia / fermata / arresto,Passeggero,F,Illeso,0,,Non accertato,Inesploso,,
3905958,15,05/07/2018 14:00:00,Strada Urbana,VIA DELLA MAGLIANA,da specificare,,,,fronte civ. 263/B,Scontro frontale/laterale DX fra veicoli in marcia,Rettilineo,Una carreggiata a doppio senso,Asciutto,Asfaltata,Orizzontale,Sereno,Normale,Buona,Ore Diurne,0,0,0,4,12.4196,41.8317,-1,2,Autovettura privata,In marcia / fermata / arresto,Passeggero,F,Illeso,0,,Non accertato,Inesploso,,
3905959,13,05/07/2018 17:30:00,Strada Urbana,VIALE CHARLES LENORMANT,all'intersezione con,VIA DELLA MACCHIARELLA,VIA DELLA MACCHIARELLA,,,Scontro laterale fra veicoli in marcia,Incrocio,Una carreggiata a doppio senso,Asciutto,Asfaltata,Verticale,Sereno,Scarso,Buona,Ore Diurne,0,0,0,3,12.3293,41.7728,-1,1,Autovettura privata,In marcia / fermata / arresto,Conducente,M,Illeso,0,,Non accertato,Inesploso,,
3905959,13,05/07/2018 17:30:00,Strada Urbana,VIALE CHARLES LENORMANT,all'intersezione con,VIA DELLA MACCHIARELLA,VIA DELLA MACCHIARELLA,,,Scontro laterale fra veicoli in marcia,Incrocio,Una carreggiata a doppio senso,Asciutto,Asfaltata,Verticale,Sereno,Scarso,Buona,Ore Diurne,0,0,0,3,12.3293,41.7728,-1,1,Autovettura privata,In marcia / fermata / arresto,Passeggero,M,Illeso,0,,Non accertato,Inesploso,,
3905959,13,05/07/2018 17:30:00,Strada Urbana,VIALE CHARLES LENORMANT,all'intersezione con,VIA DELLA MACCHIARELLA,VIA DELLA MACCHIARELLA,,,Scontro laterale fra veicoli in marcia,Incrocio,Una carreggiata a doppio senso,Asciutto,Asfaltata,Verticale,Sereno,Scarso,Buona,Ore Diurne,0,0,0,3,12.3293,41.7728,-1,2,Autovettura privata,In marcia / fermata / arresto,Conducente,M,Illeso,0,,Non accertato,Inesploso,,
3905960,7,04/07/2018 22:45:00,Strada Urbana,VIA DI TOR CERVARA,in prossimit�,,del civico n.,327,,Veicolo in marcia contro veicoli in sosta,Rettilineo,Una carreggiata a doppio senso,Asciutto,Asfaltata,Verticale,Sereno,Normale,Buona,Sufficiente,0,0,0,2,12.5898,41.9047,-1,1,Autovettura privata,In marcia / fermata / arresto,Conducente,M,Illeso,0,,Non accertato,Inesploso,,
3905960,7,04/07/2018 22:45:00,Strada Urbana,VIA DI TOR CERVARA,in prossimit�,,del civico n.,327,,Veicolo in marcia contro veicoli in sosta,Rettilineo,Una carreggiata a doppio senso,Asciutto,Asfaltata,Verticale,Sereno,Normale,Buona,Sufficiente,0,0,0,2,12.5898,41.9047,-1,1,Autovettura privata,In marcia / fermata / arresto,Passeggero,M,Illeso,0,,Non accertato,Inesploso,,
3905965,3,04/07/2018 17:15:00,Strada Urbana,VIA CARLO EMERY,in corrispondenza,,del civico n.,131,,Scontro laterale fra veicoli in marcia,Rettilineo,Una carreggiata a doppio senso,Asciutto,Asfaltata,Verticale ed orizzontale,Sereno,Normale,Buona,Ore Diurne,0,0,0,2,12.4943,41.9787,-1,1,Autovettura privata,In marcia / fermata / arresto,Conducente,F,Illeso,0,,Non accertato,Inesploso,,
3905965,3,04/07/2018 17:15:00,Strada Urbana,VIA CARLO EMERY,in corrispondenza,,del civico n.,131,,Scontro laterale fra veicoli in marcia,Rettilineo,Una carreggiata a doppio senso,Asciutto,Asfaltata,Verticale ed orizzontale,Sereno,Normale,Buona,Ore Diurne,0,0,0,2,12.4943,41.9787,-1,2,Autovettura privata,In marcia / fermata / arresto,Conducente,M,Illeso,0,,Non accertato,Inesploso,,
3905970,13,05/07/2018 09:45:00,Strada Urbana,VIA ERMANNO WOLF FERRARI,all'intersezione con,VIA ALBERTO FRANCHETTI,VIA ALBERTO FRANCHETTI,,,Scontro frontale/laterale DX fra veicoli in marcia,Incrocio,Una carreggiata a doppio senso,Asciutto,Asfaltata,Orizzontale,Sereno,Normale,Buona,Ore Diurne,0,0,0,3,12.3779,41.7482,-1,1,Autovettura privata,In marcia / fermata / arresto,Conducente,M,Illeso,0,,,,,
3905970,13,05/07/2018 09:45:00,Strada Urbana,VIA ERMANNO WOLF FERRARI,all'intersezione con,VIA ALBERTO FRANCHETTI,VIA ALBERTO FRANCHETTI,,,Scontro frontale/laterale DX fra veicoli in marcia,Incrocio,Una carreggiata a doppio senso,Asciutto,Asfaltata,Orizzontale,Sereno,Normale,Buona,Ore Diurne,0,0,0,3,12.3779,41.7482,-1,2,Autovettura privata,In marcia / fermata / arresto,Conducente,M,Illeso,0,,Non accertato,Inesploso,,
3905970,13,05/07/2018 09:45:00,Strada Urbana,VIA ERMANNO WOLF FERRARI,all'intersezione con,VIA ALBERTO FRANCHETTI,VIA ALBERTO FRANCHETTI,,,Scontro frontale/laterale DX fra veicoli in marcia,Incrocio,Una carreggiata a doppio senso,Asciutto,Asfaltata,Orizzontale,Sereno,Normale,Buona,Ore Diurne,0,0,0,3,12.3779,41.7482,-1,2,Autovettura privata,In marcia / fermata / arresto,Passeggero,M,Illeso,0,,,,,
3905974,15,06/07/2018 05:50:00,Strada Urbana,VIADOTTO DELLA MAGLIANA,da specificare,,,,fronte Via del Cappellaccio,Veicolo in marcia contro ostacolo fisso,Curva a visuale libera,Due carreggiate,Viscido da liquidi oleosi,Asfaltata,Assente,Nuvoloso,Scarso,Sufficiente,Sufficiente,1,0,0,0,12.4631,41.8417,-1,1,Motociclo a solo,In marcia / fermata / arresto,Conducente,M,Rimandato,0,NON DECEDUTO,Utilizzato,,,
3905975,10,05/07/2018 17:00:00,Strada Urbana,VIALE ANTONIO CIAMARRA,in corrispondenza,,del civico n.,86,,Veicolo in marcia contro veicoli in sosta,Rettilineo,Due carreggiate,Asciutto,Asfaltata,Verticale ed orizzontale,Sereno,Normale,Buona,Ore Diurne,0,0,0,2,12.5913,41.8497,-1,1,Autovettura privata,In marcia / fermata / arresto,Conducente,F,Illeso,0,,Non accertato,Inesploso,,
3905975,10,05/07/2018 17:00:00,Strada Urbana,VIALE ANTONIO CIAMARRA,in corrispondenza,,del civico n.,86,,Veicolo in marcia contro veicoli in sosta,Rettilineo,Due carreggiate,Asciutto,Asfaltata,Verticale ed orizzontale,Sereno,Normale,Buona,Ore Diurne,0,0,0,2,12.5913,41.8497,-1,1,Autovettura privata,In marcia / fermata / arresto,Passeggero,M,Illeso,0,,Non accertato,Inesploso,,
3905976,13,05/07/2018 10:55:00,Strada Urbana,VIA DI CASTEL FUSANO,da specificare,,,,dir. ostia antica fr adv prk,Scontro frontale/laterale SX fra veicoli in marcia,Rettilineo,Una carreggiata a doppio senso,Asciutto,Asfaltata,Verticale ed orizzontale,Sereno,Normale,Buona,Ore Diurne,1,0,0,1,12.311,41.7478,-1,1,Autovettura privata,In marcia / fermata / arresto,Conducente,F,Illeso,0,,,,,
3905976,13,05/07/2018 10:55:00,Strada Urbana,VIA DI CASTEL FUSANO,da specificare,,,,dir. ostia antica fr adv prk,Scontro frontale/laterale SX fra veicoli in marcia,Rettilineo,Una carreggiata a doppio senso,Asciutto,Asfaltata,Verticale ed orizzontale,Sereno,Normale,Buona,Ore Diurne,1,0,0,1,12.311,41.7478,-1,2,Motociclo con passeggero,In marcia / fermata / arresto,Conducente,M,Rimandato,0,NON DECEDUTO,,,,
3905981,13,05/07/2018 10:45:00,Strada Urbana,VIA DOBBIACO,all'intersezione con,VIALE DI CASTEL PORZIANO,VIALE DI CASTEL PORZIANO,,,Scontro frontale/laterale SX fra veicoli in marcia,Incrocio,Una carreggiata a doppio senso,Asciutto,Asfaltata,Verticale,Sereno,Normale,Buona,Ore Diurne,1,0,0,3,12.3773,41.7259,-1,1,Autocarro inferiore 35 q.,In marcia / fermata / arresto,Conducente,M,Illeso,0,,Non accertato,Inesploso,,
3905981,13,05/07/2018 10:45:00,Strada Urbana,VIA DOBBIACO,all'intersezione con,VIALE DI CASTEL PORZIANO,VIALE DI CASTEL PORZIANO,,,Scontro frontale/laterale SX fra veicoli in marcia,Incrocio,Una carreggiata a doppio senso,Asciutto,Asfaltata,Verticale,Sereno,Normale,Buona,Ore Diurne,1,0,0,3,12.3773,41.7259,-1,1,Autocarro inferiore 35 q.,In marcia / fermata / arresto,Passeggero,M,Illeso,0,,Non accertato,Inesploso,,