Protocollo,Gruppo,DataOraIncidente,Localizzazione1,STRADA1,Localizzazione2,STRADA2,Strada02,Chilometrica,DaSpecificare,NaturaIncidente,particolaritastrade,TipoStrada,FondoStradale,Pavimentazione,Segnaletica,CondizioneAtmosferica,Traffico,Visibilita,Illuminazione,NUM_FERITI,NUM_RISERVATA,NUM_MORTI,NUM_ILLESI,Longitudine,Latitudine,Confermato,Progressivo,TipoVeicolo,StatoVeicolo,TipoPersona,Sesso,Tipolesione,Deceduto,DecedutoDopo,CinturaCascoUtilizzato,Airbag,,
3905981,13,05/07/2018 10:45:00,Strada Urbana,VIA DOBBIACO,all'intersezione con,VIALE DI CASTEL PORZIANO,VIALE DI CASTEL PORZIANO,,,Scontro frontale/laterale SX fra veicoli in marcia,Incrocio,Una carreggiata a doppio senso,Asciutto,Asfaltata,Verticale,Sereno,Normale,Buona,Ore Diurne,1,0,0,3,12.3773,41.7259,-1,1,Autocarro inferiore 35 q.,In marcia / fermata / arresto,Passeggero,M,Illeso,0,,Non accertato,Inesploso,,
3905981,13,05/07/2018 10:45:00,Strada Urbana,VIA DOBBIACO,all'intersezione con,VIALE DI CASTEL PORZIANO,VIALE DI CASTEL PORZIANO,,,Scontro frontale/laterale SX fra veicoli in marcia,Incrocio,Una carreggiata a doppio senso,Asciutto,Asfaltata,Verticale,Sereno,Normale,Buona,Ore Diurne,1,0,0,3,12.3773,41.7259,-1,2,Autovettura privata,In marcia / fermata / arresto,Conducente,M,Rimandato,0,NON DECEDUTO,Non accertato,Inesploso,,
3905989,20,05/07/2018 12:00:00,Regionale entro l'abitato,VIA FLAMINIA,all'intersezione con,VIA FLAMINIA NUOVA,VIA FLAMINIA NUOVA,,,Scontro laterale fra veicoli in marcia,Incrocio,Due carreggiate,Asciutto,Asfaltata,Verticale ed orizzontale,Sereno,Normale,Buona,Ore Diurne,0,0,0,2,12.4718,41.9419,-1,1,Autovettura privata,In marcia / fermata / arresto,Conducente,F,Illeso,0,,,,,
3905989,20,05/07/2018 12:00:00,Regionale entro l'abitato,VIA FLAMINIA,all'intersezione con,VIA FLAMINIA NUOVA,VIA FLAMINIA NUOVA,,,Scontro laterale fra veicoli in marcia,Incrocio,Due carreggiate,Asciutto,Asfaltata,Verticale ed orizzontale,Sereno,Normale,Buona,Ore Diurne,0,0,0,2,12.4718,41.9419,-1,2,Autovettura privata,In marcia / fermata / arresto,Conducente,M,Illeso,0,,,,,
3905992,20,05/07/2018 16:05:00,Regionale entro l'abitato,VIA FLAMINIA,in prossimit�,,del civico n.,871,,Tamponamento,Curva a visuale libera,Due carreggiate,Asciutto,Asfaltata,Verticale ed orizzontale,Sereno,Normale,Buona,Ore Diurne,0,0,0,4,12.4846,41.9557,-1,1,Autovettura privata,In marcia / fermata / arresto,Conducente,F,Illeso,0,,Non accertato,Inesploso,,
3905992,20,05/07/2018 16:05:00,Regionale entro l'abitato,VIA FLAMINIA,in prossimit�,,del civico n.,871,,Tamponamento,Curva a visuale libera,Due carreggiate,Asciutto,Asfaltata,Verticale ed orizzontale,Sereno,Normale,Buona,Ore Diurne,0,0,0,4,12.4846,41.9557,-1,1,Autovettura privata,In marcia / fermata / arresto,Passeggero,M,Illeso,0,,Non accertato,,,
3905992,20,05/07/2018 16:05:00,Regionale entro l'abitato,VIA FLAMINIA,in prossimit�,,del civico n.,871,,Tamponamento,Curva a visuale libera,Due carreggiate,Asciutto,Asfaltata,Verticale ed orizzontale,Sereno,Normale,Buona,Ore Diurne,0,0,0,4,12.4846,41.9557,-1,1,Autovettura privata,In marcia / fermata / arresto,Passeggero,F,Illeso,0,,Non accertato,,,
3905992,20,05/07/2018 16:05:00,Regionale entro l'abitato,VIA FLAMINIA,in prossimit�,,del civico n.,871,,Tamponamento,Curva a visuale libera,Due carreggiate,Asciutto,Asfaltata,Verticale ed orizzontale,Sereno,Normale,Buona,Ore Diurne,0,0,0,4,12.4846,41.9557,-1,2,Autovettura privata,In marcia / fermata / arresto,Conducente,M,Illeso,0,,Non accertato,,,
3906010,19,05/07/2018 17:45:00,Strada Urbana,VIA DI CASAL DEL MARMO,in corrispondenza,,del civico n.,616,,Scontro frontale fra veicoli in marcia,Rettilineo,Una carreggiata a doppio senso,Asciutto,Asfaltata,Verticale ed orizzontale,Sereno,Normale,Buona,Ore Diurne,1,0,0,0,12.3827,41.9356,-1,1,Motociclo a solo,In marcia / fermata / arresto,Conducente,M,Ricoverato,0,NON DECEDUTO,,,,
3906016,15,05/07/2018 17:00:00,Strada Urbana,VIA DELLA MAGLIANA,all'intersezione con,VIA DELLE IDROVORE DELLA MAGLIANA,VIA DELLE IDROVORE DELLA MAGLIANA,,,Scontro frontale/laterale SX fra veicoli in marcia,Intersezione non regolata/non segnalata,Una carreggiata a doppio senso,Asciutto,Asfaltata,Verticale ed orizzontale,Sereno,Normale,Buona,Ore Diurne,1,0,0,2,12.4196,41.8317,-1,1,Autovettura privata,In marcia / fermata / arresto,Conducente,M,Illeso,0,,Utilizzato,Inesploso,,
3906016,15,05/07/2018 17:00:00,Strada Urbana,VIA DELLA MAGLIANA,all'intersezione con,VIA DELLE IDROVORE DELLA MAGLIANA,VIA DELLE IDROVORE DELLA MAGLIANA,,,Scontro frontale/laterale SX fra veicoli in marcia,Intersezione non regolata/non segnalata,Una carreggiata a doppio senso,Asciutto,Asfaltata,Verticale ed orizzontale,Sereno,Normale,Buona,Ore Diurne,1,0,0,2,12.4196,41.8317,-1,1,Autovettura privata,In marcia / fermata / arresto,Passeggero,M,Illeso,0,,Utilizzato,Inesploso,,
3906016,15,05/07/2018 17:00:00,Strada Urbana,VIA DELLA MAGLIANA,all'intersezione con,VIA DELLE IDROVORE DELLA MAGLIANA,VIA DELLE IDROVORE DELLA MAGLIANA,,,Scontro frontale/laterale SX fra veicoli in marcia,Intersezione non regolata/non segnalata,Una carreggiata a doppio senso,Asciutto,Asfaltata,Verticale ed orizzontale,Sereno,Normale,Buona,Ore Diurne,1,0,0,2,12.4196,41.8317,-1,2,Motociclo a solo,In marcia / fermata / arresto,Conducente,M,Rimandato,0,NON DECEDUTO,Utilizzato,,,
3906020,15,05/07/2018 16:25:00,Strada Urbana,VIA DEL TEMPIO DEGLI ARVALI,in corrispondenza,,del civico n.,47,,Tamponamento Multiplo,Rettilineo,Una carreggiata a doppio senso,Asciutto,Asfaltata,Assente,Sereno,Normale,Buona,Ore Diurne,3,0,0,2,12.4362,41.8349,-1,1,Autovettura privata,In marcia / fermata / arresto,Conducente,F,Rimandato,0,NON DECEDUTO,Non accertato,Esploso,,
3906020,15,05/07/2018 16:25:00,Strada Urbana,VIA DEL TEMPIO DEGLI ARVALI,in corrispondenza,,del civico n.,47,,Tamponamento Multiplo,Rettilineo,Una carreggiata a doppio senso,Asciutto,Asfaltata,Assente,Sereno,Normale,Buona,Ore Diurne,3,0,0,2,12.4362,41.8349,-1,2,Autovettura privata,In marcia / fermata / arresto,Conducente,M,Rimandato,0,NON DECEDUTO,Utilizzato,Inesploso,,
3906020,15,05/07/2018 16:25:00,Strada Urbana,VIA DEL TEMPIO DEGLI ARVALI,in corrispondenza,,del civico n.,47,,Tamponamento Multiplo,Rettilineo,Una carreggiata a doppio senso,Asciutto,Asfaltata,Assente,Sereno,Normale,Buona,Ore Diurne,3,0,0,2,12.4362,41.8349,-1,2,Autovettura privata,In marcia / fermata / arresto,Passeggero,F,Rimandato,0,NON DECEDUTO,Non accertato,Inesploso,,
3906020,15,05/07/2018 16:25:00,Strada Urbana,VIA DEL TEMPIO DEGLI ARVALI,in corrispondenza,,del civico n.,47,,Tamponamento Multiplo,Rettilineo,Una carreggiata a doppio senso,Asciutto,Asfaltata,Assente,Sereno,Normale,Buona,Ore Diurne,3,0,0,2,12.4362,41.8349,-1,3,Autovettura privata,In marcia / fermata / arresto,Conducente,M,Illeso,0,,Non accertato,Inesploso,,
3906020,15,05/07/2018 16:25:00,Strada Urbana,VIA DEL TEMPIO DEGLI ARVALI,in corrispondenza,,del civico n.,47,,Tamponamento Multiplo,Rettilineo,Una carreggiata a doppio senso,Asciutto,Asfaltata,Assente,Sereno,Normale,Buona,Ore Diurne,3,0,0,2,12.4362,41.8349,-1,3,Autovettura privata,In marcia / fermata / arresto,Passeggero,F,Illeso,0,,Non accertato,Inesploso,,
3906025,20,05/07/2018 17:45:00,Regionale entro l'abitato,VIA FLAMINIA,all'intersezione con,VIA DEI DUE PONTI,VIA DEI DUE PONTI,,,Scontro laterale fra veicoli in marcia,Incrocio,Due carreggiate,Asciutto,Asfaltata,Orizzontale,Sereno,Normale,Buona,Ore Diurne,1,0,0,1,12.4718,41.9419,-1,1,Autovettura privata,In marcia / fermata / arresto,Conducente,M,Illeso,0,,,,,
3906025,20,05/07/2018 17:45:00,Regionale entro l'abitato,VIA FLAMINIA,all'intersezione con,VIA DEI DUE PONTI,VIA DEI DUE PONTI,,,Scontro laterale fra veicoli in marcia,Incrocio,Due carreggiate,Asciutto,Asfaltata,Orizzontale,Sereno,Normale,Buona,Ore Diurne,1,0,0,1,12.4718,41.9419,-1,2,Motociclo a solo,In marcia / fermata / arresto,Conducente,M,Rimandato,0,NON DECEDUTO,,,,
3906031,19,05/07/2018 11:45:00,Strada Urbana,VIA DELLA PINETA SACCHETTI,all'intersezione con,VIA MONTIGLIO,VIA MONTIGLIO,,,Tamponamento Multiplo,Intersezione semaforizzata,Due carreggiate,Asciutto,Asfaltata,Verticale ed orizzontale,Sereno,Normale,Buona,Ore Diurne,0,0,0,3,12.4244,41.9231,-1,1,Autovettura privata,In marcia / fermata / arresto,Conducente,M,Illeso,0,,,,,
3906031,19,05/07/2018 11:45:00,Strada Urbana,VIA DELLA PINETA SACCHETTI,all'intersezione con,VIA MONTIGLIO,VIA MONTIGLIO,,,Tamponamento Multiplo,Intersezione semaforizzata,Due carreggiate,Asciutto,Asfaltata,Verticale ed orizzontale,Sereno,Normale,Buona,Ore Diurne,0,0,0,3,12.4244,41.9231,-1,2,Autovettura privata,In marcia / fermata / arresto,Conducente,M,Illeso,0,,,,,
3906031,19,05/07/2018 11:45:00,Strada Urbana,VIA DELLA PINETA SACCHETTI,all'intersezione con,VIA MONTIGLIO,VIA MONTIGLIO,,,Tamponamento Multiplo,Intersezione semaforizzata,Due carreggiate,Asciutto,Asfaltata,Verticale ed orizzontale,Sereno,Normale,Buona,Ore Diurne,0,0,0,3,12.4244,41.9231,-1,3,Autovettura privata,In marcia / fermata / arresto,Conducente,M,Illeso,0,,,,,
3906040,9,05/07/2018 23:50:00,,VIA IMERA,da specificare,,,,fr.11,Veicolo in marcia contro ostacolo fisso,,,,,,,,,,0,0,0,1,,,0,1,Autovettura privata,In marcia / fermata / arresto,Conducente,M,Illeso,0,,,,,
3906045,4,05/07/2018 17:25:00,Strada Urbana,VIA FERRUCCIO AMENDOLA,da specificare,,,,pross civ 94 (area di parcheggio),Scontro laterale fra veicoli in marcia,Rettilineo,Una carreggiata a doppio senso,Asciutto,Asfaltata,Orizzontale,Sereno,Normale,Buona,Ore Diurne,0,0,0,4,12.5351,41.9676,-1,1,Autovettura privata,In marcia / fermata / arresto,Conducente,F,Illeso,0,,,,,
3906045,4,05/07/2018 17:25:00,Strada Urbana,VIA FERRUCCIO AMENDOLA,da specificare,,,,pross civ 94 (area di parcheggio),Scontro laterale fra veicoli in marcia,Rettilineo,Una carreggiata a doppio senso,Asciutto,Asfaltata,Orizzontale,Sereno,Normale,Buona,Ore Diurne,0,0,0,4,12.5351,41.9676,-1,1,Autovettura privata,In marcia / fermata / arresto,Passeggero,F,Illeso,0,,,,,
3906045,4,05/07/2018 17:25:00,Strada Urbana,VIA FERRUCCIO AMENDOLA,da specificare,,,,pross civ 94 (area di parcheggio),Scontro laterale fra veicoli in marcia,Rettilineo,Una carreggiata a doppio senso,Asciutto,Asfaltata,Orizzontale,Sereno,Normale,Buona,Ore Diurne,0,0,0,4,12.5351,41.9676,-1,2,Autovettura privata,In marcia / fermata / arresto,Conducente,F,Illeso,0,,,,,
3906045,4,05/07/2018 17:25:00,Strada Urbana,VIA FERRUCCIO AMENDOLA,da specificare,,,,pross civ 94 (area di parcheggio),Scontro laterale fra veicoli in marcia,Rettilineo,Una carreggiata a doppio senso,Asciutto,Asfaltata,Orizzontale,Sereno,Normale,Buona,Ore Diurne,0,0,0,4,12.5351,41.9676,-1,2,Autovettura privata,In marcia / fermata / arresto,Passeggero,F,Illeso,0,,,,,
3906048,4,06/07/2018 01:00:00,Strada Urbana,VIALE JONIO,all'intersezione semaforizzata con,VIALE PANTELLERIA,VIALE PANTELLERIA,,,Tamponamento,Incrocio,Due carreggiate,Asciutto,Asfaltata,Verticale ed orizzontale,Sereno,Scarso,Buona,Sufficiente,1,0,0,0,12.5362,41.9441,-1,1,Autovettura privata,In marcia / fermata / arresto,Conducente,M,Rifiuta cure immediate,0,NON DECEDUTO,,,,
3906055,17,05/07/2018 12:10:00,Strada Urbana,VIA GERMANICO,in corrispondenza,,del civico n.,53,,Infortunio per sola frenata improvvisa,Rettilineo,Una carreggiata a senso unico di marcia,Viscido da liquidi oleosi,In cubetti di porfido,Verticale,Sereno,Normale,Buona,Ore Diurne,1,0,0,0,12.4565,41.9074,-1,1,Motociclo a solo,In marcia / fermata / arresto,Conducente,M,Rimandato,0,NON DECEDUTO,,,,
3906058,17,05/07/2018 15:10:00,Strada Urbana,PIAZZA DEI TRIBUNALI,da specificare,,,,FRONTE PALAZZACCIO,Veicolo in marcia contro veicoli in arresto,Rettilineo,Due carreggiate,Asciutto,Asfaltata,Verticale ed orizzontale,Sereno,Normale,Buona,Ore Diurne,0,0,0,1,12.4709,41.9032,-1,1,Autovettura privata,In marcia / fermata / arresto,Conducente,F,Illeso,0,,,,,
3906059,9,06/07/2018 05:50:00,Strada Urbana,VIA APPIA NUOVA,all'intersezione con,VIA ALLUMIERE,VIA ALLUMIERE,,,Scontro frontale/laterale DX fra veicoli in marcia,Incrocio,Due carreggiate,Asciutto,Asfaltata,Verticale ed orizzontale,Sereno,Normale,Buona,Ore Diurne,2,0,0,1,12.5318,41.8646,-1,1,Autobus di linea,In marcia / fermata / arresto,Conducente,M,Illeso,0,,Non accertato,Inesploso,,
3906059,9,06/07/2018 05:50:00,Strada Urbana,VIA APPIA NUOVA,all'intersezione con,VIA ALLUMIERE,VIA ALLUMIERE,,,Scontro frontale/laterale DX fra veicoli in marcia,Incrocio,Due carreggiate,Asciutto,Asfaltata,Verticale ed orizzontale,Sereno,Normale,Buona,Ore Diurne,2,0,0,1,12.5318,41.8646,-1,2,Autovettura privata,In marcia / fermata / arresto,Conducente,M,Rimandato,0,NON DECEDUTO,Non accertato,Inesploso,,
3906059,9,06/07/2018 05:50:00,Strada Urbana,VIA APPIA NUOVA,all'intersezione con,VIA ALLUMIERE,VIA ALLUMIERE,,,Scontro frontale/laterale DX fra veicoli in marcia,Incrocio,Due carreggiate,Asciutto,Asfaltata,Verticale ed orizzontale,Sereno,Normale,Buona,Ore Diurne,2,0,0,1,12.5318,41.8646,-1,2,Autovettura privata,In marcia / fermata / arresto,Passeggero,F,Rimandato,0,NON DECEDUTO,Non accertato,Inesploso,,
3906111,4,05/07/2018 14:30:00,Strada Urbana,VIA BRACCIANENSE,all'intersezione con,VIA DI TRAGLIATELLA,VIA DI TRAGLIATELLA,,,Scontro laterale fra veicoli in marcia,Incrocio,Una carreggiata a doppio senso,Asciutto,Asfaltata,Orizzontale,Sereno,Scarso,Buona,Ore Diurne,1,0,0,2,12.2868,42.032,-1,1,Autovettura privata,In marcia / fermata / arresto,Conducente,M,Illeso,0,,,,,
3906111,4,05/07/2018 14:30:00,Strada Urbana,VIA BRACCIANENSE,all'intersezione con,VIA DI TRAGLIATELLA,VIA DI TRAGLIATELLA,,,Scontro laterale fra veicoli in marcia,Incrocio,Una carreggiata a doppio senso,Asciutto,Asfaltata,Orizzontale,Sereno,Scarso,Buona,Ore Diurne,1,0,0,2,12.2868,42.032,-1,1,Autovettura privata,In marcia / fermata / arresto,Passeggero,F,Illeso,0,,,,,
3906111,4,05/07/2018 14:30:00,Strada Urbana,VIA BRACCIANENSE,all'intersezione con,VIA DI TRAGLIATELLA,VIA DI TRAGLIATELLA,,,Scontro laterale fra veicoli in marcia,Incrocio,Una carreggiata a doppio senso,Asciutto,Asfaltata,Orizzontale,Sereno,Scarso,Buona,Ore Diurne,1,0,0,2,12.2868,42.032,-1,2,Motociclo a solo,In marcia / fermata / arresto,Conducente,M,Ricoverato,0,NON DECEDUTO,,,,
3906112,23,05/07/2018 17:10:00,Strada Urbana,VIA CRISTOFORO COLOMBO,all'intersezione semaforizzata con,VIA ERMANNO WOLF FERRARI,VIA ERMANNO WOLF FERRARI,,,Scontro frontale/laterale DX fra veicoli in marcia,Intersezione semaforizzata,Pi� di due carreggiate,Asciutto,Asfaltata,Verticale ed orizzontale,Sereno,Normale,Buona,Ore Diurne,1,0,0,1,12.397,41.7757,-1,1,Autovettura privata,In marcia / fermata / arresto,Conducente,F,Rimandato,0,NON DECEDUTO,Utilizzato,Inesploso,,
3906112,23,05/07/2018 17:10:00,Strada Urbana,VIA CRISTOFORO COLOMBO,all'intersezione semaforizzata con,VIA ERMANNO WOLF FERRARI,VIA ERMANNO WOLF FERRARI,,,Scontro frontale/laterale DX fra veicoli in marcia,Intersezione semaforizzata,Pi� di due carreggiate,Asciutto,Asfaltata,Verticale ed orizzontale,Sereno,Normale,Buona,Ore Diurne,1,0,0,1,12.397,41.7757,-1,2,Autovettura privata,In marcia / fermata / arresto,Conducente,M,Illeso,0,,Utilizzato,Esploso,,
3906113,18,06/07/2018 08:15:00,Strada Urbana,VIA GIOVANNI BATTISTA RUINO,all'intersezione con,VIA ALESSANDRO GUIDICCIONI,VIA ALESSANDRO GUIDICCIONI,,,Scontro frontale/laterale SX fra veicoli in marcia,Intersezione stradale segnalata,Due carreggiate,Asciutto,Asfaltata,Verticale ed orizzontale,Sereno,Scarso,Buona,Ore Diurne,0,0,0,2,12.3927,41.9026,-1,1,Autovettura privata,In marcia / fermata / arresto,Conducente,F,Illeso,0,,Non accertato,Inesistente,,
3906113,18,06/07/2018 08:15:00,Strada Urbana,VIA GIOVANNI BATTISTA RUINO,all'intersezione con,VIA ALESSANDRO GUIDICCIONI,VIA ALESSANDRO GUIDICCIONI,,,Scontro frontale/laterale SX fra veicoli in marcia,Intersezione stradale segnalata,Due carreggiate,Asciutto,Asfaltata,Verticale ed orizzontale,Sereno,Scarso,Buona,Ore Diurne,0,0,0,2,12.3927,41.9026,-1,2,Autovettura privata,In marcia / fermata / arresto,Conducente,F,Illeso,0,,Non accertato,Inesploso,,
3906191,17,05/07/2018 18:05:00,Strada Urbana,CIRCONVALLAZIONE TRIONFALE,da specificare,,,,altezza civico 26, (corrispondenza di via Telesio),Investimento di pedone,Rettilineo,Due carreggiate,Asciutto,Asfaltata,Verticale ed orizzontale,Sereno,Normale,Buona,Ore Diurne,2,0,0,1,12.4495,41.911,-1,,,,Pedone,M,Rifiuta cure immediate,0,NON DECEDUTO,,,
3906191,17,05/07/2018 18:05:00,Strada Urbana,CIRCONVALLAZIONE TRIONFALE,da specificare,,,,altezza civico 26, (corrispondenza di via Telesio),Investimento di pedone,Rettilineo,Due carreggiate,Asciutto,Asfaltata,Verticale ed orizzontale,Sereno,Normale,Buona,Ore Diurne,2,0,0,1,12.4495,41.911,-1,,,,Pedone,F,Ricoverato,0,NON DECEDUTO,,,
3906191,17,05/07/2018 18:05:00,Strada Urbana,CIRCONVALLAZIONE TRIONFALE,da specificare,,,,altezza civico 26, (corrispondenza di via Telesio),Investimento di pedone,Rettilineo,Due carreggiate,Asciutto,Asfaltata,Verticale ed orizzontale,Sereno,Normale,Buona,Ore Diurne,2,0,0,1,12.4495,41.911,-1,1,Autovettura privata,In marcia / fermata / arresto,Conducente,F,Illeso,0,,,,
3906213,11,06/07/2018 08:30:00,Strada Urbana,VIA DI S. GALLA,all'intersezione con,PIAZZA GIOVANNI DA VERRAZZANO,PIAZZA GIOVANNI DA VERRAZZANO,,,Scontro laterale fra veicoli in marcia,Incrocio,Una carreggiata a doppio senso,Asciutto,Asfaltata,Orizzontale,Nuvoloso,Normale,Buona,Ore Diurne,2,0,0,3,12.489,41.8684,-1,1,Motociclo con passeggero,In marcia / fermata / arresto,Conducente,M,Rimandato,0,NON DECEDUTO,Non accertato,,,
3906213,11,06/07/2018 08:30:00,Strada Urbana,VIA DI S. GALLA,all'intersezione con,PIAZZA GIOVANNI DA VERRAZZANO,PIAZZA GIOVANNI DA VERRAZZANO,,,Scontro laterale fra veicoli in marcia,Incrocio,Una carreggiata a doppio senso,Asciutto,Asfaltata,Orizzontale,Nuvoloso,Normale,Buona,Ore Diurne,2,0,0,3,12.489,41.8684,-1,1,Motociclo con passeggero,In marcia / fermata / arresto,Passeggero,F,Rimandato,0,NON DECEDUTO,Non accertato,,,
3906213,11,06/07/2018 08:30:00,Strada Urbana,VIA DI S. GALLA,all'intersezione con,PIAZZA GIOVANNI DA VERRAZZANO,PIAZZA GIOVANNI DA VERRAZZANO,,,Scontro laterale fra veicoli in marcia,Incrocio,Una carreggiata a doppio senso,Asciutto,Asfaltata,Orizzontale,Nuvoloso,Normale,Buona,Ore Diurne,2,0,0,3,12.489,41.8684,-1,2,Autocaravan,In marcia / fermata / arresto,Conducente,M,Illeso,0,,Non utilizzato,Inesploso,,
3906213,11,06/07/2018 08:30:00,Strada Urbana,VIA DI S. GALLA,all'intersezione con,PIAZZA GIOVANNI DA VERRAZZANO,PIAZZA GIOVANNI DA VERRAZZANO,,,Scontro laterale fra veicoli in marcia,Incrocio,Una carreggiata a doppio senso,Asciutto,Asfaltata,Orizzontale,Nuvoloso,Normale,Buona,Ore Diurne,2,0,0,3,12.489,41.8684,-1,2,Autocaravan,In marcia / fermata / arresto,Passeggero,F,Illeso,0,,Non accertato,Inesploso,,
3906213,11,06/07/2018 08:30:00,Strada Urbana,VIA DI S. GALLA,all'intersezione con,PIAZZA GIOVANNI DA VERRAZZANO,PIAZZA GIOVANNI DA VERRAZZANO,,,Scontro laterale fra veicoli in marcia,Incrocio,Una carreggiata a doppio senso,Asciutto,Asfaltata,Orizzontale,Nuvoloso,Normale,Buona,Ore Diurne,2,0,0,3,12.489,41.8684,-1,2,Autocaravan,In marcia / fermata / arresto,Passeggero,F,Illeso,0,,Non accertato,Inesistente,,
3906231,17,05/07/2018 16:30:00,Strada Urbana,VIA COLA DI RIENZO,all'intersezione con,VIA FABIO MASSIMO,VIA FABIO MASSIMO,,,Scontro laterale fra veicoli in marcia,Intersezione semaforizzata,Una carreggiata a doppio senso,Asciutto,In cubetti di porfido,Verticale ed orizzontale,Sereno,Normale,Buona,Ore Diurne,1,0,0,1,12.4628,41.9074,-1,1,Motociclo a solo,In marcia / fermata / arresto,Conducente,M,Rimandato,0,NON DECEDUTO,,,,
3906231,17,05/07/2018 16:30:00,Strada Urbana,VIA COLA DI RIENZO,all'intersezione con,VIA FABIO MASSIMO,VIA FABIO MASSIMO,,,Scontro laterale fra veicoli in marcia,Intersezione semaforizzata,Una carreggiata a doppio senso,Asciutto,In cubetti di porfido,Verticale ed orizzontale,Sereno,Normale,Buona,Ore Diurne,1,0,0,1,12.4628,41.9074,-1,2,Autovettura privata,In marcia / fermata / arresto,Conducente,M,Illeso,0,,,,,
3906243,12,05/07/2018 17:00:00,Strada Urbana,VIA DI VALLERANO,in prossimit�,,del civico n.,139,,Scontro laterale fra veicoli in marcia,Rettilineo,Una carreggiata a doppio senso,Asciutto,Asfaltata,Verticale ed orizzontale,Sereno,Normale,Buona,Ore Diurne,0,0,0,1,12.4604,41.7874,-1,1,Motociclo a solo,In marcia / fermata / arresto,Conducente,M,Illeso,0,,,,,
3906254,12,05/07/2018 20:30:00,Strada Urbana,VIA SALVATORE LORIZZO,in corrispondenza,,del civico n.,119 D,,Investimento di pedone,Rettilineo,Una carreggiata a doppio senso,Asciutto,Asfaltata,Verticale ed orizzontale,Sereno,Scarso,Buona,Sufficiente,1,0,0,0,12.4398,41.785,0,,,,Pedone,M,Rimandato,0,NON DECEDUTO,,,,
3906294,7,06/07/2018 10:00:00,Strada Urbana,VIALE ALESSANDRINO,all'intersezione con,VIA DEI GIRASOLI,VIA DEI GIRASOLI,,,Scontro frontale/laterale DX fra veicoli in marcia,Incrocio,Una carreggiata a doppio senso,Asciutto,Asfaltata,Verticale ed orizzontale,Sereno,Normale,Buona,Ore Diurne,1,0,0,1,12.5777,41.8799,-1,1,Motociclo a solo,In marcia / fermata / arresto,Conducente,M,Rimandato,0,NON DECEDUTO,Utilizzato,,,
3906294,7,06/07/2018 10:00:00,Strada Urbana,VIALE ALESSANDRINO,all'intersezione con,VIA DEI GIRASOLI,VIA DEI GIRASOLI,,,Scontro frontale/laterale DX fra veicoli in marcia,Incrocio,Una carreggiata a doppio senso,Asciutto,Asfaltata,Verticale ed orizzontale,Sereno,Normale,Buona,Ore Diurne,1,0,0,1,12.5777,41.8799,-1,2,Autovettura privata,In marcia / fermata / arresto,Conducente,M,Illeso,0,,Non accertato,Inesploso,,
3906301,2,05/07/2018 12:00:00,Strada Urbana,CORSO TRIESTE,all'intersezione con,VIA ALESSANDRIA,VIA ALESSANDRIA,,,Scontro laterale fra veicoli in marcia,Incrocio,Due carreggiate,Asciutto,Asfaltata,Verticale ed orizzontale,Sereno,Normale,Buona,Ore Diurne,0,0,0,3,12.5076,41.9151,-1,1,Autovettura privata,In marcia / fermata / arresto,Conducente,F,Illeso,0,,,,,
3906301,2,05/07/2018 12:00:00,Strada Urbana,CORSO TRIESTE,all'intersezione con,VIA ALESSANDRIA,VIA ALESSANDRIA,,,Scontro laterale fra veicoli in marcia,Incrocio,Due carreggiate,Asciutto,Asfaltata,Verticale ed orizzontale,Sereno,Normale,Buona,Ore Diurne,0,0,0,3,12.5076,41.9151,-1,2,Autovettura privata,In marcia / fermata / arresto,Conducente,M,Illeso,0,,,,,
3906301,2,05/07/2018 12:00:00,Strada Urbana,CORSO TRIESTE,all'intersezione con,VIA ALESSANDRIA,VIA ALESSANDRIA,,,Scontro laterale fra veicoli in marcia,Incrocio,Due carreggiate,Asciutto,Asfaltata,Verticale ed orizzontale,Sereno,Normale,Buona,Ore Diurne,0,0,0,3,12.5076,41.9151,-1,2,Autovettura privata,In marcia / fermata / arresto,Passeggero,F,Illeso,0,,,,,
3906303,2,05/07/2018 15:00:00,Strada Urbana,VIA TARO,all'intersezione con,VIA VOLSINIO,VIA VOLSINIO,,,Scontro frontale/laterale DX fra veicoli in marcia,Incrocio,Una carreggiata a senso unico di marcia,Asciutto,Asfaltata,Verticale,Sereno,Scarso,Buona,Ore Diurne,0,0,0,4,12.5056,41.9226,-1,1,Autovettura privata,In marcia / fermata / arresto,Conducente,F,Illeso,0,,Non accertato,Inesploso,,
3906303,2,05/07/2018 15:00:00,Strada Urbana,VIA TARO,all'intersezione con,VIA VOLSINIO,VIA VOLSINIO,,,Scontro frontale/laterale DX fra veicoli in marcia,Incrocio,Una carreggiata a senso unico di marcia,Asciutto,Asfaltata,Verticale,Sereno,Scarso,Buona,Ore Diurne,0,0,0,4,12.5056,41.9226,-1,2,Autovettura privata,In marcia / fermata / arresto,Conducente,M,Illeso,0,,Non accertato,Inesploso,,
3906303,2,05/07/2018 15:00:00,Strada Urbana,VIA TARO,all'intersezione con,VIA VOLSINIO,VIA VOLSINIO,,,Scontro frontale/laterale DX fra veicoli in marcia,Incrocio,Una carreggiata a senso unico di marcia,Asciutto,Asfaltata,Verticale,Sereno,Scarso,Buona,Ore Diurne,0,0,0,4,12.5056,41.9226,-1,2,Autovettura privata,In marcia / fermata / arresto,Passeggero,M,Illeso,0,,Non accertato,Inesploso,,
3906303,2,05/07/2018 15:00:00,Strada Urbana,VIA TARO,all'intersezione con,VIA VOLSINIO,VIA VOLSINIO,,,Scontro frontale/laterale DX fra veicoli in marcia,Incrocio,Una carreggiata a senso unico di marcia,Asciutto,Asfaltata,Verticale,Sereno,Scarso,Buona,Ore Diurne,0,0,0,4,12.5056,41.9226,-1,2,Autovettura privata,In marcia / fermata / arresto,Passeggero,F,Illeso,0,,Non accertato,Inesploso,,
3906307,2,05/07/2018 19:00:00,Strada Urbana,VIA GIAN DOMENICO ROMAGNOSI,in prossimit�,,del civico n.,20,,Veicolo in marcia contro veicolo in sosta,Rettilineo,Una carreggiata a senso unico di marcia,Asciutto,Asfaltata,Verticale ed orizzontale,Sereno,Scarso,Buona,Ore Diurne,0,0,0,1,12.4736,41.9126,-1,2,Autovettura privata,In marcia / fermata / arresto,Conducente,M,Illeso,0,,Non accertato,Inesploso,,