Protocollo,Gruppo,DataOraIncidente,Localizzazione1,STRADA1,Localizzazione2,STRADA2,Strada02,Chilometrica,DaSpecificare,NaturaIncidente,particolaritastrade,TipoStrada,FondoStradale,Pavimentazione,Segnaletica,CondizioneAtmosferica,Traffico,Visibilita,Illuminazione,NUM_FERITI,NUM_RISERVATA,NUM_MORTI,NUM_ILLESI,Longitudine,Latitudine,Confermato,Progressivo,TipoVeicolo,StatoVeicolo,TipoPersona,Sesso,Tipolesione,Deceduto,DecedutoDopo,CinturaCascoUtilizzato,Airbag,,
3906308,16,05/07/2018 17:45:00,Strada Urbana,VIA DI S. PANCRAZIO,in corrispondenza,,del civico n.,3,,Scontro laterale fra veicoli in marcia,Rettilineo,Una carreggiata a senso unico di marcia,Asciutto,Asfaltata,Assente,Sereno,Normale,Buona,Ore Diurne,1,0,0,1,12.461,41.8882,-1,1,Motociclo a solo,In marcia / fermata / arresto,Conducente,M,Rifiuta cure immediate,0,NON DECEDUTO,Non accertato,,,
3906308,16,05/07/2018 17:45:00,Strada Urbana,VIA DI S. PANCRAZIO,in corrispondenza,,del civico n.,3,,Scontro laterale fra veicoli in marcia,Rettilineo,Una carreggiata a senso unico di marcia,Asciutto,Asfaltata,Assente,Sereno,Normale,Buona,Ore Diurne,1,0,0,1,12.461,41.8882,-1,2,Autovettura pubblica,In marcia / fermata / arresto,Conducente,M,Illeso,0,,Non accertato,Inesploso,,
3906311,5,06/07/2018 09:45:00,Strada Urbana,VIA TIBURTINA,da specificare,,,,alt. ponte  FS Portonaccio direzione GRA,Scontro laterale fra veicoli in marcia,Rettilineo,Una carreggiata a doppio senso,Asciutto,Asfaltata,Orizzontale,Sereno,Normale,Buona,Ore Diurne,1,0,0,1,12.5332,41.9081,-1,1,Autovettura privata,In marcia / fermata / arresto,Conducente,M,Illeso,0,,Non accertato,Inesploso,,
3906311,5,06/07/2018 09:45:00,Strada Urbana,VIA TIBURTINA,da specificare,,,,alt. ponte  FS Portonaccio direzione GRA,Scontro laterale fra veicoli in marcia,Rettilineo,Una carreggiata a doppio senso,Asciutto,Asfaltata,Orizzontale,Sereno,Normale,Buona,Ore Diurne,1,0,0,1,12.5332,41.9081,-1,2,Velocipede,In marcia / fermata / arresto,Conducente,M,Rimandato,0,NON DECEDUTO,Esente,,,
3906351,9,06/07/2018 10:45:00,Strada Urbana,VIA RAFFAELE DE CESARE,all'intersezione con,VIA LUIGI CIBRARIO,VIA LUIGI CIBRARIO,,,Scontro frontale/laterale DX fra veicoli in marcia,Incrocio,Due carreggiate,Asciutto,Asfaltata,Verticale ed orizzontale,Sereno,Normale,Buona,Ore Diurne,0,0,0,4,,,0,1,Autovettura privata,In marcia / fermata / arresto,Conducente,M,Illeso,0,,Utilizzato,Inesploso,,
3906351,9,06/07/2018 10:45:00,Strada Urbana,VIA RAFFAELE DE CESARE,all'intersezione con,VIA LUIGI CIBRARIO,VIA LUIGI CIBRARIO,,,Scontro frontale/laterale DX fra veicoli in marcia,Incrocio,Due carreggiate,Asciutto,Asfaltata,Verticale ed orizzontale,Sereno,Normale,Buona,Ore Diurne,0,0,0,4,,,0,1,Autovettura privata,In marcia / fermata / arresto,Passeggero,F,Illeso,0,,Utilizzato,Inesploso,,
3906351,9,06/07/2018 10:45:00,Strada Urbana,VIA RAFFAELE DE CESARE,all'intersezione con,VIA LUIGI CIBRARIO,VIA LUIGI CIBRARIO,,,Scontro frontale/laterale DX fra veicoli in marcia,Incrocio,Due carreggiate,Asciutto,Asfaltata,Verticale ed orizzontale,Sereno,Normale,Buona,Ore Diurne,0,0,0,4,,,0,1,Autovettura privata,In marcia / fermata / arresto,Passeggero,F,Illeso,0,,Utilizzato,Inesploso,,
3906351,9,06/07/2018 10:45:00,Strada Urbana,VIA RAFFAELE DE CESARE,all'intersezione con,VIA LUIGI CIBRARIO,VIA LUIGI CIBRARIO,,,Scontro frontale/laterale DX fra veicoli in marcia,Incrocio,Due carreggiate,Asciutto,Asfaltata,Verticale ed orizzontale,Sereno,Normale,Buona,Ore Diurne,0,0,0,4,,,0,2,Motociclo a solo,In marcia / fermata / arresto,Conducente,M,Illeso,0,,,,,
3906355,18,06/07/2018 11:30:00,Strada Urbana,VIA RAFFAELE CONFORTI,all'intersezione con,VIA LUCA PASSI,VIA LUCA PASSI,,,Veicolo in marcia contro veicolo arresto,Intersezione stradale segnalata,Due carreggiate,Asciutto,Asfaltata,Verticale ed orizzontale,Sereno,Normale,Buona,Ore Diurne,0,0,0,2,12.4086,41.895,-1,1,Autovettura privata,In marcia / fermata / arresto,Conducente,F,Illeso,0,,Non accertato,Inesistente,,
3906355,18,06/07/2018 11:30:00,Strada Urbana,VIA RAFFAELE CONFORTI,all'intersezione con,VIA LUCA PASSI,VIA LUCA PASSI,,,Veicolo in marcia contro veicolo arresto,Intersezione stradale segnalata,Due carreggiate,Asciutto,Asfaltata,Verticale ed orizzontale,Sereno,Normale,Buona,Ore Diurne,0,0,0,2,12.4086,41.895,-1,2,Autovettura privata,In marcia / fermata / arresto,Conducente,M,Illeso,0,,Non accertato,Inesploso,,
3906466,15,06/07/2018 10:30:00,Strada Urbana,VIA RICCARDO MORANDI,da specificare,,,,prossimit� Via A. Codazzi,Tamponamento,Rettilineo,Una carreggiata a senso unico di marcia,Asciutto,Asfaltata,Verticale,Sereno,Scarso,Buona,Ore Diurne,0,0,0,2,12.3379,41.8074,-1,1,Motociclo a solo,In marcia / fermata / arresto,Conducente,M,Illeso,0,,Utilizzato,,,
3906466,15,06/07/2018 10:30:00,Strada Urbana,VIA RICCARDO MORANDI,da specificare,,,,prossimit� Via A. Codazzi,Tamponamento,Rettilineo,Una carreggiata a senso unico di marcia,Asciutto,Asfaltata,Verticale,Sereno,Scarso,Buona,Ore Diurne,0,0,0,2,12.3379,41.8074,-1,2,Autovettura privata,In marcia / fermata / arresto,Conducente,M,Illeso,0,,Utilizzato,,,
3906470,6,06/07/2018 09:00:00,Strada Urbana,VIA PISINO,all'intersezione con,VIA LUSSIMPICCOLO,VIA LUSSIMPICCOLO,,,Scontro frontale/laterale SX fra veicoli in marcia,Incrocio,Una carreggiata a senso unico di marcia,Asciutto,Asfaltata,Verticale,Sereno,Normale,Buona,Ore Diurne,4,0,0,0,12.5573,41.898,-1,1,Autovettura privata,In marcia / fermata / arresto,Conducente,F,Rimandato,0,NON DECEDUTO,Non accertato,Inesploso,,
3906470,6,06/07/2018 09:00:00,Strada Urbana,VIA PISINO,all'intersezione con,VIA LUSSIMPICCOLO,VIA LUSSIMPICCOLO,,,Scontro frontale/laterale SX fra veicoli in marcia,Incrocio,Una carreggiata a senso unico di marcia,Asciutto,Asfaltata,Verticale,Sereno,Normale,Buona,Ore Diurne,4,0,0,0,12.5573,41.898,-1,1,Autovettura privata,In marcia / fermata / arresto,Passeggero,F,Rimandato,0,NON DECEDUTO,Non accertato,Inesploso,,
3906470,6,06/07/2018 09:00:00,Strada Urbana,VIA PISINO,all'intersezione con,VIA LUSSIMPICCOLO,VIA LUSSIMPICCOLO,,,Scontro frontale/laterale SX fra veicoli in marcia,Incrocio,Una carreggiata a senso unico di marcia,Asciutto,Asfaltata,Verticale,Sereno,Normale,Buona,Ore Diurne,4,0,0,0,12.5573,41.898,-1,1,Autovettura privata,In marcia / fermata / arresto,Passeggero,M,Rimandato,0,NON DECEDUTO,Non accertato,Inesploso,,
3906470,6,06/07/2018 09:00:00,Strada Urbana,VIA PISINO,all'intersezione con,VIA LUSSIMPICCOLO,VIA LUSSIMPICCOLO,,,Scontro frontale/laterale SX fra veicoli in marcia,Incrocio,Una carreggiata a senso unico di marcia,Asciutto,Asfaltata,Verticale,Sereno,Normale,Buona,Ore Diurne,4,0,0,0,12.5573,41.898,-1,2,Autovettura privata,In marcia / fermata / arresto,Conducente,F,Rimandato,0,NON DECEDUTO,Non accertato,Inesploso,,
3906485,1,03/07/2018 08:15:00,Strada Urbana,PIAZZA AUGUSTO IMPERATORE,in prossimit�,,del civico n.,34,,Veicolo in marcia contro ostacolo accidentale,Rettilineo,Una carreggiata a senso unico di marcia,Viscido da liquidi oleosi,In cubetti di porfido,Verticale ed orizzontale,Sereno,Normale,Buona,Ore Diurne,1,0,0,0,12.4771,41.9057,0,1,Motociclo a solo,In marcia / fermata / arresto,Conducente,F,Rimandato,0,NON DECEDUTO,Non accertato,,,
3906564,9,06/07/2018 13:30:00,Strada Urbana,tang. Est,da specificare,,,,direzione centro (in corrispondenza Pantanella),Tamponamento Multiplo,Rettilineo,Due carreggiate,Asciutto,Asfaltata,Verticale ed orizzontale,Sereno,Normale,Buona,Ore Diurne,1,0,0,3,12.5196,41.8896,-1,1,Autovettura privata,In marcia / fermata / arresto,Conducente,M,Illeso,0,,Non accertato,Inesploso,,
3906564,9,06/07/2018 13:30:00,Strada Urbana,tang. Est,da specificare,,,,direzione centro (in corrispondenza Pantanella),Tamponamento Multiplo,Rettilineo,Due carreggiate,Asciutto,Asfaltata,Verticale ed orizzontale,Sereno,Normale,Buona,Ore Diurne,1,0,0,3,12.5196,41.8896,-1,2,Autovettura privata,In marcia / fermata / arresto,Conducente,M,Rimandato,0,NON DECEDUTO,Non accertato,Inesploso,,
3906564,9,06/07/2018 13:30:00,Strada Urbana,tang. Est,da specificare,,,,direzione centro (in corrispondenza Pantanella),Tamponamento Multiplo,Rettilineo,Due carreggiate,Asciutto,Asfaltata,Verticale ed orizzontale,Sereno,Normale,Buona,Ore Diurne,1,0,0,3,12.5196,41.8896,-1,3,Autovettura privata,In marcia / fermata / arresto,Conducente,M,Illeso,0,,Non accertato,Inesploso,,
3906564,9,06/07/2018 13:30:00,Strada Urbana,tang. Est,da specificare,,,,direzione centro (in corrispondenza Pantanella),Tamponamento Multiplo,Rettilineo,Due carreggiate,Asciutto,Asfaltata,Verticale ed orizzontale,Sereno,Normale,Buona,Ore Diurne,1,0,0,3,12.5196,41.8896,-1,3,Autovettura privata,In marcia / fermata / arresto,Passeggero,F,Illeso,0,,Non accertato,Inesploso,,
3906571,1,03/07/2018 08:16:00,Strada Urbana,PIAZZA AUGUSTO IMPERATORE,in corrispondenza,,del civico n.,34,,Veicolo in marcia contro ostacolo accidentale,Rettilineo,Una carreggiata a senso unico di marcia,Viscido da liquidi oleosi,In cubetti di porfido,Verticale ed orizzontale,Sereno,Normale,Buona,Ore Diurne,1,0,0,0,,,0,1,Motociclo a solo,In marcia / fermata / arresto,Conducente,M,Rimandato,0,NON DECEDUTO,Non accertato,,,
3906583,1,03/07/2018 20:30:00,Strada Urbana,PIAZZA TRILUSSA,all'intersezione con,VIA DI PONTE SISTO,VIA DI PONTE SISTO,,,Investimento di pedone,Intersezione stradale segnalata,Una carreggiata a senso unico di marcia,Asciutto,In cubetti di porfido,Verticale ed orizzontale,Sereno,Normale,Sufficiente,Sufficiente,0,0,0,2,12.4698,41.8919,-1,,,,Pedone,M,Illeso,0,,,,,
3906583,1,03/07/2018 20:30:00,Strada Urbana,PIAZZA TRILUSSA,all'intersezione con,VIA DI PONTE SISTO,VIA DI PONTE SISTO,,,Investimento di pedone,Intersezione stradale segnalata,Una carreggiata a senso unico di marcia,Asciutto,In cubetti di porfido,Verticale ed orizzontale,Sereno,Normale,Sufficiente,Sufficiente,0,0,0,2,12.4698,41.8919,-1,1,Autovettura privata,In marcia / fermata / arresto,Conducente,F,Illeso,0,,Non accertato,,,
3906606,1,02/07/2018 10:15:00,Strada Urbana,VIA LEONIDA BISSOLATI,all'intersezione con,VIA DI S. NICOLA DA TOLENTINO,VIA DI S. NICOLA DA TOLENTINO,,,Scontro laterale fra veicoli in marcia,Incrocio,Una carreggiata a doppio senso,Asciutto,Asfaltata,Verticale ed orizzontale,Sereno,Normale,Buona,Ore Diurne,2,0,0,1,12.4922,41.9054,-1,1,Autovettura privata,In marcia / fermata / arresto,Conducente,M,Illeso,0,,Non accertato,Inesploso,,
3906606,1,02/07/2018 10:15:00,Strada Urbana,VIA LEONIDA BISSOLATI,all'intersezione con,VIA DI S. NICOLA DA TOLENTINO,VIA DI S. NICOLA DA TOLENTINO,,,Scontro laterale fra veicoli in marcia,Incrocio,Una carreggiata a doppio senso,Asciutto,Asfaltata,Verticale ed orizzontale,Sereno,Normale,Buona,Ore Diurne,2,0,0,1,12.4922,41.9054,-1,2,Motociclo con passeggero,In marcia / fermata / arresto,Conducente,M,Rifiuta cure immediate,0,NON DECEDUTO,Non accertato,,,
3906606,1,02/07/2018 10:15:00,Strada Urbana,VIA LEONIDA BISSOLATI,all'intersezione con,VIA DI S. NICOLA DA TOLENTINO,VIA DI S. NICOLA DA TOLENTINO,,,Scontro laterale fra veicoli in marcia,Incrocio,Una carreggiata a doppio senso,Asciutto,Asfaltata,Verticale ed orizzontale,Sereno,Normale,Buona,Ore Diurne,2,0,0,1,12.4922,41.9054,-1,2,Motociclo con passeggero,In marcia / fermata / arresto,Passeggero,F,Rimandato,0,NON DECEDUTO,Non accertato,,,
3906662,1,02/07/2018 11:15:00,Strada Urbana,VIA PALESTRO,in prossimit�,,del civico n.,57,,Veicolo in marcia contro veicolo in sosta,Rettilineo,Una carreggiata a senso unico di marcia,Asciutto,Asfaltata,Verticale ed orizzontale,Sereno,Scarso,Buona,Ore Diurne,0,0,0,1,12.5048,41.9043,-1,1,Autovettura privata,In marcia / fermata / arresto,Conducente,M,Illeso,0,,Non accertato,Inesploso,,
3906677,1,02/07/2018 12:25:00,Strada Urbana,VIA AVENTINA,in prossimit�,,del civico n.,5,,Veicolo in marcia contro veicolo in sosta,Rettilineo,Una carreggiata a doppio senso,Asciutto,Asfaltata,Verticale ed orizzontale,Sereno,Scarso,Buona,Ore Diurne,0,0,0,1,12.4868,41.8813,-1,1,Autovettura privata,In marcia / fermata / arresto,Conducente,F,Illeso,0,,Non accertato,,,
3906723,9,06/07/2018 15:20:00,Strada Urbana,VIA TUSCOLANA,da specificare,,,,fronte civico 692,Scontro laterale fra veicoli in marcia,Curva a visuale libera,Due carreggiate,Asciutto,Asfaltata,Verticale ed orizzontale,Sereno,Normale,Buona,Ore Diurne,1,0,0,2,12.5416,41.8668,-1,1,Autovettura privata,In marcia / fermata / arresto,Conducente,M,Illeso,0,,Non accertato,Inesploso,,
3906723,9,06/07/2018 15:20:00,Strada Urbana,VIA TUSCOLANA,da specificare,,,,fronte civico 692,Scontro laterale fra veicoli in marcia,Curva a visuale libera,Due carreggiate,Asciutto,Asfaltata,Verticale ed orizzontale,Sereno,Normale,Buona,Ore Diurne,1,0,0,2,12.5416,41.8668,-1,1,Autovettura privata,In marcia / fermata / arresto,Passeggero,F,Illeso,0,,Non accertato,Inesploso,,
3906723,9,06/07/2018 15:20:00,Strada Urbana,VIA TUSCOLANA,da specificare,,,,fronte civico 692,Scontro laterale fra veicoli in marcia,Curva a visuale libera,Due carreggiate,Asciutto,Asfaltata,Verticale ed orizzontale,Sereno,Normale,Buona,Ore Diurne,1,0,0,2,12.5416,41.8668,-1,2,Motociclo a solo,In marcia / fermata / arresto,Conducente,M,Rimandato,0,NON DECEDUTO,Non accertato,,,
3906755,13,06/07/2018 11:45:00,Strada Urbana,VIA GIOVANNI BOTTESINI,in corrispondenza,,del civico n.,21,,Veicolo in marcia contro veicolo in sosta,Rettilineo,Una carreggiata a doppio senso,Asciutto,Asfaltata,Assente,Sereno,Scarso,Buona,Ore Diurne,0,0,0,1,12.3703,41.7421,-1,1,Autocarro superiore 35 q.,In marcia / fermata / arresto,Conducente,M,Illeso,0,,Non accertato,Inesploso,,
3906758,13,06/07/2018 09:10:00,Strada Urbana,VIA EDOARDO GIOJA,all'intersezione con,VIA FRANCESCO MENZIO,VIA FRANCESCO MENZIO,,,Scontro frontale/laterale SX fra veicoli in marcia,Intersezione stradale segnalata,Una carreggiata a doppio senso,Asciutto,Asfaltata,Verticale ed orizzontale,Sereno,Normale,Buona,Ore Diurne,2,0,0,2,12.3744,41.7745,-1,1,Autovettura privata,In marcia / fermata / arresto,Conducente,F,Rimandato,0,NON DECEDUTO,Non accertato,Esploso,,
3906758,13,06/07/2018 09:10:00,Strada Urbana,VIA EDOARDO GIOJA,all'intersezione con,VIA FRANCESCO MENZIO,VIA FRANCESCO MENZIO,,,Scontro frontale/laterale SX fra veicoli in marcia,Intersezione stradale segnalata,Una carreggiata a doppio senso,Asciutto,Asfaltata,Verticale ed orizzontale,Sereno,Normale,Buona,Ore Diurne,2,0,0,2,12.3744,41.7745,-1,1,Autovettura privata,In marcia / fermata / arresto,Passeggero,M,Rimandato,0,NON DECEDUTO,Non accertato,Esploso,,
3906758,13,06/07/2018 09:10:00,Strada Urbana,VIA EDOARDO GIOJA,all'intersezione con,VIA FRANCESCO MENZIO,VIA FRANCESCO MENZIO,,,Scontro frontale/laterale SX fra veicoli in marcia,Intersezione stradale segnalata,Una carreggiata a doppio senso,Asciutto,Asfaltata,Verticale ed orizzontale,Sereno,Normale,Buona,Ore Diurne,2,0,0,2,12.3744,41.7745,-1,2,Autovettura privata,In marcia / fermata / arresto,Conducente,M,Illeso,0,,Non accertato,Esploso,,
3906758,13,06/07/2018 09:10:00,Strada Urbana,VIA EDOARDO GIOJA,all'intersezione con,VIA FRANCESCO MENZIO,VIA FRANCESCO MENZIO,,,Scontro frontale/laterale SX fra veicoli in marcia,Intersezione stradale segnalata,Una carreggiata a doppio senso,Asciutto,Asfaltata,Verticale ed orizzontale,Sereno,Normale,Buona,Ore Diurne,2,0,0,2,12.3744,41.7745,-1,3,Autovettura privata,In marcia / fermata / arresto,Conducente,F,Illeso,0,,Non accertato,Inesploso,,
3906857,9,06/07/2018 15:10:00,Strada Urbana,VIA CASILINA,in prossimit�,,del civico n.,3U,,Veicolo in marcia contro veicolo in sosta,Rettilineo,Due carreggiate,Asciutto,Asfaltata,Verticale ed orizzontale,Sereno,Normale,Buona,Ore Diurne,1,0,0,0,12.5168,41.8905,-1,1,Motociclo a solo,In marcia / fermata / arresto,Conducente,M,Rimandato,0,NON DECEDUTO,,,,
3906873,6,06/07/2018 14:40:00,Provinciale entro l'abitato,VIA PRENESTINA,in corrispondenza,,del civico n.,390,,Tamponamento,Rettilineo,Pi� di due carreggiate,Asciutto,Asfaltata,Orizzontale,Sereno,Normale,Buona,Ore Diurne,0,0,0,2,12.5619,41.8948,-1,1,Autovettura pubblica,In marcia / fermata / arresto,Conducente,M,Illeso,0,,Non accertato,Inesploso,,
3906873,6,06/07/2018 14:40:00,Provinciale entro l'abitato,VIA PRENESTINA,in corrispondenza,,del civico n.,390,,Tamponamento,Rettilineo,Pi� di due carreggiate,Asciutto,Asfaltata,Orizzontale,Sereno,Normale,Buona,Ore Diurne,0,0,0,2,12.5619,41.8948,-1,2,Autovettura privata,In marcia / fermata / arresto,Conducente,M,Illeso,0,,Non accertato,Inesistente,,
3906882,1,03/07/2018 11:35:00,Strada Urbana,PIAZZA DEL COLOSSEO,all'intersezione semaforizzata con,VIA LABICANA,VIA LABICANA,,,Scontro laterale fra veicoli in marcia,Intersezione semaforizzata,Due carreggiate,Asciutto,Asfaltata,Verticale ed orizzontale,Nuvoloso,Intenso,Buona,Ore Diurne,0,0,0,3,12.4945,41.8905,-1,1,Autovettura privata,In marcia / fermata / arresto,Conducente,M,Illeso,0,,Non accertato,,,
3906882,1,03/07/2018 11:35:00,Strada Urbana,PIAZZA DEL COLOSSEO,all'intersezione semaforizzata con,VIA LABICANA,VIA LABICANA,,,Scontro laterale fra veicoli in marcia,Intersezione semaforizzata,Due carreggiate,Asciutto,Asfaltata,Verticale ed orizzontale,Nuvoloso,Intenso,Buona,Ore Diurne,0,0,0,3,12.4945,41.8905,-1,1,Autovettura privata,In marcia / fermata / arresto,Passeggero,M,Illeso,0,,Non accertato,,,
3906882,1,03/07/2018 11:35:00,Strada Urbana,PIAZZA DEL COLOSSEO,all'intersezione semaforizzata con,VIA LABICANA,VIA LABICANA,,,Scontro laterale fra veicoli in marcia,Intersezione semaforizzata,Due carreggiate,Asciutto,Asfaltata,Verticale ed orizzontale,Nuvoloso,Intenso,Buona,Ore Diurne,0,0,0,3,12.4945,41.8905,-1,2,Autobus di linea,In marcia / fermata / arresto,Conducente,M,Illeso,0,,,,,
3906898,1,03/07/2018 00:35:00,Strada Urbana,VIA CONTE VERDE,all'intersezione con,VIA BIXIO,VIA BIXIO,,,Scontro frontale/laterale DX fra veicoli in marcia,Incrocio,Una carreggiata a doppio senso,Asciutto,Asfaltata,Verticale ed orizzontale,Sereno,Scarso,Sufficiente,Sufficiente,0,0,0,2,12.5077,41.8927,-1,1,Motociclo a solo,In marcia / fermata / arresto,Conducente,M,Illeso,0,,Non accertato,,,
3906898,1,03/07/2018 00:35:00,Strada Urbana,VIA CONTE VERDE,all'intersezione con,VIA BIXIO,VIA BIXIO,,,Scontro frontale/laterale DX fra veicoli in marcia,Incrocio,Una carreggiata a doppio senso,Asciutto,Asfaltata,Verticale ed orizzontale,Sereno,Scarso,Sufficiente,Sufficiente,0,0,0,2,12.5077,41.8927,-1,2,Autovettura privata,In marcia / fermata / arresto,Conducente,M,Illeso,0,,Non accertato,Inesploso,,
3906910,1,03/07/2018 19:00:00,Strada Urbana,VIA MERULANA,all'intersezione semaforizzata con,VIA LABICANA,VIA LABICANA,,,Tamponamento,Intersezione semaforizzata,Una carreggiata a doppio senso,Asciutto,Asfaltata,Verticale ed orizzontale,Sereno,Normale,Buona,Ore Diurne,0,0,0,6,12.5033,41.8894,-1,1,Autovettura privata,In marcia / fermata / arresto,Conducente,M,Illeso,0,,Non accertato,,,
3906910,1,03/07/2018 19:00:00,Strada Urbana,VIA MERULANA,all'intersezione semaforizzata con,VIA LABICANA,VIA LABICANA,,,Tamponamento,Intersezione semaforizzata,Una carreggiata a doppio senso,Asciutto,Asfaltata,Verticale ed orizzontale,Sereno,Normale,Buona,Ore Diurne,0,0,0,6,12.5033,41.8894,-1,1,Autovettura privata,In marcia / fermata / arresto,Passeggero,F,Illeso,0,,Non accertato,,,
3906910,1,03/07/2018 19:00:00,Strada Urbana,VIA MERULANA,all'intersezione semaforizzata con,VIA LABICANA,VIA LABICANA,,,Tamponamento,Intersezione semaforizzata,Una carreggiata a doppio senso,Asciutto,Asfaltata,Verticale ed orizzontale,Sereno,Normale,Buona,Ore Diurne,0,0,0,6,12.5033,41.8894,-1,1,Autovettura privata,In marcia / fermata / arresto,Passeggero,F,Illeso,0,,Non accertato,,,
3906910,1,03/07/2018 19:00:00,Strada Urbana,VIA MERULANA,all'intersezione semaforizzata con,VIA LABICANA,VIA LABICANA,,,Tamponamento,Intersezione semaforizzata,Una carreggiata a doppio senso,Asciutto,Asfaltata,Verticale ed orizzontale,Sereno,Normale,Buona,Ore Diurne,0,0,0,6,12.5033,41.8894,-1,1,Autovettura privata,In marcia / fermata / arresto,Passeggero,F,Illeso,0,,Non accertato,,,
3906910,1,03/07/2018 19:00:00,Strada Urbana,VIA MERULANA,all'intersezione semaforizzata con,VIA LABICANA,VIA LABICANA,,,Tamponamento,Intersezione semaforizzata,Una carreggiata a doppio senso,Asciutto,Asfaltata,Verticale ed orizzontale,Sereno,Normale,Buona,Ore Diurne,0,0,0,6,12.5033,41.8894,-1,2,Quadriciclo,In marcia / fermata / arresto,Conducente,F,Illeso,0,,Non accertato,,,
3906910,1,03/07/2018 19:00:00,Strada Urbana,VIA MERULANA,all'intersezione semaforizzata con,VIA LABICANA,VIA LABICANA,,,Tamponamento,Intersezione semaforizzata,Una carreggiata a doppio senso,Asciutto,Asfaltata,Verticale ed orizzontale,Sereno,Normale,Buona,Ore Diurne,0,0,0,6,12.5033,41.8894,-1,2,Quadriciclo,In marcia / fermata / arresto,Passeggero,F,Illeso,0,,Non accertato,,,
3906943,1,03/07/2018 13:55:00,Strada Urbana,LUNGOTEVERE MARZIO,in corrispondenza,,del civico n.,1,,Scontro laterale fra veicoli in marcia,Rettilineo,Una carreggiata a senso unico di marcia,Asciutto,Asfaltata,Verticale ed orizzontale,Sereno,Intenso,Buona,Ore Diurne,0,0,0,4,12.4749,41.9043,-1,1,Motociclo a solo,In marcia / fermata / arresto,Conducente,M,Illeso,0,,Non accertato,,,
3906943,1,03/07/2018 13:55:00,Strada Urbana,LUNGOTEVERE MARZIO,in corrispondenza,,del civico n.,1,,Scontro laterale fra veicoli in marcia,Rettilineo,Una carreggiata a senso unico di marcia,Asciutto,Asfaltata,Verticale ed orizzontale,Sereno,Intenso,Buona,Ore Diurne,0,0,0,4,12.4749,41.9043,-1,2,Autovettura privata,In marcia / fermata / arresto,Conducente,F,Illeso,0,,Non accertato,,,
3906943,1,03/07/2018 13:55:00,Strada Urbana,LUNGOTEVERE MARZIO,in corrispondenza,,del civico n.,1,,Scontro laterale fra veicoli in marcia,Rettilineo,Una carreggiata a senso unico di marcia,Asciutto,Asfaltata,Verticale ed orizzontale,Sereno,Intenso,Buona,Ore Diurne,0,0,0,4,12.4749,41.9043,-1,2,Autovettura privata,In marcia / fermata / arresto,Passeggero,F,Illeso,0,,Non accertato,,,
3906943,1,03/07/2018 13:55:00,Strada Urbana,LUNGOTEVERE MARZIO,in corrispondenza,,del civico n.,1,,Scontro laterale fra veicoli in marcia,Rettilineo,Una carreggiata a senso unico di marcia,Asciutto,Asfaltata,Verticale ed orizzontale,Sereno,Intenso,Buona,Ore Diurne,0,0,0,4,12.4749,41.9043,-1,3,Autovettura pubblica,In marcia / fermata / arresto,Conducente,M,Illeso,0,,Non accertato,,,
3906954,11,06/07/2018 17:40:00,Strada Urbana,VIA DI TORRICOLA,da specificare,,,,prossimit� via Ardeatina,Tamponamento Multiplo,Rettilineo,Una carreggiata a doppio senso,Asciutto,Asfaltata,Orizzontale,Sereno,Intenso,Buona,Ore Diurne,2,0,0,2,12.5302,41.8096,-1,1,Autovettura privata,In marcia / fermata / arresto,Conducente,M,Illeso,0,,Non accertato,Inesploso,,
3906954,11,06/07/2018 17:40:00,Strada Urbana,VIA DI TORRICOLA,da specificare,,,,prossimit� via Ardeatina,Tamponamento Multiplo,Rettilineo,Una carreggiata a doppio senso,Asciutto,Asfaltata,Orizzontale,Sereno,Intenso,Buona,Ore Diurne,2,0,0,2,12.5302,41.8096,-1,2,Autovettura privata,In marcia / fermata / arresto,Conducente,M,Rifiuta cure immediate,0,NON DECEDUTO,Non accertato,Inesploso,,
3906954,11,06/07/2018 17:40:00,Strada Urbana,VIA DI TORRICOLA,da specificare,,,,prossimit� via Ardeatina,Tamponamento Multiplo,Rettilineo,Una carreggiata a doppio senso,Asciutto,Asfaltata,Orizzontale,Sereno,Intenso,Buona,Ore Diurne,2,0,0,2,12.5302,41.8096,-1,2,Autovettura privata,In marcia / fermata / arresto,Passeggero,F,Rifiuta cure immediate,0,NON DECEDUTO,Non accertato,Inesploso,,
3906954,11,06/07/2018 17:40:00,Strada Urbana,VIA DI TORRICOLA,da specificare,,,,prossimit� via Ardeatina,Tamponamento Multiplo,Rettilineo,Una carreggiata a doppio senso,Asciutto,Asfaltata,Orizzontale,Sereno,Intenso,Buona,Ore Diurne,2,0,0,2,12.5302,41.8096,-1,3,Autovettura privata,In marcia / fermata / arresto,Conducente,M,Illeso,0,,Non accertato,Inesploso,,
3906971,1,03/07/2018 16:20:00,Strada Urbana,VIA DELLE TERME DI TITO,da specificare,,,,LATO OPPOSTO CIV 73,Veicolo in marcia contro veicolo in sosta,Rettilineo,Una carreggiata a senso unico di marcia,Asciutto,Asfaltata,Verticale ed orizzontale,Sereno,Normale,Buona,Ore Diurne,0,0,0,1,12.4932,41.8918,-1,1,Autovettura privata,In marcia / fermata / arresto,Conducente,M,Illeso,0,,Non accertato,Inesploso,,