Protocollo,Gruppo,DataOraIncidente,Localizzazione1,STRADA1,Localizzazione2,STRADA2,Strada02,Chilometrica,DaSpecificare,NaturaIncidente,particolaritastrade,TipoStrada,FondoStradale,Pavimentazione,Segnaletica,CondizioneAtmosferica,Traffico,Visibilita,Illuminazione,NUM_FERITI,NUM_RISERVATA,NUM_MORTI,NUM_ILLESI,Longitudine,Latitudine,Confermato,Progressivo,TipoVeicolo,StatoVeicolo,TipoPersona,Sesso,Tipolesione,Deceduto,DecedutoDopo,CinturaCascoUtilizzato,Airbag,,
3906996,1,05/07/2018 19:30:00,Strada Urbana,VIA DEL QUIRINALE,in prossimit�,,del civico n.,29,,Investimento di pedone,Rettilineo,Una carreggiata a doppio senso,Asciutto,Asfaltata,Verticale ed orizzontale,Sereno,Normale,Buona,Ore Diurne,1,0,0,3,,,0,,,,Pedone,F,Rimandato,0,NON DECEDUTO,,,,
3906996,1,05/07/2018 19:30:00,Strada Urbana,VIA DEL QUIRINALE,in prossimit�,,del civico n.,29,,Investimento di pedone,Rettilineo,Una carreggiata a doppio senso,Asciutto,Asfaltata,Verticale ed orizzontale,Sereno,Normale,Buona,Ore Diurne,1,0,0,3,,,0,1,Autovettura privata,In marcia / fermata / arresto,Conducente,F,Illeso,0,,Non accertato,,,
3906996,1,05/07/2018 19:30:00,Strada Urbana,VIA DEL QUIRINALE,in prossimit�,,del civico n.,29,,Investimento di pedone,Rettilineo,Una carreggiata a doppio senso,Asciutto,Asfaltata,Verticale ed orizzontale,Sereno,Normale,Buona,Ore Diurne,1,0,0,3,,,0,1,Autovettura privata,In marcia / fermata / arresto,Passeggero,M,Illeso,0,,Non accertato,,,
3906996,1,05/07/2018 19:30:00,Strada Urbana,VIA DEL QUIRINALE,in prossimit�,,del civico n.,29,,Investimento di pedone,Rettilineo,Una carreggiata a doppio senso,Asciutto,Asfaltata,Verticale ed orizzontale,Sereno,Normale,Buona,Ore Diurne,1,0,0,3,,,0,1,Autovettura privata,In marcia / fermata / arresto,Passeggero,F,Illeso,0,,,,,
3907005,12,06/07/2018 13:00:00,Strada Urbana,VIA LAURENTINA,da specificare,,,,Rotatoria Via di Vallerano direzione Pomezia,Scontro laterale fra veicoli in marcia,Rotatoria,Due carreggiate,Asciutto,Asfaltata,Verticale ed orizzontale,Sereno,Normale,Buona,Ore Diurne,0,0,0,3,12.4853,41.8102,-1,1,Autovettura privata,In marcia / fermata / arresto,Conducente,F,Illeso,0,,Utilizzato,Inesploso,,
3907005,12,06/07/2018 13:00:00,Strada Urbana,VIA LAURENTINA,da specificare,,,,Rotatoria Via di Vallerano direzione Pomezia,Scontro laterale fra veicoli in marcia,Rotatoria,Due carreggiate,Asciutto,Asfaltata,Verticale ed orizzontale,Sereno,Normale,Buona,Ore Diurne,0,0,0,3,12.4853,41.8102,-1,2,Autovettura privata,In marcia / fermata / arresto,Conducente,M,Illeso,0,,Utilizzato,Inesploso,,
3907005,12,06/07/2018 13:00:00,Strada Urbana,VIA LAURENTINA,da specificare,,,,Rotatoria Via di Vallerano direzione Pomezia,Scontro laterale fra veicoli in marcia,Rotatoria,Due carreggiate,Asciutto,Asfaltata,Verticale ed orizzontale,Sereno,Normale,Buona,Ore Diurne,0,0,0,3,12.4853,41.8102,-1,2,Autovettura privata,In marcia / fermata / arresto,Passeggero,F,Illeso,0,,Utilizzato,Inesploso,,
3907029,20,06/07/2018 09:10:00,Strada Urbana,VIALE CORTINA D'AMPEZZO,in prossimit�,,del civico n.,246,,Tamponamento Multiplo,Curva a visuale libera,Una carreggiata a doppio senso,Asciutto,Asfaltata,Orizzontale,Sereno,Intenso,Buona,Ore Diurne,1,0,0,2,12.4389,41.9431,-1,1,Autovettura privata,In marcia / fermata / arresto,Conducente,F,Illeso,0,,Non accertato,,,
3907029,20,06/07/2018 09:10:00,Strada Urbana,VIALE CORTINA D'AMPEZZO,in prossimit�,,del civico n.,246,,Tamponamento Multiplo,Curva a visuale libera,Una carreggiata a doppio senso,Asciutto,Asfaltata,Orizzontale,Sereno,Intenso,Buona,Ore Diurne,1,0,0,2,12.4389,41.9431,-1,2,Autovettura privata,In marcia / fermata / arresto,Conducente,F,Rimandato,0,NON DECEDUTO,Non accertato,Inesploso,,
3907029,20,06/07/2018 09:10:00,Strada Urbana,VIALE CORTINA D'AMPEZZO,in prossimit�,,del civico n.,246,,Tamponamento Multiplo,Curva a visuale libera,Una carreggiata a doppio senso,Asciutto,Asfaltata,Orizzontale,Sereno,Intenso,Buona,Ore Diurne,1,0,0,2,12.4389,41.9431,-1,3,Autovettura privata,In marcia / fermata / arresto,Conducente,F,Illeso,0,,Non accertato,,,
3907047,12,06/07/2018 13:00:00,Strada Urbana,VIALE DELLA GRANDE MURAGLIA,da specificare,,,,rotatoria Via Edimburgo,Scontro frontale/laterale DX fra veicoli in marcia,Rotatoria,Due carreggiate,Asciutto,Asfaltata,Verticale ed orizzontale,Sereno,Normale,Buona,Ore Diurne,0,0,0,3,9.644,45.397,-1,1,Autovettura privata,In marcia / fermata / arresto,Conducente,M,Illeso,0,,Utilizzato,Inesploso,,
3907047,12,06/07/2018 13:00:00,Strada Urbana,VIALE DELLA GRANDE MURAGLIA,da specificare,,,,rotatoria Via Edimburgo,Scontro frontale/laterale DX fra veicoli in marcia,Rotatoria,Due carreggiate,Asciutto,Asfaltata,Verticale ed orizzontale,Sereno,Normale,Buona,Ore Diurne,0,0,0,3,9.644,45.397,-1,2,Autovettura privata,In marcia / fermata / arresto,Conducente,F,Illeso,0,,Utilizzato,Inesploso,,
3907047,12,06/07/2018 13:00:00,Strada Urbana,VIALE DELLA GRANDE MURAGLIA,da specificare,,,,rotatoria Via Edimburgo,Scontro frontale/laterale DX fra veicoli in marcia,Rotatoria,Due carreggiate,Asciutto,Asfaltata,Verticale ed orizzontale,Sereno,Normale,Buona,Ore Diurne,0,0,0,3,9.644,45.397,-1,2,Autovettura privata,In marcia / fermata / arresto,Passeggero,M,Illeso,0,,Utilizzato,Inesploso,,
3907063,20,06/07/2018 14:30:00,Strada Urbana,VIA FLAMINIA,in prossimit�,,del civico n.,1113,,Tamponamento,Rettilineo,Due carreggiate,Asciutto,Asfaltata,Verticale ed orizzontale,Sereno,Normale,Buona,Ore Diurne,0,0,0,3,12.4917,41.9837,-1,1,Autocarro inferiore 35 q.,In marcia / fermata / arresto,Conducente,M,Illeso,0,,Non accertato,,,
3907063,20,06/07/2018 14:30:00,Strada Urbana,VIA FLAMINIA,in prossimit�,,del civico n.,1113,,Tamponamento,Rettilineo,Due carreggiate,Asciutto,Asfaltata,Verticale ed orizzontale,Sereno,Normale,Buona,Ore Diurne,0,0,0,3,12.4917,41.9837,-1,2,Autovettura privata,In marcia / fermata / arresto,Conducente,M,Illeso,0,,Non accertato,,,
3907063,20,06/07/2018 14:30:00,Strada Urbana,VIA FLAMINIA,in prossimit�,,del civico n.,1113,,Tamponamento,Rettilineo,Due carreggiate,Asciutto,Asfaltata,Verticale ed orizzontale,Sereno,Normale,Buona,Ore Diurne,0,0,0,3,12.4917,41.9837,-1,2,Autovettura privata,In marcia / fermata / arresto,Passeggero,M,Illeso,0,,Non accertato,,,
3907486,8,06/07/2018 18:50:00,Strada Urbana,VIA MICHELE BUONORI,in corrispondenza,,del civico n.,3,,Scontro frontale/laterale DX fra veicoli in marcia,Rettilineo,Una carreggiata a doppio senso,Asciutto,Asfaltata,Verticale,Sereno,Normale,Buona,Ore Diurne,1,0,0,2,12.6312,41.8681,-1,1,Autovettura privata,In marcia / fermata / arresto,Conducente,M,Illeso,0,,Non accertato,Inesploso,,
3907486,8,06/07/2018 18:50:00,Strada Urbana,VIA MICHELE BUONORI,in corrispondenza,,del civico n.,3,,Scontro frontale/laterale DX fra veicoli in marcia,Rettilineo,Una carreggiata a doppio senso,Asciutto,Asfaltata,Verticale,Sereno,Normale,Buona,Ore Diurne,1,0,0,2,12.6312,41.8681,-1,1,Autovettura privata,In marcia / fermata / arresto,Passeggero,F,Illeso,0,,Utilizzato,,,
3907486,8,06/07/2018 18:50:00,Strada Urbana,VIA MICHELE BUONORI,in corrispondenza,,del civico n.,3,,Scontro frontale/laterale DX fra veicoli in marcia,Rettilineo,Una carreggiata a doppio senso,Asciutto,Asfaltata,Verticale,Sereno,Normale,Buona,Ore Diurne,1,0,0,2,12.6312,41.8681,-1,2,Motociclo a solo,In marcia / fermata / arresto,Conducente,M,Rimandato,0,NON DECEDUTO,Non accertato,,,
3907489,8,06/07/2018 17:50:00,Strada Urbana,VIA CORATO,in corrispondenza,,del civico n.,3,,Scontro laterale fra veicoli in marcia,Rettilineo,Una carreggiata a doppio senso,Asciutto,Asfaltata,Assente,Sereno,Scarso,Buona,Ore Diurne,0,0,0,5,12.6629,41.8883,-1,1,Autovettura privata,In marcia / fermata / arresto,Conducente,M,Illeso,0,,Non accertato,,,
3907489,8,06/07/2018 17:50:00,Strada Urbana,VIA CORATO,in corrispondenza,,del civico n.,3,,Scontro laterale fra veicoli in marcia,Rettilineo,Una carreggiata a doppio senso,Asciutto,Asfaltata,Assente,Sereno,Scarso,Buona,Ore Diurne,0,0,0,5,12.6629,41.8883,-1,1,Autovettura privata,In marcia / fermata / arresto,Passeggero,F,Illeso,0,,,,,
3907489,8,06/07/2018 17:50:00,Strada Urbana,VIA CORATO,in corrispondenza,,del civico n.,3,,Scontro laterale fra veicoli in marcia,Rettilineo,Una carreggiata a doppio senso,Asciutto,Asfaltata,Assente,Sereno,Scarso,Buona,Ore Diurne,0,0,0,5,12.6629,41.8883,-1,2,Autovettura privata,In marcia / fermata / arresto,Conducente,F,Illeso,0,,,,,
3907489,8,06/07/2018 17:50:00,Strada Urbana,VIA CORATO,in corrispondenza,,del civico n.,3,,Scontro laterale fra veicoli in marcia,Rettilineo,Una carreggiata a doppio senso,Asciutto,Asfaltata,Assente,Sereno,Scarso,Buona,Ore Diurne,0,0,0,5,12.6629,41.8883,-1,2,Autovettura privata,In marcia / fermata / arresto,Passeggero,M,Illeso,0,,,,,
3907489,8,06/07/2018 17:50:00,Strada Urbana,VIA CORATO,in corrispondenza,,del civico n.,3,,Scontro laterale fra veicoli in marcia,Rettilineo,Una carreggiata a doppio senso,Asciutto,Asfaltata,Assente,Sereno,Scarso,Buona,Ore Diurne,0,0,0,5,12.6629,41.8883,-1,2,Autovettura privata,In marcia / fermata / arresto,Passeggero,F,Illeso,0,,,,,
3907496,8,06/07/2018 13:15:00,,VIA DI PRATAPORCI,da specificare,,,,corrisp. Via di Tor Forame,Scontro frontale/laterale DX fra veicoli in marcia,,,,,,,,,,0,0,0,3,,,0,1,Autovettura privata,In marcia / fermata / arresto,Conducente,M,Illeso,0,,,,,
3907496,8,06/07/2018 13:15:00,,VIA DI PRATAPORCI,da specificare,,,,corrisp. Via di Tor Forame,Scontro frontale/laterale DX fra veicoli in marcia,,,,,,,,,,0,0,0,3,,,0,1,Autovettura privata,In marcia / fermata / arresto,Passeggero,F,Illeso,0,,,,,
3907496,8,06/07/2018 13:15:00,,VIA DI PRATAPORCI,da specificare,,,,corrisp. Via di Tor Forame,Scontro frontale/laterale DX fra veicoli in marcia,,,,,,,,,,0,0,0,3,,,0,2,Autocarro inferiore 35 q.,In marcia / fermata / arresto,Conducente,M,Illeso,0,,,,,
3907501,2,06/07/2018 20:12:00,Strada Urbana,CIRCONVALLAZIONE NOMENTANA,da specificare,,,,dir. S.Giovanni prima dello svincolo Tiburtina,Tamponamento Multiplo,Sottopasso illuminato,Due carreggiate,Asciutto,Asfaltata,Orizzontale,Sereno,Normale,Buona,Ore Diurne,1,0,0,13,12.5273,41.918,-1,1,Autovettura privata,In marcia / fermata / arresto,Conducente,M,Illeso,0,,Non accertato,Inesploso,,
3907501,2,06/07/2018 20:12:00,Strada Urbana,CIRCONVALLAZIONE NOMENTANA,da specificare,,,,dir. S.Giovanni prima dello svincolo Tiburtina,Tamponamento Multiplo,Sottopasso illuminato,Due carreggiate,Asciutto,Asfaltata,Orizzontale,Sereno,Normale,Buona,Ore Diurne,1,0,0,13,12.5273,41.918,-1,1,Autovettura privata,In marcia / fermata / arresto,Passeggero,F,Illeso,0,,Non accertato,Inesploso,,
3907501,2,06/07/2018 20:12:00,Strada Urbana,CIRCONVALLAZIONE NOMENTANA,da specificare,,,,dir. S.Giovanni prima dello svincolo Tiburtina,Tamponamento Multiplo,Sottopasso illuminato,Due carreggiate,Asciutto,Asfaltata,Orizzontale,Sereno,Normale,Buona,Ore Diurne,1,0,0,13,12.5273,41.918,-1,2,Autovettura privata,In marcia / fermata / arresto,Conducente,M,Illeso,0,,Non accertato,Inesploso,,
3907501,2,06/07/2018 20:12:00,Strada Urbana,CIRCONVALLAZIONE NOMENTANA,da specificare,,,,dir. S.Giovanni prima dello svincolo Tiburtina,Tamponamento Multiplo,Sottopasso illuminato,Due carreggiate,Asciutto,Asfaltata,Orizzontale,Sereno,Normale,Buona,Ore Diurne,1,0,0,13,12.5273,41.918,-1,3,Autovettura privata,In marcia / fermata / arresto,Conducente,F,Illeso,0,,Non accertato,Inesploso,,
3907501,2,06/07/2018 20:12:00,Strada Urbana,CIRCONVALLAZIONE NOMENTANA,da specificare,,,,dir. S.Giovanni prima dello svincolo Tiburtina,Tamponamento Multiplo,Sottopasso illuminato,Due carreggiate,Asciutto,Asfaltata,Orizzontale,Sereno,Normale,Buona,Ore Diurne,1,0,0,13,12.5273,41.918,-1,3,Autovettura privata,In marcia / fermata / arresto,Passeggero,M,Illeso,0,,Non accertato,Inesploso,,
3907501,2,06/07/2018 20:12:00,Strada Urbana,CIRCONVALLAZIONE NOMENTANA,da specificare,,,,dir. S.Giovanni prima dello svincolo Tiburtina,Tamponamento Multiplo,Sottopasso illuminato,Due carreggiate,Asciutto,Asfaltata,Orizzontale,Sereno,Normale,Buona,Ore Diurne,1,0,0,13,12.5273,41.918,-1,4,Autovettura privata,In marcia / fermata / arresto,Conducente,M,Illeso,0,,Non accertato,Inesploso,,
3907501,2,06/07/2018 20:12:00,Strada Urbana,CIRCONVALLAZIONE NOMENTANA,da specificare,,,,dir. S.Giovanni prima dello svincolo Tiburtina,Tamponamento Multiplo,Sottopasso illuminato,Due carreggiate,Asciutto,Asfaltata,Orizzontale,Sereno,Normale,Buona,Ore Diurne,1,0,0,13,12.5273,41.918,-1,4,Autovettura privata,In marcia / fermata / arresto,Passeggero,F,Illeso,0,,Non accertato,Inesploso,,
3907501,2,06/07/2018 20:12:00,Strada Urbana,CIRCONVALLAZIONE NOMENTANA,da specificare,,,,dir. S.Giovanni prima dello svincolo Tiburtina,Tamponamento Multiplo,Sottopasso illuminato,Due carreggiate,Asciutto,Asfaltata,Orizzontale,Sereno,Normale,Buona,Ore Diurne,1,0,0,13,12.5273,41.918,-1,5,Autovettura privata,In marcia / fermata / arresto,Conducente,M,Illeso,0,,Non accertato,Inesploso,,
3907501,2,06/07/2018 20:12:00,Strada Urbana,CIRCONVALLAZIONE NOMENTANA,da specificare,,,,dir. S.Giovanni prima dello svincolo Tiburtina,Tamponamento Multiplo,Sottopasso illuminato,Due carreggiate,Asciutto,Asfaltata,Orizzontale,Sereno,Normale,Buona,Ore Diurne,1,0,0,13,12.5273,41.918,-1,5,Autovettura privata,In marcia / fermata / arresto,Passeggero,F,Illeso,0,,Non accertato,Inesploso,,
3907501,2,06/07/2018 20:12:00,Strada Urbana,CIRCONVALLAZIONE NOMENTANA,da specificare,,,,dir. S.Giovanni prima dello svincolo Tiburtina,Tamponamento Multiplo,Sottopasso illuminato,Due carreggiate,Asciutto,Asfaltata,Orizzontale,Sereno,Normale,Buona,Ore Diurne,1,0,0,13,12.5273,41.918,-1,5,Autovettura privata,In marcia / fermata / arresto,Passeggero,M,Illeso,0,,Non accertato,Inesploso,,
3907501,2,06/07/2018 20:12:00,Strada Urbana,CIRCONVALLAZIONE NOMENTANA,da specificare,,,,dir. S.Giovanni prima dello svincolo Tiburtina,Tamponamento Multiplo,Sottopasso illuminato,Due carreggiate,Asciutto,Asfaltata,Orizzontale,Sereno,Normale,Buona,Ore Diurne,1,0,0,13,12.5273,41.918,-1,5,Autovettura privata,In marcia / fermata / arresto,Passeggero,M,Illeso,0,,Non accertato,Inesploso,,
3907501,2,06/07/2018 20:12:00,Strada Urbana,CIRCONVALLAZIONE NOMENTANA,da specificare,,,,dir. S.Giovanni prima dello svincolo Tiburtina,Tamponamento Multiplo,Sottopasso illuminato,Due carreggiate,Asciutto,Asfaltata,Orizzontale,Sereno,Normale,Buona,Ore Diurne,1,0,0,13,12.5273,41.918,-1,6,Autovettura privata,In marcia / fermata / arresto,Conducente,F,Illeso,0,,Non accertato,Esploso,,
3907501,2,06/07/2018 20:12:00,Strada Urbana,CIRCONVALLAZIONE NOMENTANA,da specificare,,,,dir. S.Giovanni prima dello svincolo Tiburtina,Tamponamento Multiplo,Sottopasso illuminato,Due carreggiate,Asciutto,Asfaltata,Orizzontale,Sereno,Normale,Buona,Ore Diurne,1,0,0,13,12.5273,41.918,-1,7,Autovettura privata,In marcia / fermata / arresto,Conducente,M,Illeso,0,,Non accertato,Inesploso,,
3907501,2,06/07/2018 20:12:00,Strada Urbana,CIRCONVALLAZIONE NOMENTANA,da specificare,,,,dir. S.Giovanni prima dello svincolo Tiburtina,Tamponamento Multiplo,Sottopasso illuminato,Due carreggiate,Asciutto,Asfaltata,Orizzontale,Sereno,Normale,Buona,Ore Diurne,1,0,0,13,12.5273,41.918,-1,7,Autovettura privata,In marcia / fermata / arresto,Passeggero,F,Rimandato,0,NON DECEDUTO,Non accertato,Inesploso,,
3907517,13,06/07/2018 17:00:00,Strada Urbana,VIA COSTANZO CASANA,all'intersezione con,VIA CARLO BOSIO,VIA CARLO BOSIO,,,Scontro frontale/laterale SX fra veicoli in marcia,Incrocio,Due carreggiate,Asciutto,Asfaltata,Orizzontale,Sereno,Normale,Buona,Ore Diurne,1,0,0,1,12.2725,41.739,-1,1,Autovettura privata,In marcia / fermata / arresto,Conducente,M,Illeso,0,,Non accertato,Inesploso,,
3907517,13,06/07/2018 17:00:00,Strada Urbana,VIA COSTANZO CASANA,all'intersezione con,VIA CARLO BOSIO,VIA CARLO BOSIO,,,Scontro frontale/laterale SX fra veicoli in marcia,Incrocio,Due carreggiate,Asciutto,Asfaltata,Orizzontale,Sereno,Normale,Buona,Ore Diurne,1,0,0,1,12.2725,41.739,-1,2,Autovettura privata,In marcia / fermata / arresto,Conducente,M,Rimandato,0,NON DECEDUTO,Non accertato,Inesploso,,
3907533,17,05/07/2018 19:15:00,Strada Urbana,VIALE ANGELICO,all'intersezione semaforizzata con,VIALE CARSO,VIALE CARSO,,,Scontro frontale/laterale DX fra veicoli in marcia,Incrocio,Pi� di due carreggiate,Asciutto,Asfaltata,Verticale ed orizzontale,Sereno,Normale,Buona,Ore Diurne,1,0,0,1,12.4586,41.9189,-1,1,Autovettura privata,In marcia / fermata / arresto,Conducente,F,Illeso,0,,,,,
3907533,17,05/07/2018 19:15:00,Strada Urbana,VIALE ANGELICO,all'intersezione semaforizzata con,VIALE CARSO,VIALE CARSO,,,Scontro frontale/laterale DX fra veicoli in marcia,Incrocio,Pi� di due carreggiate,Asciutto,Asfaltata,Verticale ed orizzontale,Sereno,Normale,Buona,Ore Diurne,1,0,0,1,12.4586,41.9189,-1,2,Motociclo a solo,In marcia / fermata / arresto,Conducente,F,Rimandato,0,NON DECEDUTO,,,,
3907534,13,06/07/2018 18:30:00,Strada Urbana,VIA DI MACCHIA SAPONARA,all'intersezione con,VIA DEI PESCATORI,VIA DEI PESCATORI,,,Scontro frontale/laterale SX fra veicoli in marcia,Rotatoria,Una carreggiata a doppio senso,Asciutto,Asfaltata,Verticale,Sereno,Normale,Buona,Ore Diurne,0,0,0,5,12.3615,41.7615,-1,1,Autovettura privata,In marcia / fermata / arresto,Conducente,F,Illeso,0,,Non accertato,Inesploso,,
3907534,13,06/07/2018 18:30:00,Strada Urbana,VIA DI MACCHIA SAPONARA,all'intersezione con,VIA DEI PESCATORI,VIA DEI PESCATORI,,,Scontro frontale/laterale SX fra veicoli in marcia,Rotatoria,Una carreggiata a doppio senso,Asciutto,Asfaltata,Verticale,Sereno,Normale,Buona,Ore Diurne,0,0,0,5,12.3615,41.7615,-1,1,Autovettura privata,In marcia / fermata / arresto,Passeggero,F,Illeso,0,,Non accertato,Inesploso,,
3907534,13,06/07/2018 18:30:00,Strada Urbana,VIA DI MACCHIA SAPONARA,all'intersezione con,VIA DEI PESCATORI,VIA DEI PESCATORI,,,Scontro frontale/laterale SX fra veicoli in marcia,Rotatoria,Una carreggiata a doppio senso,Asciutto,Asfaltata,Verticale,Sereno,Normale,Buona,Ore Diurne,0,0,0,5,12.3615,41.7615,-1,2,Autovettura privata,In marcia / fermata / arresto,Conducente,F,Illeso,0,,Non accertato,Inesploso,,
3907534,13,06/07/2018 18:30:00,Strada Urbana,VIA DI MACCHIA SAPONARA,all'intersezione con,VIA DEI PESCATORI,VIA DEI PESCATORI,,,Scontro frontale/laterale SX fra veicoli in marcia,Rotatoria,Una carreggiata a doppio senso,Asciutto,Asfaltata,Verticale,Sereno,Normale,Buona,Ore Diurne,0,0,0,5,12.3615,41.7615,-1,2,Autovettura privata,In marcia / fermata / arresto,Passeggero,M,Illeso,0,,Non accertato,Inesploso,,
3907547,13,06/07/2018 19:40:00,Strada Urbana,VIA VINCENZO IROLLI,all'intersezione con,VIA VITTORIO AVANZI,VIA VITTORIO AVANZI,,,Scontro frontale/laterale SX fra veicoli in marcia,Incrocio,Una carreggiata a doppio senso,Asciutto,Asfaltata,Verticale,Sereno,Normale,Buona,Ore Diurne,2,0,0,0,12.3809,41.7732,-1,1,Autovettura privata,In marcia / fermata / arresto,Conducente,M,Rifiuta cure immediate,0,NON DECEDUTO,Non accertato,Inesploso,,
3907547,13,06/07/2018 19:40:00,Strada Urbana,VIA VINCENZO IROLLI,all'intersezione con,VIA VITTORIO AVANZI,VIA VITTORIO AVANZI,,,Scontro frontale/laterale SX fra veicoli in marcia,Incrocio,Una carreggiata a doppio senso,Asciutto,Asfaltata,Verticale,Sereno,Normale,Buona,Ore Diurne,2,0,0,0,12.3809,41.7732,-1,2,Autovettura privata,In marcia / fermata / arresto,Conducente,F,Rimandato,0,NON DECEDUTO,Non accertato,Inesploso,,
3907570,13,06/07/2018 23:30:00,Strada Urbana,VIA ERMANNO WOLF FERRARI,all'intersezione con,VIA GIAN FRANCESCO MALIPIERO,VIA GIAN FRANCESCO MALIPIERO,,,Scontro frontale/laterale SX fra veicoli in marcia,Incrocio,Una carreggiata a doppio senso,Asciutto,Asfaltata,Assente,Sereno,Intenso,Sufficiente,Sufficiente,1,0,0,1,12.3726,41.7527,-1,1,Autovettura privata,In marcia / fermata / arresto,Conducente,M,Illeso,0,,Non accertato,Inesploso,,
3907570,13,06/07/2018 23:30:00,Strada Urbana,VIA ERMANNO WOLF FERRARI,all'intersezione con,VIA GIAN FRANCESCO MALIPIERO,VIA GIAN FRANCESCO MALIPIERO,,,Scontro frontale/laterale SX fra veicoli in marcia,Incrocio,Una carreggiata a doppio senso,Asciutto,Asfaltata,Assente,Sereno,Intenso,Sufficiente,Sufficiente,1,0,0,1,12.3726,41.7527,-1,2,Autovettura privata,In marcia / fermata / arresto,Conducente,F,Rimandato,0,NON DECEDUTO,Non accertato,Esploso,,
3907588,17,06/07/2018 02:30:00,Strada Urbana,VIA COLA DI RIENZO,da specificare,,,,IN PROSSIMITA' DI VIA TIBULLO,Infortunio per sola frenata improvvisa,Rettilineo,Una carreggiata a doppio senso,Viscido da liquidi oleosi,Acciotolata,Verticale ed orizzontale,Sereno,Scarso,Sufficiente,Sufficiente,0,0,0,1,12.4623,41.9073,-1,1,Motociclo a solo,In marcia / fermata / arresto,Conducente,M,Illeso,0,,,,,
3907606,17,06/07/2018 12:30:00,Strada Urbana,PIAZZA AMERICO CAPPONI,da specificare,,,,RAMPA DI COLLEGAMENTO DIREZIONE VIA PLAUTO,Veicolo in marcia contro ostacolo accidentale,Curva a visuale libera,Una carreggiata a senso unico di marcia,Asciutto,In cubetti di porfido,Verticale ed orizzontale,Sereno,Normale,Buona,Ore Diurne,0,0,0,1,12.4606,41.9049,-1,1,Autovettura pubblica,In marcia / fermata / arresto,Conducente,M,Illeso,0,,,,,
3907681,17,06/07/2018 19:45:00,Strada Urbana,VIALE GIOVANNI FALCONE E PAOLO BORSELLINO,da specificare,,,,IN PROSSIMITA' DI VIA GIOVANNI BAUSAN,Veicolo in marcia contro ostacolo fisso,Curva a visuale libera,Due carreggiate,Asciutto,Asfaltata,Verticale ed orizzontale,Sereno,Scarso,Buona,Ore Diurne,0,0,0,1,12.4527,41.9195,0,1,Motociclo a solo,In marcia / fermata / arresto,Conducente,M,Illeso,0,,,,,
3907728,6,07/07/2018 11:00:00,Strada Urbana,VIA DI ACQUA BULLICANTE,in prossimit�,,del civico n.,28bis,,Scontro laterale fra veicoli in marcia,Rettilineo,Una carreggiata a doppio senso,Asciutto,Asfaltata,Orizzontale,Sereno,Normale,Buona,Ore Diurne,0,0,0,2,12.5433,41.8819,-1,1,Autovettura privata,In marcia / fermata / arresto,Conducente,M,Illeso,0,,Non accertato,Inesploso,,
3907728,6,07/07/2018 11:00:00,Strada Urbana,VIA DI ACQUA BULLICANTE,in prossimit�,,del civico n.,28bis,,Scontro laterale fra veicoli in marcia,Rettilineo,Una carreggiata a doppio senso,Asciutto,Asfaltata,Orizzontale,Sereno,Normale,Buona,Ore Diurne,0,0,0,2,12.5433,41.8819,-1,2,Autovettura privata,In marcia / fermata / arresto,Conducente,M,Illeso,0,,Non accertato,Inesploso,,
3907734,17,06/07/2018 19:50:00,Strada Urbana,VIALE ANGELICO,all'intersezione semaforizzata con,VIALE GIUSEPPE MAZZINI,VIALE GIUSEPPE MAZZINI,,,Scontro frontale/laterale DX fra veicoli in marcia,Intersezione semaforizzata,Pi� di due carreggiate,Asciutto,Asfaltata,Verticale ed orizzontale,Sereno,Normale,Sufficiente,Ore Diurne,1,0,0,1,12.4585,41.9152,-1,1,Autovettura privata,In marcia / fermata / arresto,Conducente,F,Illeso,0,,,,,
3907734,17,06/07/2018 19:50:00,Strada Urbana,VIALE ANGELICO,all'intersezione semaforizzata con,VIALE GIUSEPPE MAZZINI,VIALE GIUSEPPE MAZZINI,,,Scontro frontale/laterale DX fra veicoli in marcia,Intersezione semaforizzata,Pi� di due carreggiate,Asciutto,Asfaltata,Verticale ed orizzontale,Sereno,Normale,Sufficiente,Ore Diurne,1,0,0,1,12.4585,41.9152,-1,2,Motociclo a solo,In marcia / fermata / arresto,Conducente,M,Rimandato,0,NON DECEDUTO,,,,
3907777,17,07/07/2018 00:50:00,Strada Urbana,PIAZZA DELLE CINQUE GIORNATE,all'intersezione semaforizzata con,VIALE DELLE MILIZIE,VIALE DELLE MILIZIE,,,Scontro frontale/laterale DX fra veicoli in marcia,Intersezione semaforizzata,Pi� di due carreggiate,Asciutto,Asfaltata,Verticale ed orizzontale,Sereno,Scarso,Sufficiente,Sufficiente,0,0,0,3,12.4696,41.914,-1,1,Autovettura privata,In marcia / fermata / arresto,Conducente,F,Illeso,0,,,,,
3907777,17,07/07/2018 00:50:00,Strada Urbana,PIAZZA DELLE CINQUE GIORNATE,all'intersezione semaforizzata con,VIALE DELLE MILIZIE,VIALE DELLE MILIZIE,,,Scontro frontale/laterale DX fra veicoli in marcia,Intersezione semaforizzata,Pi� di due carreggiate,Asciutto,Asfaltata,Verticale ed orizzontale,Sereno,Scarso,Sufficiente,Sufficiente,0,0,0,3,12.4696,41.914,-1,1,Autovettura privata,In marcia / fermata / arresto,Passeggero,F,Illeso,0,,,,,