Protocollo,Gruppo,DataOraIncidente,Localizzazione1,STRADA1,Localizzazione2,STRADA2,Strada02,Chilometrica,DaSpecificare,NaturaIncidente,particolaritastrade,TipoStrada,FondoStradale,Pavimentazione,Segnaletica,CondizioneAtmosferica,Traffico,Visibilita,Illuminazione,NUM_FERITI,NUM_RISERVATA,NUM_MORTI,NUM_ILLESI,Longitudine,Latitudine,Confermato,Progressivo,TipoVeicolo,StatoVeicolo,TipoPersona,Sesso,Tipolesione,Deceduto,DecedutoDopo,CinturaCascoUtilizzato,Airbag,,
3907777,17,07/07/2018 00:50:00,Strada Urbana,PIAZZA DELLE CINQUE GIORNATE,all'intersezione semaforizzata con,VIALE DELLE MILIZIE,VIALE DELLE MILIZIE,,,Scontro frontale/laterale DX fra veicoli in marcia,Intersezione semaforizzata,Pi� di due carreggiate,Asciutto,Asfaltata,Verticale ed orizzontale,Sereno,Scarso,Sufficiente,Sufficiente,0,0,0,3,12.4696,41.914,-1,2,Autovettura privata,In marcia / fermata / arresto,Conducente,M,Illeso,0,,,,,
3907786,4,06/07/2018 10:55:00,Strada Urbana,VIA UGO DELLA SETA,all'intersezione con,VIA VIRGILIO TALLI,VIA VIRGILIO TALLI,,,Scontro laterale fra veicoli in marcia,Intersezione semaforizzata,Due carreggiate,Asciutto,Asfaltata,Verticale ed orizzontale,Sereno,Normale,Buona,Ore Diurne,0,0,0,3,12.5252,41.961,-1,1,Autovettura privata,In marcia / fermata / arresto,Conducente,F,Illeso,0,,Non accertato,Inesploso,,
3907786,4,06/07/2018 10:55:00,Strada Urbana,VIA UGO DELLA SETA,all'intersezione con,VIA VIRGILIO TALLI,VIA VIRGILIO TALLI,,,Scontro laterale fra veicoli in marcia,Intersezione semaforizzata,Due carreggiate,Asciutto,Asfaltata,Verticale ed orizzontale,Sereno,Normale,Buona,Ore Diurne,0,0,0,3,12.5252,41.961,-1,2,Autovettura privata,In marcia / fermata / arresto,Conducente,F,Illeso,0,,Non accertato,Inesploso,,
3907786,4,06/07/2018 10:55:00,Strada Urbana,VIA UGO DELLA SETA,all'intersezione con,VIA VIRGILIO TALLI,VIA VIRGILIO TALLI,,,Scontro laterale fra veicoli in marcia,Intersezione semaforizzata,Due carreggiate,Asciutto,Asfaltata,Verticale ed orizzontale,Sereno,Normale,Buona,Ore Diurne,0,0,0,3,12.5252,41.961,-1,2,Autovettura privata,In marcia / fermata / arresto,Passeggero,M,Illeso,0,,Non accertato,Inesploso,,
3907796,4,06/07/2018 19:40:00,Strada Urbana,VIA DI TOR S. GIOVANNI,da specificare,,,,fronte civico 12,Scontro frontale fra veicoli in marcia,Rettilineo,Una carreggiata a doppio senso,Asciutto,Asfaltata,Verticale ed orizzontale,Sereno,Normale,Buona,Ore Diurne,1,0,0,1,12.5726,41.9869,-1,1,Motociclo a solo,In marcia / fermata / arresto,Conducente,M,Rimandato,0,NON DECEDUTO,,,,
3907796,4,06/07/2018 19:40:00,Strada Urbana,VIA DI TOR S. GIOVANNI,da specificare,,,,fronte civico 12,Scontro frontale fra veicoli in marcia,Rettilineo,Una carreggiata a doppio senso,Asciutto,Asfaltata,Verticale ed orizzontale,Sereno,Normale,Buona,Ore Diurne,1,0,0,1,12.5726,41.9869,-1,2,Autovettura privata,In marcia / fermata / arresto,Conducente,F,Illeso,0,,,,,
3907834,17,07/07/2018 02:20:00,Strada Urbana,LUNGOTEVERE IN SASSIA,da specificare,,,,PROSSIMITA' PIAZZA DELLA ROVERE,Tamponamento,Rettilineo,Una carreggiata a senso unico di marcia,Asciutto,Asfaltata,Verticale ed orizzontale,Sereno,Scarso,Sufficiente,Sufficiente,2,0,0,3,12.4628,41.9002,-1,1,Autovettura privata,In marcia / fermata / arresto,Conducente,F,Illeso,0,,,,,
3907834,17,07/07/2018 02:20:00,Strada Urbana,LUNGOTEVERE IN SASSIA,da specificare,,,,PROSSIMITA' PIAZZA DELLA ROVERE,Tamponamento,Rettilineo,Una carreggiata a senso unico di marcia,Asciutto,Asfaltata,Verticale ed orizzontale,Sereno,Scarso,Sufficiente,Sufficiente,2,0,0,3,12.4628,41.9002,-1,1,Autovettura privata,In marcia / fermata / arresto,Passeggero,F,Illeso,0,,,,,
3907834,17,07/07/2018 02:20:00,Strada Urbana,LUNGOTEVERE IN SASSIA,da specificare,,,,PROSSIMITA' PIAZZA DELLA ROVERE,Tamponamento,Rettilineo,Una carreggiata a senso unico di marcia,Asciutto,Asfaltata,Verticale ed orizzontale,Sereno,Scarso,Sufficiente,Sufficiente,2,0,0,3,12.4628,41.9002,-1,1,Autovettura privata,In marcia / fermata / arresto,Passeggero,F,Rimandato,0,NON DECEDUTO,,,,
3907834,17,07/07/2018 02:20:00,Strada Urbana,LUNGOTEVERE IN SASSIA,da specificare,,,,PROSSIMITA' PIAZZA DELLA ROVERE,Tamponamento,Rettilineo,Una carreggiata a senso unico di marcia,Asciutto,Asfaltata,Verticale ed orizzontale,Sereno,Scarso,Sufficiente,Sufficiente,2,0,0,3,12.4628,41.9002,-1,2,Autovettura pubblica,In marcia / fermata / arresto,Conducente,M,Illeso,0,,,,,
3907867,4,07/07/2018 05:10:00,Provinciale entro l'abitato,VIA NOMENTANA,in corrispondenza,,del civico n.,1105,,Veicolo in marcia contro ostacolo fisso,Rettilineo,Una carreggiata a doppio senso,Asciutto,Asfaltata,Orizzontale,Sereno,Scarso,Buona,Sufficiente,1,0,0,0,12.574,41.9542,-1,1,Autovettura privata,In marcia / fermata / arresto,Conducente,M,Rimandato,0,NON DECEDUTO,,,,
3907983,20,06/07/2018 16:15:00,Strada Urbana,VIA CASSIA,in corrispondenza,,del civico n.,706,,Scontro laterale fra veicoli in marcia,Rettilineo,Una carreggiata a doppio senso,Asciutto,Asfaltata,Verticale ed orizzontale,Sereno,Normale,Buona,Ore Diurne,0,0,0,2,12.4456,41.964,-1,1,Autovettura privata,In marcia / fermata / arresto,Conducente,F,Illeso,0,,Non accertato,Inesploso,,
3907983,20,06/07/2018 16:15:00,Strada Urbana,VIA CASSIA,in corrispondenza,,del civico n.,706,,Scontro laterale fra veicoli in marcia,Rettilineo,Una carreggiata a doppio senso,Asciutto,Asfaltata,Verticale ed orizzontale,Sereno,Normale,Buona,Ore Diurne,0,0,0,2,12.4456,41.964,-1,2,Autovettura privata,In marcia / fermata / arresto,Conducente,M,Illeso,0,,Non accertato,Inesploso,,
3908014,20,06/07/2018 18:00:00,Strada Urbana,LUNGOTEVERE MARESCIALLO CADORNA,in prossimit�,,del palo luce n.,fronte 17,,Ribaltamento senza urto contro ostacolo fisso,Curva a visuale libera,Una carreggiata a doppio senso,Asciutto,Asfaltata,Verticale ed orizzontale,Sereno,Normale,Buona,Ore Diurne,1,0,0,2,12.4582,41.9279,-1,1,Quadriciclo leggero,In marcia / fermata / arresto,Conducente,M,Illeso,0,,Non accertato,Inesploso,,
3908014,20,06/07/2018 18:00:00,Strada Urbana,LUNGOTEVERE MARESCIALLO CADORNA,in prossimit�,,del palo luce n.,fronte 17,,Ribaltamento senza urto contro ostacolo fisso,Curva a visuale libera,Una carreggiata a doppio senso,Asciutto,Asfaltata,Verticale ed orizzontale,Sereno,Normale,Buona,Ore Diurne,1,0,0,2,12.4582,41.9279,-1,1,Quadriciclo leggero,In marcia / fermata / arresto,Passeggero,M,Illeso,0,,Non accertato,,,
3908014,20,06/07/2018 18:00:00,Strada Urbana,LUNGOTEVERE MARESCIALLO CADORNA,in prossimit�,,del palo luce n.,fronte 17,,Ribaltamento senza urto contro ostacolo fisso,Curva a visuale libera,Una carreggiata a doppio senso,Asciutto,Asfaltata,Verticale ed orizzontale,Sereno,Normale,Buona,Ore Diurne,1,0,0,2,12.4582,41.9279,-1,2,Motociclo a solo,In marcia / fermata / arresto,Conducente,M,Rimandato,0,NON DECEDUTO,Non accertato,,,
3908023,23,06/07/2018 18:30:00,Comunale extraurbana,VIA CRISTOFORO COLOMBO,all'intersezione con,VIA ALESSANDRO STRADELLA,VIA ALESSANDRO STRADELLA,,,Scontro laterale fra veicoli in marcia,Incrocio,Una carreggiata a senso unico di marcia,Asciutto,Asfaltata,Verticale,Sereno,Normale,Buona,Ore Diurne,0,0,0,3,12.3533,41.742,-1,1,Autovettura privata,In marcia / fermata / arresto,Conducente,M,Illeso,0,,Non accertato,Inesploso,,
3908023,23,06/07/2018 18:30:00,Comunale extraurbana,VIA CRISTOFORO COLOMBO,all'intersezione con,VIA ALESSANDRO STRADELLA,VIA ALESSANDRO STRADELLA,,,Scontro laterale fra veicoli in marcia,Incrocio,Una carreggiata a senso unico di marcia,Asciutto,Asfaltata,Verticale,Sereno,Normale,Buona,Ore Diurne,0,0,0,3,12.3533,41.742,-1,1,Autovettura privata,In marcia / fermata / arresto,Passeggero,M,Illeso,0,,Non accertato,Inesploso,,
3908023,23,06/07/2018 18:30:00,Comunale extraurbana,VIA CRISTOFORO COLOMBO,all'intersezione con,VIA ALESSANDRO STRADELLA,VIA ALESSANDRO STRADELLA,,,Scontro laterale fra veicoli in marcia,Incrocio,Una carreggiata a senso unico di marcia,Asciutto,Asfaltata,Verticale,Sereno,Normale,Buona,Ore Diurne,0,0,0,3,12.3533,41.742,-1,2,Autovettura privata,In marcia / fermata / arresto,Conducente,F,Illeso,0,,Non accertato,Inesploso,,
3908035,23,07/07/2018 00:05:00,Strada Urbana,VICOLO DI MAZZAMURELLI,in prossimit�,,del civico n.,11,,Veicolo in marcia contro veicoli in sosta,Rettilineo,Una carreggiata a senso unico di marcia,Asciutto,In cubetti di porfido,Verticale ed orizzontale,Sereno,Scarso,Sufficiente,Sufficiente,0,0,0,1,12.4732,41.8886,-1,1,Veicolo speciale,In marcia / fermata / arresto,Conducente,M,Illeso,0,,Non accertato,Inesploso,,
3908046,12,06/07/2018 10:35:00,Strada Urbana,VIA DELLE TRE FONTANE,in corrispondenza,,del civico n.,5,,Scontro frontale/laterale DX fra veicoli in marcia,Rettilineo,Una carreggiata a doppio senso,Asciutto,Asfaltata,Verticale ed orizzontale,Sereno,Normale,Buona,Ore Diurne,0,0,0,3,12.4701,41.8404,-1,1,Autovettura privata,In marcia / fermata / arresto,Conducente,M,Illeso,0,,Non accertato,Inesploso,,
3908046,12,06/07/2018 10:35:00,Strada Urbana,VIA DELLE TRE FONTANE,in corrispondenza,,del civico n.,5,,Scontro frontale/laterale DX fra veicoli in marcia,Rettilineo,Una carreggiata a doppio senso,Asciutto,Asfaltata,Verticale ed orizzontale,Sereno,Normale,Buona,Ore Diurne,0,0,0,3,12.4701,41.8404,-1,2,Autovettura privata,In marcia / fermata / arresto,Conducente,F,Illeso,0,,Non accertato,Inesploso,,
3908046,12,06/07/2018 10:35:00,Strada Urbana,VIA DELLE TRE FONTANE,in corrispondenza,,del civico n.,5,,Scontro frontale/laterale DX fra veicoli in marcia,Rettilineo,Una carreggiata a doppio senso,Asciutto,Asfaltata,Verticale ed orizzontale,Sereno,Normale,Buona,Ore Diurne,0,0,0,3,12.4701,41.8404,-1,2,Autovettura privata,In marcia / fermata / arresto,Passeggero,F,Illeso,0,,Non accertato,Inesploso,,
3908070,12,06/07/2018 10:30:00,Strada Urbana,VIALE BEETHOVEN,all'intersezione con,VIA CHOPIN,VIA CHOPIN,,,Scontro frontale/laterale DX fra veicoli in marcia,Incrocio,Una carreggiata a doppio senso,Asciutto,Asfaltata,Verticale ed orizzontale,Sereno,Normale,Buona,Ore Diurne,0,0,0,2,12.4669,41.8333,-1,1,Autovettura privata,In marcia / fermata / arresto,Conducente,M,Illeso,0,,Non accertato,Inesploso,,
3908070,12,06/07/2018 10:30:00,Strada Urbana,VIALE BEETHOVEN,all'intersezione con,VIA CHOPIN,VIA CHOPIN,,,Scontro frontale/laterale DX fra veicoli in marcia,Incrocio,Una carreggiata a doppio senso,Asciutto,Asfaltata,Verticale ed orizzontale,Sereno,Normale,Buona,Ore Diurne,0,0,0,2,12.4669,41.8333,-1,2,Motociclo a solo,In marcia / fermata / arresto,Conducente,M,Illeso,0,,Non accertato,,,
3908089,20,06/07/2018 19:15:00,Strada Urbana,VIA ORIOLO ROMANO,in prossimit�,,del civico n.,f.c. 240,,Tamponamento,Rettilineo,Una carreggiata a doppio senso,Asciutto,Asfaltata,Verticale ed orizzontale,Sereno,Scarso,Buona,Ore Diurne,1,0,0,3,12.4627,41.9626,-1,1,Autovettura privata,In marcia / fermata / arresto,Conducente,F,Illeso,0,,Non accertato,,,
3908089,20,06/07/2018 19:15:00,Strada Urbana,VIA ORIOLO ROMANO,in prossimit�,,del civico n.,f.c. 240,,Tamponamento,Rettilineo,Una carreggiata a doppio senso,Asciutto,Asfaltata,Verticale ed orizzontale,Sereno,Scarso,Buona,Ore Diurne,1,0,0,3,12.4627,41.9626,-1,1,Autovettura privata,In marcia / fermata / arresto,Passeggero,F,Illeso,0,,Non accertato,,,
3908089,20,06/07/2018 19:15:00,Strada Urbana,VIA ORIOLO ROMANO,in prossimit�,,del civico n.,f.c. 240,,Tamponamento,Rettilineo,Una carreggiata a doppio senso,Asciutto,Asfaltata,Verticale ed orizzontale,Sereno,Scarso,Buona,Ore Diurne,1,0,0,3,12.4627,41.9626,-1,1,Autovettura privata,In marcia / fermata / arresto,Passeggero,F,Rimandato,0,NON DECEDUTO,Non accertato,,,
3908089,20,06/07/2018 19:15:00,Strada Urbana,VIA ORIOLO ROMANO,in prossimit�,,del civico n.,f.c. 240,,Tamponamento,Rettilineo,Una carreggiata a doppio senso,Asciutto,Asfaltata,Verticale ed orizzontale,Sereno,Scarso,Buona,Ore Diurne,1,0,0,3,12.4627,41.9626,-1,2,Autovettura pubblica,In marcia / fermata / arresto,Conducente,M,Illeso,0,,Non accertato,,,
3908107,12,06/07/2018 09:50:00,Strada Urbana,VIA CRISTOFORO COLOMBO,in corrispondenza,,del palo luce n.,544,,Scontro laterale fra veicoli in marcia,Rettilineo,Due carreggiate,Asciutto,Asfaltata,Verticale ed orizzontale,Sereno,Normale,Buona,Ore Diurne,0,0,0,3,12.4704,41.8315,-1,1,Motociclo a solo,In marcia / fermata / arresto,Conducente,M,Illeso,0,,Non accertato,,,
3908107,12,06/07/2018 09:50:00,Strada Urbana,VIA CRISTOFORO COLOMBO,in corrispondenza,,del palo luce n.,544,,Scontro laterale fra veicoli in marcia,Rettilineo,Due carreggiate,Asciutto,Asfaltata,Verticale ed orizzontale,Sereno,Normale,Buona,Ore Diurne,0,0,0,3,12.4704,41.8315,-1,1,Motociclo a solo,In marcia / fermata / arresto,Passeggero,F,Illeso,0,,Non accertato,,,
3908107,12,06/07/2018 09:50:00,Strada Urbana,VIA CRISTOFORO COLOMBO,in corrispondenza,,del palo luce n.,544,,Scontro laterale fra veicoli in marcia,Rettilineo,Due carreggiate,Asciutto,Asfaltata,Verticale ed orizzontale,Sereno,Normale,Buona,Ore Diurne,0,0,0,3,12.4704,41.8315,-1,2,Autovettura privata,In marcia / fermata / arresto,Conducente,F,Illeso,0,,Non accertato,Inesploso,,
3908130,20,07/07/2018 01:50:00,Strada Urbana,VIA CIVITA CASTELLANA,da specificare,,,,80 mt da Corso di Francia,Veicolo in marcia contro ostacolo fisso,Curva a visuale libera,Una carreggiata a doppio senso,Asciutto,Asfaltata,Verticale ed orizzontale,Sereno,Scarso,Buona,Sufficiente,0,0,0,2,12.4709,41.9382,-1,1,Autovettura privata,In marcia / fermata / arresto,Conducente,M,Illeso,0,,Non accertato,,,
3908130,20,07/07/2018 01:50:00,Strada Urbana,VIA CIVITA CASTELLANA,da specificare,,,,80 mt da Corso di Francia,Veicolo in marcia contro ostacolo fisso,Curva a visuale libera,Una carreggiata a doppio senso,Asciutto,Asfaltata,Verticale ed orizzontale,Sereno,Scarso,Buona,Sufficiente,0,0,0,2,12.4709,41.9382,-1,1,Autovettura privata,In marcia / fermata / arresto,Passeggero,M,Illeso,0,,Non accertato,,,
3908144,12,06/07/2018 08:45:00,Strada Urbana,VIA DI ACQUA ACETOSA OSTIENSE,da specificare,,,,sottovia Pontina,Scontro laterale fra veicoli in marcia,Curva a visuale libera,Due carreggiate,Asciutto,Asfaltata,Verticale ed orizzontale,Sereno,Intenso,Buona,Ore Diurne,0,0,0,3,12.4567,41.8068,-1,1,Autovettura privata,In marcia / fermata / arresto,Conducente,M,Illeso,0,,Non accertato,Inesploso,,
3908144,12,06/07/2018 08:45:00,Strada Urbana,VIA DI ACQUA ACETOSA OSTIENSE,da specificare,,,,sottovia Pontina,Scontro laterale fra veicoli in marcia,Curva a visuale libera,Due carreggiate,Asciutto,Asfaltata,Verticale ed orizzontale,Sereno,Intenso,Buona,Ore Diurne,0,0,0,3,12.4567,41.8068,-1,1,Autovettura privata,In marcia / fermata / arresto,Passeggero,M,Illeso,0,,Non accertato,Inesploso,,
3908144,12,06/07/2018 08:45:00,Strada Urbana,VIA DI ACQUA ACETOSA OSTIENSE,da specificare,,,,sottovia Pontina,Scontro laterale fra veicoli in marcia,Curva a visuale libera,Due carreggiate,Asciutto,Asfaltata,Verticale ed orizzontale,Sereno,Intenso,Buona,Ore Diurne,0,0,0,3,12.4567,41.8068,-1,2,Autocarro superiore 35 q.,In marcia / fermata / arresto,Conducente,M,Illeso,0,,Non accertato,Inesploso,,
3908184,12,07/07/2018 12:30:00,Strada Urbana,VIA CRISTOFORO COLOMBO,da specificare,,,,direz. GRA prossimit� P.le G. Marconi,Scontro laterale fra veicoli in marcia,Rettilineo,Pi� di due carreggiate,Asciutto,Asfaltata,Verticale ed orizzontale,Sereno,Normale,Buona,Ore Diurne,0,0,0,3,12.4705,41.8328,-1,1,Autovettura privata,In marcia / fermata / arresto,Conducente,F,Illeso,0,,Non accertato,Inesploso,,
3908184,12,07/07/2018 12:30:00,Strada Urbana,VIA CRISTOFORO COLOMBO,da specificare,,,,direz. GRA prossimit� P.le G. Marconi,Scontro laterale fra veicoli in marcia,Rettilineo,Pi� di due carreggiate,Asciutto,Asfaltata,Verticale ed orizzontale,Sereno,Normale,Buona,Ore Diurne,0,0,0,3,12.4705,41.8328,-1,1,Autovettura privata,In marcia / fermata / arresto,Passeggero,F,Illeso,0,,Utilizzato,,,
3908184,12,07/07/2018 12:30:00,Strada Urbana,VIA CRISTOFORO COLOMBO,da specificare,,,,direz. GRA prossimit� P.le G. Marconi,Scontro laterale fra veicoli in marcia,Rettilineo,Pi� di due carreggiate,Asciutto,Asfaltata,Verticale ed orizzontale,Sereno,Normale,Buona,Ore Diurne,0,0,0,3,12.4705,41.8328,-1,2,Autovettura privata,In marcia / fermata / arresto,Conducente,F,Illeso,0,,,,,
3908556,8,07/07/2018 14:40:00,Strada Urbana,VIA DI PASSOLOMBARDO,da specificare,,,,altezza cavalcavia,Scontro frontale/laterale SX fra veicoli in marcia,Cavalcavia,Una carreggiata a doppio senso,Asciutto,Asfaltata,Assente,Sereno,Normale,Buona,Ore Diurne,0,0,0,1,12.6294,41.8486,-1,1,Autovettura privata,In marcia / fermata / arresto,Conducente,M,Illeso,0,,Non accertato,Inesploso,,
3908557,13,07/07/2018 11:00:00,Strada Urbana,VIA DI MACCHIA PALOCCO,da specificare,,,,altezza Conad,Veicolo in marcia contro ostacolo fisso,Rettilineo,Una carreggiata a doppio senso,Asciutto,Asfaltata,Verticale ed orizzontale,Sereno,Normale,Buona,Ore Diurne,0,0,0,1,12.3416,41.7656,-1,1,Autovettura privata,In marcia / fermata / arresto,Conducente,F,Illeso,0,,Non accertato,Inesploso,,
3908558,8,07/07/2018 19:30:00,Strada Urbana,VIA AMBROGIO NECCHI,all'intersezione con,VIA ERNESTO BREDA,VIA ERNESTO BREDA,,,Scontro frontale/laterale DX fra veicoli in marcia,Incrocio,Una carreggiata a senso unico di marcia,Asciutto,Asfaltata,Verticale,Sereno,Normale,Buona,Ore Diurne,1,0,0,2,12.643,41.8618,-1,1,Autovettura privata,In marcia / fermata / arresto,Conducente,M,Illeso,0,,Non accertato,Inesploso,,
3908558,8,07/07/2018 19:30:00,Strada Urbana,VIA AMBROGIO NECCHI,all'intersezione con,VIA ERNESTO BREDA,VIA ERNESTO BREDA,,,Scontro frontale/laterale DX fra veicoli in marcia,Incrocio,Una carreggiata a senso unico di marcia,Asciutto,Asfaltata,Verticale,Sereno,Normale,Buona,Ore Diurne,1,0,0,2,12.643,41.8618,-1,1,Autovettura privata,In marcia / fermata / arresto,Passeggero,F,Rimandato,0,NON DECEDUTO,Non accertato,Inesploso,,
3908558,8,07/07/2018 19:30:00,Strada Urbana,VIA AMBROGIO NECCHI,all'intersezione con,VIA ERNESTO BREDA,VIA ERNESTO BREDA,,,Scontro frontale/laterale DX fra veicoli in marcia,Incrocio,Una carreggiata a senso unico di marcia,Asciutto,Asfaltata,Verticale,Sereno,Normale,Buona,Ore Diurne,1,0,0,2,12.643,41.8618,-1,2,Autovettura privata,In marcia / fermata / arresto,Conducente,M,Illeso,0,,Non accertato,Inesploso,,
3908559,8,07/07/2018 13:00:00,Strada Urbana,VIA DELLA LITE,all'intersezione con,VIA DEL PONTE DI PANTANO,VIA DEL PONTE DI PANTANO,,,Scontro frontale/laterale SX fra veicoli in marcia,Intersezione stradale segnalata,Una carreggiata a doppio senso,Asciutto,Asfaltata,Verticale,Sereno,Normale,Buona,Ore Diurne,1,0,0,2,12.7149,41.8542,-1,1,Autovettura privata,In marcia / fermata / arresto,Conducente,M,Illeso,0,,Non accertato,Inesistente,,
3908559,8,07/07/2018 13:00:00,Strada Urbana,VIA DELLA LITE,all'intersezione con,VIA DEL PONTE DI PANTANO,VIA DEL PONTE DI PANTANO,,,Scontro frontale/laterale SX fra veicoli in marcia,Intersezione stradale segnalata,Una carreggiata a doppio senso,Asciutto,Asfaltata,Verticale,Sereno,Normale,Buona,Ore Diurne,1,0,0,2,12.7149,41.8542,-1,1,Autovettura privata,In marcia / fermata / arresto,Passeggero,F,Illeso,0,,Non accertato,Inesistente,,
3908559,8,07/07/2018 13:00:00,Strada Urbana,VIA DELLA LITE,all'intersezione con,VIA DEL PONTE DI PANTANO,VIA DEL PONTE DI PANTANO,,,Scontro frontale/laterale SX fra veicoli in marcia,Intersezione stradale segnalata,Una carreggiata a doppio senso,Asciutto,Asfaltata,Verticale,Sereno,Normale,Buona,Ore Diurne,1,0,0,2,12.7149,41.8542,-1,2,Autovettura privata,In marcia / fermata / arresto,Conducente,F,Rimandato,0,NON DECEDUTO,Non accertato,Inesistente,,
3908564,8,09/07/2018 11:30:00,Strada Urbana,VIA SCICLI,all'intersezione con,VIA PARTANNA,VIA PARTANNA,,,Scontro frontale/laterale DX fra veicoli in marcia,Intersezione stradale segnalata,Una carreggiata a doppio senso,Asciutto,Asfaltata,Verticale,Sereno,Scarso,Buona,Ore Diurne,2,0,0,1,12.6553,41.8667,-1,1,Autovettura privata,In marcia / fermata / arresto,Conducente,M,Rimandato,0,NON DECEDUTO,Non accertato,Inesploso,,
3908564,8,09/07/2018 11:30:00,Strada Urbana,VIA SCICLI,all'intersezione con,VIA PARTANNA,VIA PARTANNA,,,Scontro frontale/laterale DX fra veicoli in marcia,Intersezione stradale segnalata,Una carreggiata a doppio senso,Asciutto,Asfaltata,Verticale,Sereno,Scarso,Buona,Ore Diurne,2,0,0,1,12.6553,41.8667,-1,1,Autovettura privata,In marcia / fermata / arresto,Passeggero,F,Rimandato,0,NON DECEDUTO,Non accertato,Esploso,,
3908564,8,09/07/2018 11:30:00,Strada Urbana,VIA SCICLI,all'intersezione con,VIA PARTANNA,VIA PARTANNA,,,Scontro frontale/laterale DX fra veicoli in marcia,Intersezione stradale segnalata,Una carreggiata a doppio senso,Asciutto,Asfaltata,Verticale,Sereno,Scarso,Buona,Ore Diurne,2,0,0,1,12.6553,41.8667,-1,2,Autovettura privata,In marcia / fermata / arresto,Conducente,F,Illeso,0,,Non accertato,Esploso,,
3908565,13,07/07/2018 13:15:00,Strada Urbana,VIALE AMMIRAGLIO DEL BONO,da specificare,,,,in prossimit� di via Ammiraglio Marzolo,Veicolo in marcia contro veicoli in sosta,Rettilineo,Due carreggiate,Asciutto,Asfaltata,Verticale,Sereno,Scarso,Buona,Ore Diurne,0,0,0,1,12.2848,41.7364,-1,1,Autocarro superiore 35 q.,In marcia / fermata / arresto,Conducente,M,Illeso,0,,Non accertato,Inesploso,,
3908570,13,07/07/2018 16:30:00,Strada Urbana,VIA DEGLI ALDOBRANDINI,all'intersezione con,LUNGOMARE PAOLO TOSCANELLI,LUNGOMARE PAOLO TOSCANELLI,,,Scontro frontale/laterale SX fra veicoli in marcia,Incrocio,Una carreggiata a senso unico di marcia,Asciutto,Asfaltata,Verticale,Sereno,Normale,Buona,Ore Diurne,0,0,0,4,12.2748,41.7303,-1,1,Autovettura privata,In marcia / fermata / arresto,Conducente,F,Illeso,0,,Non accertato,Inesploso,,
3908570,13,07/07/2018 16:30:00,Strada Urbana,VIA DEGLI ALDOBRANDINI,all'intersezione con,LUNGOMARE PAOLO TOSCANELLI,LUNGOMARE PAOLO TOSCANELLI,,,Scontro frontale/laterale SX fra veicoli in marcia,Incrocio,Una carreggiata a senso unico di marcia,Asciutto,Asfaltata,Verticale,Sereno,Normale,Buona,Ore Diurne,0,0,0,4,12.2748,41.7303,-1,1,Autovettura privata,In marcia / fermata / arresto,Passeggero,M,Illeso,0,,,,,
3908570,13,07/07/2018 16:30:00,Strada Urbana,VIA DEGLI ALDOBRANDINI,all'intersezione con,LUNGOMARE PAOLO TOSCANELLI,LUNGOMARE PAOLO TOSCANELLI,,,Scontro frontale/laterale SX fra veicoli in marcia,Incrocio,Una carreggiata a senso unico di marcia,Asciutto,Asfaltata,Verticale,Sereno,Normale,Buona,Ore Diurne,0,0,0,4,12.2748,41.7303,-1,1,Autovettura privata,In marcia / fermata / arresto,Passeggero,F,Illeso,0,,,,,
3908570,13,07/07/2018 16:30:00,Strada Urbana,VIA DEGLI ALDOBRANDINI,all'intersezione con,LUNGOMARE PAOLO TOSCANELLI,LUNGOMARE PAOLO TOSCANELLI,,,Scontro frontale/laterale SX fra veicoli in marcia,Incrocio,Una carreggiata a senso unico di marcia,Asciutto,Asfaltata,Verticale,Sereno,Normale,Buona,Ore Diurne,0,0,0,4,12.2748,41.7303,-1,2,Autovettura privata,In marcia / fermata / arresto,Conducente,M,Illeso,0,,Non accertato,Inesploso,,
3908573,8,07/07/2018 21:30:00,Strada Urbana,VIA DI TORRE SPACCATA,all'intersezione con,LARGO DEI CADUTI DI EL ALAMEIN,LARGO DEI CADUTI DI EL ALAMEIN,,,Scontro laterale fra veicoli in marcia,Incrocio,Una carreggiata a doppio senso,Asciutto,Asfaltata,Verticale ed orizzontale,Sereno,Normale,Buona,Sufficiente,0,0,1,1,12.5858,41.8586,-1,1,Motociclo a solo,In marcia / fermata / arresto,Conducente,M,Deceduto sul posto,-1,,Utilizzato,,,
3908573,8,07/07/2018 21:30:00,Strada Urbana,VIA DI TORRE SPACCATA,all'intersezione con,LARGO DEI CADUTI DI EL ALAMEIN,LARGO DEI CADUTI DI EL ALAMEIN,,,Scontro laterale fra veicoli in marcia,Incrocio,Una carreggiata a doppio senso,Asciutto,Asfaltata,Verticale ed orizzontale,Sereno,Normale,Buona,Sufficiente,0,0,1,1,12.5858,41.8586,-1,2,Autovettura privata,In marcia / fermata / arresto,Conducente,F,Illeso,0,,,,,
3908574,13,07/07/2018 17:25:00,Strada Urbana,LUNGOMARE PAOLO TOSCANELLI,da specificare,,,,altezza Piazza Anco Marzio ,Tamponamento,Rettilineo,Due carreggiate,Asciutto,Asfaltata,Verticale ed orizzontale,Sereno,Normale,Buona,Ore Diurne,0,0,0,3,12.2778,41.7294,-1,1,Autovettura privata,In marcia / fermata / arresto,Conducente,F,Illeso,0,,Non accertato,Inesploso,,
3908574,13,07/07/2018 17:25:00,Strada Urbana,LUNGOMARE PAOLO TOSCANELLI,da specificare,,,,altezza Piazza Anco Marzio ,Tamponamento,Rettilineo,Due carreggiate,Asciutto,Asfaltata,Verticale ed orizzontale,Sereno,Normale,Buona,Ore Diurne,0,0,0,3,12.2778,41.7294,-1,2,Autovettura privata,In marcia / fermata / arresto,Conducente,M,Illeso,0,,Non accertato,Inesploso,,