Protocollo,Gruppo,DataOraIncidente,Localizzazione1,STRADA1,Localizzazione2,STRADA2,Strada02,Chilometrica,DaSpecificare,NaturaIncidente,particolaritastrade,TipoStrada,FondoStradale,Pavimentazione,Segnaletica,CondizioneAtmosferica,Traffico,Visibilita,Illuminazione,NUM_FERITI,NUM_RISERVATA,NUM_MORTI,NUM_ILLESI,Longitudine,Latitudine,Confermato,Progressivo,TipoVeicolo,StatoVeicolo,TipoPersona,Sesso,Tipolesione,Deceduto,DecedutoDopo,CinturaCascoUtilizzato,Airbag,,
3908574,13,07/07/2018 17:25:00,Strada Urbana,LUNGOMARE PAOLO TOSCANELLI,da specificare,,,,altezza Piazza Anco Marzio ,Tamponamento,Rettilineo,Due carreggiate,Asciutto,Asfaltata,Verticale ed orizzontale,Sereno,Normale,Buona,Ore Diurne,0,0,0,3,12.2778,41.7294,-1,2,Autovettura privata,In marcia / fermata / arresto,Passeggero,F,Illeso,0,,,,,
3908577,13,08/07/2018 00:50:00,Strada Urbana,VIA LITORANEA,in corrispondenza,,della chilometrica,3,,Scontro frontale fra veicoli in marcia,Rettilineo,Una carreggiata a doppio senso,Bagnato (pioggia),Asfaltata,Assente,Sereno,Normale,Insufficiente,Inesistente,3,0,0,0,12.3735,41.6876,-1,1,Autovettura privata,In marcia / fermata / arresto,Conducente,M,Rimandato,0,NON DECEDUTO,Non accertato,,,
3908577,13,08/07/2018 00:50:00,Strada Urbana,VIA LITORANEA,in corrispondenza,,della chilometrica,3,,Scontro frontale fra veicoli in marcia,Rettilineo,Una carreggiata a doppio senso,Bagnato (pioggia),Asfaltata,Assente,Sereno,Normale,Insufficiente,Inesistente,3,0,0,0,12.3735,41.6876,-1,2,Autovettura privata,In marcia / fermata / arresto,Conducente,M,Rimandato,0,NON DECEDUTO,Non accertato,Inesploso,,
3908577,13,08/07/2018 00:50:00,Strada Urbana,VIA LITORANEA,in corrispondenza,,della chilometrica,3,,Scontro frontale fra veicoli in marcia,Rettilineo,Una carreggiata a doppio senso,Bagnato (pioggia),Asfaltata,Assente,Sereno,Normale,Insufficiente,Inesistente,3,0,0,0,12.3735,41.6876,-1,3,Autovettura privata,In marcia / fermata / arresto,Conducente,M,Rimandato,0,NON DECEDUTO,,,,
3908581,20,07/07/2018 12:15:00,Provinciale entro l'abitato,VIA ANGUILLARESE,all'intersezione con,VIA QUERO,VIA QUERO,,,Scontro frontale/laterale DX fra veicoli in marcia,Intersezione stradale segnalata,Una carreggiata a doppio senso,Asciutto,Asfaltata,Verticale ed orizzontale,Sereno,Normale,Buona,Ore Diurne,1,0,0,2,12.2905,42.0644,-1,1,Autovettura privata,In marcia / fermata / arresto,Conducente,M,Illeso,0,,Non accertato,,,
3908581,20,07/07/2018 12:15:00,Provinciale entro l'abitato,VIA ANGUILLARESE,all'intersezione con,VIA QUERO,VIA QUERO,,,Scontro frontale/laterale DX fra veicoli in marcia,Intersezione stradale segnalata,Una carreggiata a doppio senso,Asciutto,Asfaltata,Verticale ed orizzontale,Sereno,Normale,Buona,Ore Diurne,1,0,0,2,12.2905,42.0644,-1,1,Autovettura privata,In marcia / fermata / arresto,Passeggero,F,Illeso,0,,Non accertato,,,
3908581,20,07/07/2018 12:15:00,Provinciale entro l'abitato,VIA ANGUILLARESE,all'intersezione con,VIA QUERO,VIA QUERO,,,Scontro frontale/laterale DX fra veicoli in marcia,Intersezione stradale segnalata,Una carreggiata a doppio senso,Asciutto,Asfaltata,Verticale ed orizzontale,Sereno,Normale,Buona,Ore Diurne,1,0,0,2,12.2905,42.0644,-1,2,Motociclo a solo,In marcia / fermata / arresto,Conducente,M,Ricoverato,0,NON DECEDUTO,,,,
3908625,7,08/07/2018 01:40:00,Strada Urbana,VIA CASILINA,all'intersezione con,VIALE ALESSANDRINO,VIALE ALESSANDRINO,,,Scontro frontale fra veicoli in marcia,Incrocio,Una carreggiata a doppio senso,Asciutto,Asfaltata,Verticale ed orizzontale,Sereno,Normale,Buona,Sufficiente,2,0,0,2,12.5796,41.871,-1,1,Autovettura privata,In marcia / fermata / arresto,Conducente,M,Illeso,0,,Non accertato,Inesploso,,
3908625,7,08/07/2018 01:40:00,Strada Urbana,VIA CASILINA,all'intersezione con,VIALE ALESSANDRINO,VIALE ALESSANDRINO,,,Scontro frontale fra veicoli in marcia,Incrocio,Una carreggiata a doppio senso,Asciutto,Asfaltata,Verticale ed orizzontale,Sereno,Normale,Buona,Sufficiente,2,0,0,2,12.5796,41.871,-1,1,Autovettura privata,In marcia / fermata / arresto,Passeggero,M,Illeso,0,,Non accertato,Inesploso,,
3908625,7,08/07/2018 01:40:00,Strada Urbana,VIA CASILINA,all'intersezione con,VIALE ALESSANDRINO,VIALE ALESSANDRINO,,,Scontro frontale fra veicoli in marcia,Incrocio,Una carreggiata a doppio senso,Asciutto,Asfaltata,Verticale ed orizzontale,Sereno,Normale,Buona,Sufficiente,2,0,0,2,12.5796,41.871,-1,2,Autovettura privata,In marcia / fermata / arresto,Conducente,F,Rimandato,0,NON DECEDUTO,Non accertato,Esploso,,
3908625,7,08/07/2018 01:40:00,Strada Urbana,VIA CASILINA,all'intersezione con,VIALE ALESSANDRINO,VIALE ALESSANDRINO,,,Scontro frontale fra veicoli in marcia,Incrocio,Una carreggiata a doppio senso,Asciutto,Asfaltata,Verticale ed orizzontale,Sereno,Normale,Buona,Sufficiente,2,0,0,2,12.5796,41.871,-1,2,Autovettura privata,In marcia / fermata / arresto,Passeggero,M,Rimandato,0,NON DECEDUTO,Non accertato,Esploso,,
3908627,20,07/07/2018 14:50:00,Strada Urbana,VIA GIOVAMBATTISTA ANDREINI,in prossimit�,,del civico n.,10,,Veicolo in marcia contro veicolo in sosta,Rettilineo,Una carreggiata a doppio senso,Asciutto,Asfaltata,Assente,Sereno,Scarso,Buona,Ore Diurne,0,0,0,1,12.3839,42.0123,-1,1,Autovettura privata,In marcia / fermata / arresto,Conducente,M,Illeso,0,,Non accertato,Inesploso,,
3908721,12,08/07/2018 10:10:00,Strada Urbana,VIA DI CASTEL DI LEVA,da specificare,,,,prossimit� Via Pietro Cuppari,Veicolo in marcia contro ostacolo accidentale,Rettilineo,Una carreggiata a doppio senso,Asciutto,Con buche,Verticale ed orizzontale,Sereno,Scarso,Buona,Ore Diurne,0,0,0,1,12.4864,41.7875,-1,1,Autovettura privata,In marcia / fermata / arresto,Conducente,M,Illeso,0,,Non accertato,Inesploso,,
3908760,9,06/07/2018 16:55:00,Strada Urbana,VIA CERRETO DI SPOLETO,in corrispondenza,,del civico n.,21,,Veicolo in marcia contro veicolo in sosta,Rettilineo,Una carreggiata a doppio senso,Asciutto,Asfaltata,Verticale ed orizzontale,Sereno,Scarso,Buona,Ore Diurne,0,0,0,1,12.5262,41.8773,-1,2,Autovettura privata,In marcia / fermata / arresto,Conducente,M,Illeso,0,,Non accertato,Inesploso,,
3908803,9,06/07/2018 20:00:00,Strada Urbana,VIA APPIA NUOVA,in corrispondenza,,del civico n.,666,,Scontro laterale fra veicoli in marcia,Rettilineo,Due carreggiate,Asciutto,Asfaltata,Verticale ed orizzontale,Sereno,Normale,Buona,Sufficiente,0,0,0,4,12.5312,41.8652,0,,,,Pedone,F,Illeso,0,,,,,
3908803,9,06/07/2018 20:00:00,Strada Urbana,VIA APPIA NUOVA,in corrispondenza,,del civico n.,666,,Scontro laterale fra veicoli in marcia,Rettilineo,Due carreggiate,Asciutto,Asfaltata,Verticale ed orizzontale,Sereno,Normale,Buona,Sufficiente,0,0,0,4,12.5312,41.8652,0,1,Motociclo a solo,In marcia / fermata / arresto,Conducente,M,Illeso,0,,Non accertato,,,
3908803,9,06/07/2018 20:00:00,Strada Urbana,VIA APPIA NUOVA,in corrispondenza,,del civico n.,666,,Scontro laterale fra veicoli in marcia,Rettilineo,Due carreggiate,Asciutto,Asfaltata,Verticale ed orizzontale,Sereno,Normale,Buona,Sufficiente,0,0,0,4,12.5312,41.8652,0,2,Autovettura privata,In marcia / fermata / arresto,Conducente,M,Illeso,0,,Non accertato,Inesploso,,
3908803,9,06/07/2018 20:00:00,Strada Urbana,VIA APPIA NUOVA,in corrispondenza,,del civico n.,666,,Scontro laterale fra veicoli in marcia,Rettilineo,Due carreggiate,Asciutto,Asfaltata,Verticale ed orizzontale,Sereno,Normale,Buona,Sufficiente,0,0,0,4,12.5312,41.8652,0,3,Autocarro inferiore 35 q.,In marcia / fermata / arresto,Conducente,F,Illeso,0,,Non accertato,Inesploso,,
3908839,12,07/07/2018 09:30:00,Strada Urbana,VIA DELLA DIVISIONE TORINO,all'intersezione con,VIA MATTEO BARTOLI,VIA MATTEO BARTOLI,,,Scontro frontale/laterale DX fra veicoli in marcia,Intersezione stradale segnalata,Una carreggiata a doppio senso,Asciutto,Asfaltata,Verticale ed orizzontale,Sereno,Scarso,Buona,Ore Diurne,2,0,0,1,12.4889,41.8184,-1,1,Autocarro inferiore 35 q.,In marcia / fermata / arresto,Conducente,M,Illeso,0,,Utilizzato,Inesploso,,
3908839,12,07/07/2018 09:30:00,Strada Urbana,VIA DELLA DIVISIONE TORINO,all'intersezione con,VIA MATTEO BARTOLI,VIA MATTEO BARTOLI,,,Scontro frontale/laterale DX fra veicoli in marcia,Intersezione stradale segnalata,Una carreggiata a doppio senso,Asciutto,Asfaltata,Verticale ed orizzontale,Sereno,Scarso,Buona,Ore Diurne,2,0,0,1,12.4889,41.8184,-1,2,Autovettura privata,In marcia / fermata / arresto,Conducente,M,Ricoverato,0,NON DECEDUTO,Non accertato,Inesploso,,
3908839,12,07/07/2018 09:30:00,Strada Urbana,VIA DELLA DIVISIONE TORINO,all'intersezione con,VIA MATTEO BARTOLI,VIA MATTEO BARTOLI,,,Scontro frontale/laterale DX fra veicoli in marcia,Intersezione stradale segnalata,Una carreggiata a doppio senso,Asciutto,Asfaltata,Verticale ed orizzontale,Sereno,Scarso,Buona,Ore Diurne,2,0,0,1,12.4889,41.8184,-1,2,Autovettura privata,In marcia / fermata / arresto,Passeggero,F,Rimandato,0,NON DECEDUTO,Non accertato,Inesploso,,
3908862,6,06/07/2018 19:00:00,Strada Urbana,VIA TOR DE' SCHIAVI,in corrispondenza,,del civico n.,323,,Scontro laterale fra veicoli in marcia,Rettilineo,Due carreggiate,Asciutto,Asfaltata,Orizzontale,Sereno,Intenso,Buona,Ore Diurne,0,0,0,3,12.5599,41.8922,-1,1,Autovettura privata,In marcia / fermata / arresto,Conducente,M,Illeso,0,,,,,
3908862,6,06/07/2018 19:00:00,Strada Urbana,VIA TOR DE' SCHIAVI,in corrispondenza,,del civico n.,323,,Scontro laterale fra veicoli in marcia,Rettilineo,Due carreggiate,Asciutto,Asfaltata,Orizzontale,Sereno,Intenso,Buona,Ore Diurne,0,0,0,3,12.5599,41.8922,-1,1,Autovettura privata,In marcia / fermata / arresto,Passeggero,F,Illeso,0,,Non accertato,,,
3908862,6,06/07/2018 19:00:00,Strada Urbana,VIA TOR DE' SCHIAVI,in corrispondenza,,del civico n.,323,,Scontro laterale fra veicoli in marcia,Rettilineo,Due carreggiate,Asciutto,Asfaltata,Orizzontale,Sereno,Intenso,Buona,Ore Diurne,0,0,0,3,12.5599,41.8922,-1,2,Autovettura privata,In marcia / fermata / arresto,Conducente,M,Illeso,0,,,,,
3908872,4,08/07/2018 09:10:00,Strada Urbana,VIA DEI PRATI FISCALI,in corrispondenza,,del civico n.,15,,Investimento di pedone,Rettilineo,Due carreggiate,Asciutto,Asfaltata,Orizzontale,Sereno,Normale,Buona,Ore Diurne,0,0,1,1,12.5241,41.9459,-1,,,,Pedone,M,Deceduto durante prime cure,-1,,,,,
3908872,4,08/07/2018 09:10:00,Strada Urbana,VIA DEI PRATI FISCALI,in corrispondenza,,del civico n.,15,,Investimento di pedone,Rettilineo,Due carreggiate,Asciutto,Asfaltata,Orizzontale,Sereno,Normale,Buona,Ore Diurne,0,0,1,1,12.5241,41.9459,-1,1,Autovettura privata,In marcia / fermata / arresto,Conducente,M,Illeso,0,,,,,
3908890,12,07/07/2018 03:00:00,Strada Urbana,VIALE ITALO CALVINO,in prossimit�,,del palo luce n.,9,,Veicolo in marcia contro ostacolo accidentale,Curva a visuale libera,Due carreggiate,Asciutto,Con buche,Verticale ed orizzontale,Sereno,Scarso,Insufficiente,Insufficiente,0,0,0,1,12.4674,41.8034,-1,1,Autovettura privata,In marcia / fermata / arresto,Conducente,M,Illeso,0,,Non accertato,Inesploso,,
3908912,12,04/07/2018 07:10:00,Provinciale entro l'abitato,VIA LAURENTINA,all'intersezione con,VIA DEI BOCCABELLI,VIA DEI BOCCABELLI,,,Scontro laterale fra veicoli in marcia,Intersezione stradale segnalata,Due carreggiate,Asciutto,Asfaltata,Verticale ed orizzontale,Sereno,Intenso,Buona,Ore Diurne,0,0,0,2,12.4853,41.8102,-1,1,Autovettura privata,In marcia / fermata / arresto,Conducente,F,Illeso,0,,,,,
3908912,12,04/07/2018 07:10:00,Provinciale entro l'abitato,VIA LAURENTINA,all'intersezione con,VIA DEI BOCCABELLI,VIA DEI BOCCABELLI,,,Scontro laterale fra veicoli in marcia,Intersezione stradale segnalata,Due carreggiate,Asciutto,Asfaltata,Verticale ed orizzontale,Sereno,Intenso,Buona,Ore Diurne,0,0,0,2,12.4853,41.8102,-1,2,Autoarticolato,In marcia / fermata / arresto,Conducente,M,Illeso,0,,,,,
3908918,12,04/07/2018 23:55:00,Strada Urbana,VIA CLES,in corrispondenza,,del civico n.,5,,Veicolo in marcia contro veicolo in sosta,Rettilineo,Una carreggiata a doppio senso,Asciutto,Asfaltata,Verticale ed orizzontale,Sereno,Scarso,Buona,Sufficiente,1,0,0,0,12.3677,41.7325,-1,1,Autovettura privata,In marcia / fermata / arresto,Conducente,M,Rimandato,0,NON DECEDUTO,Utilizzato,Inesploso,,
3908923,12,04/07/2018 11:00:00,Strada Urbana,VIALE DEI CADUTI PER LA RESISTENZA,in corrispondenza,,del civico n.,788,,Scontro laterale fra veicoli in marcia,Rettilineo,Una carreggiata a senso unico di marcia,Asciutto,Asfaltata,Verticale ed orizzontale,Sereno,Normale,Buona,Ore Diurne,0,0,0,3,12.4384,41.7773,-1,1,Autovettura privata,In marcia / fermata / arresto,Conducente,M,Illeso,0,,,,,
3908923,12,04/07/2018 11:00:00,Strada Urbana,VIALE DEI CADUTI PER LA RESISTENZA,in corrispondenza,,del civico n.,788,,Scontro laterale fra veicoli in marcia,Rettilineo,Una carreggiata a senso unico di marcia,Asciutto,Asfaltata,Verticale ed orizzontale,Sereno,Normale,Buona,Ore Diurne,0,0,0,3,12.4384,41.7773,-1,1,Autovettura privata,In marcia / fermata / arresto,Passeggero,F,Illeso,0,,,,,
3908923,12,04/07/2018 11:00:00,Strada Urbana,VIALE DEI CADUTI PER LA RESISTENZA,in corrispondenza,,del civico n.,788,,Scontro laterale fra veicoli in marcia,Rettilineo,Una carreggiata a senso unico di marcia,Asciutto,Asfaltata,Verticale ed orizzontale,Sereno,Normale,Buona,Ore Diurne,0,0,0,3,12.4384,41.7773,-1,2,Autocarro inferiore 35 q.,In marcia / fermata / arresto,Conducente,M,Illeso,0,,,,,
3908924,12,04/07/2018 11:15:00,Provinciale entro l'abitato,VIA LAURENTINA,da specificare,,,,dir. centro 50 mt dopo rotat. VIA DI TOR PAGNOTTA ,Scontro laterale fra veicoli in marcia,Curva a visuale libera,Due carreggiate,Asciutto,Asfaltata,Verticale ed orizzontale,Sereno,Scarso,Buona,Ore Diurne,0,0,0,3,12.4829,41.8042,-1,1,Autovettura privata,In marcia / fermata / arresto,Conducente,M,Illeso,0,,Utilizzato,Inesploso,,
3908924,12,04/07/2018 11:15:00,Provinciale entro l'abitato,VIA LAURENTINA,da specificare,,,,dir. centro 50 mt dopo rotat. VIA DI TOR PAGNOTTA ,Scontro laterale fra veicoli in marcia,Curva a visuale libera,Due carreggiate,Asciutto,Asfaltata,Verticale ed orizzontale,Sereno,Scarso,Buona,Ore Diurne,0,0,0,3,12.4829,41.8042,-1,1,Autovettura privata,In marcia / fermata / arresto,Passeggero,M,Illeso,0,,Utilizzato,Inesploso,,
3908924,12,04/07/2018 11:15:00,Provinciale entro l'abitato,VIA LAURENTINA,da specificare,,,,dir. centro 50 mt dopo rotat. VIA DI TOR PAGNOTTA ,Scontro laterale fra veicoli in marcia,Curva a visuale libera,Due carreggiate,Asciutto,Asfaltata,Verticale ed orizzontale,Sereno,Scarso,Buona,Ore Diurne,0,0,0,3,12.4829,41.8042,-1,2,Autovettura privata,In marcia / fermata / arresto,Conducente,M,Illeso,0,,,Inesploso,,
3908927,12,05/07/2018 15:10:00,Strada Urbana,VIA DELLA DIVISIONE TORINO,all'intersezione con,VIA MATTEO BARTOLI,VIA MATTEO BARTOLI,,,Scontro frontale/laterale SX fra veicoli in marcia,Intersezione stradale segnalata,Una carreggiata a doppio senso,Asciutto,Asfaltata,Verticale ed orizzontale,Sereno,Scarso,Buona,Ore Diurne,0,0,0,4,12.4865,41.8214,-1,1,Autocarro inferiore 35 q.,In marcia / fermata / arresto,Conducente,M,Illeso,0,,Utilizzato,Inesploso,,
3908927,12,05/07/2018 15:10:00,Strada Urbana,VIA DELLA DIVISIONE TORINO,all'intersezione con,VIA MATTEO BARTOLI,VIA MATTEO BARTOLI,,,Scontro frontale/laterale SX fra veicoli in marcia,Intersezione stradale segnalata,Una carreggiata a doppio senso,Asciutto,Asfaltata,Verticale ed orizzontale,Sereno,Scarso,Buona,Ore Diurne,0,0,0,4,12.4865,41.8214,-1,2,Autovettura privata,In marcia / fermata / arresto,Conducente,F,Illeso,0,,Utilizzato,Inesploso,,
3908927,12,05/07/2018 15:10:00,Strada Urbana,VIA DELLA DIVISIONE TORINO,all'intersezione con,VIA MATTEO BARTOLI,VIA MATTEO BARTOLI,,,Scontro frontale/laterale SX fra veicoli in marcia,Intersezione stradale segnalata,Una carreggiata a doppio senso,Asciutto,Asfaltata,Verticale ed orizzontale,Sereno,Scarso,Buona,Ore Diurne,0,0,0,4,12.4865,41.8214,-1,2,Autovettura privata,In marcia / fermata / arresto,Passeggero,M,Illeso,0,,Utilizzato,Inesploso,,
3908927,12,05/07/2018 15:10:00,Strada Urbana,VIA DELLA DIVISIONE TORINO,all'intersezione con,VIA MATTEO BARTOLI,VIA MATTEO BARTOLI,,,Scontro frontale/laterale SX fra veicoli in marcia,Intersezione stradale segnalata,Una carreggiata a doppio senso,Asciutto,Asfaltata,Verticale ed orizzontale,Sereno,Scarso,Buona,Ore Diurne,0,0,0,4,12.4865,41.8214,-1,2,Autovettura privata,In marcia / fermata / arresto,Passeggero,F,Illeso,0,,Utilizzato,Esploso,,
3908932,12,05/07/2018 16:30:00,Strada Urbana,VIA LAURENTINA,all'intersezione con,VIA DI VALLERANO,VIA DI VALLERANO,,,Scontro laterale fra veicoli in marcia,Rotatoria,Una carreggiata a senso unico di marcia,Asciutto,Asfaltata,Verticale ed orizzontale,Sereno,Intenso,Buona,Ore Diurne,0,0,0,3,12.4853,41.8102,-1,1,Autovettura privata,In marcia / fermata / arresto,Conducente,M,Illeso,0,,Utilizzato,Inesploso,,
3908932,12,05/07/2018 16:30:00,Strada Urbana,VIA LAURENTINA,all'intersezione con,VIA DI VALLERANO,VIA DI VALLERANO,,,Scontro laterale fra veicoli in marcia,Rotatoria,Una carreggiata a senso unico di marcia,Asciutto,Asfaltata,Verticale ed orizzontale,Sereno,Intenso,Buona,Ore Diurne,0,0,0,3,12.4853,41.8102,-1,2,Autovettura privata,In marcia / fermata / arresto,Conducente,M,Illeso,0,,Utilizzato,Inesploso,,
3908932,12,05/07/2018 16:30:00,Strada Urbana,VIA LAURENTINA,all'intersezione con,VIA DI VALLERANO,VIA DI VALLERANO,,,Scontro laterale fra veicoli in marcia,Rotatoria,Una carreggiata a senso unico di marcia,Asciutto,Asfaltata,Verticale ed orizzontale,Sereno,Intenso,Buona,Ore Diurne,0,0,0,3,12.4853,41.8102,-1,2,Autovettura privata,In marcia / fermata / arresto,Passeggero,M,Illeso,0,,Utilizzato,Inesploso,,
3908934,12,06/07/2018 20:25:00,Strada Urbana,VIA ILDEBRANDO VIVANTI,all'intersezione con,VIA GIOVANNI SONCELLI,VIA GIOVANNI SONCELLI,,,Scontro frontale/laterale DX fra veicoli in marcia,Intersezione stradale segnalata,Una carreggiata a doppio senso,Asciutto,Asfaltata,Verticale ed orizzontale,Sereno,Normale,Buona,Ore Diurne,0,0,0,3,12.4449,41.8038,-1,1,Autovettura privata,In marcia / fermata / arresto,Conducente,F,Illeso,0,,Utilizzato,Inesploso,,
3908934,12,06/07/2018 20:25:00,Strada Urbana,VIA ILDEBRANDO VIVANTI,all'intersezione con,VIA GIOVANNI SONCELLI,VIA GIOVANNI SONCELLI,,,Scontro frontale/laterale DX fra veicoli in marcia,Intersezione stradale segnalata,Una carreggiata a doppio senso,Asciutto,Asfaltata,Verticale ed orizzontale,Sereno,Normale,Buona,Ore Diurne,0,0,0,3,12.4449,41.8038,-1,2,Autovettura privata,In marcia / fermata / arresto,Conducente,M,Illeso,0,,Utilizzato,Inesploso,,
3908934,12,06/07/2018 20:25:00,Strada Urbana,VIA ILDEBRANDO VIVANTI,all'intersezione con,VIA GIOVANNI SONCELLI,VIA GIOVANNI SONCELLI,,,Scontro frontale/laterale DX fra veicoli in marcia,Intersezione stradale segnalata,Una carreggiata a doppio senso,Asciutto,Asfaltata,Verticale ed orizzontale,Sereno,Normale,Buona,Ore Diurne,0,0,0,3,12.4449,41.8038,-1,2,Autovettura privata,In marcia / fermata / arresto,Passeggero,F,Illeso,0,,Utilizzato,Inesploso,,
3908938,12,08/07/2018 13:40:00,Provinciale,VIA DI PRATICA,in prossimit�,,del civico n.,259,,Tamponamento Multiplo,Rettilineo,Una carreggiata a doppio senso,Asciutto,Asfaltata,Verticale ed orizzontale,Sereno,Normale,Buona,Ore Diurne,1,0,0,4,12.4467,41.6879,-1,1,Autovettura privata,In marcia / fermata / arresto,Conducente,M,Illeso,0,,Non accertato,Inesploso,,
3908938,12,08/07/2018 13:40:00,Provinciale,VIA DI PRATICA,in prossimit�,,del civico n.,259,,Tamponamento Multiplo,Rettilineo,Una carreggiata a doppio senso,Asciutto,Asfaltata,Verticale ed orizzontale,Sereno,Normale,Buona,Ore Diurne,1,0,0,4,12.4467,41.6879,-1,1,Autovettura privata,In marcia / fermata / arresto,Passeggero,M,Illeso,0,,Non accertato,Inesploso,,
3908938,12,08/07/2018 13:40:00,Provinciale,VIA DI PRATICA,in prossimit�,,del civico n.,259,,Tamponamento Multiplo,Rettilineo,Una carreggiata a doppio senso,Asciutto,Asfaltata,Verticale ed orizzontale,Sereno,Normale,Buona,Ore Diurne,1,0,0,4,12.4467,41.6879,-1,2,Autovettura privata,In marcia / fermata / arresto,Conducente,M,Illeso,0,,Non accertato,Inesploso,,
3908938,12,08/07/2018 13:40:00,Provinciale,VIA DI PRATICA,in prossimit�,,del civico n.,259,,Tamponamento Multiplo,Rettilineo,Una carreggiata a doppio senso,Asciutto,Asfaltata,Verticale ed orizzontale,Sereno,Normale,Buona,Ore Diurne,1,0,0,4,12.4467,41.6879,-1,3,Autovettura privata,In marcia / fermata / arresto,Conducente,M,Rimandato,0,NON DECEDUTO,Non accertato,Inesploso,,
3908938,12,08/07/2018 13:40:00,Provinciale,VIA DI PRATICA,in prossimit�,,del civico n.,259,,Tamponamento Multiplo,Rettilineo,Una carreggiata a doppio senso,Asciutto,Asfaltata,Verticale ed orizzontale,Sereno,Normale,Buona,Ore Diurne,1,0,0,4,12.4467,41.6879,-1,4,Autovettura privata,In marcia / fermata / arresto,Conducente,M,Illeso,0,,Non accertato,Inesploso,,
3908941,12,05/07/2018 17:30:00,Strada Urbana,VIALE AMERICA,all'intersezione con,VIALE UMBERTO TUPINI,VIALE UMBERTO TUPINI,,,Scontro frontale fra veicoli in marcia,Incrocio,Una carreggiata a doppio senso,Asciutto,Asfaltata,Verticale ed orizzontale,Sereno,Normale,Buona,Ore Diurne,1,0,0,1,12.4675,41.8299,-1,1,Autovettura privata,In marcia / fermata / arresto,Conducente,M,Illeso,0,,Utilizzato,Inesploso,,
3908941,12,05/07/2018 17:30:00,Strada Urbana,VIALE AMERICA,all'intersezione con,VIALE UMBERTO TUPINI,VIALE UMBERTO TUPINI,,,Scontro frontale fra veicoli in marcia,Incrocio,Una carreggiata a doppio senso,Asciutto,Asfaltata,Verticale ed orizzontale,Sereno,Normale,Buona,Ore Diurne,1,0,0,1,12.4675,41.8299,-1,2,Autovettura privata,In marcia / fermata / arresto,Conducente,M,Rimandato,0,NON DECEDUTO,Utilizzato,Inesploso,,
3908944,12,06/07/2018 02:00:00,Strada Urbana,VIALE DELL'OCEANO ATLANTICO,all'intersezione con,VIALE DELL'UMANESIMO,VIALE DELL'UMANESIMO,,,Veicolo in marcia contro ostacolo fisso,Incrocio,Due carreggiate,Asciutto,Asfaltata,Verticale ed orizzontale,Sereno,Scarso,Buona,Sufficiente,0,0,0,2,12.4714,41.8201,-1,1,Autovettura privata,In marcia / fermata / arresto,Conducente,M,Illeso,0,,,,,
3908944,12,06/07/2018 02:00:00,Strada Urbana,VIALE DELL'OCEANO ATLANTICO,all'intersezione con,VIALE DELL'UMANESIMO,VIALE DELL'UMANESIMO,,,Veicolo in marcia contro ostacolo fisso,Incrocio,Due carreggiate,Asciutto,Asfaltata,Verticale ed orizzontale,Sereno,Scarso,Buona,Sufficiente,0,0,0,2,12.4714,41.8201,-1,1,Autovettura privata,In marcia / fermata / arresto,Passeggero,M,Illeso,0,,,,,
3908952,12,07/07/2018 20:00:00,Strada Urbana,PIAZZA BARCELLONA,all'intersezione con,VIALE ROMOLO MURRI,VIALE ROMOLO MURRI,,,Scontro frontale/laterale DX fra veicoli in marcia,Intersezione non regolata/non segnalata,Una carreggiata a doppio senso,Asciutto,Asfaltata,Verticale ed orizzontale,Sereno,Normale,Buona,Ore Diurne,0,0,0,2,12.47,41.8403,-1,1,Autovettura privata,In marcia / fermata / arresto,Conducente,M,Illeso,0,,Non utilizzato,Inesploso,,
3908952,12,07/07/2018 20:00:00,Strada Urbana,PIAZZA BARCELLONA,all'intersezione con,VIALE ROMOLO MURRI,VIALE ROMOLO MURRI,,,Scontro frontale/laterale DX fra veicoli in marcia,Intersezione non regolata/non segnalata,Una carreggiata a doppio senso,Asciutto,Asfaltata,Verticale ed orizzontale,Sereno,Normale,Buona,Ore Diurne,0,0,0,2,12.47,41.8403,-1,2,Autovettura privata,In marcia / fermata / arresto,Conducente,M,Illeso,0,,Utilizzato,Inesploso,,
3908976,10,06/07/2018 10:00:00,Strada Urbana,PIAZZA ARULENO CELIO SABINO,in corrispondenza,,del civico n.,83,,Scontro laterale fra veicoli in marcia,Rettilineo,Due carreggiate,Asciutto,Asfaltata,Verticale ed orizzontale,Sereno,Normale,Buona,Ore Diurne,0,0,0,2,12.5586,41.8529,-1,1,Autovettura privata,In marcia / fermata / arresto,Conducente,F,Illeso,0,,Non accertato,Inesploso,,
3908976,10,06/07/2018 10:00:00,Strada Urbana,PIAZZA ARULENO CELIO SABINO,in corrispondenza,,del civico n.,83,,Scontro laterale fra veicoli in marcia,Rettilineo,Due carreggiate,Asciutto,Asfaltata,Verticale ed orizzontale,Sereno,Normale,Buona,Ore Diurne,0,0,0,2,12.5586,41.8529,-1,2,Autovettura privata,In marcia / fermata / arresto,Conducente,M,Illeso,0,,Non accertato,Inesploso,,