Protocollo,Gruppo,DataOraIncidente,Localizzazione1,STRADA1,Localizzazione2,STRADA2,Strada02,Chilometrica,DaSpecificare,NaturaIncidente,particolaritastrade,TipoStrada,FondoStradale,Pavimentazione,Segnaletica,CondizioneAtmosferica,Traffico,Visibilita,Illuminazione,NUM_FERITI,NUM_RISERVATA,NUM_MORTI,NUM_ILLESI,Longitudine,Latitudine,Confermato,Progressivo,TipoVeicolo,StatoVeicolo,TipoPersona,Sesso,Tipolesione,Deceduto,DecedutoDopo,CinturaCascoUtilizzato,Airbag,,
3908982,10,06/07/2018 18:50:00,Strada Urbana,VIA CASILINA,all'intersezione con,VIA ANTONIO INGEGNOLI,VIA ANTONIO INGEGNOLI,,,Scontro frontale/laterale SX fra veicoli in marcia,Incrocio,Una carreggiata a doppio senso,Asciutto,Asfaltata,Verticale ed orizzontale,Sereno,Normale,Sufficiente,Sufficiente,1,0,0,3,12.6162,41.8631,-1,1,Autovettura privata,In marcia / fermata / arresto,Conducente,F,Illeso,0,,Non accertato,Inesploso,,
3908982,10,06/07/2018 18:50:00,Strada Urbana,VIA CASILINA,all'intersezione con,VIA ANTONIO INGEGNOLI,VIA ANTONIO INGEGNOLI,,,Scontro frontale/laterale SX fra veicoli in marcia,Incrocio,Una carreggiata a doppio senso,Asciutto,Asfaltata,Verticale ed orizzontale,Sereno,Normale,Sufficiente,Sufficiente,1,0,0,3,12.6162,41.8631,-1,1,Autovettura privata,In marcia / fermata / arresto,Passeggero,F,Illeso,0,,Non accertato,Inesploso,,
3908982,10,06/07/2018 18:50:00,Strada Urbana,VIA CASILINA,all'intersezione con,VIA ANTONIO INGEGNOLI,VIA ANTONIO INGEGNOLI,,,Scontro frontale/laterale SX fra veicoli in marcia,Incrocio,Una carreggiata a doppio senso,Asciutto,Asfaltata,Verticale ed orizzontale,Sereno,Normale,Sufficiente,Sufficiente,1,0,0,3,12.6162,41.8631,-1,1,Autovettura privata,In marcia / fermata / arresto,Passeggero,F,Illeso,0,,Non accertato,Inesploso,,
3908982,10,06/07/2018 18:50:00,Strada Urbana,VIA CASILINA,all'intersezione con,VIA ANTONIO INGEGNOLI,VIA ANTONIO INGEGNOLI,,,Scontro frontale/laterale SX fra veicoli in marcia,Incrocio,Una carreggiata a doppio senso,Asciutto,Asfaltata,Verticale ed orizzontale,Sereno,Normale,Sufficiente,Sufficiente,1,0,0,3,12.6162,41.8631,-1,2,Motociclo a solo,In marcia / fermata / arresto,Conducente,M,Rimandato,0,NON DECEDUTO,Non accertato,,,
3909005,10,06/07/2018 20:50:00,Strada Urbana,VIALE ANICIO GALLO,all'intersezione con,VIALE TITO LABIENO,VIALE TITO LABIENO,,,Scontro frontale/laterale DX fra veicoli in marcia,Incrocio,Due carreggiate,Asciutto,Asfaltata,Verticale ed orizzontale,Sereno,Normale,Buona,Sufficiente,0,0,0,3,12.5653,41.8516,-1,1,Autovettura privata,In marcia / fermata / arresto,Conducente,M,Illeso,0,,Non accertato,Inesploso,,
3909005,10,06/07/2018 20:50:00,Strada Urbana,VIALE ANICIO GALLO,all'intersezione con,VIALE TITO LABIENO,VIALE TITO LABIENO,,,Scontro frontale/laterale DX fra veicoli in marcia,Incrocio,Due carreggiate,Asciutto,Asfaltata,Verticale ed orizzontale,Sereno,Normale,Buona,Sufficiente,0,0,0,3,12.5653,41.8516,-1,2,Autovettura privata,In marcia / fermata / arresto,Conducente,F,Illeso,0,,Non accertato,Inesploso,,
3909005,10,06/07/2018 20:50:00,Strada Urbana,VIALE ANICIO GALLO,all'intersezione con,VIALE TITO LABIENO,VIALE TITO LABIENO,,,Scontro frontale/laterale DX fra veicoli in marcia,Incrocio,Due carreggiate,Asciutto,Asfaltata,Verticale ed orizzontale,Sereno,Normale,Buona,Sufficiente,0,0,0,3,12.5653,41.8516,-1,2,Autovettura privata,In marcia / fermata / arresto,Passeggero,F,Illeso,0,,Non accertato,Inesploso,,
3909024,10,06/07/2018 23:00:00,Strada Urbana,VIA PIETRO CROSTAROSA,in corrispondenza,,del civico n.,16,,Veicolo in marcia contro ostacolo accidentale,Rettilineo,Una carreggiata a doppio senso,Asciutto,Asfaltata,Assente,Sereno,Scarso,Sufficiente,Sufficiente,0,0,0,4,12.5875,41.8308,-1,1,Autovettura privata,In marcia / fermata / arresto,Conducente,M,Illeso,0,,,,,
3909024,10,06/07/2018 23:00:00,Strada Urbana,VIA PIETRO CROSTAROSA,in corrispondenza,,del civico n.,16,,Veicolo in marcia contro ostacolo accidentale,Rettilineo,Una carreggiata a doppio senso,Asciutto,Asfaltata,Assente,Sereno,Scarso,Sufficiente,Sufficiente,0,0,0,4,12.5875,41.8308,-1,1,Autovettura privata,In marcia / fermata / arresto,Passeggero,F,Illeso,0,,Non accertato,Inesploso,,
3909024,10,06/07/2018 23:00:00,Strada Urbana,VIA PIETRO CROSTAROSA,in corrispondenza,,del civico n.,16,,Veicolo in marcia contro ostacolo accidentale,Rettilineo,Una carreggiata a doppio senso,Asciutto,Asfaltata,Assente,Sereno,Scarso,Sufficiente,Sufficiente,0,0,0,4,12.5875,41.8308,-1,1,Autovettura privata,In marcia / fermata / arresto,Passeggero,F,Illeso,0,,Non accertato,Inesploso,,
3909024,10,06/07/2018 23:00:00,Strada Urbana,VIA PIETRO CROSTAROSA,in corrispondenza,,del civico n.,16,,Veicolo in marcia contro ostacolo accidentale,Rettilineo,Una carreggiata a doppio senso,Asciutto,Asfaltata,Assente,Sereno,Scarso,Sufficiente,Sufficiente,0,0,0,4,12.5875,41.8308,-1,1,Autovettura privata,In marcia / fermata / arresto,Passeggero,M,Illeso,0,,Non accertato,Inesploso,,
3909039,10,07/07/2018 04:30:00,Strada Urbana,VIA TUSCOLANA,da specificare,,,,prossimit� svincolo via Casal Morena,Veicolo in marcia contro ostacolo fisso,Rettilineo,Due carreggiate,Asciutto,Asfaltata,Verticale ed orizzontale,Sereno,Scarso,Buona,Ore Diurne,2,0,0,0,12.6198,41.8304,-1,1,Autovettura privata,In marcia / fermata / arresto,Conducente,M,Rimandato,0,NON DECEDUTO,Non accertato,Inesploso,,
3909039,10,07/07/2018 04:30:00,Strada Urbana,VIA TUSCOLANA,da specificare,,,,prossimit� svincolo via Casal Morena,Veicolo in marcia contro ostacolo fisso,Rettilineo,Due carreggiate,Asciutto,Asfaltata,Verticale ed orizzontale,Sereno,Scarso,Buona,Ore Diurne,2,0,0,0,12.6198,41.8304,-1,2,Velocipede,In marcia / fermata / arresto,Conducente,M,Ricoverato,0,NON DECEDUTO,Esente,,,
3909043,10,07/07/2018 09:45:00,Strada Urbana,VIA SESTIO MENAS,in prossimit�,,del civico n.,6,,Scontro laterale fra veicoli in marcia,Rettilineo,Una carreggiata a doppio senso,Asciutto,Asfaltata,Verticale ed orizzontale,Sereno,Scarso,Buona,Ore Diurne,2,0,0,1,12.5534,41.8657,-1,1,Autovettura privata,In marcia / fermata / arresto,Conducente,F,Illeso,0,,Non accertato,Inesploso,,
3909043,10,07/07/2018 09:45:00,Strada Urbana,VIA SESTIO MENAS,in prossimit�,,del civico n.,6,,Scontro laterale fra veicoli in marcia,Rettilineo,Una carreggiata a doppio senso,Asciutto,Asfaltata,Verticale ed orizzontale,Sereno,Scarso,Buona,Ore Diurne,2,0,0,1,12.5534,41.8657,-1,1,Autovettura privata,In marcia / fermata / arresto,Passeggero,F,Rimandato,0,NON DECEDUTO,Non accertato,Inesploso,,
3909043,10,07/07/2018 09:45:00,Strada Urbana,VIA SESTIO MENAS,in prossimit�,,del civico n.,6,,Scontro laterale fra veicoli in marcia,Rettilineo,Una carreggiata a doppio senso,Asciutto,Asfaltata,Verticale ed orizzontale,Sereno,Scarso,Buona,Ore Diurne,2,0,0,1,12.5534,41.8657,-1,2,Autovettura privata,In marcia / fermata / arresto,Conducente,M,Rimandato,0,NON DECEDUTO,Non accertato,Inesploso,,
3909046,10,07/07/2018 12:30:00,Strada Urbana,VIA ANAGNINA,in corrispondenza,,del civico n.,554,,Scontro frontale/laterale SX fra veicoli in marcia,Rettilineo,Due carreggiate,Asciutto,Asfaltata,Verticale ed orizzontale,Sereno,Normale,Buona,Ore Diurne,0,0,0,4,12.6352,41.804,-1,1,Autovettura privata,In marcia / fermata / arresto,Conducente,F,Illeso,0,,Non accertato,Inesploso,,
3909046,10,07/07/2018 12:30:00,Strada Urbana,VIA ANAGNINA,in corrispondenza,,del civico n.,554,,Scontro frontale/laterale SX fra veicoli in marcia,Rettilineo,Due carreggiate,Asciutto,Asfaltata,Verticale ed orizzontale,Sereno,Normale,Buona,Ore Diurne,0,0,0,4,12.6352,41.804,-1,1,Autovettura privata,In marcia / fermata / arresto,Passeggero,F,Illeso,0,,Non accertato,Inesploso,,
3909046,10,07/07/2018 12:30:00,Strada Urbana,VIA ANAGNINA,in corrispondenza,,del civico n.,554,,Scontro frontale/laterale SX fra veicoli in marcia,Rettilineo,Due carreggiate,Asciutto,Asfaltata,Verticale ed orizzontale,Sereno,Normale,Buona,Ore Diurne,0,0,0,4,12.6352,41.804,-1,2,Autovettura privata,In marcia / fermata / arresto,Conducente,M,Illeso,0,,Non accertato,Inesploso,,
3909046,10,07/07/2018 12:30:00,Strada Urbana,VIA ANAGNINA,in corrispondenza,,del civico n.,554,,Scontro frontale/laterale SX fra veicoli in marcia,Rettilineo,Due carreggiate,Asciutto,Asfaltata,Verticale ed orizzontale,Sereno,Normale,Buona,Ore Diurne,0,0,0,4,12.6352,41.804,-1,2,Autovettura privata,In marcia / fermata / arresto,Passeggero,F,Illeso,0,,Non accertato,Inesploso,,
3909049,10,07/07/2018 13:25:00,Strada Urbana,VIA ARRIGO CAVAGLIERI,in prossimit�,,del civico n.,8,,Investimento di pedone,Rettilineo,Una carreggiata a doppio senso,Asciutto,Asfaltata,Verticale,Sereno,Normale,Buona,Ore Diurne,1,0,0,2,12.6048,41.8481,-1,,,,Pedone,M,Rimandato,0,NON DECEDUTO,,,,
3909049,10,07/07/2018 13:25:00,Strada Urbana,VIA ARRIGO CAVAGLIERI,in prossimit�,,del civico n.,8,,Investimento di pedone,Rettilineo,Una carreggiata a doppio senso,Asciutto,Asfaltata,Verticale,Sereno,Normale,Buona,Ore Diurne,1,0,0,2,12.6048,41.8481,-1,2,Autovettura privata,In marcia / fermata / arresto,Conducente,F,Illeso,0,,Non accertato,Inesploso,,
3909049,10,07/07/2018 13:25:00,Strada Urbana,VIA ARRIGO CAVAGLIERI,in prossimit�,,del civico n.,8,,Investimento di pedone,Rettilineo,Una carreggiata a doppio senso,Asciutto,Asfaltata,Verticale,Sereno,Normale,Buona,Ore Diurne,1,0,0,2,12.6048,41.8481,-1,2,Autovettura privata,In marcia / fermata / arresto,Passeggero,M,Illeso,0,,Non accertato,Inesploso,,
3909051,10,08/07/2018 01:15:00,Strada Urbana,VIA DELLE CAPANNELLE,da specificare,,,,in prossimit� via Castroregio,Tamponamento Multiplo,Rettilineo,Una carreggiata a doppio senso,Asciutto,Asfaltata,Orizzontale,Sereno,Normale,Sufficiente,Sufficiente,0,0,0,9,12.5674,41.8306,-1,1,Autovettura privata,In marcia / fermata / arresto,Conducente,M,Illeso,0,,Non accertato,Inesploso,,
3909051,10,08/07/2018 01:15:00,Strada Urbana,VIA DELLE CAPANNELLE,da specificare,,,,in prossimit� via Castroregio,Tamponamento Multiplo,Rettilineo,Una carreggiata a doppio senso,Asciutto,Asfaltata,Orizzontale,Sereno,Normale,Sufficiente,Sufficiente,0,0,0,9,12.5674,41.8306,-1,1,Autovettura privata,In marcia / fermata / arresto,Passeggero,M,Illeso,0,,Non accertato,Inesploso,,
3909051,10,08/07/2018 01:15:00,Strada Urbana,VIA DELLE CAPANNELLE,da specificare,,,,in prossimit� via Castroregio,Tamponamento Multiplo,Rettilineo,Una carreggiata a doppio senso,Asciutto,Asfaltata,Orizzontale,Sereno,Normale,Sufficiente,Sufficiente,0,0,0,9,12.5674,41.8306,-1,1,Autovettura privata,In marcia / fermata / arresto,Passeggero,M,Illeso,0,,Non accertato,Inesploso,,
3909051,10,08/07/2018 01:15:00,Strada Urbana,VIA DELLE CAPANNELLE,da specificare,,,,in prossimit� via Castroregio,Tamponamento Multiplo,Rettilineo,Una carreggiata a doppio senso,Asciutto,Asfaltata,Orizzontale,Sereno,Normale,Sufficiente,Sufficiente,0,0,0,9,12.5674,41.8306,-1,1,Autovettura privata,In marcia / fermata / arresto,Passeggero,F,Illeso,0,,Non accertato,Inesploso,,
3909051,10,08/07/2018 01:15:00,Strada Urbana,VIA DELLE CAPANNELLE,da specificare,,,,in prossimit� via Castroregio,Tamponamento Multiplo,Rettilineo,Una carreggiata a doppio senso,Asciutto,Asfaltata,Orizzontale,Sereno,Normale,Sufficiente,Sufficiente,0,0,0,9,12.5674,41.8306,-1,2,Autovettura privata,In marcia / fermata / arresto,Conducente,F,Illeso,0,,Non accertato,Inesploso,,
3909051,10,08/07/2018 01:15:00,Strada Urbana,VIA DELLE CAPANNELLE,da specificare,,,,in prossimit� via Castroregio,Tamponamento Multiplo,Rettilineo,Una carreggiata a doppio senso,Asciutto,Asfaltata,Orizzontale,Sereno,Normale,Sufficiente,Sufficiente,0,0,0,9,12.5674,41.8306,-1,2,Autovettura privata,In marcia / fermata / arresto,Passeggero,F,Illeso,0,,Non accertato,Inesploso,,
3909051,10,08/07/2018 01:15:00,Strada Urbana,VIA DELLE CAPANNELLE,da specificare,,,,in prossimit� via Castroregio,Tamponamento Multiplo,Rettilineo,Una carreggiata a doppio senso,Asciutto,Asfaltata,Orizzontale,Sereno,Normale,Sufficiente,Sufficiente,0,0,0,9,12.5674,41.8306,-1,3,Autovettura privata,In marcia / fermata / arresto,Conducente,M,Illeso,0,,Non accertato,Inesploso,,
3909051,10,08/07/2018 01:15:00,Strada Urbana,VIA DELLE CAPANNELLE,da specificare,,,,in prossimit� via Castroregio,Tamponamento Multiplo,Rettilineo,Una carreggiata a doppio senso,Asciutto,Asfaltata,Orizzontale,Sereno,Normale,Sufficiente,Sufficiente,0,0,0,9,12.5674,41.8306,-1,3,Autovettura privata,In marcia / fermata / arresto,Passeggero,F,Illeso,0,,Non accertato,Inesploso,,
3909054,10,08/07/2018 10:00:00,Statale entro l'abitato,VIA ANAGNINA,da specificare,,,,dir. Roma a mt 200 da via Albidona,Fuoriuscita dalla sede stradale,Rettilineo,Due carreggiate,Asciutto,Asfaltata,Verticale ed orizzontale,Sereno,Normale,Buona,Ore Diurne,1,0,0,0,12.6026,41.8262,-1,1,Autovettura privata,In marcia / fermata / arresto,Conducente,F,Ricoverato,0,NON DECEDUTO,Non accertato,Inesploso,,
3909452,7,06/07/2018 14:45:00,Strada Urbana,VIA DELLA STAZIONE DI TOR SAPIENZA,all'intersezione con,VIA DELLA RUSTICA,VIA DELLA RUSTICA,,,Scontro frontale/laterale DX fra veicoli in marcia,Incrocio,Una carreggiata a doppio senso,Asciutto,Asfaltata,Verticale ed orizzontale,Sereno,Scarso,Buona,Ore Diurne,0,0,0,2,12.5949,41.9058,-1,1,Autovettura privata,In marcia / fermata / arresto,Conducente,F,Illeso,0,,Non accertato,Inesploso,,
3909452,7,06/07/2018 14:45:00,Strada Urbana,VIA DELLA STAZIONE DI TOR SAPIENZA,all'intersezione con,VIA DELLA RUSTICA,VIA DELLA RUSTICA,,,Scontro frontale/laterale DX fra veicoli in marcia,Incrocio,Una carreggiata a doppio senso,Asciutto,Asfaltata,Verticale ed orizzontale,Sereno,Scarso,Buona,Ore Diurne,0,0,0,2,12.5949,41.9058,-1,2,Autovettura privata,In marcia / fermata / arresto,Conducente,M,Illeso,0,,Non accertato,Inesploso,,
3909454,11,07/07/2018 13:35:00,Strada Urbana,VIALE DEL TINTORETTO,da specificare,,,,altezza rampa direzione via A. Solario,Scontro laterale fra veicoli in marcia,Curva a visuale libera,Una carreggiata a senso unico di marcia,Asciutto,Asfaltata,Verticale ed orizzontale,Sereno,Normale,Buona,Ore Diurne,0,0,0,3,12.4811,41.838,-1,1,Autovettura privata,In marcia / fermata / arresto,Conducente,M,Illeso,0,,,,,
3909454,11,07/07/2018 13:35:00,Strada Urbana,VIALE DEL TINTORETTO,da specificare,,,,altezza rampa direzione via A. Solario,Scontro laterale fra veicoli in marcia,Curva a visuale libera,Una carreggiata a senso unico di marcia,Asciutto,Asfaltata,Verticale ed orizzontale,Sereno,Normale,Buona,Ore Diurne,0,0,0,3,12.4811,41.838,-1,2,Autovettura privata,In marcia / fermata / arresto,Conducente,F,Illeso,0,,,,,
3909454,11,07/07/2018 13:35:00,Strada Urbana,VIALE DEL TINTORETTO,da specificare,,,,altezza rampa direzione via A. Solario,Scontro laterale fra veicoli in marcia,Curva a visuale libera,Una carreggiata a senso unico di marcia,Asciutto,Asfaltata,Verticale ed orizzontale,Sereno,Normale,Buona,Ore Diurne,0,0,0,3,12.4811,41.838,-1,2,Autovettura privata,In marcia / fermata / arresto,Passeggero,M,Illeso,0,,,,,
3909462,11,07/07/2018 11:10:00,Strada Urbana,VIALE GIUSTINIANO IMPERATORE,in corrispondenza,,del civico n.,18,,Scontro laterale fra veicoli in marcia,Rettilineo,Due carreggiate,Asciutto,Asfaltata,Verticale ed orizzontale,Sereno,Normale,Buona,Ore Diurne,0,0,0,3,12.479,41.8565,-1,1,Autovettura privata,In marcia / fermata / arresto,Conducente,M,Illeso,0,,Non accertato,,,
3909462,11,07/07/2018 11:10:00,Strada Urbana,VIALE GIUSTINIANO IMPERATORE,in corrispondenza,,del civico n.,18,,Scontro laterale fra veicoli in marcia,Rettilineo,Due carreggiate,Asciutto,Asfaltata,Verticale ed orizzontale,Sereno,Normale,Buona,Ore Diurne,0,0,0,3,12.479,41.8565,-1,1,Autovettura privata,In marcia / fermata / arresto,Passeggero,M,Illeso,0,,Non accertato,,,
3909462,11,07/07/2018 11:10:00,Strada Urbana,VIALE GIUSTINIANO IMPERATORE,in corrispondenza,,del civico n.,18,,Scontro laterale fra veicoli in marcia,Rettilineo,Due carreggiate,Asciutto,Asfaltata,Verticale ed orizzontale,Sereno,Normale,Buona,Ore Diurne,0,0,0,3,12.479,41.8565,-1,2,Autovettura privata,In marcia / fermata / arresto,Conducente,F,Illeso,0,,Non accertato,,,
3909474,11,08/07/2018 17:00:00,Strada Urbana,VIA ARDEATINA,all'intersezione con,VIA DI VIGNA MURATA,VIA DI VIGNA MURATA,,,Scontro laterale fra veicoli in marcia,Rotatoria,Due carreggiate,Asciutto,Asfaltata,Verticale ed orizzontale,Sereno,Normale,Buona,Ore Diurne,2,0,0,3,12.5179,41.8271,-1,1,Autovettura privata,In marcia / fermata / arresto,Conducente,M,Illeso,0,,Non accertato,,,
3909474,11,08/07/2018 17:00:00,Strada Urbana,VIA ARDEATINA,all'intersezione con,VIA DI VIGNA MURATA,VIA DI VIGNA MURATA,,,Scontro laterale fra veicoli in marcia,Rotatoria,Due carreggiate,Asciutto,Asfaltata,Verticale ed orizzontale,Sereno,Normale,Buona,Ore Diurne,2,0,0,3,12.5179,41.8271,-1,2,Autovettura privata,In marcia / fermata / arresto,Conducente,F,Rimandato,0,NON DECEDUTO,Non accertato,,,
3909474,11,08/07/2018 17:00:00,Strada Urbana,VIA ARDEATINA,all'intersezione con,VIA DI VIGNA MURATA,VIA DI VIGNA MURATA,,,Scontro laterale fra veicoli in marcia,Rotatoria,Due carreggiate,Asciutto,Asfaltata,Verticale ed orizzontale,Sereno,Normale,Buona,Ore Diurne,2,0,0,3,12.5179,41.8271,-1,2,Autovettura privata,In marcia / fermata / arresto,Passeggero,M,Illeso,0,,Non accertato,,,
3909474,11,08/07/2018 17:00:00,Strada Urbana,VIA ARDEATINA,all'intersezione con,VIA DI VIGNA MURATA,VIA DI VIGNA MURATA,,,Scontro laterale fra veicoli in marcia,Rotatoria,Due carreggiate,Asciutto,Asfaltata,Verticale ed orizzontale,Sereno,Normale,Buona,Ore Diurne,2,0,0,3,12.5179,41.8271,-1,2,Autovettura privata,In marcia / fermata / arresto,Passeggero,F,Rimandato,0,NON DECEDUTO,Non accertato,,,
3909474,11,08/07/2018 17:00:00,Strada Urbana,VIA ARDEATINA,all'intersezione con,VIA DI VIGNA MURATA,VIA DI VIGNA MURATA,,,Scontro laterale fra veicoli in marcia,Rotatoria,Due carreggiate,Asciutto,Asfaltata,Verticale ed orizzontale,Sereno,Normale,Buona,Ore Diurne,2,0,0,3,12.5179,41.8271,-1,2,Autovettura privata,In marcia / fermata / arresto,Passeggero,F,Illeso,0,,Non accertato,,,
3909480,7,06/07/2018 17:53:00,Strada Urbana,VIA PAPIRIA,all'intersezione con,VIALE MARCO FULVIO NOBILIORE,VIALE MARCO FULVIO NOBILIORE,,,Scontro frontale/laterale SX fra veicoli in marcia,Incrocio,Una carreggiata a doppio senso,Asciutto,Asfaltata,Orizzontale,Sereno,Intenso,Buona,Ore Diurne,0,0,0,2,12.5623,41.8634,-1,1,Autovettura privata,In marcia / fermata / arresto,Conducente,F,Illeso,0,,Non accertato,Inesploso,,
3909480,7,06/07/2018 17:53:00,Strada Urbana,VIA PAPIRIA,all'intersezione con,VIALE MARCO FULVIO NOBILIORE,VIALE MARCO FULVIO NOBILIORE,,,Scontro frontale/laterale SX fra veicoli in marcia,Incrocio,Una carreggiata a doppio senso,Asciutto,Asfaltata,Orizzontale,Sereno,Intenso,Buona,Ore Diurne,0,0,0,2,12.5623,41.8634,-1,2,Autovettura privata,In marcia / fermata / arresto,Conducente,F,Illeso,0,,Non accertato,Inesploso,,
3909481,10,08/07/2018 19:45:00,Strada Urbana,VIALE LUIGI SCHIAVONETTI,in corrispondenza,,del palo luce n.,84,,Veicolo in marcia contro ostacolo fisso,Curva senza visuale libera,Due carreggiate,Asciutto,Asfaltata,Orizzontale,Sereno,Scarso,Buona,Ore Diurne,1,0,0,0,12.6187,41.8447,-1,1,Autovettura privata,In marcia / fermata / arresto,Conducente,M,Rimandato,0,NON DECEDUTO,Non accertato,Inesploso,,
3909488,5,06/07/2018 14:20:00,Strada Urbana,VIALE DEL TECNOPOLO,all'intersezione semaforizzata con,VIA DELLE CASE ROSSE,VIA DELLE CASE ROSSE,,,Tamponamento,Incrocio,Due carreggiate,Asciutto,Asfaltata,Verticale ed orizzontale,Sereno,Normale,Buona,Ore Diurne,0,0,0,2,12.6367,41.9275,-1,1,Autovettura privata,In marcia / fermata / arresto,Conducente,M,Illeso,0,,Non accertato,Inesploso,,
3909488,5,06/07/2018 14:20:00,Strada Urbana,VIALE DEL TECNOPOLO,all'intersezione semaforizzata con,VIA DELLE CASE ROSSE,VIA DELLE CASE ROSSE,,,Tamponamento,Incrocio,Due carreggiate,Asciutto,Asfaltata,Verticale ed orizzontale,Sereno,Normale,Buona,Ore Diurne,0,0,0,2,12.6367,41.9275,-1,2,Autovettura privata,In marcia / fermata / arresto,Conducente,M,Illeso,0,,Non accertato,Inesploso,,
3909492,13,08/07/2018 11:25:00,Strada Urbana,VIA ERMANNO WOLF FERRARI,all'intersezione con,VIA ALBERTO FRANCHETTI,VIA ALBERTO FRANCHETTI,,,Scontro laterale fra veicoli in marcia,Incrocio,Una carreggiata a doppio senso,Asciutto,Asfaltata,Orizzontale,Sereno,Normale,Buona,Ore Diurne,0,0,0,6,12.3779,41.7482,-1,1,Autovettura privata,In marcia / fermata / arresto,Conducente,F,Illeso,0,,Non accertato,Inesploso,,
3909492,13,08/07/2018 11:25:00,Strada Urbana,VIA ERMANNO WOLF FERRARI,all'intersezione con,VIA ALBERTO FRANCHETTI,VIA ALBERTO FRANCHETTI,,,Scontro laterale fra veicoli in marcia,Incrocio,Una carreggiata a doppio senso,Asciutto,Asfaltata,Orizzontale,Sereno,Normale,Buona,Ore Diurne,0,0,0,6,12.3779,41.7482,-1,2,Autovettura privata,In marcia / fermata / arresto,Conducente,M,Illeso,0,,Non accertato,Inesploso,,
3909492,13,08/07/2018 11:25:00,Strada Urbana,VIA ERMANNO WOLF FERRARI,all'intersezione con,VIA ALBERTO FRANCHETTI,VIA ALBERTO FRANCHETTI,,,Scontro laterale fra veicoli in marcia,Incrocio,Una carreggiata a doppio senso,Asciutto,Asfaltata,Orizzontale,Sereno,Normale,Buona,Ore Diurne,0,0,0,6,12.3779,41.7482,-1,2,Autovettura privata,In marcia / fermata / arresto,Passeggero,F,Illeso,0,,Non accertato,Inesploso,,
3909492,13,08/07/2018 11:25:00,Strada Urbana,VIA ERMANNO WOLF FERRARI,all'intersezione con,VIA ALBERTO FRANCHETTI,VIA ALBERTO FRANCHETTI,,,Scontro laterale fra veicoli in marcia,Incrocio,Una carreggiata a doppio senso,Asciutto,Asfaltata,Orizzontale,Sereno,Normale,Buona,Ore Diurne,0,0,0,6,12.3779,41.7482,-1,2,Autovettura privata,In marcia / fermata / arresto,Passeggero,M,Illeso,0,,Non accertato,Inesploso,,
3909492,13,08/07/2018 11:25:00,Strada Urbana,VIA ERMANNO WOLF FERRARI,all'intersezione con,VIA ALBERTO FRANCHETTI,VIA ALBERTO FRANCHETTI,,,Scontro laterale fra veicoli in marcia,Incrocio,Una carreggiata a doppio senso,Asciutto,Asfaltata,Orizzontale,Sereno,Normale,Buona,Ore Diurne,0,0,0,6,12.3779,41.7482,-1,2,Autovettura privata,In marcia / fermata / arresto,Passeggero,M,Illeso,0,,Non accertato,Inesploso,,
3909492,13,08/07/2018 11:25:00,Strada Urbana,VIA ERMANNO WOLF FERRARI,all'intersezione con,VIA ALBERTO FRANCHETTI,VIA ALBERTO FRANCHETTI,,,Scontro laterale fra veicoli in marcia,Incrocio,Una carreggiata a doppio senso,Asciutto,Asfaltata,Orizzontale,Sereno,Normale,Buona,Ore Diurne,0,0,0,6,12.3779,41.7482,-1,2,Autovettura privata,In marcia / fermata / arresto,Passeggero,M,Illeso,0,,Non accertato,Inesploso,,
3909495,5,06/07/2018 18:30:00,Strada Urbana,VIA LUIGI ARNALDO VASSALLO,all'intersezione con,VIA TIBURTINA,VIA TIBURTINA,,,Scontro laterale fra veicoli in marcia,Incrocio,Una carreggiata a doppio senso,Asciutto,Asfaltata,Verticale ed orizzontale,Sereno,Normale,Buona,Ore Diurne,0,0,0,2,12.539,41.9083,-1,1,Autovettura privata,In marcia / fermata / arresto,Conducente,F,Illeso,0,,Non accertato,Inesploso,,
3909495,5,06/07/2018 18:30:00,Strada Urbana,VIA LUIGI ARNALDO VASSALLO,all'intersezione con,VIA TIBURTINA,VIA TIBURTINA,,,Scontro laterale fra veicoli in marcia,Incrocio,Una carreggiata a doppio senso,Asciutto,Asfaltata,Verticale ed orizzontale,Sereno,Normale,Buona,Ore Diurne,0,0,0,2,12.539,41.9083,-1,2,Autovettura privata,In marcia / fermata / arresto,Conducente,M,Illeso,0,,Non accertato,Inesploso,,
3909498,11,07/07/2018 12:45:00,Strada Urbana,VIA GABRIELLO CHIABRERA,all'intersezione con,VIA ANTONINO PIO,VIA ANTONINO PIO,,,Scontro laterale fra veicoli in marcia,Intersezione non regolata/non segnalata,Due carreggiate,Asciutto,Asfaltata,Verticale ed orizzontale,Sereno,Normale,Buona,Ore Diurne,1,0,0,2,12.4791,41.8528,-1,1,Autovettura privata,In marcia / fermata / arresto,Conducente,F,Illeso,0,,,,,
3909498,11,07/07/2018 12:45:00,Strada Urbana,VIA GABRIELLO CHIABRERA,all'intersezione con,VIA ANTONINO PIO,VIA ANTONINO PIO,,,Scontro laterale fra veicoli in marcia,Intersezione non regolata/non segnalata,Due carreggiate,Asciutto,Asfaltata,Verticale ed orizzontale,Sereno,Normale,Buona,Ore Diurne,1,0,0,2,12.4791,41.8528,-1,1,Autovettura privata,In marcia / fermata / arresto,Passeggero,F,Rifiuta cure immediate,0,NON DECEDUTO,,,,