Protocollo,Gruppo,DataOraIncidente,Localizzazione1,STRADA1,Localizzazione2,STRADA2,Strada02,Chilometrica,DaSpecificare,NaturaIncidente,particolaritastrade,TipoStrada,FondoStradale,Pavimentazione,Segnaletica,CondizioneAtmosferica,Traffico,Visibilita,Illuminazione,NUM_FERITI,NUM_RISERVATA,NUM_MORTI,NUM_ILLESI,Longitudine,Latitudine,Confermato,Progressivo,TipoVeicolo,StatoVeicolo,TipoPersona,Sesso,Tipolesione,Deceduto,DecedutoDopo,CinturaCascoUtilizzato,Airbag,,
3909498,11,07/07/2018 12:45:00,Strada Urbana,VIA GABRIELLO CHIABRERA,all'intersezione con,VIA ANTONINO PIO,VIA ANTONINO PIO,,,Scontro laterale fra veicoli in marcia,Intersezione non regolata/non segnalata,Due carreggiate,Asciutto,Asfaltata,Verticale ed orizzontale,Sereno,Normale,Buona,Ore Diurne,1,0,0,2,12.4791,41.8528,-1,2,Autovettura privata,In marcia / fermata / arresto,Conducente,F,Illeso,0,,,,,
3909500,5,06/07/2018 19:40:00,Strada Urbana,VIA DI PIETRALATA,all'intersezione con,VIA RAMIRO FABIANI,VIA RAMIRO FABIANI,,,Tamponamento,Incrocio,Una carreggiata a doppio senso,Asciutto,Asfaltata,Verticale ed orizzontale,Sereno,Normale,Buona,Ore Diurne,1,0,0,1,12.5516,41.9195,-1,1,Autovettura privata,In marcia / fermata / arresto,Conducente,M,Illeso,0,,Non accertato,,,
3909500,5,06/07/2018 19:40:00,Strada Urbana,VIA DI PIETRALATA,all'intersezione con,VIA RAMIRO FABIANI,VIA RAMIRO FABIANI,,,Tamponamento,Incrocio,Una carreggiata a doppio senso,Asciutto,Asfaltata,Verticale ed orizzontale,Sereno,Normale,Buona,Ore Diurne,1,0,0,1,12.5516,41.9195,-1,2,Autovettura privata,In marcia / fermata / arresto,Conducente,F,Rimandato,0,NON DECEDUTO,Non accertato,,,
3909505,15,07/07/2018 22:20:00,Strada Urbana,VIA PORTUENSE,in corrispondenza,,del civico n.,572,,Scontro frontale/laterale SX fra veicoli in marcia,Rettilineo,Una carreggiata a doppio senso,Asciutto,Asfaltata,Verticale ed orizzontale,Sereno,Scarso,Sufficiente,Ore Diurne,1,0,0,1,12.4462,41.8567,-1,1,Autovettura privata,In marcia / fermata / arresto,Conducente,M,Illeso,0,,Utilizzato,Inesploso,,
3909505,15,07/07/2018 22:20:00,Strada Urbana,VIA PORTUENSE,in corrispondenza,,del civico n.,572,,Scontro frontale/laterale SX fra veicoli in marcia,Rettilineo,Una carreggiata a doppio senso,Asciutto,Asfaltata,Verticale ed orizzontale,Sereno,Scarso,Sufficiente,Ore Diurne,1,0,0,1,12.4462,41.8567,-1,2,Motociclo con passeggero,In marcia / fermata / arresto,Conducente,M,Rimandato,0,NON DECEDUTO,Utilizzato,,,
3909510,5,06/07/2018 20:30:00,Strada Urbana,VIA DI PIETRALATA,all'intersezione con,VIA DELLE MESSI D'ORO,VIA DELLE MESSI D'ORO,,,Tamponamento,Incrocio,Una carreggiata a doppio senso,Asciutto,Asfaltata,Verticale,Sereno,Normale,Buona,Ore Diurne,1,0,0,1,12.5527,41.9192,0,1,Autovettura privata,In marcia / fermata / arresto,Conducente,M,Illeso,0,,Non accertato,,,
3909510,5,06/07/2018 20:30:00,Strada Urbana,VIA DI PIETRALATA,all'intersezione con,VIA DELLE MESSI D'ORO,VIA DELLE MESSI D'ORO,,,Tamponamento,Incrocio,Una carreggiata a doppio senso,Asciutto,Asfaltata,Verticale,Sereno,Normale,Buona,Ore Diurne,1,0,0,1,12.5527,41.9192,0,2,Motociclo con passeggero,Allontanatosi,Passeggero,M,Rimandato,0,NON DECEDUTO,Non accertato,,,
3909511,9,08/07/2018 01:20:00,Strada Urbana,VIA PRENESTINA,da specificare,,,,alt. palo acea 873,Scontro frontale/laterale SX fra veicoli in marcia,Rettilineo,Due carreggiate,Asciutto,Asfaltata,Verticale ed orizzontale,Sereno,Scarso,Sufficiente,Sufficiente,3,0,0,0,12.6104,41.8935,-1,1,Motociclo a solo,In marcia / fermata / arresto,Conducente,M,Rimandato,0,NON DECEDUTO,Non accertato,,,
3909511,9,08/07/2018 01:20:00,Strada Urbana,VIA PRENESTINA,da specificare,,,,alt. palo acea 873,Scontro frontale/laterale SX fra veicoli in marcia,Rettilineo,Due carreggiate,Asciutto,Asfaltata,Verticale ed orizzontale,Sereno,Scarso,Sufficiente,Sufficiente,3,0,0,0,12.6104,41.8935,-1,2,Ciclomotore con passeggero,In marcia / fermata / arresto,Conducente,M,Rimandato,0,NON DECEDUTO,Non accertato,,,
3909511,9,08/07/2018 01:20:00,Strada Urbana,VIA PRENESTINA,da specificare,,,,alt. palo acea 873,Scontro frontale/laterale SX fra veicoli in marcia,Rettilineo,Due carreggiate,Asciutto,Asfaltata,Verticale ed orizzontale,Sereno,Scarso,Sufficiente,Sufficiente,3,0,0,0,12.6104,41.8935,-1,2,Ciclomotore con passeggero,In marcia / fermata / arresto,Passeggero,F,Rimandato,0,NON DECEDUTO,Non accertato,,,
3909512,15,07/07/2018 04:00:00,Strada Urbana,VIA ANTONIO SOGLIANO,in corrispondenza,,del civico n.,104,,Veicolo in marcia contro veicolo in sosta,Rettilineo,Una carreggiata a doppio senso,Asciutto,Asfaltata,Assente,Sereno,Scarso,Buona,Sufficiente,0,0,0,1,12.4284,41.8799,-1,1,Autovettura privata,In marcia / fermata / arresto,Conducente,M,Illeso,0,,Non accertato,,,
3909520,5,06/07/2018 22:00:00,Strada Urbana,VIA FILIPPO MEDA,da specificare,,,,in prossimit� dell'intersezione con Via Monti Tibu,Tamponamento Multiplo,Rettilineo,Una carreggiata a doppio senso,Asciutto,Asfaltata,Verticale ed orizzontale,Sereno,Normale,Buona,Ore Diurne,0,0,0,8,12.5475,41.9153,-1,1,Autovettura privata,In marcia / fermata / arresto,Conducente,M,Illeso,0,,Non accertato,,,
3909520,5,06/07/2018 22:00:00,Strada Urbana,VIA FILIPPO MEDA,da specificare,,,,in prossimit� dell'intersezione con Via Monti Tibu,Tamponamento Multiplo,Rettilineo,Una carreggiata a doppio senso,Asciutto,Asfaltata,Verticale ed orizzontale,Sereno,Normale,Buona,Ore Diurne,0,0,0,8,12.5475,41.9153,-1,1,Autovettura privata,In marcia / fermata / arresto,Passeggero,M,Illeso,0,,Non accertato,,,
3909520,5,06/07/2018 22:00:00,Strada Urbana,VIA FILIPPO MEDA,da specificare,,,,in prossimit� dell'intersezione con Via Monti Tibu,Tamponamento Multiplo,Rettilineo,Una carreggiata a doppio senso,Asciutto,Asfaltata,Verticale ed orizzontale,Sereno,Normale,Buona,Ore Diurne,0,0,0,8,12.5475,41.9153,-1,2,Autovettura privata,In marcia / fermata / arresto,Conducente,M,Illeso,0,,Non accertato,,,
3909520,5,06/07/2018 22:00:00,Strada Urbana,VIA FILIPPO MEDA,da specificare,,,,in prossimit� dell'intersezione con Via Monti Tibu,Tamponamento Multiplo,Rettilineo,Una carreggiata a doppio senso,Asciutto,Asfaltata,Verticale ed orizzontale,Sereno,Normale,Buona,Ore Diurne,0,0,0,8,12.5475,41.9153,-1,3,Autovettura privata,In marcia / fermata / arresto,Conducente,M,Illeso,0,,Non accertato,,,
3909520,5,06/07/2018 22:00:00,Strada Urbana,VIA FILIPPO MEDA,da specificare,,,,in prossimit� dell'intersezione con Via Monti Tibu,Tamponamento Multiplo,Rettilineo,Una carreggiata a doppio senso,Asciutto,Asfaltata,Verticale ed orizzontale,Sereno,Normale,Buona,Ore Diurne,0,0,0,8,12.5475,41.9153,-1,3,Autovettura privata,In marcia / fermata / arresto,Passeggero,F,Illeso,0,,Non accertato,,,
3909520,5,06/07/2018 22:00:00,Strada Urbana,VIA FILIPPO MEDA,da specificare,,,,in prossimit� dell'intersezione con Via Monti Tibu,Tamponamento Multiplo,Rettilineo,Una carreggiata a doppio senso,Asciutto,Asfaltata,Verticale ed orizzontale,Sereno,Normale,Buona,Ore Diurne,0,0,0,8,12.5475,41.9153,-1,3,Autovettura privata,In marcia / fermata / arresto,Passeggero,M,Illeso,0,,Non accertato,,,
3909523,18,07/07/2018 00:15:00,Strada Urbana,VIA ANASTASIO II,in prossimit�,,del civico n.,319,,Ribaltamento senza urto contro ostacolo fisso,Rettilineo,Una carreggiata a senso unico di marcia,Sdrucciolevole (pietrisco),Asfaltata,Temporanea di cantiere,Sereno,Scarso,Buona,Sufficiente,0,0,0,1,12.4435,41.9044,-1,1,Motociclo a solo,In marcia / fermata / arresto,Conducente,M,Illeso,0,,Non accertato,,,
3909527,1,06/07/2018 23:40:00,Strada Urbana,VIA TOMACELLI,da specificare,,,,alt. psolo telecamera ztl,Scontro laterale fra veicoli in marcia,Rettilineo,Una carreggiata a doppio senso,Asciutto,Asfaltata,Verticale ed orizzontale,Sereno,Scarso,Buona,Sufficiente,0,0,0,2,12.4772,41.9048,-1,1,Autocarro inferiore 35 q.,In marcia / fermata / arresto,Conducente,M,Illeso,0,,,,,
3909527,1,06/07/2018 23:40:00,Strada Urbana,VIA TOMACELLI,da specificare,,,,alt. psolo telecamera ztl,Scontro laterale fra veicoli in marcia,Rettilineo,Una carreggiata a doppio senso,Asciutto,Asfaltata,Verticale ed orizzontale,Sereno,Scarso,Buona,Sufficiente,0,0,0,2,12.4772,41.9048,-1,2,Autovettura privata,In marcia / fermata / arresto,Conducente,M,Illeso,0,,,,,
3909528,19,06/07/2018 11:40:00,Strada Urbana,VIA DEL CASALE PIOMBINO,in corrispondenza,,del civico n.,2,,Tamponamento,Rettilineo,Una carreggiata a doppio senso,Asciutto,Asfaltata,Assente,Sereno,Scarso,Buona,Ore Diurne,0,0,0,2,12.4345,41.9419,-1,1,Autovettura privata,In marcia / fermata / arresto,Conducente,F,Illeso,0,,Non accertato,Inesploso,,
3909528,19,06/07/2018 11:40:00,Strada Urbana,VIA DEL CASALE PIOMBINO,in corrispondenza,,del civico n.,2,,Tamponamento,Rettilineo,Una carreggiata a doppio senso,Asciutto,Asfaltata,Assente,Sereno,Scarso,Buona,Ore Diurne,0,0,0,2,12.4345,41.9419,-1,2,Autovettura privata,In marcia / fermata / arresto,Conducente,M,Illeso,0,,Non accertato,Inesploso,,
3909530,15,07/07/2018 02:00:00,Strada Urbana,VIA PORTUENSE,in corrispondenza,,del civico n.,514,,Veicolo in marcia contro veicoli in sosta,Rettilineo,Due carreggiate,Asciutto,Asfaltata,Verticale ed orizzontale,Sereno,Normale,Buona,Sufficiente,0,0,0,1,12.4483,41.8584,-1,1,Autovettura privata,In marcia / fermata / arresto,Conducente,M,Illeso,0,,,,,
3909537,5,07/07/2018 08:30:00,Strada Urbana,LARGO NINO FRANCHELLUCCI,in prossimit�,,del civico n.,7,,Veicolo in marcia contro veicolo fermo,Rettilineo,Due carreggiate,Asciutto,Asfaltata,Verticale,Sereno,Normale,Buona,Ore Diurne,0,0,0,2,12.5727,41.9119,-1,1,Autovettura privata,In marcia / fermata / arresto,Conducente,F,Illeso,0,,Non accertato,Inesploso,,
3909537,5,07/07/2018 08:30:00,Strada Urbana,LARGO NINO FRANCHELLUCCI,in prossimit�,,del civico n.,7,,Veicolo in marcia contro veicolo fermo,Rettilineo,Due carreggiate,Asciutto,Asfaltata,Verticale,Sereno,Normale,Buona,Ore Diurne,0,0,0,2,12.5727,41.9119,-1,2,Trattore stradale,In marcia / fermata / arresto,Conducente,M,Illeso,0,,Non accertato,Inesploso,,
3909544,9,08/07/2018 20:45:00,Strada Urbana,VIA MUZIO SCEVOLA,all'intersezione con,VIA CAMILLA,VIA CAMILLA,,,Scontro laterale fra veicoli in marcia,Incrocio,Una carreggiata a senso unico di marcia,Asciutto,Asfaltata,Verticale ed orizzontale,Sereno,Scarso,Buona,Ore Diurne,0,0,0,2,12.5272,41.8745,-1,1,Autovettura privata,In marcia / fermata / arresto,Conducente,F,Illeso,0,,Non accertato,Esploso,,
3909544,9,08/07/2018 20:45:00,Strada Urbana,VIA MUZIO SCEVOLA,all'intersezione con,VIA CAMILLA,VIA CAMILLA,,,Scontro laterale fra veicoli in marcia,Incrocio,Una carreggiata a senso unico di marcia,Asciutto,Asfaltata,Verticale ed orizzontale,Sereno,Scarso,Buona,Ore Diurne,0,0,0,2,12.5272,41.8745,-1,2,Autovettura privata,In marcia / fermata / arresto,Conducente,M,Illeso,0,,Non accertato,Inesploso,,
3909545,15,06/07/2018 18:40:00,Strada Urbana,VIA PORTUENSE,all'intersezione con,VIA DEL FOSSO DELLA MAGLIANA,VIA DEL FOSSO DELLA MAGLIANA,,,Scontro laterale fra veicoli in marcia,Incrocio,Una carreggiata a doppio senso,Asciutto,Asfaltata,Verticale ed orizzontale,Sereno,Normale,Buona,Ore Diurne,0,0,0,2,12.414,41.847,-1,1,Autovettura privata,In marcia / fermata / arresto,Conducente,M,Illeso,0,,,,,
3909545,15,06/07/2018 18:40:00,Strada Urbana,VIA PORTUENSE,all'intersezione con,VIA DEL FOSSO DELLA MAGLIANA,VIA DEL FOSSO DELLA MAGLIANA,,,Scontro laterale fra veicoli in marcia,Incrocio,Una carreggiata a doppio senso,Asciutto,Asfaltata,Verticale ed orizzontale,Sereno,Normale,Buona,Ore Diurne,0,0,0,2,12.414,41.847,-1,2,Autovettura privata,In marcia / fermata / arresto,Conducente,M,Illeso,0,,Non accertato,Inesploso,,
3909547,5,07/07/2018 12:40:00,Strada Urbana,VIA DEL CASALE DI S. BASILIO,all'intersezione con,VIA TINO BUAZZELLI,VIA TINO BUAZZELLI,,,Scontro frontale/laterale DX fra veicoli in marcia,Incrocio,Una carreggiata a doppio senso,Asciutto,Asfaltata,Verticale ed orizzontale,Sereno,Normale,Buona,Ore Diurne,0,0,0,4,12.5689,41.9445,-1,1,Autovettura privata,In marcia / fermata / arresto,Conducente,F,Illeso,0,,Non accertato,Inesploso,,
3909547,5,07/07/2018 12:40:00,Strada Urbana,VIA DEL CASALE DI S. BASILIO,all'intersezione con,VIA TINO BUAZZELLI,VIA TINO BUAZZELLI,,,Scontro frontale/laterale DX fra veicoli in marcia,Incrocio,Una carreggiata a doppio senso,Asciutto,Asfaltata,Verticale ed orizzontale,Sereno,Normale,Buona,Ore Diurne,0,0,0,4,12.5689,41.9445,-1,2,Autovettura privata,In marcia / fermata / arresto,Conducente,M,Illeso,0,,Non accertato,Inesploso,,
3909547,5,07/07/2018 12:40:00,Strada Urbana,VIA DEL CASALE DI S. BASILIO,all'intersezione con,VIA TINO BUAZZELLI,VIA TINO BUAZZELLI,,,Scontro frontale/laterale DX fra veicoli in marcia,Incrocio,Una carreggiata a doppio senso,Asciutto,Asfaltata,Verticale ed orizzontale,Sereno,Normale,Buona,Ore Diurne,0,0,0,4,12.5689,41.9445,-1,2,Autovettura privata,In marcia / fermata / arresto,Passeggero,F,Illeso,0,,Non accertato,Inesploso,,
3909547,5,07/07/2018 12:40:00,Strada Urbana,VIA DEL CASALE DI S. BASILIO,all'intersezione con,VIA TINO BUAZZELLI,VIA TINO BUAZZELLI,,,Scontro frontale/laterale DX fra veicoli in marcia,Incrocio,Una carreggiata a doppio senso,Asciutto,Asfaltata,Verticale ed orizzontale,Sereno,Normale,Buona,Ore Diurne,0,0,0,4,12.5689,41.9445,-1,2,Autovettura privata,In marcia / fermata / arresto,Passeggero,M,Illeso,0,,Non accertato,Inesploso,,
3909548,19,06/07/2018 14:45:00,Strada Urbana,VIA DELLA PINETA SACCHETTI,da specificare,,,,altezza v. di Villa Maggiorani direz. via Boccea,Scontro frontale/laterale DX fra veicoli in marcia,Rettilineo,Una carreggiata a senso unico di marcia,Asciutto,Asfaltata,Verticale ed orizzontale,Sereno,Intenso,Buona,Ore Diurne,2,0,0,0,12.4244,41.9231,-1,1,Motociclo a solo,In marcia / fermata / arresto,Conducente,M,Rifiuta cure immediate,0,NON DECEDUTO,Non accertato,,,
3909548,19,06/07/2018 14:45:00,Strada Urbana,VIA DELLA PINETA SACCHETTI,da specificare,,,,altezza v. di Villa Maggiorani direz. via Boccea,Scontro frontale/laterale DX fra veicoli in marcia,Rettilineo,Una carreggiata a senso unico di marcia,Asciutto,Asfaltata,Verticale ed orizzontale,Sereno,Intenso,Buona,Ore Diurne,2,0,0,0,12.4244,41.9231,-1,2,Motociclo a solo,In marcia / fermata / arresto,Conducente,M,Rimandato,0,NON DECEDUTO,,,,
3909555,5,07/07/2018 14:00:00,Strada Urbana,VIA EDOARDO D'ONOFRIO,in corrispondenza,,del civico n.,51,,Scontro laterale fra veicoli in marcia,Rettilineo,Una carreggiata a senso unico di marcia,Asciutto,Asfaltata,Verticale,Sereno,Normale,Buona,Ore Diurne,0,0,0,2,12.5725,41.9125,-1,1,Autovettura privata,In marcia / fermata / arresto,Conducente,F,Illeso,0,,Non accertato,Inesploso,,
3909555,5,07/07/2018 14:00:00,Strada Urbana,VIA EDOARDO D'ONOFRIO,in corrispondenza,,del civico n.,51,,Scontro laterale fra veicoli in marcia,Rettilineo,Una carreggiata a senso unico di marcia,Asciutto,Asfaltata,Verticale,Sereno,Normale,Buona,Ore Diurne,0,0,0,2,12.5725,41.9125,-1,2,Autovettura privata,In marcia / fermata / arresto,Conducente,F,Illeso,0,,Non accertato,Inesploso,,
3909556,13,08/07/2018 15:35:00,Strada Urbana,VIALE DEI ROMAGNOLI,in corrispondenza,,del civico n.,865,,Veicolo in marcia contro ostacolo fisso,Rettilineo,Una carreggiata a doppio senso,Asciutto,Asfaltata,Orizzontale,Sereno,Normale,Buona,Ore Diurne,1,0,0,0,12.3074,41.7628,-1,1,Ciclomotore,In marcia / fermata / arresto,Conducente,M,Rimandato,0,NON DECEDUTO,,,,
3909560,15,06/07/2018 13:45:00,Strada Urbana,VICOLO DEL MONTE DELLE CAPRE,in corrispondenza,,del civico n.,68,,Scontro frontale/laterale DX fra veicoli in marcia,Rettilineo,Una carreggiata a senso unico di marcia,Asciutto,Asfaltata,Orizzontale,Sereno,Scarso,Buona,Ore Diurne,1,0,0,1,12.4295,41.8472,-1,1,Motociclo con passeggero,In marcia / fermata / arresto,Conducente,M,Rimandato,0,NON DECEDUTO,Utilizzato,,,
3909560,15,06/07/2018 13:45:00,Strada Urbana,VICOLO DEL MONTE DELLE CAPRE,in corrispondenza,,del civico n.,68,,Scontro frontale/laterale DX fra veicoli in marcia,Rettilineo,Una carreggiata a senso unico di marcia,Asciutto,Asfaltata,Orizzontale,Sereno,Scarso,Buona,Ore Diurne,1,0,0,1,12.4295,41.8472,-1,2,Autocarro inferiore 35 q.,In marcia / fermata / arresto,Conducente,M,Illeso,0,,Utilizzato,Inesploso,,
3909569,2,06/07/2018 09:30:00,Strada Urbana,PIAZZALE BRASILE,in prossimit�,,del civico n.,1,,Scontro laterale fra veicoli in marcia,Rettilineo,Una carreggiata a senso unico di marcia,Asciutto,Asfaltata,Verticale,Nuvoloso,Normale,Buona,Ore Diurne,0,0,0,2,12.4888,41.9096,-1,1,Autovettura privata,In marcia / fermata / arresto,Conducente,M,Illeso,0,,,,,
3909569,2,06/07/2018 09:30:00,Strada Urbana,PIAZZALE BRASILE,in prossimit�,,del civico n.,1,,Scontro laterale fra veicoli in marcia,Rettilineo,Una carreggiata a senso unico di marcia,Asciutto,Asfaltata,Verticale,Nuvoloso,Normale,Buona,Ore Diurne,0,0,0,2,12.4888,41.9096,-1,2,Autovettura privata,In marcia / fermata / arresto,Conducente,M,Illeso,0,,Non accertato,Inesploso,,
3909574,20,09/07/2018 01:00:00,Strada Urbana,VIA DI S. CORNELIA,da specificare,,,,palo ACEA 112,Veicolo in marcia contro ostacolo fisso,Rettilineo,Una carreggiata a doppio senso,Asciutto,Asfaltata,Orizzontale,Sereno,Scarso,Buona,Sufficiente,2,1,0,1,12.4351,42.029,-1,1,Autovettura privata,In marcia / fermata / arresto,Conducente,M,Illeso,0,,Non accertato,Esploso,,
3909574,20,09/07/2018 01:00:00,Strada Urbana,VIA DI S. CORNELIA,da specificare,,,,palo ACEA 112,Veicolo in marcia contro ostacolo fisso,Rettilineo,Una carreggiata a doppio senso,Asciutto,Asfaltata,Orizzontale,Sereno,Scarso,Buona,Sufficiente,2,1,0,1,12.4351,42.029,-1,1,Autovettura privata,In marcia / fermata / arresto,Passeggero,M,Rimandato,0,NON DECEDUTO,Non accertato,Esploso,,
3909574,20,09/07/2018 01:00:00,Strada Urbana,VIA DI S. CORNELIA,da specificare,,,,palo ACEA 112,Veicolo in marcia contro ostacolo fisso,Rettilineo,Una carreggiata a doppio senso,Asciutto,Asfaltata,Orizzontale,Sereno,Scarso,Buona,Sufficiente,2,1,0,1,12.4351,42.029,-1,1,Autovettura privata,In marcia / fermata / arresto,Passeggero,F,Prognosi riservata,0,NON DECEDUTO,Non accertato,Inesistente,,
3909574,20,09/07/2018 01:00:00,Strada Urbana,VIA DI S. CORNELIA,da specificare,,,,palo ACEA 112,Veicolo in marcia contro ostacolo fisso,Rettilineo,Una carreggiata a doppio senso,Asciutto,Asfaltata,Orizzontale,Sereno,Scarso,Buona,Sufficiente,2,1,0,1,12.4351,42.029,-1,1,Autovettura privata,In marcia / fermata / arresto,Passeggero,F,Rimandato,0,NON DECEDUTO,Non accertato,Inesistente,,
3909575,2,06/07/2018 12:05:00,Strada Urbana,VIA OLANDA,in prossimit�,,del civico n.,11 H,,Investimento di pedone,Rettilineo,Una carreggiata a doppio senso,Asciutto,Asfaltata,Verticale ed orizzontale,Sereno,Scarso,Buona,Ore Diurne,1,0,0,2,12.4703,41.933,-1,,,,Pedone,F,Rimandato,0,NON DECEDUTO,,,,
3909575,2,06/07/2018 12:05:00,Strada Urbana,VIA OLANDA,in prossimit�,,del civico n.,11 H,,Investimento di pedone,Rettilineo,Una carreggiata a doppio senso,Asciutto,Asfaltata,Verticale ed orizzontale,Sereno,Scarso,Buona,Ore Diurne,1,0,0,2,12.4703,41.933,-1,1,Autovettura privata,In marcia / fermata / arresto,Conducente,M,Illeso,0,,Non accertato,Inesploso,,
3909575,2,06/07/2018 12:05:00,Strada Urbana,VIA OLANDA,in prossimit�,,del civico n.,11 H,,Investimento di pedone,Rettilineo,Una carreggiata a doppio senso,Asciutto,Asfaltata,Verticale ed orizzontale,Sereno,Scarso,Buona,Ore Diurne,1,0,0,2,12.4703,41.933,-1,1,Autovettura privata,In marcia / fermata / arresto,Passeggero,F,Illeso,0,,,,,
3909576,7,07/07/2018 02:30:00,Strada Urbana,VIA GIACOMO BRESADOLA,all'intersezione con,VIA VINCENZO CESATI,VIA VINCENZO CESATI,,,Scontro frontale/laterale DX fra veicoli in marcia,Intersezione stradale segnalata,Una carreggiata a doppio senso,Asciutto,Asfaltata,Verticale ed orizzontale,Sereno,Normale,Buona,Sufficiente,0,0,0,3,12.5613,41.8931,-1,1,Autovettura privata,In marcia / fermata / arresto,Conducente,M,Illeso,0,,Non accertato,Inesploso,,
3909576,7,07/07/2018 02:30:00,Strada Urbana,VIA GIACOMO BRESADOLA,all'intersezione con,VIA VINCENZO CESATI,VIA VINCENZO CESATI,,,Scontro frontale/laterale DX fra veicoli in marcia,Intersezione stradale segnalata,Una carreggiata a doppio senso,Asciutto,Asfaltata,Verticale ed orizzontale,Sereno,Normale,Buona,Sufficiente,0,0,0,3,12.5613,41.8931,-1,1,Autovettura privata,In marcia / fermata / arresto,Passeggero,M,Illeso,0,,Non accertato,Esploso,,
3909576,7,07/07/2018 02:30:00,Strada Urbana,VIA GIACOMO BRESADOLA,all'intersezione con,VIA VINCENZO CESATI,VIA VINCENZO CESATI,,,Scontro frontale/laterale DX fra veicoli in marcia,Intersezione stradale segnalata,Una carreggiata a doppio senso,Asciutto,Asfaltata,Verticale ed orizzontale,Sereno,Normale,Buona,Sufficiente,0,0,0,3,12.5613,41.8931,-1,2,Autovettura privata,In marcia / fermata / arresto,Conducente,M,Illeso,0,,Non accertato,Inesploso,,
3909580,2,06/07/2018 13:35:00,Strada Urbana,VIA VINCENZO BELLINI,in prossimit�,,del civico n.,20 / A,,Scontro frontale/laterale SX fra veicoli in marcia,Rettilineo,Una carreggiata a senso unico di marcia,Asciutto,Asfaltata,Verticale ed orizzontale,Sereno,Scarso,Buona,Ore Diurne,1,0,0,1,12.4934,41.9198,-1,1,Motociclo a solo,In marcia / fermata / arresto,Conducente,M,Rimandato,0,NON DECEDUTO,,,,
3909580,2,06/07/2018 13:35:00,Strada Urbana,VIA VINCENZO BELLINI,in prossimit�,,del civico n.,20 / A,,Scontro frontale/laterale SX fra veicoli in marcia,Rettilineo,Una carreggiata a senso unico di marcia,Asciutto,Asfaltata,Verticale ed orizzontale,Sereno,Scarso,Buona,Ore Diurne,1,0,0,1,12.4934,41.9198,-1,2,Motociclo a solo,In marcia / fermata / arresto,Conducente,M,Illeso,0,,Non accertato,,,
3909582,7,06/07/2018 20:05:00,Strada Urbana,VIA PRENESTINA,all'intersezione con,VIA MANFREDONIA,VIA MANFREDONIA,,,Tamponamento,Incrocio,Una carreggiata a doppio senso,Asciutto,Asfaltata,Verticale ed orizzontale,Sereno,Normale,Buona,Ore Diurne,0,0,0,6,12.6152,41.8933,-1,1,Autovettura privata,In marcia / fermata / arresto,Conducente,F,Illeso,0,,,,,
3909582,7,06/07/2018 20:05:00,Strada Urbana,VIA PRENESTINA,all'intersezione con,VIA MANFREDONIA,VIA MANFREDONIA,,,Tamponamento,Incrocio,Una carreggiata a doppio senso,Asciutto,Asfaltata,Verticale ed orizzontale,Sereno,Normale,Buona,Ore Diurne,0,0,0,6,12.6152,41.8933,-1,1,Autovettura privata,In marcia / fermata / arresto,Passeggero,F,Illeso,0,,,,,
3909582,7,06/07/2018 20:05:00,Strada Urbana,VIA PRENESTINA,all'intersezione con,VIA MANFREDONIA,VIA MANFREDONIA,,,Tamponamento,Incrocio,Una carreggiata a doppio senso,Asciutto,Asfaltata,Verticale ed orizzontale,Sereno,Normale,Buona,Ore Diurne,0,0,0,6,12.6152,41.8933,-1,1,Autovettura privata,In marcia / fermata / arresto,Passeggero,F,Illeso,0,,,,,
3909582,7,06/07/2018 20:05:00,Strada Urbana,VIA PRENESTINA,all'intersezione con,VIA MANFREDONIA,VIA MANFREDONIA,,,Tamponamento,Incrocio,Una carreggiata a doppio senso,Asciutto,Asfaltata,Verticale ed orizzontale,Sereno,Normale,Buona,Ore Diurne,0,0,0,6,12.6152,41.8933,-1,2,Autovettura privata,In marcia / fermata / arresto,Conducente,F,Illeso,0,,,,,
3909582,7,06/07/2018 20:05:00,Strada Urbana,VIA PRENESTINA,all'intersezione con,VIA MANFREDONIA,VIA MANFREDONIA,,,Tamponamento,Incrocio,Una carreggiata a doppio senso,Asciutto,Asfaltata,Verticale ed orizzontale,Sereno,Normale,Buona,Ore Diurne,0,0,0,6,12.6152,41.8933,-1,2,Autovettura privata,In marcia / fermata / arresto,Passeggero,F,Illeso,0,,,,,
3909582,7,06/07/2018 20:05:00,Strada Urbana,VIA PRENESTINA,all'intersezione con,VIA MANFREDONIA,VIA MANFREDONIA,,,Tamponamento,Incrocio,Una carreggiata a doppio senso,Asciutto,Asfaltata,Verticale ed orizzontale,Sereno,Normale,Buona,Ore Diurne,0,0,0,6,12.6152,41.8933,-1,2,Autovettura privata,In marcia / fermata / arresto,Passeggero,M,Illeso,0,,,,,
3909583,2,06/07/2018 14:49:00,Strada Urbana,PIAZZA DI PRISCILLA,da specificare,,,,fronte civico 4,Tamponamento,Rettilineo,Una carreggiata a doppio senso,Asciutto,Asfaltata,Verticale ed orizzontale,Sereno,Intenso,Buona,Ore Diurne,0,0,0,4,12.509,41.9303,-1,1,Motociclo con passeggero,In marcia / fermata / arresto,Conducente,M,Illeso,0,,Non accertato,,,
3909583,2,06/07/2018 14:49:00,Strada Urbana,PIAZZA DI PRISCILLA,da specificare,,,,fronte civico 4,Tamponamento,Rettilineo,Una carreggiata a doppio senso,Asciutto,Asfaltata,Verticale ed orizzontale,Sereno,Intenso,Buona,Ore Diurne,0,0,0,4,12.509,41.9303,-1,1,Motociclo con passeggero,In marcia / fermata / arresto,Passeggero,M,Illeso,0,,Non accertato,,,