Protocollo,Gruppo,DataOraIncidente,Localizzazione1,STRADA1,Localizzazione2,STRADA2,Strada02,Chilometrica,DaSpecificare,NaturaIncidente,particolaritastrade,TipoStrada,FondoStradale,Pavimentazione,Segnaletica,CondizioneAtmosferica,Traffico,Visibilita,Illuminazione,NUM_FERITI,NUM_RISERVATA,NUM_MORTI,NUM_ILLESI,Longitudine,Latitudine,Confermato,Progressivo,TipoVeicolo,StatoVeicolo,TipoPersona,Sesso,Tipolesione,Deceduto,DecedutoDopo,CinturaCascoUtilizzato,Airbag,,
3909583,2,06/07/2018 14:49:00,Strada Urbana,PIAZZA DI PRISCILLA,da specificare,,,,fronte civico 4,Tamponamento,Rettilineo,Una carreggiata a doppio senso,Asciutto,Asfaltata,Verticale ed orizzontale,Sereno,Intenso,Buona,Ore Diurne,0,0,0,4,12.509,41.9303,-1,2,Autovettura privata,In marcia / fermata / arresto,Conducente,M,Illeso,0,,Non accertato,Inesploso,,
3909583,2,06/07/2018 14:49:00,Strada Urbana,PIAZZA DI PRISCILLA,da specificare,,,,fronte civico 4,Tamponamento,Rettilineo,Una carreggiata a doppio senso,Asciutto,Asfaltata,Verticale ed orizzontale,Sereno,Intenso,Buona,Ore Diurne,0,0,0,4,12.509,41.9303,-1,2,Autovettura privata,In marcia / fermata / arresto,Passeggero,M,Illeso,0,,Non accertato,Inesploso,,
3909584,19,06/07/2018 22:40:00,Strada Urbana,GALLERIA GIOVANNI XXIII,in prossimit�,,della chilometrica,2.4,,Tamponamento,Rettilineo,Una carreggiata a senso unico di marcia,Asciutto,Asfaltata,Orizzontale,Sereno,Normale,Buona,Sufficiente,0,0,0,2,12.4413,41.9405,-1,1,Autovettura privata,In marcia / fermata / arresto,Conducente,F,Illeso,0,,Non accertato,Inesploso,,
3909584,19,06/07/2018 22:40:00,Strada Urbana,GALLERIA GIOVANNI XXIII,in prossimit�,,della chilometrica,2.4,,Tamponamento,Rettilineo,Una carreggiata a senso unico di marcia,Asciutto,Asfaltata,Orizzontale,Sereno,Normale,Buona,Sufficiente,0,0,0,2,12.4413,41.9405,-1,2,Autovettura privata,In marcia / fermata / arresto,Conducente,M,Illeso,0,,Non accertato,Inesploso,,
3909586,5,08/07/2018 00:40:00,Strada Urbana,LARGO DOMENICO DE DOMINICIS,in prossimit�,,del civico n.,5,,Scontro frontale/laterale DX fra veicoli in marcia,Rettilineo,Due carreggiate,Asciutto,Asfaltata,Verticale,Sereno,Scarso,Buona,Sufficiente,1,0,0,3,12.5355,41.9022,-1,1,Autovettura privata,In marcia / fermata / arresto,Conducente,F,Illeso,0,,Non accertato,Esploso,,
3909586,5,08/07/2018 00:40:00,Strada Urbana,LARGO DOMENICO DE DOMINICIS,in prossimit�,,del civico n.,5,,Scontro frontale/laterale DX fra veicoli in marcia,Rettilineo,Due carreggiate,Asciutto,Asfaltata,Verticale,Sereno,Scarso,Buona,Sufficiente,1,0,0,3,12.5355,41.9022,-1,1,Autovettura privata,In marcia / fermata / arresto,Passeggero,F,Illeso,0,,Non accertato,Esploso,,
3909586,5,08/07/2018 00:40:00,Strada Urbana,LARGO DOMENICO DE DOMINICIS,in prossimit�,,del civico n.,5,,Scontro frontale/laterale DX fra veicoli in marcia,Rettilineo,Due carreggiate,Asciutto,Asfaltata,Verticale,Sereno,Scarso,Buona,Sufficiente,1,0,0,3,12.5355,41.9022,-1,2,Autovettura privata,In marcia / fermata / arresto,Conducente,M,Rimandato,0,NON DECEDUTO,Non accertato,Inesploso,,
3909586,5,08/07/2018 00:40:00,Strada Urbana,LARGO DOMENICO DE DOMINICIS,in prossimit�,,del civico n.,5,,Scontro frontale/laterale DX fra veicoli in marcia,Rettilineo,Due carreggiate,Asciutto,Asfaltata,Verticale,Sereno,Scarso,Buona,Sufficiente,1,0,0,3,12.5355,41.9022,-1,2,Autovettura privata,In marcia / fermata / arresto,Passeggero,F,Illeso,0,,Non accertato,Inesploso,,
3909588,13,08/07/2018 11:36:00,Strada Urbana,VIALE DI CASTEL PORZIANO,all'intersezione con,VIA PINZOLO,VIA PINZOLO,,,Scontro laterale fra veicoli in marcia,Intersezione stradale segnalata,Una carreggiata a doppio senso,Asciutto,Asfaltata,Verticale,Sereno,Normale,Buona,Ore Diurne,2,0,0,2,12.3491,41.7308,-1,1,Autovettura privata,In marcia / fermata / arresto,Conducente,F,Rimandato,0,NON DECEDUTO,Non accertato,Esploso,,
3909588,13,08/07/2018 11:36:00,Strada Urbana,VIALE DI CASTEL PORZIANO,all'intersezione con,VIA PINZOLO,VIA PINZOLO,,,Scontro laterale fra veicoli in marcia,Intersezione stradale segnalata,Una carreggiata a doppio senso,Asciutto,Asfaltata,Verticale,Sereno,Normale,Buona,Ore Diurne,2,0,0,2,12.3491,41.7308,-1,1,Autovettura privata,In marcia / fermata / arresto,Passeggero,F,Rimandato,0,NON DECEDUTO,Non accertato,Esploso,,
3909588,13,08/07/2018 11:36:00,Strada Urbana,VIALE DI CASTEL PORZIANO,all'intersezione con,VIA PINZOLO,VIA PINZOLO,,,Scontro laterale fra veicoli in marcia,Intersezione stradale segnalata,Una carreggiata a doppio senso,Asciutto,Asfaltata,Verticale,Sereno,Normale,Buona,Ore Diurne,2,0,0,2,12.3491,41.7308,-1,2,Autovettura privata,In marcia / fermata / arresto,Conducente,M,Illeso,0,,Non accertato,Inesploso,,
3909588,13,08/07/2018 11:36:00,Strada Urbana,VIALE DI CASTEL PORZIANO,all'intersezione con,VIA PINZOLO,VIA PINZOLO,,,Scontro laterale fra veicoli in marcia,Intersezione stradale segnalata,Una carreggiata a doppio senso,Asciutto,Asfaltata,Verticale,Sereno,Normale,Buona,Ore Diurne,2,0,0,2,12.3491,41.7308,-1,3,Autovettura privata,In marcia / fermata / arresto,Conducente,M,Illeso,0,,Non accertato,Inesploso,,
3909592,2,06/07/2018 14:30:00,Strada Urbana,CIRCONVALLAZIONE SALARIA,da specificare,,,,altezza svincolo uscita via salaria dir. San Giov.,Tamponamento Multiplo,Rettilineo,Due carreggiate,Asciutto,Asfaltata,Verticale ed orizzontale,Sereno,Normale,Buona,Ore Diurne,1,0,0,5,12.5207,41.9347,-1,1,Autovettura privata,In marcia / fermata / arresto,Conducente,M,Illeso,0,,Non accertato,Inesploso,,
3909592,2,06/07/2018 14:30:00,Strada Urbana,CIRCONVALLAZIONE SALARIA,da specificare,,,,altezza svincolo uscita via salaria dir. San Giov.,Tamponamento Multiplo,Rettilineo,Due carreggiate,Asciutto,Asfaltata,Verticale ed orizzontale,Sereno,Normale,Buona,Ore Diurne,1,0,0,5,12.5207,41.9347,-1,1,Autovettura privata,In marcia / fermata / arresto,Passeggero,M,Illeso,0,,Non accertato,Inesploso,,
3909592,2,06/07/2018 14:30:00,Strada Urbana,CIRCONVALLAZIONE SALARIA,da specificare,,,,altezza svincolo uscita via salaria dir. San Giov.,Tamponamento Multiplo,Rettilineo,Due carreggiate,Asciutto,Asfaltata,Verticale ed orizzontale,Sereno,Normale,Buona,Ore Diurne,1,0,0,5,12.5207,41.9347,-1,1,Autovettura privata,In marcia / fermata / arresto,Passeggero,M,Illeso,0,,Non accertato,Inesploso,,
3909592,2,06/07/2018 14:30:00,Strada Urbana,CIRCONVALLAZIONE SALARIA,da specificare,,,,altezza svincolo uscita via salaria dir. San Giov.,Tamponamento Multiplo,Rettilineo,Due carreggiate,Asciutto,Asfaltata,Verticale ed orizzontale,Sereno,Normale,Buona,Ore Diurne,1,0,0,5,12.5207,41.9347,-1,2,Autovettura privata,In marcia / fermata / arresto,Conducente,F,Illeso,0,,Non accertato,Inesploso,,
3909592,2,06/07/2018 14:30:00,Strada Urbana,CIRCONVALLAZIONE SALARIA,da specificare,,,,altezza svincolo uscita via salaria dir. San Giov.,Tamponamento Multiplo,Rettilineo,Due carreggiate,Asciutto,Asfaltata,Verticale ed orizzontale,Sereno,Normale,Buona,Ore Diurne,1,0,0,5,12.5207,41.9347,-1,3,Autovettura privata,In marcia / fermata / arresto,Conducente,M,Illeso,0,,Non accertato,Inesploso,,
3909592,2,06/07/2018 14:30:00,Strada Urbana,CIRCONVALLAZIONE SALARIA,da specificare,,,,altezza svincolo uscita via salaria dir. San Giov.,Tamponamento Multiplo,Rettilineo,Due carreggiate,Asciutto,Asfaltata,Verticale ed orizzontale,Sereno,Normale,Buona,Ore Diurne,1,0,0,5,12.5207,41.9347,-1,4,Motociclo a solo,In marcia / fermata / arresto,Conducente,M,Ricoverato,0,NON DECEDUTO,Non accertato,,,
3909596,15,06/07/2018 17:30:00,Strada Urbana,VIA DEL TRULLO,in corrispondenza,,del civico n.,376,,Scontro frontale/laterale SX fra veicoli in marcia,Rettilineo,Due carreggiate,Asciutto,Asfaltata,Orizzontale,Sereno,Normale,Buona,Ore Diurne,0,0,0,3,12.4368,41.8417,-1,1,Autovettura privata,In marcia / fermata / arresto,Conducente,F,Illeso,0,,Utilizzato,Inesploso,,
3909596,15,06/07/2018 17:30:00,Strada Urbana,VIA DEL TRULLO,in corrispondenza,,del civico n.,376,,Scontro frontale/laterale SX fra veicoli in marcia,Rettilineo,Due carreggiate,Asciutto,Asfaltata,Orizzontale,Sereno,Normale,Buona,Ore Diurne,0,0,0,3,12.4368,41.8417,-1,2,Autovettura privata,In marcia / fermata / arresto,Conducente,M,Illeso,0,,Utilizzato,Inesploso,,
3909596,15,06/07/2018 17:30:00,Strada Urbana,VIA DEL TRULLO,in corrispondenza,,del civico n.,376,,Scontro frontale/laterale SX fra veicoli in marcia,Rettilineo,Due carreggiate,Asciutto,Asfaltata,Orizzontale,Sereno,Normale,Buona,Ore Diurne,0,0,0,3,12.4368,41.8417,-1,2,Autovettura privata,In marcia / fermata / arresto,Passeggero,F,Illeso,0,,Utilizzato,Inesploso,,
3909598,19,06/07/2018 16:20:00,Strada Urbana,VIA ANDREA BARBAZZA,all'intersezione con,VIA GABRIELE PALEOTTI,VIA GABRIELE PALEOTTI,,,Scontro frontale/laterale DX fra veicoli in marcia,Incrocio,Una carreggiata a doppio senso,Asciutto,Asfaltata,Verticale ed orizzontale,Sereno,Scarso,Buona,Ore Diurne,0,0,0,2,12.4109,41.9192,-1,1,Motociclo a solo,In marcia / fermata / arresto,Conducente,F,Illeso,0,,,,,
3909598,19,06/07/2018 16:20:00,Strada Urbana,VIA ANDREA BARBAZZA,all'intersezione con,VIA GABRIELE PALEOTTI,VIA GABRIELE PALEOTTI,,,Scontro frontale/laterale DX fra veicoli in marcia,Incrocio,Una carreggiata a doppio senso,Asciutto,Asfaltata,Verticale ed orizzontale,Sereno,Scarso,Buona,Ore Diurne,0,0,0,2,12.4109,41.9192,-1,2,Autovettura privata,In marcia / fermata / arresto,Conducente,M,Illeso,0,,,,,
3909601,5,08/07/2018 05:20:00,Strada Urbana,VIA DI ACQUA BULLICANTE,all'intersezione semaforizzata con,VIA LUCHINO DAL VERME,VIA LUCHINO DAL VERME,,,Scontro frontale/laterale SX fra veicoli in marcia,Incrocio,Una carreggiata a doppio senso,Asciutto,Asfaltata,Verticale ed orizzontale,Sereno,Scarso,Buona,Ore Diurne,1,0,0,1,12.5424,41.8888,-1,1,Motociclo a solo,In marcia / fermata / arresto,Conducente,M,Rimandato,0,NON DECEDUTO,Non accertato,,,
3909601,5,08/07/2018 05:20:00,Strada Urbana,VIA DI ACQUA BULLICANTE,all'intersezione semaforizzata con,VIA LUCHINO DAL VERME,VIA LUCHINO DAL VERME,,,Scontro frontale/laterale SX fra veicoli in marcia,Incrocio,Una carreggiata a doppio senso,Asciutto,Asfaltata,Verticale ed orizzontale,Sereno,Scarso,Buona,Ore Diurne,1,0,0,1,12.5424,41.8888,-1,2,Autocarro inferiore 35 q.,In marcia / fermata / arresto,Conducente,M,Illeso,0,,Non accertato,,,
3909602,8,09/07/2018 05:00:00,,VIA PRENESTINA,all'intersezione con,VIA DELLA RISERVA NUOVA,VIA DELLA RISERVA NUOVA,,,Veicolo in marcia contro ostacolo fisso,,,,,,,,,,0,0,0,1,,,0,1,Autovettura privata,In marcia / fermata / arresto,Conducente,M,Illeso,0,,,,,
3909603,20,08/07/2018 06:00:00,Strada Urbana,VIALE ANTONINO DI SAN GIULIANO,all'intersezione con,VIA DEI ROBILANT,VIA DEI ROBILANT,,,Scontro frontale/laterale DX fra veicoli in marcia,Intersezione stradale segnalata,Due carreggiate,Asciutto,Asfaltata,Verticale ed orizzontale,Sereno,Scarso,Buona,Ore Diurne,0,0,0,4,12.4627,41.9352,-1,1,Autovettura privata,In marcia / fermata / arresto,Conducente,M,Illeso,0,,Non accertato,Inesploso,,
3909603,20,08/07/2018 06:00:00,Strada Urbana,VIALE ANTONINO DI SAN GIULIANO,all'intersezione con,VIA DEI ROBILANT,VIA DEI ROBILANT,,,Scontro frontale/laterale DX fra veicoli in marcia,Intersezione stradale segnalata,Due carreggiate,Asciutto,Asfaltata,Verticale ed orizzontale,Sereno,Scarso,Buona,Ore Diurne,0,0,0,4,12.4627,41.9352,-1,2,Autovettura privata,In marcia / fermata / arresto,Conducente,F,Illeso,0,,Non accertato,Inesploso,,
3909603,20,08/07/2018 06:00:00,Strada Urbana,VIALE ANTONINO DI SAN GIULIANO,all'intersezione con,VIA DEI ROBILANT,VIA DEI ROBILANT,,,Scontro frontale/laterale DX fra veicoli in marcia,Intersezione stradale segnalata,Due carreggiate,Asciutto,Asfaltata,Verticale ed orizzontale,Sereno,Scarso,Buona,Ore Diurne,0,0,0,4,12.4627,41.9352,-1,2,Autovettura privata,In marcia / fermata / arresto,Passeggero,F,Illeso,0,,Non accertato,Inesploso,,
3909603,20,08/07/2018 06:00:00,Strada Urbana,VIALE ANTONINO DI SAN GIULIANO,all'intersezione con,VIA DEI ROBILANT,VIA DEI ROBILANT,,,Scontro frontale/laterale DX fra veicoli in marcia,Intersezione stradale segnalata,Due carreggiate,Asciutto,Asfaltata,Verticale ed orizzontale,Sereno,Scarso,Buona,Ore Diurne,0,0,0,4,12.4627,41.9352,-1,2,Autovettura privata,In marcia / fermata / arresto,Passeggero,F,Illeso,0,,Non accertato,Inesploso,,
3909604,15,08/07/2018 19:20:00,Strada Urbana,PONTE GUGLIELMO MARCONI,all'intersezione con,LUNGOTEVERE DI PIETRA PAPA,LUNGOTEVERE DI PIETRA PAPA,,,Tamponamento,Intersezione semaforizzata,Una carreggiata a doppio senso,Asciutto,Asfaltata,Verticale ed orizzontale,Sereno,Normale,Buona,Ore Diurne,0,0,0,3,12.4701,41.8618,-1,1,Quadriciclo leggero,In marcia / fermata / arresto,Conducente,F,Illeso,0,,Non accertato,Inesploso,,
3909604,15,08/07/2018 19:20:00,Strada Urbana,PONTE GUGLIELMO MARCONI,all'intersezione con,LUNGOTEVERE DI PIETRA PAPA,LUNGOTEVERE DI PIETRA PAPA,,,Tamponamento,Intersezione semaforizzata,Una carreggiata a doppio senso,Asciutto,Asfaltata,Verticale ed orizzontale,Sereno,Normale,Buona,Ore Diurne,0,0,0,3,12.4701,41.8618,-1,1,Quadriciclo leggero,In marcia / fermata / arresto,Passeggero,M,Illeso,0,,Non accertato,Inesploso,,
3909604,15,08/07/2018 19:20:00,Strada Urbana,PONTE GUGLIELMO MARCONI,all'intersezione con,LUNGOTEVERE DI PIETRA PAPA,LUNGOTEVERE DI PIETRA PAPA,,,Tamponamento,Intersezione semaforizzata,Una carreggiata a doppio senso,Asciutto,Asfaltata,Verticale ed orizzontale,Sereno,Normale,Buona,Ore Diurne,0,0,0,3,12.4701,41.8618,-1,2,Autovettura privata,In marcia / fermata / arresto,Conducente,M,Illeso,0,,Non accertato,Inesploso,,
3909613,19,06/07/2018 20:40:00,Strada Urbana,VIA DEL FORTE BRASCHI,da specificare,,,,fronte civico 101,Infortunio per sola frenata improvvisa,Curva a visuale libera,Una carreggiata a doppio senso,Asciutto,Asfaltata,Verticale,Sereno,Scarso,Buona,Ore Diurne,1,0,0,0,12.42,41.9134,-1,1,Motociclo a solo,In marcia / fermata / arresto,Conducente,M,Rifiuta cure immediate,0,NON DECEDUTO,,,,
3909617,2,06/07/2018 18:40:00,Strada Urbana,CORSO D'ITALIA,in prossimit�,,del civico n.,96,,Scontro frontale/laterale DX fra veicoli in marcia,Rettilineo,Una carreggiata a doppio senso,Asciutto,Asfaltata,Verticale ed orizzontale,Sereno,Normale,Buona,Ore Diurne,0,0,0,2,12.4997,41.9104,-1,1,Autobus turistico,In marcia / fermata / arresto,Conducente,M,Illeso,0,,,,,
3909617,2,06/07/2018 18:40:00,Strada Urbana,CORSO D'ITALIA,in prossimit�,,del civico n.,96,,Scontro frontale/laterale DX fra veicoli in marcia,Rettilineo,Una carreggiata a doppio senso,Asciutto,Asfaltata,Verticale ed orizzontale,Sereno,Normale,Buona,Ore Diurne,0,0,0,2,12.4997,41.9104,-1,2,Autovettura privata,In marcia / fermata / arresto,Conducente,F,Illeso,0,,,,,
3909619,2,06/07/2018 17:00:00,Strada Urbana,VIA DEL FORO ITALICO,da specificare,,,,altezza uscita svicolo per corso francia,Tamponamento,Rettilineo,Due carreggiate,Asciutto,Asfaltata,Verticale ed orizzontale,Sereno,Intenso,Buona,Ore Diurne,1,0,0,1,12.4708,41.9409,-1,1,Autovettura privata,In marcia / fermata / arresto,Conducente,M,Illeso,0,,Non accertato,Inesploso,,
3909619,2,06/07/2018 17:00:00,Strada Urbana,VIA DEL FORO ITALICO,da specificare,,,,altezza uscita svicolo per corso francia,Tamponamento,Rettilineo,Due carreggiate,Asciutto,Asfaltata,Verticale ed orizzontale,Sereno,Intenso,Buona,Ore Diurne,1,0,0,1,12.4708,41.9409,-1,2,Motociclo a solo,In marcia / fermata / arresto,Conducente,M,Rifiuta cure immediate,0,NON DECEDUTO,Non accertato,,,
3909622,18,09/07/2018 02:00:00,Strada Urbana,VIA ANASTASIO II,in corrispondenza,,del civico n.,100/102,,Veicolo in marcia contro veicolo in sosta,Curva senza visuale libera,Pi� di due carreggiate,Asciutto,Asfaltata,Verticale,Sereno,Normale,Sufficiente,Sufficiente,0,0,0,1,12.4413,41.8971,-1,1,Autovettura privata,In marcia / fermata / arresto,Conducente,M,Illeso,0,,Non accertato,Esploso,,
3909623,19,06/07/2018 19:40:00,Strada Urbana,VIA DI TORREVECCHIA,da specificare,,,,fronte civico 339,Investimento di pedone,Rettilineo,Una carreggiata a doppio senso,Asciutto,Asfaltata,Orizzontale,Sereno,Normale,Buona,Ore Diurne,1,0,0,1,12.4123,41.9234,-1,,,,Pedone,F,Rimandato,0,NON DECEDUTO,,,,
3909623,19,06/07/2018 19:40:00,Strada Urbana,VIA DI TORREVECCHIA,da specificare,,,,fronte civico 339,Investimento di pedone,Rettilineo,Una carreggiata a doppio senso,Asciutto,Asfaltata,Orizzontale,Sereno,Normale,Buona,Ore Diurne,1,0,0,1,12.4123,41.9234,-1,1,Autovettura privata,In marcia / fermata / arresto,Conducente,F,Illeso,0,,,,,
3909625,20,09/07/2018 07:30:00,Regionale,VIA FLAMINIA,in corrispondenza,,della chilometrica,21.9,,Tamponamento,Rettilineo,Una carreggiata a doppio senso,Asciutto,Asfaltata,Verticale ed orizzontale,Sereno,Normale,Buona,Ore Diurne,1,0,0,1,12.4863,42.0246,-1,1,Autovettura privata,In marcia / fermata / arresto,Conducente,M,Rimandato,0,NON DECEDUTO,Non accertato,Inesploso,,
3909625,20,09/07/2018 07:30:00,Regionale,VIA FLAMINIA,in corrispondenza,,della chilometrica,21.9,,Tamponamento,Rettilineo,Una carreggiata a doppio senso,Asciutto,Asfaltata,Verticale ed orizzontale,Sereno,Normale,Buona,Ore Diurne,1,0,0,1,12.4863,42.0246,-1,2,Autovettura privata,In marcia / fermata / arresto,Conducente,M,Illeso,0,,Non utilizzato,Inesploso,,
3909627,4,07/07/2018 13:50:00,Strada Urbana,VIA DELLA BUFALOTTA,all'intersezione con,VIA VILLA DI FAONTE,VIA VILLA DI FAONTE,,,Scontro frontale/laterale DX fra veicoli in marcia,Intersezione stradale segnalata,Una carreggiata a doppio senso,Asciutto,Asfaltata,Verticale ed orizzontale,Sereno,Scarso,Buona,Ore Diurne,0,0,0,4,12.5498,41.9674,-1,1,Autovettura privata,In marcia / fermata / arresto,Conducente,F,Illeso,0,,,,,
3909627,4,07/07/2018 13:50:00,Strada Urbana,VIA DELLA BUFALOTTA,all'intersezione con,VIA VILLA DI FAONTE,VIA VILLA DI FAONTE,,,Scontro frontale/laterale DX fra veicoli in marcia,Intersezione stradale segnalata,Una carreggiata a doppio senso,Asciutto,Asfaltata,Verticale ed orizzontale,Sereno,Scarso,Buona,Ore Diurne,0,0,0,4,12.5498,41.9674,-1,1,Autovettura privata,In marcia / fermata / arresto,Passeggero,M,Illeso,0,,,,,
3909627,4,07/07/2018 13:50:00,Strada Urbana,VIA DELLA BUFALOTTA,all'intersezione con,VIA VILLA DI FAONTE,VIA VILLA DI FAONTE,,,Scontro frontale/laterale DX fra veicoli in marcia,Intersezione stradale segnalata,Una carreggiata a doppio senso,Asciutto,Asfaltata,Verticale ed orizzontale,Sereno,Scarso,Buona,Ore Diurne,0,0,0,4,12.5498,41.9674,-1,1,Autovettura privata,In marcia / fermata / arresto,Passeggero,F,Illeso,0,,,,,
3909627,4,07/07/2018 13:50:00,Strada Urbana,VIA DELLA BUFALOTTA,all'intersezione con,VIA VILLA DI FAONTE,VIA VILLA DI FAONTE,,,Scontro frontale/laterale DX fra veicoli in marcia,Intersezione stradale segnalata,Una carreggiata a doppio senso,Asciutto,Asfaltata,Verticale ed orizzontale,Sereno,Scarso,Buona,Ore Diurne,0,0,0,4,12.5498,41.9674,-1,2,Autovettura privata,In marcia / fermata / arresto,Conducente,M,Illeso,0,,,,,
3909646,19,06/07/2018 16:00:00,Strada Urbana,VIA DI TORREVECCHIA,in prossimit�,,del civico n.,250,,Scontro laterale fra veicoli in marcia,Rettilineo,Una carreggiata a doppio senso,Asciutto,Asfaltata,Orizzontale,Sereno,Normale,Buona,Ore Diurne,0,0,0,2,12.4166,41.9285,-1,1,Autovettura privata,In marcia / fermata / arresto,Conducente,F,Illeso,0,,,,,
3909646,19,06/07/2018 16:00:00,Strada Urbana,VIA DI TORREVECCHIA,in prossimit�,,del civico n.,250,,Scontro laterale fra veicoli in marcia,Rettilineo,Una carreggiata a doppio senso,Asciutto,Asfaltata,Orizzontale,Sereno,Normale,Buona,Ore Diurne,0,0,0,2,12.4166,41.9285,-1,2,Autovettura privata,In marcia / fermata / arresto,Conducente,M,Illeso,0,,,,,
3909648,2,06/07/2018 17:15:00,Strada Urbana,VIA DEL FORO ITALICO,da specificare,,,,altezza uscita corso Francia,Veicolo in marcia contro veicolo fermo,Rettilineo,Due carreggiate,Asciutto,Asfaltata,Verticale ed orizzontale,Sereno,Intenso,Buona,Ore Diurne,0,0,0,2,12.4838,41.9399,-1,1,Autovettura privata,In marcia / fermata / arresto,Conducente,M,Illeso,0,,Non accertato,Inesploso,,
3909648,2,06/07/2018 17:15:00,Strada Urbana,VIA DEL FORO ITALICO,da specificare,,,,altezza uscita corso Francia,Veicolo in marcia contro veicolo fermo,Rettilineo,Due carreggiate,Asciutto,Asfaltata,Verticale ed orizzontale,Sereno,Intenso,Buona,Ore Diurne,0,0,0,2,12.4838,41.9399,-1,2,Motociclo a solo,In marcia / fermata / arresto,Conducente,M,Illeso,0,,Non accertato,,,
3909654,2,07/07/2018 18:30:00,Strada Urbana,VIALE GIOACCHINO ROSSINI,in prossimit�,,del civico n.,4,,Veicolo in marcia contro ostacolo fisso,Pendenza,Pi� di due carreggiate,Asciutto,Asfaltata,Verticale ed orizzontale,Sereno,Scarso,Buona,Ore Diurne,0,0,0,1,12.4911,41.9198,-1,1,Quadriciclo leggero,In marcia / fermata / arresto,Conducente,M,Illeso,0,,,,,
3909660,2,07/07/2018 22:15:00,Strada Urbana,VIA GUIDUBALDO DEL MONTE,in prossimit�,,del civico n.,54,,Ribaltamento senza urto contro ostacolo fisso,Rettilineo,Una carreggiata a senso unico di marcia,Asciutto,Asfaltata,Verticale ed orizzontale,Sereno,Scarso,Buona,Sufficiente,0,0,0,3,12.4791,41.9279,-1,1,Motociclo a solo,In marcia / fermata / arresto,Conducente,M,Illeso,0,,Non accertato,,,
3909660,2,07/07/2018 22:15:00,Strada Urbana,VIA GUIDUBALDO DEL MONTE,in prossimit�,,del civico n.,54,,Ribaltamento senza urto contro ostacolo fisso,Rettilineo,Una carreggiata a senso unico di marcia,Asciutto,Asfaltata,Verticale ed orizzontale,Sereno,Scarso,Buona,Sufficiente,0,0,0,3,12.4791,41.9279,-1,2,Autovettura privata,In marcia / fermata / arresto,Conducente,M,Illeso,0,,Non accertato,Inesploso,,
3909660,2,07/07/2018 22:15:00,Strada Urbana,VIA GUIDUBALDO DEL MONTE,in prossimit�,,del civico n.,54,,Ribaltamento senza urto contro ostacolo fisso,Rettilineo,Una carreggiata a senso unico di marcia,Asciutto,Asfaltata,Verticale ed orizzontale,Sereno,Scarso,Buona,Sufficiente,0,0,0,3,12.4791,41.9279,-1,2,Autovettura privata,In marcia / fermata / arresto,Passeggero,M,Illeso,0,,Non accertato,Inesploso,,
3909661,7,09/07/2018 08:10:00,Strada Urbana,VIALE PALMIRO TOGLIATTI,in corrispondenza,,del civico n.,993,,Scontro frontale/laterale SX fra veicoli in marcia,Rettilineo,Due carreggiate,Asciutto,Asfaltata,Verticale,Sereno,Normale,Buona,Ore Diurne,0,0,0,2,12.5743,41.894,-1,1,Autocarro inferiore 35 q.,In marcia / fermata / arresto,Conducente,M,Illeso,0,,Non accertato,Inesistente,,
3909661,7,09/07/2018 08:10:00,Strada Urbana,VIALE PALMIRO TOGLIATTI,in corrispondenza,,del civico n.,993,,Scontro frontale/laterale SX fra veicoli in marcia,Rettilineo,Due carreggiate,Asciutto,Asfaltata,Verticale,Sereno,Normale,Buona,Ore Diurne,0,0,0,2,12.5743,41.894,-1,2,Autovettura privata,In marcia / fermata / arresto,Conducente,M,Illeso,0,,Non accertato,Esploso,,
3909663,19,08/07/2018 13:50:00,Strada Urbana,VIA PIETRO GASPARRI,in corrispondenza,,del civico n.,125,,Scontro frontale fra veicoli in marcia,Rettilineo,Una carreggiata a doppio senso,Asciutto,Asfaltata,Orizzontale,Sereno,Scarso,Buona,Ore Diurne,0,0,0,4,12.4139,41.9244,-1,1,Autovettura privata,In marcia / fermata / arresto,Conducente,M,Illeso,0,,Non accertato,Inesploso,,
3909663,19,08/07/2018 13:50:00,Strada Urbana,VIA PIETRO GASPARRI,in corrispondenza,,del civico n.,125,,Scontro frontale fra veicoli in marcia,Rettilineo,Una carreggiata a doppio senso,Asciutto,Asfaltata,Orizzontale,Sereno,Scarso,Buona,Ore Diurne,0,0,0,4,12.4139,41.9244,-1,1,Autovettura privata,In marcia / fermata / arresto,Passeggero,F,Illeso,0,,Non accertato,Inesploso,,
3909663,19,08/07/2018 13:50:00,Strada Urbana,VIA PIETRO GASPARRI,in corrispondenza,,del civico n.,125,,Scontro frontale fra veicoli in marcia,Rettilineo,Una carreggiata a doppio senso,Asciutto,Asfaltata,Orizzontale,Sereno,Scarso,Buona,Ore Diurne,0,0,0,4,12.4139,41.9244,-1,1,Autovettura privata,In marcia / fermata / arresto,Passeggero,F,Illeso,0,,Non accertato,Inesploso,,
3909663,19,08/07/2018 13:50:00,Strada Urbana,VIA PIETRO GASPARRI,in corrispondenza,,del civico n.,125,,Scontro frontale fra veicoli in marcia,Rettilineo,Una carreggiata a doppio senso,Asciutto,Asfaltata,Orizzontale,Sereno,Scarso,Buona,Ore Diurne,0,0,0,4,12.4139,41.9244,-1,2,Autovettura privata,In marcia / fermata / arresto,Conducente,F,Illeso,0,,Non accertato,Inesploso,,