Protocollo,Gruppo,DataOraIncidente,Localizzazione1,STRADA1,Localizzazione2,STRADA2,Strada02,Chilometrica,DaSpecificare,NaturaIncidente,particolaritastrade,TipoStrada,FondoStradale,Pavimentazione,Segnaletica,CondizioneAtmosferica,Traffico,Visibilita,Illuminazione,NUM_FERITI,NUM_RISERVATA,NUM_MORTI,NUM_ILLESI,Longitudine,Latitudine,Confermato,Progressivo,TipoVeicolo,StatoVeicolo,TipoPersona,Sesso,Tipolesione,Deceduto,DecedutoDopo,CinturaCascoUtilizzato,Airbag,,
3909673,8,08/07/2018 12:35:00,Strada Urbana,VIA ERNESTO BREDA,in prossimit�,,del civico n.,25,,Tamponamento,Rettilineo,Una carreggiata a senso unico di marcia,Asciutto,Asfaltata,Orizzontale,Sereno,Normale,Buona,Ore Diurne,1,0,0,2,12.6435,41.8606,-1,1,Autovettura privata,In marcia / fermata / arresto,Conducente,F,Illeso,0,,Non accertato,,,
3909673,8,08/07/2018 12:35:00,Strada Urbana,VIA ERNESTO BREDA,in prossimit�,,del civico n.,25,,Tamponamento,Rettilineo,Una carreggiata a senso unico di marcia,Asciutto,Asfaltata,Orizzontale,Sereno,Normale,Buona,Ore Diurne,1,0,0,2,12.6435,41.8606,-1,1,Autovettura privata,In marcia / fermata / arresto,Passeggero,M,Illeso,0,,Non accertato,Inesploso,,
3909673,8,08/07/2018 12:35:00,Strada Urbana,VIA ERNESTO BREDA,in prossimit�,,del civico n.,25,,Tamponamento,Rettilineo,Una carreggiata a senso unico di marcia,Asciutto,Asfaltata,Orizzontale,Sereno,Normale,Buona,Ore Diurne,1,0,0,2,12.6435,41.8606,-1,2,Motociclo a solo,In marcia / fermata / arresto,Conducente,M,Rimandato,0,NON DECEDUTO,Non accertato,,,
3909680,19,08/07/2018 18:20:00,Strada Urbana,VIA DELLA PINETA SACCHETTI,da specificare,,,,altezza parcheggio stazione gemelli,Tamponamento,Rettilineo,Una carreggiata a senso unico di marcia,Asciutto,Asfaltata,Verticale,Sereno,Scarso,Buona,Ore Diurne,0,0,0,2,12.4244,41.9231,-1,1,Autovettura privata,In marcia / fermata / arresto,Conducente,M,Illeso,0,,,,,
3909680,19,08/07/2018 18:20:00,Strada Urbana,VIA DELLA PINETA SACCHETTI,da specificare,,,,altezza parcheggio stazione gemelli,Tamponamento,Rettilineo,Una carreggiata a senso unico di marcia,Asciutto,Asfaltata,Verticale,Sereno,Scarso,Buona,Ore Diurne,0,0,0,2,12.4244,41.9231,-1,2,Autovettura privata,In marcia / fermata / arresto,Conducente,M,Illeso,0,,,,,
3909686,2,08/07/2018 00:30:00,Strada Urbana,VIA DI VALLE MURICANA,in prossimit�,,del civico n.,428,,Veicolo in marcia contro ostacolo fisso,Curva a visuale libera,Una carreggiata a doppio senso,Asciutto,Asfaltata,Verticale ed orizzontale,Sereno,Scarso,Sufficiente,Sufficiente,0,0,0,1,12.4695,42.0231,-1,1,Autovettura privata,In marcia / fermata / arresto,Conducente,M,Illeso,0,,Non accertato,Inesploso,,
3909701,13,09/07/2018 00:20:00,Strada Urbana,VIA DEI VELIERI,all'intersezione con,VIA DELLE GONDOLE,VIA DELLE GONDOLE,,,Scontro frontale/laterale DX fra veicoli in marcia,Incrocio,Una carreggiata a senso unico di marcia,Asciutto,Asfaltata,Verticale ed orizzontale,Nuvoloso,Scarso,Sufficiente,Sufficiente,0,0,0,3,12.2757,41.7365,-1,1,Autovettura privata,In marcia / fermata / arresto,Conducente,M,Illeso,0,,Non accertato,Inesploso,,
3909701,13,09/07/2018 00:20:00,Strada Urbana,VIA DEI VELIERI,all'intersezione con,VIA DELLE GONDOLE,VIA DELLE GONDOLE,,,Scontro frontale/laterale DX fra veicoli in marcia,Incrocio,Una carreggiata a senso unico di marcia,Asciutto,Asfaltata,Verticale ed orizzontale,Nuvoloso,Scarso,Sufficiente,Sufficiente,0,0,0,3,12.2757,41.7365,-1,2,Autovettura privata,In marcia / fermata / arresto,Conducente,M,Illeso,0,,Non accertato,Inesploso,,
3909701,13,09/07/2018 00:20:00,Strada Urbana,VIA DEI VELIERI,all'intersezione con,VIA DELLE GONDOLE,VIA DELLE GONDOLE,,,Scontro frontale/laterale DX fra veicoli in marcia,Incrocio,Una carreggiata a senso unico di marcia,Asciutto,Asfaltata,Verticale ed orizzontale,Nuvoloso,Scarso,Sufficiente,Sufficiente,0,0,0,3,12.2757,41.7365,-1,2,Autovettura privata,In marcia / fermata / arresto,Passeggero,F,Illeso,0,,Non accertato,Inesploso,,
3909706,4,08/07/2018 03:00:00,Strada Urbana,VIA CASSIA,all'intersezione con,VIA DEL PODISMO,VIA DEL PODISMO,,,Scontro frontale/laterale DX fra veicoli in marcia,Intersezione semaforizzata,Una carreggiata a senso unico di marcia,Asciutto,Asfaltata,Verticale ed orizzontale,Sereno,Scarso,Buona,Sufficiente,0,0,0,5,12.4139,41.9827,-1,1,Autovettura privata,In marcia / fermata / arresto,Conducente,F,Illeso,0,,,Inesploso,,
3909706,4,08/07/2018 03:00:00,Strada Urbana,VIA CASSIA,all'intersezione con,VIA DEL PODISMO,VIA DEL PODISMO,,,Scontro frontale/laterale DX fra veicoli in marcia,Intersezione semaforizzata,Una carreggiata a senso unico di marcia,Asciutto,Asfaltata,Verticale ed orizzontale,Sereno,Scarso,Buona,Sufficiente,0,0,0,5,12.4139,41.9827,-1,2,Autovettura privata,In marcia / fermata / arresto,Conducente,F,Illeso,0,,Non accertato,Inesploso,,
3909706,4,08/07/2018 03:00:00,Strada Urbana,VIA CASSIA,all'intersezione con,VIA DEL PODISMO,VIA DEL PODISMO,,,Scontro frontale/laterale DX fra veicoli in marcia,Intersezione semaforizzata,Una carreggiata a senso unico di marcia,Asciutto,Asfaltata,Verticale ed orizzontale,Sereno,Scarso,Buona,Sufficiente,0,0,0,5,12.4139,41.9827,-1,2,Autovettura privata,In marcia / fermata / arresto,Passeggero,M,Illeso,0,,Non accertato,Inesploso,,
3909706,4,08/07/2018 03:00:00,Strada Urbana,VIA CASSIA,all'intersezione con,VIA DEL PODISMO,VIA DEL PODISMO,,,Scontro frontale/laterale DX fra veicoli in marcia,Intersezione semaforizzata,Una carreggiata a senso unico di marcia,Asciutto,Asfaltata,Verticale ed orizzontale,Sereno,Scarso,Buona,Sufficiente,0,0,0,5,12.4139,41.9827,-1,2,Autovettura privata,In marcia / fermata / arresto,Passeggero,M,Illeso,0,,Non accertato,Inesploso,,
3909707,7,07/07/2018 09:30:00,Strada Urbana,VIA DEL PRATO,in prossimit�,,del civico n.,22,,Veicolo in marcia contro veicolo arresto,Rettilineo,Una carreggiata a doppio senso,Asciutto,Asfaltata,Assente,Sereno,Scarso,Buona,Ore Diurne,1,0,0,1,12.5789,41.8827,-1,1,Autovettura privata,In marcia / fermata / arresto,Conducente,M,Illeso,0,,,,,
3909707,7,07/07/2018 09:30:00,Strada Urbana,VIA DEL PRATO,in prossimit�,,del civico n.,22,,Veicolo in marcia contro veicolo arresto,Rettilineo,Una carreggiata a doppio senso,Asciutto,Asfaltata,Assente,Sereno,Scarso,Buona,Ore Diurne,1,0,0,1,12.5789,41.8827,-1,2,Motociclo a solo,In marcia / fermata / arresto,Conducente,M,Rimandato,0,NON DECEDUTO,,,,
3909721,5,09/07/2018 08:40:00,Strada Urbana,VIA TIBURTINA,da specificare,,,,rotatoria Via Rubellia,Scontro laterale fra veicoli in marcia,Rotatoria,Una carreggiata a senso unico di marcia,Asciutto,Asfaltata,Verticale ed orizzontale,Sereno,Intenso,Buona,Ore Diurne,0,0,0,2,12.6237,41.9383,-1,1,Autovettura privata,In marcia / fermata / arresto,Conducente,F,Illeso,0,,Non accertato,Inesploso,,
3909721,5,09/07/2018 08:40:00,Strada Urbana,VIA TIBURTINA,da specificare,,,,rotatoria Via Rubellia,Scontro laterale fra veicoli in marcia,Rotatoria,Una carreggiata a senso unico di marcia,Asciutto,Asfaltata,Verticale ed orizzontale,Sereno,Intenso,Buona,Ore Diurne,0,0,0,2,12.6237,41.9383,-1,2,Autovettura privata,In marcia / fermata / arresto,Conducente,M,Illeso,0,,,,,
3909730,19,07/07/2018 10:15:00,Strada Urbana,VIA TRIONFALE,in corrispondenza,,del civico n.,10874,,Scontro frontale/laterale DX fra veicoli in marcia,Rettilineo,Una carreggiata a doppio senso,Asciutto,Asfaltata,Orizzontale,Sereno,Normale,Buona,Ore Diurne,1,0,0,1,12.4125,41.9568,-1,1,Autovettura privata,In marcia / fermata / arresto,Conducente,M,Illeso,0,,Non accertato,Inesploso,,
3909730,19,07/07/2018 10:15:00,Strada Urbana,VIA TRIONFALE,in corrispondenza,,del civico n.,10874,,Scontro frontale/laterale DX fra veicoli in marcia,Rettilineo,Una carreggiata a doppio senso,Asciutto,Asfaltata,Orizzontale,Sereno,Normale,Buona,Ore Diurne,1,0,0,1,12.4125,41.9568,-1,2,Motociclo a solo,In marcia / fermata / arresto,Conducente,M,Rimandato,0,NON DECEDUTO,,,,
3909737,2,08/07/2018 12:00:00,Strada Urbana,VIA BASENTO,in prossimit�,,del civico n.,52 / D,,Veicolo in marcia contro veicolo in sosta,Rettilineo,Una carreggiata a senso unico di marcia,Asciutto,Asfaltata,Verticale ed orizzontale,Sereno,Scarso,Buona,Ore Diurne,0,0,0,1,12.4986,41.916,-1,2,Autovettura privata,In marcia / fermata / arresto,Conducente,F,Illeso,0,,Non accertato,Inesploso,,
3909740,2,08/07/2018 17:40:00,Strada Urbana,VIA ANAPO,all'intersezione con,VIA CERESIO,VIA CERESIO,,,Scontro frontale/laterale DX fra veicoli in marcia,Intersezione non regolata/non segnalata,Una carreggiata a doppio senso,Asciutto,Asfaltata,Verticale ed orizzontale,Sereno,Scarso,Buona,Ore Diurne,0,0,0,5,12.5073,41.9259,-1,1,Autovettura privata,In marcia / fermata / arresto,Conducente,M,Illeso,0,,Non accertato,Inesploso,,
3909740,2,08/07/2018 17:40:00,Strada Urbana,VIA ANAPO,all'intersezione con,VIA CERESIO,VIA CERESIO,,,Scontro frontale/laterale DX fra veicoli in marcia,Intersezione non regolata/non segnalata,Una carreggiata a doppio senso,Asciutto,Asfaltata,Verticale ed orizzontale,Sereno,Scarso,Buona,Ore Diurne,0,0,0,5,12.5073,41.9259,-1,1,Autovettura privata,In marcia / fermata / arresto,Passeggero,F,Illeso,0,,Non accertato,Inesploso,,
3909740,2,08/07/2018 17:40:00,Strada Urbana,VIA ANAPO,all'intersezione con,VIA CERESIO,VIA CERESIO,,,Scontro frontale/laterale DX fra veicoli in marcia,Intersezione non regolata/non segnalata,Una carreggiata a doppio senso,Asciutto,Asfaltata,Verticale ed orizzontale,Sereno,Scarso,Buona,Ore Diurne,0,0,0,5,12.5073,41.9259,-1,1,Autovettura privata,In marcia / fermata / arresto,Passeggero,M,Illeso,0,,Non accertato,Inesploso,,
3909740,2,08/07/2018 17:40:00,Strada Urbana,VIA ANAPO,all'intersezione con,VIA CERESIO,VIA CERESIO,,,Scontro frontale/laterale DX fra veicoli in marcia,Intersezione non regolata/non segnalata,Una carreggiata a doppio senso,Asciutto,Asfaltata,Verticale ed orizzontale,Sereno,Scarso,Buona,Ore Diurne,0,0,0,5,12.5073,41.9259,-1,2,Autovettura privata,In marcia / fermata / arresto,Conducente,M,Illeso,0,,Non accertato,Inesploso,,
3909742,2,08/07/2018 14:40:00,Strada Urbana,VIA DEL FORO ITALICO,da specificare,,,,altezza campo nomadi,Veicolo in marcia contro ostacolo accidentale,Rettilineo,Due carreggiate,Asciutto,Con buche,Orizzontale,Sereno,Scarso,Buona,Ore Diurne,1,0,0,0,12.4828,41.94,-1,1,Motociclo a solo,In marcia / fermata / arresto,Conducente,M,Rifiuta cure immediate,0,NON DECEDUTO,Non utilizzato,,,
3909747,2,09/07/2018 02:15:00,Strada Urbana,VIA COL DI REZIA,da specificare,,,,fronte civico 7,Veicolo in marcia contro ostacolo fisso,Curva a visuale libera,Una carreggiata a senso unico di marcia,Asciutto,Asfaltata,Verticale ed orizzontale,Sereno,Scarso,Buona,Sufficiente,0,0,0,1,12.5369,41.9443,-1,1,Autovettura pubblica,In marcia / fermata / arresto,Conducente,M,Illeso,0,,Non accertato,Inesploso,,
3909782,19,07/07/2018 10:20:00,Strada Urbana,VIA MATTIA BATTISTINI,all'intersezione con,VIA DEL FORTE BRASCHI,VIA DEL FORTE BRASCHI,,,Veicolo in marcia contro veicolo in sosta,Intersezione semaforizzata,Una carreggiata a doppio senso,Asciutto,Asfaltata,Verticale ed orizzontale,Sereno,Normale,Buona,Ore Diurne,1,0,0,1,12.4184,41.9139,-1,1,Autovettura privata,Sosta,Passeggero,F,Illeso,0,,Non accertato,Inesploso,,
3909782,19,07/07/2018 10:20:00,Strada Urbana,VIA MATTIA BATTISTINI,all'intersezione con,VIA DEL FORTE BRASCHI,VIA DEL FORTE BRASCHI,,,Veicolo in marcia contro veicolo in sosta,Intersezione semaforizzata,Una carreggiata a doppio senso,Asciutto,Asfaltata,Verticale ed orizzontale,Sereno,Normale,Buona,Ore Diurne,1,0,0,1,12.4184,41.9139,-1,2,Motociclo a solo,In marcia / fermata / arresto,Conducente,M,Rimandato,0,NON DECEDUTO,Non accertato,,,
3909791,18,03/07/2018 08:45:00,Strada Urbana,LARGO DI PORTA CAVALLEGGERI,all'intersezione semaforizzata con,VIA DELLE FORNACI,VIA DELLE FORNACI,,,Scontro laterale fra veicoli in marcia,Intersezione semaforizzata,Una carreggiata a doppio senso,Asciutto,Asfaltata,Verticale ed orizzontale,Nuvoloso,Intenso,Sufficiente,Ore Diurne,0,0,0,3,12.4564,41.9001,-1,1,Autovettura pubblica,In marcia / fermata / arresto,Conducente,M,Illeso,0,,,,,
3909791,18,03/07/2018 08:45:00,Strada Urbana,LARGO DI PORTA CAVALLEGGERI,all'intersezione semaforizzata con,VIA DELLE FORNACI,VIA DELLE FORNACI,,,Scontro laterale fra veicoli in marcia,Intersezione semaforizzata,Una carreggiata a doppio senso,Asciutto,Asfaltata,Verticale ed orizzontale,Nuvoloso,Intenso,Sufficiente,Ore Diurne,0,0,0,3,12.4564,41.9001,-1,2,Autocarro superiore 35 q.,In marcia / fermata / arresto,Conducente,M,Illeso,0,,,,,
3909791,18,03/07/2018 08:45:00,Strada Urbana,LARGO DI PORTA CAVALLEGGERI,all'intersezione semaforizzata con,VIA DELLE FORNACI,VIA DELLE FORNACI,,,Scontro laterale fra veicoli in marcia,Intersezione semaforizzata,Una carreggiata a doppio senso,Asciutto,Asfaltata,Verticale ed orizzontale,Nuvoloso,Intenso,Sufficiente,Ore Diurne,0,0,0,3,12.4564,41.9001,-1,2,Autocarro superiore 35 q.,In marcia / fermata / arresto,Passeggero,M,Illeso,0,,,,,
3909799,13,08/07/2018 19:25:00,Strada Urbana,VIA FRANCESCO DONATI,all'intersezione con,VIA PIETRO BENEDETTI,VIA PIETRO BENEDETTI,,,Scontro frontale/laterale DX fra veicoli in marcia,Incrocio,Due carreggiate,Asciutto,Asfaltata,Verticale,Sereno,Normale,Buona,Ore Diurne,1,0,0,1,12.3402,41.7822,-1,1,Autovettura privata,In marcia / fermata / arresto,Conducente,F,Illeso,0,,Non accertato,Inesploso,,
3909799,13,08/07/2018 19:25:00,Strada Urbana,VIA FRANCESCO DONATI,all'intersezione con,VIA PIETRO BENEDETTI,VIA PIETRO BENEDETTI,,,Scontro frontale/laterale DX fra veicoli in marcia,Incrocio,Due carreggiate,Asciutto,Asfaltata,Verticale,Sereno,Normale,Buona,Ore Diurne,1,0,0,1,12.3402,41.7822,-1,2,Autovettura privata,In marcia / fermata / arresto,Conducente,M,Rimandato,0,NON DECEDUTO,Non accertato,Inesploso,,
3909824,18,09/07/2018 00:10:00,Strada Urbana,VIA DELLA PINETA SACCHETTI,in prossimit�,,del civico n.,35,,Scontro laterale fra veicoli in marcia,Rettilineo,Una carreggiata a doppio senso,Asciutto,Asfaltata,Verticale ed orizzontale,Sereno,Normale,Sufficiente,Sufficiente,1,0,0,2,12.4253,41.9068,-1,1,Autovettura privata,In marcia / fermata / arresto,Conducente,M,Illeso,0,,,,,
3909824,18,09/07/2018 00:10:00,Strada Urbana,VIA DELLA PINETA SACCHETTI,in prossimit�,,del civico n.,35,,Scontro laterale fra veicoli in marcia,Rettilineo,Una carreggiata a doppio senso,Asciutto,Asfaltata,Verticale ed orizzontale,Sereno,Normale,Sufficiente,Sufficiente,1,0,0,2,12.4253,41.9068,-1,2,Autovettura privata,In marcia / fermata / arresto,Conducente,F,Rimandato,0,NON DECEDUTO,,,,
3909824,18,09/07/2018 00:10:00,Strada Urbana,VIA DELLA PINETA SACCHETTI,in prossimit�,,del civico n.,35,,Scontro laterale fra veicoli in marcia,Rettilineo,Una carreggiata a doppio senso,Asciutto,Asfaltata,Verticale ed orizzontale,Sereno,Normale,Sufficiente,Sufficiente,1,0,0,2,12.4253,41.9068,-1,3,Autovettura privata,In marcia / fermata / arresto,Conducente,F,Illeso,0,,,,,
3909874,18,06/07/2018 14:45:00,Strada Urbana,VIA DI ACQUAFREDDA,in prossimit�,,del civico n.,100,,Tamponamento,Rettilineo,Una carreggiata a doppio senso,Asciutto,Asfaltata,Verticale ed orizzontale,Sereno,Normale,Buona,Ore Diurne,0,0,0,2,12.3928,41.89,-1,1,Autovettura privata,In marcia / fermata / arresto,Conducente,M,Illeso,0,,,,,
3909874,18,06/07/2018 14:45:00,Strada Urbana,VIA DI ACQUAFREDDA,in prossimit�,,del civico n.,100,,Tamponamento,Rettilineo,Una carreggiata a doppio senso,Asciutto,Asfaltata,Verticale ed orizzontale,Sereno,Normale,Buona,Ore Diurne,0,0,0,2,12.3928,41.89,-1,2,Autovettura privata,In marcia / fermata / arresto,Conducente,M,Illeso,0,,,,,
3909883,7,08/07/2018 17:30:00,Strada Urbana,VIA DEGLI ANEMONI,in corrispondenza,,del civico n.,16,,Veicolo in marcia contro veicolo fermo,Rettilineo,Una carreggiata a senso unico di marcia,Asciutto,Asfaltata,Assente,Sereno,Scarso,Buona,Ore Diurne,0,0,0,1,12.5668,41.8758,-1,2,Autovettura privata,In marcia / fermata / arresto,Conducente,M,Illeso,0,,Non accertato,Inesploso,,
3909909,1,08/07/2018 23:20:00,Strada Urbana,PIAZZA DI PORTA CAPENA,all'intersezione semaforizzata con,VIA DEI CERCHI,VIA DEI CERCHI,,,Scontro frontale/laterale DX fra veicoli in marcia,Intersezione semaforizzata,Una carreggiata a senso unico di marcia,Asciutto,Asfaltata,Verticale ed orizzontale,Sereno,Scarso,Buona,Sufficiente,1,0,0,1,12.4893,41.8849,-1,1,Autovettura privata,In marcia / fermata / arresto,Conducente,F,Illeso,0,,Non accertato,Inesploso,,
3909909,1,08/07/2018 23:20:00,Strada Urbana,PIAZZA DI PORTA CAPENA,all'intersezione semaforizzata con,VIA DEI CERCHI,VIA DEI CERCHI,,,Scontro frontale/laterale DX fra veicoli in marcia,Intersezione semaforizzata,Una carreggiata a senso unico di marcia,Asciutto,Asfaltata,Verticale ed orizzontale,Sereno,Scarso,Buona,Sufficiente,1,0,0,1,12.4893,41.8849,-1,2,Motociclo a solo,In marcia / fermata / arresto,Conducente,M,Ricoverato,0,NON DECEDUTO,Non accertato,,,
3909926,8,08/07/2018 07:50:00,Strada Urbana,VIA MEROPE,in prossimit�,,del civico n.,79,,Scontro frontale fra veicoli in marcia,Rettilineo,Una carreggiata a senso unico di marcia,Asciutto,Asfaltata,Orizzontale,Sereno,Scarso,Buona,Ore Diurne,0,0,0,2,12.616,41.8738,-1,1,Autovettura privata,In marcia / fermata / arresto,Conducente,M,Illeso,0,,Non accertato,Inesploso,,
3909926,8,08/07/2018 07:50:00,Strada Urbana,VIA MEROPE,in prossimit�,,del civico n.,79,,Scontro frontale fra veicoli in marcia,Rettilineo,Una carreggiata a senso unico di marcia,Asciutto,Asfaltata,Orizzontale,Sereno,Scarso,Buona,Ore Diurne,0,0,0,2,12.616,41.8738,-1,2,Autovettura privata,In marcia / fermata / arresto,Conducente,M,Illeso,0,,Non accertato,Inesploso,,
3909928,1,08/07/2018 18:50:00,Strada Urbana,PIAZZA VITTORIO EMANUELE II,all'intersezione con,VIA MAMIANI,VIA MAMIANI,,,Investimento di pedone,Intersezione non regolata/non segnalata,Una carreggiata a senso unico di marcia,Asciutto,Asfaltata,Verticale ed orizzontale,Sereno,Normale,Buona,Ore Diurne,1,0,0,0,12.5043,41.8955,0,,,,Pedone,M,Rifiuta cure immediate,0,NON DECEDUTO,,,,
3909955,2,10/07/2018 12:20:00,Strada Urbana,VIA CHISIMAIO,in corrispondenza,,del civico n.,32,,Scontro frontale/laterale SX fra veicoli in marcia,Curva a visuale libera,Una carreggiata a senso unico di marcia,Asciutto,Asfaltata,Verticale ed orizzontale,Sereno,Normale,Sufficiente,Ore Diurne,0,0,0,2,12.5231,41.929,-1,1,Autovettura privata,In marcia / fermata / arresto,Conducente,M,Illeso,0,,Non accertato,Inesploso,,
3909955,2,10/07/2018 12:20:00,Strada Urbana,VIA CHISIMAIO,in corrispondenza,,del civico n.,32,,Scontro frontale/laterale SX fra veicoli in marcia,Curva a visuale libera,Una carreggiata a senso unico di marcia,Asciutto,Asfaltata,Verticale ed orizzontale,Sereno,Normale,Sufficiente,Ore Diurne,0,0,0,2,12.5231,41.929,-1,2,Autovettura privata,In marcia / fermata / arresto,Conducente,F,Illeso,0,,Non accertato,Inesploso,,
3909967,12,09/07/2018 08:40:00,Strada Urbana,VIA DEL MARE,in prossimit�,,della chilometrica,10.4,,Tamponamento Multiplo,Rettilineo,Una carreggiata a doppio senso,Asciutto,Asfaltata,Verticale ed orizzontale,Sereno,Normale,Buona,Ore Diurne,1,0,0,3,12.4358,41.8193,-1,1,Autovettura privata,In marcia / fermata / arresto,Conducente,F,Illeso,0,,Utilizzato,Inesploso,,
3909967,12,09/07/2018 08:40:00,Strada Urbana,VIA DEL MARE,in prossimit�,,della chilometrica,10.4,,Tamponamento Multiplo,Rettilineo,Una carreggiata a doppio senso,Asciutto,Asfaltata,Verticale ed orizzontale,Sereno,Normale,Buona,Ore Diurne,1,0,0,3,12.4358,41.8193,-1,2,Autovettura privata,In marcia / fermata / arresto,Conducente,M,Rifiuta cure immediate,0,NON DECEDUTO,Utilizzato,Inesploso,,
3909967,12,09/07/2018 08:40:00,Strada Urbana,VIA DEL MARE,in prossimit�,,della chilometrica,10.4,,Tamponamento Multiplo,Rettilineo,Una carreggiata a doppio senso,Asciutto,Asfaltata,Verticale ed orizzontale,Sereno,Normale,Buona,Ore Diurne,1,0,0,3,12.4358,41.8193,-1,3,Autovettura privata,In marcia / fermata / arresto,Conducente,M,Illeso,0,,Utilizzato,Inesploso,,
3909967,12,09/07/2018 08:40:00,Strada Urbana,VIA DEL MARE,in prossimit�,,della chilometrica,10.4,,Tamponamento Multiplo,Rettilineo,Una carreggiata a doppio senso,Asciutto,Asfaltata,Verticale ed orizzontale,Sereno,Normale,Buona,Ore Diurne,1,0,0,3,12.4358,41.8193,-1,4,Autovettura privata,In marcia / fermata / arresto,Conducente,M,Illeso,0,,Utilizzato,Inesploso,,
3910000,5,09/07/2018 11:50:00,Strada Urbana,VIA JACOPO DELLA QUERCIA,da specificare,,,,prossimit� Via di Cervara,Scontro frontale/laterale SX fra veicoli in marcia,Rettilineo,Una carreggiata a doppio senso,Asciutto,Asfaltata,Verticale ed orizzontale,Sereno,Scarso,Buona,Ore Diurne,0,0,0,3,12.6029,41.9187,-1,1,Autovettura privata,In marcia / fermata / arresto,Conducente,F,Illeso,0,,Non accertato,Inesploso,,
3910000,5,09/07/2018 11:50:00,Strada Urbana,VIA JACOPO DELLA QUERCIA,da specificare,,,,prossimit� Via di Cervara,Scontro frontale/laterale SX fra veicoli in marcia,Rettilineo,Una carreggiata a doppio senso,Asciutto,Asfaltata,Verticale ed orizzontale,Sereno,Scarso,Buona,Ore Diurne,0,0,0,3,12.6029,41.9187,-1,2,Autovettura privata,In marcia / fermata / arresto,Conducente,F,Illeso,0,,Non accertato,Inesploso,,
3910000,5,09/07/2018 11:50:00,Strada Urbana,VIA JACOPO DELLA QUERCIA,da specificare,,,,prossimit� Via di Cervara,Scontro frontale/laterale SX fra veicoli in marcia,Rettilineo,Una carreggiata a doppio senso,Asciutto,Asfaltata,Verticale ed orizzontale,Sereno,Scarso,Buona,Ore Diurne,0,0,0,3,12.6029,41.9187,-1,2,Autovettura privata,In marcia / fermata / arresto,Passeggero,M,Illeso,0,,Non accertato,Inesploso,,
3910036,13,08/07/2018 09:40:00,Strada Urbana,VIA CRISTOFORO COLOMBO,all'intersezione semaforizzata con,LARGO RAFFAELLO DE RENSIS,LARGO RAFFAELLO DE RENSIS,,,Scontro laterale fra veicoli in marcia,Intersezione semaforizzata,Pi� di due carreggiate,Asciutto,Asfaltata,Verticale ed orizzontale,Sereno,Normale,Buona,Ore Diurne,1,0,0,1,12.3699,41.7546,-1,1,Autovettura privata,In marcia / fermata / arresto,Conducente,M,Illeso,0,,Non accertato,Inesploso,,
3910036,13,08/07/2018 09:40:00,Strada Urbana,VIA CRISTOFORO COLOMBO,all'intersezione semaforizzata con,LARGO RAFFAELLO DE RENSIS,LARGO RAFFAELLO DE RENSIS,,,Scontro laterale fra veicoli in marcia,Intersezione semaforizzata,Pi� di due carreggiate,Asciutto,Asfaltata,Verticale ed orizzontale,Sereno,Normale,Buona,Ore Diurne,1,0,0,1,12.3699,41.7546,-1,2,Ciclomotore,In marcia / fermata / arresto,Conducente,M,Rimandato,0,NON DECEDUTO,,,,
3910075,3,08/07/2018 13:30:00,Strada Urbana,VIA DEI MARRUCINI,all'intersezione con,VIA DEI RAMNI,VIA DEI RAMNI,,,Scontro frontale/laterale DX fra veicoli in marcia,Incrocio,Una carreggiata a senso unico di marcia,Asciutto,Asfaltata,Verticale ed orizzontale,Sereno,Scarso,Buona,Ore Diurne,1,0,0,0,12.5138,41.9003,0,1,Autovettura privata,In marcia / fermata / arresto,Conducente,M,Rimandato,0,NON DECEDUTO,Non accertato,Inesploso,,
3910089,6,09/07/2018 10:55:00,Strada Urbana,VIA DI TOR PIGNATTARA,in corrispondenza,,del civico n.,29,,Veicolo in marcia contro veicoli in arresto,Rettilineo,Una carreggiata a doppio senso,Asciutto,Asfaltata,Verticale ed orizzontale,Sereno,Normale,Buona,Ore Diurne,0,0,0,2,12.5421,41.8795,-1,1,Autovettura privata,In marcia / fermata / arresto,Conducente,M,Illeso,0,,,,,
3910089,6,09/07/2018 10:55:00,Strada Urbana,VIA DI TOR PIGNATTARA,in corrispondenza,,del civico n.,29,,Veicolo in marcia contro veicoli in arresto,Rettilineo,Una carreggiata a doppio senso,Asciutto,Asfaltata,Verticale ed orizzontale,Sereno,Normale,Buona,Ore Diurne,0,0,0,2,12.5421,41.8795,-1,2,Autovettura privata,In marcia / fermata / arresto,Conducente,M,Illeso,0,,,,,
3910091,16,06/07/2018 08:45:00,Strada Urbana,VIA AMLETO NOVELLI,in corrispondenza,,del civico n.,7,,Veicolo in marcia contro veicolo arresto,Rettilineo,Una carreggiata a doppio senso,Asciutto,Asfaltata,Assente,Sereno,Normale,Buona,Ore Diurne,0,0,0,4,12.4691,41.7882,-1,1,Autovettura di polizia,In marcia / fermata / arresto,Conducente,M,Illeso,0,,Non accertato,Inesploso,,
3910091,16,06/07/2018 08:45:00,Strada Urbana,VIA AMLETO NOVELLI,in corrispondenza,,del civico n.,7,,Veicolo in marcia contro veicolo arresto,Rettilineo,Una carreggiata a doppio senso,Asciutto,Asfaltata,Assente,Sereno,Normale,Buona,Ore Diurne,0,0,0,4,12.4691,41.7882,-1,1,Autovettura di polizia,In marcia / fermata / arresto,Passeggero,F,Illeso,0,,Non accertato,Inesploso,,