Protocollo,Gruppo,DataOraIncidente,Localizzazione1,STRADA1,Localizzazione2,STRADA2,Strada02,Chilometrica,DaSpecificare,NaturaIncidente,particolaritastrade,TipoStrada,FondoStradale,Pavimentazione,Segnaletica,CondizioneAtmosferica,Traffico,Visibilita,Illuminazione,NUM_FERITI,NUM_RISERVATA,NUM_MORTI,NUM_ILLESI,Longitudine,Latitudine,Confermato,Progressivo,TipoVeicolo,StatoVeicolo,TipoPersona,Sesso,Tipolesione,Deceduto,DecedutoDopo,CinturaCascoUtilizzato,Airbag,,
3910091,16,06/07/2018 08:45:00,Strada Urbana,VIA AMLETO NOVELLI,in corrispondenza,,del civico n.,7,,Veicolo in marcia contro veicolo arresto,Rettilineo,Una carreggiata a doppio senso,Asciutto,Asfaltata,Assente,Sereno,Normale,Buona,Ore Diurne,0,0,0,4,12.4691,41.7882,-1,1,Autovettura di polizia,In marcia / fermata / arresto,Passeggero,F,Illeso,0,,Non accertato,Inesploso,,
3910091,16,06/07/2018 08:45:00,Strada Urbana,VIA AMLETO NOVELLI,in corrispondenza,,del civico n.,7,,Veicolo in marcia contro veicolo arresto,Rettilineo,Una carreggiata a doppio senso,Asciutto,Asfaltata,Assente,Sereno,Normale,Buona,Ore Diurne,0,0,0,4,12.4691,41.7882,-1,2,Autovettura privata,In marcia / fermata / arresto,Conducente,M,Illeso,0,,Non accertato,Inesploso,,
3910101,3,08/07/2018 01:00:00,Strada Urbana,VIA DEI LUCANI,da specificare,,,,fr civ 55,Veicolo in marcia contro veicolo in sosta,Rettilineo,Una carreggiata a senso unico di marcia,Asciutto,Asfaltata,Orizzontale,Sereno,Normale,Sufficiente,Sufficiente,0,0,0,4,12.5155,41.8947,-1,1,Autovettura privata,In marcia / fermata / arresto,Conducente,M,Illeso,0,,Non accertato,Inesploso,,
3910101,3,08/07/2018 01:00:00,Strada Urbana,VIA DEI LUCANI,da specificare,,,,fr civ 55,Veicolo in marcia contro veicolo in sosta,Rettilineo,Una carreggiata a senso unico di marcia,Asciutto,Asfaltata,Orizzontale,Sereno,Normale,Sufficiente,Sufficiente,0,0,0,4,12.5155,41.8947,-1,1,Autovettura privata,In marcia / fermata / arresto,Passeggero,M,Illeso,0,,Non accertato,Inesploso,,
3910101,3,08/07/2018 01:00:00,Strada Urbana,VIA DEI LUCANI,da specificare,,,,fr civ 55,Veicolo in marcia contro veicolo in sosta,Rettilineo,Una carreggiata a senso unico di marcia,Asciutto,Asfaltata,Orizzontale,Sereno,Normale,Sufficiente,Sufficiente,0,0,0,4,12.5155,41.8947,-1,2,Autovettura privata,Sosta,Passeggero,M,Illeso,0,,Non accertato,Inesploso,,
3910101,3,08/07/2018 01:00:00,Strada Urbana,VIA DEI LUCANI,da specificare,,,,fr civ 55,Veicolo in marcia contro veicolo in sosta,Rettilineo,Una carreggiata a senso unico di marcia,Asciutto,Asfaltata,Orizzontale,Sereno,Normale,Sufficiente,Sufficiente,0,0,0,4,12.5155,41.8947,-1,2,Autovettura privata,Sosta,Passeggero,M,Illeso,0,,Non accertato,Inesploso,,
3910107,17,07/07/2018 16:25:00,Strada Urbana,PONTE VITTORIO EMANUELE II,all'intersezione semaforizzata con,LUNGOTEVERE IN SASSIA,LUNGOTEVERE IN SASSIA,,,Scontro laterale fra veicoli in marcia,Incrocio,Una carreggiata a senso unico di marcia,Asciutto,Asfaltata,Verticale ed orizzontale,Sereno,Scarso,Buona,Ore Diurne,0,0,0,2,12.4644,41.901,-1,1,Autovettura pubblica,In marcia / fermata / arresto,Conducente,M,Illeso,0,,,,,
3910107,17,07/07/2018 16:25:00,Strada Urbana,PONTE VITTORIO EMANUELE II,all'intersezione semaforizzata con,LUNGOTEVERE IN SASSIA,LUNGOTEVERE IN SASSIA,,,Scontro laterale fra veicoli in marcia,Incrocio,Una carreggiata a senso unico di marcia,Asciutto,Asfaltata,Verticale ed orizzontale,Sereno,Scarso,Buona,Ore Diurne,0,0,0,2,12.4644,41.901,-1,2,Autovettura privata,In marcia / fermata / arresto,Conducente,M,Illeso,0,,,,,
3910152,1,04/07/2018 00:10:00,Strada Urbana,VIA CELIO VIBENNA,all'intersezione semaforizzata con,VIALE DEL PARCO DEL CELIO,VIALE DEL PARCO DEL CELIO,,,Veicolo in marcia contro veicolo arresto,Intersezione semaforizzata,Pi� di due carreggiate,Asciutto,Asfaltata,Verticale ed orizzontale,Sereno,Normale,Buona,Sufficiente,0,0,0,2,12.4936,41.8891,-1,1,Autovettura privata,In marcia / fermata / arresto,Conducente,M,Illeso,0,,,,,
3910152,1,04/07/2018 00:10:00,Strada Urbana,VIA CELIO VIBENNA,all'intersezione semaforizzata con,VIALE DEL PARCO DEL CELIO,VIALE DEL PARCO DEL CELIO,,,Veicolo in marcia contro veicolo arresto,Intersezione semaforizzata,Pi� di due carreggiate,Asciutto,Asfaltata,Verticale ed orizzontale,Sereno,Normale,Buona,Sufficiente,0,0,0,2,12.4936,41.8891,-1,2,Autovettura privata,In marcia / fermata / arresto,Conducente,F,Illeso,0,,,,,
3910164,19,06/07/2018 06:10:00,Strada Urbana,VIALE DELLE MEDAGLIE D'ORO,in prossimit�,,del civico n.,106,,Tamponamento,Rettilineo,Una carreggiata a doppio senso,Asciutto,Asfaltata,Verticale ed orizzontale,Sereno,Normale,Buona,Ore Diurne,0,0,0,2,12.4439,41.912,-1,1,Autovettura privata,In marcia / fermata / arresto,Conducente,F,Illeso,0,,Non accertato,Inesploso,,
3910164,19,06/07/2018 06:10:00,Strada Urbana,VIALE DELLE MEDAGLIE D'ORO,in prossimit�,,del civico n.,106,,Tamponamento,Rettilineo,Una carreggiata a doppio senso,Asciutto,Asfaltata,Verticale ed orizzontale,Sereno,Normale,Buona,Ore Diurne,0,0,0,2,12.4439,41.912,-1,2,Autovettura privata,In marcia / fermata / arresto,Conducente,M,Illeso,0,,Non accertato,Inesploso,,
3910167,18,07/07/2018 00:15:00,Strada Urbana,VIA ANASTASIO II,in prossimit�,,del civico n.,319,,Veicolo in marcia contro ostacolo accidentale,Rettilineo,Una carreggiata a senso unico di marcia,Sdrucciolevole (pietrisco),Asfaltata,Verticale ed orizzontale,Sereno,Scarso,Buona,Sufficiente,2,0,0,0,12.4435,41.9044,-1,1,Motociclo con passeggero,In marcia / fermata / arresto,Conducente,M,Rimandato,0,NON DECEDUTO,Non accertato,,,
3910167,18,07/07/2018 00:15:00,Strada Urbana,VIA ANASTASIO II,in prossimit�,,del civico n.,319,,Veicolo in marcia contro ostacolo accidentale,Rettilineo,Una carreggiata a senso unico di marcia,Sdrucciolevole (pietrisco),Asfaltata,Verticale ed orizzontale,Sereno,Scarso,Buona,Sufficiente,2,0,0,0,12.4435,41.9044,-1,1,Motociclo con passeggero,In marcia / fermata / arresto,Passeggero,M,Rimandato,0,NON DECEDUTO,Non accertato,,,
3910176,1,04/07/2018 13:45:00,Strada Urbana,LUNGOTEVERE DE' CENCI,all'intersezione con,VIA BEATRICE CENCI,VIA BEATRICE CENCI,,,Scontro laterale fra veicoli in marcia,Incrocio,Una carreggiata a senso unico di marcia,Asciutto,Asfaltata,Verticale ed orizzontale,Sereno,Normale,Buona,Ore Diurne,0,0,0,2,12.4755,41.8919,-1,1,Autovettura privata,In marcia / fermata / arresto,Conducente,F,Illeso,0,,Non accertato,Inesploso,,
3910176,1,04/07/2018 13:45:00,Strada Urbana,LUNGOTEVERE DE' CENCI,all'intersezione con,VIA BEATRICE CENCI,VIA BEATRICE CENCI,,,Scontro laterale fra veicoli in marcia,Incrocio,Una carreggiata a senso unico di marcia,Asciutto,Asfaltata,Verticale ed orizzontale,Sereno,Normale,Buona,Ore Diurne,0,0,0,2,12.4755,41.8919,-1,2,Autovettura privata,In marcia / fermata / arresto,Conducente,M,Illeso,0,,Non accertato,Inesploso,,
3910214,16,06/07/2018 15:20:00,Strada Urbana,PIAZZALE ENRICO DUNANT,in corrispondenza,,del civico n.,11,,Scontro laterale fra veicoli in marcia,Rettilineo,Una carreggiata a senso unico di marcia,Asciutto,Asfaltata,Orizzontale,Sereno,Normale,Buona,Ore Diurne,0,0,0,6,12.4586,41.8723,-1,1,Autovettura privata,In marcia / fermata / arresto,Conducente,M,Illeso,0,,Non accertato,Inesploso,,
3910214,16,06/07/2018 15:20:00,Strada Urbana,PIAZZALE ENRICO DUNANT,in corrispondenza,,del civico n.,11,,Scontro laterale fra veicoli in marcia,Rettilineo,Una carreggiata a senso unico di marcia,Asciutto,Asfaltata,Orizzontale,Sereno,Normale,Buona,Ore Diurne,0,0,0,6,12.4586,41.8723,-1,2,Autovettura privata,In marcia / fermata / arresto,Conducente,M,Illeso,0,,Non accertato,Inesploso,,
3910214,16,06/07/2018 15:20:00,Strada Urbana,PIAZZALE ENRICO DUNANT,in corrispondenza,,del civico n.,11,,Scontro laterale fra veicoli in marcia,Rettilineo,Una carreggiata a senso unico di marcia,Asciutto,Asfaltata,Orizzontale,Sereno,Normale,Buona,Ore Diurne,0,0,0,6,12.4586,41.8723,-1,2,Autovettura privata,In marcia / fermata / arresto,Passeggero,M,Illeso,0,,Non accertato,Inesploso,,
3910214,16,06/07/2018 15:20:00,Strada Urbana,PIAZZALE ENRICO DUNANT,in corrispondenza,,del civico n.,11,,Scontro laterale fra veicoli in marcia,Rettilineo,Una carreggiata a senso unico di marcia,Asciutto,Asfaltata,Orizzontale,Sereno,Normale,Buona,Ore Diurne,0,0,0,6,12.4586,41.8723,-1,2,Autovettura privata,In marcia / fermata / arresto,Passeggero,F,Illeso,0,,Non accertato,Inesploso,,
3910214,16,06/07/2018 15:20:00,Strada Urbana,PIAZZALE ENRICO DUNANT,in corrispondenza,,del civico n.,11,,Scontro laterale fra veicoli in marcia,Rettilineo,Una carreggiata a senso unico di marcia,Asciutto,Asfaltata,Orizzontale,Sereno,Normale,Buona,Ore Diurne,0,0,0,6,12.4586,41.8723,-1,3,Autovettura privata,In marcia / fermata / arresto,Conducente,M,Illeso,0,,Non accertato,Inesploso,,
3910214,16,06/07/2018 15:20:00,Strada Urbana,PIAZZALE ENRICO DUNANT,in corrispondenza,,del civico n.,11,,Scontro laterale fra veicoli in marcia,Rettilineo,Una carreggiata a senso unico di marcia,Asciutto,Asfaltata,Orizzontale,Sereno,Normale,Buona,Ore Diurne,0,0,0,6,12.4586,41.8723,-1,3,Autovettura privata,In marcia / fermata / arresto,Passeggero,F,Illeso,0,,Non accertato,Inesploso,,
3910216,3,07/07/2018 10:10:00,Strada Urbana,VIALE VENTUNO APRILE,da specificare,,,,fronte civico 38,Tamponamento Multiplo,Rettilineo,Due carreggiate,Asciutto,Asfaltata,Verticale ed orizzontale,Sereno,Normale,Buona,Ore Diurne,0,0,0,4,12.52,41.9177,-1,1,Autobus di linea,In marcia / fermata / arresto,Conducente,M,Illeso,0,,Non accertato,,,
3910216,3,07/07/2018 10:10:00,Strada Urbana,VIALE VENTUNO APRILE,da specificare,,,,fronte civico 38,Tamponamento Multiplo,Rettilineo,Due carreggiate,Asciutto,Asfaltata,Verticale ed orizzontale,Sereno,Normale,Buona,Ore Diurne,0,0,0,4,12.52,41.9177,-1,2,Autovettura privata,In marcia / fermata / arresto,Conducente,F,Illeso,0,,Non accertato,,,
3910216,3,07/07/2018 10:10:00,Strada Urbana,VIALE VENTUNO APRILE,da specificare,,,,fronte civico 38,Tamponamento Multiplo,Rettilineo,Due carreggiate,Asciutto,Asfaltata,Verticale ed orizzontale,Sereno,Normale,Buona,Ore Diurne,0,0,0,4,12.52,41.9177,-1,2,Autovettura privata,In marcia / fermata / arresto,Passeggero,F,Illeso,0,,Non accertato,,,
3910216,3,07/07/2018 10:10:00,Strada Urbana,VIALE VENTUNO APRILE,da specificare,,,,fronte civico 38,Tamponamento Multiplo,Rettilineo,Due carreggiate,Asciutto,Asfaltata,Verticale ed orizzontale,Sereno,Normale,Buona,Ore Diurne,0,0,0,4,12.52,41.9177,-1,3,Autovettura privata,In marcia / fermata / arresto,Conducente,M,Illeso,0,,Non accertato,,,
3910229,18,07/07/2018 12:20:00,Strada Urbana,VIA LEONE XIII,all'intersezione con,VIA PIO IV,VIA PIO IV,,,Veicolo in marcia contro ostacolo accidentale,Intersezione stradale segnalata,Due carreggiate,Asciutto,Asfaltata,Verticale ed orizzontale,Sereno,Normale,Buona,Ore Diurne,0,0,0,1,12.4404,41.8869,-1,1,Autovettura privata,In marcia / fermata / arresto,Conducente,M,Illeso,0,,,,,
3910238,3,07/07/2018 15:10:00,Strada Urbana,PIAZZALE DELLE PROVINCIE,da specificare,,,,fr civ 18,Scontro frontale/laterale DX fra veicoli in marcia,Rotatoria,Una carreggiata a senso unico di marcia,Asciutto,Asfaltata,Verticale ed orizzontale,Sereno,Normale,Buona,Ore Diurne,0,0,0,2,12.5209,41.9094,-1,1,Motociclo a solo,In marcia / fermata / arresto,Conducente,M,Illeso,0,,Non accertato,,,
3910238,3,07/07/2018 15:10:00,Strada Urbana,PIAZZALE DELLE PROVINCIE,da specificare,,,,fr civ 18,Scontro frontale/laterale DX fra veicoli in marcia,Rotatoria,Una carreggiata a senso unico di marcia,Asciutto,Asfaltata,Verticale ed orizzontale,Sereno,Normale,Buona,Ore Diurne,0,0,0,2,12.5209,41.9094,-1,2,Autovettura privata,In marcia / fermata / arresto,Conducente,F,Illeso,0,,Non accertato,Inesploso,,
3910255,3,07/07/2018 01:43:00,Strada Urbana,CIRCONVALLAZIONE NOMENTANA,da specificare,,,,direz salaria usc V. LIVORNO,Tamponamento,Rettilineo,Pi� di due carreggiate,Asciutto,Asfaltata,Verticale ed orizzontale,Sereno,Scarso,Sufficiente,Sufficiente,1,0,0,1,12.5276,41.916,-1,1,Autovettura privata,In marcia / fermata / arresto,Conducente,F,Illeso,0,,Non accertato,Inesploso,,
3910255,3,07/07/2018 01:43:00,Strada Urbana,CIRCONVALLAZIONE NOMENTANA,da specificare,,,,direz salaria usc V. LIVORNO,Tamponamento,Rettilineo,Pi� di due carreggiate,Asciutto,Asfaltata,Verticale ed orizzontale,Sereno,Scarso,Sufficiente,Sufficiente,1,0,0,1,12.5276,41.916,-1,2,Motociclo a solo,In marcia / fermata / arresto,Conducente,M,Rimandato,0,NON DECEDUTO,Non accertato,,,
3910257,16,06/07/2018 17:10:00,Strada Urbana,VIA PORTUENSE,in prossimit�,,del civico n.,60,,Scontro frontale/laterale SX fra veicoli in marcia,Rettilineo,Una carreggiata a doppio senso,Asciutto,Asfaltata,Orizzontale,Sereno,Normale,Buona,Ore Diurne,1,0,0,1,12.4692,41.8796,-1,1,Autovettura privata,In marcia / fermata / arresto,Conducente,F,Illeso,0,,Non accertato,Inesploso,,
3910257,16,06/07/2018 17:10:00,Strada Urbana,VIA PORTUENSE,in prossimit�,,del civico n.,60,,Scontro frontale/laterale SX fra veicoli in marcia,Rettilineo,Una carreggiata a doppio senso,Asciutto,Asfaltata,Orizzontale,Sereno,Normale,Buona,Ore Diurne,1,0,0,1,12.4692,41.8796,-1,2,Motociclo a solo,In marcia / fermata / arresto,Conducente,M,Rimandato,0,NON DECEDUTO,Non accertato,,,
3910267,1,04/07/2018 20:30:00,Strada Urbana,LUNGOTEVERE IN AUGUSTA,da specificare,,,,FRONTE PALO ACEA N.  9,Scontro frontale/laterale DX fra veicoli in marcia,Rettilineo,Una carreggiata a senso unico di marcia,Asciutto,Asfaltata,Verticale ed orizzontale,Sereno,Normale,Buona,Sufficiente,0,0,0,2,12.4748,41.9076,-1,1,Motociclo a solo,In marcia / fermata / arresto,Conducente,F,Illeso,0,,Non accertato,,,
3910267,1,04/07/2018 20:30:00,Strada Urbana,LUNGOTEVERE IN AUGUSTA,da specificare,,,,FRONTE PALO ACEA N.  9,Scontro frontale/laterale DX fra veicoli in marcia,Rettilineo,Una carreggiata a senso unico di marcia,Asciutto,Asfaltata,Verticale ed orizzontale,Sereno,Normale,Buona,Sufficiente,0,0,0,2,12.4748,41.9076,-1,2,Autovettura privata,In marcia / fermata / arresto,Conducente,M,Illeso,0,,Non accertato,Inesploso,,
3910269,3,06/07/2018 18:10:00,Strada Urbana,CIRCONVALLAZIONE NOMENTANA,da specificare,,,,rampa imm direz Salaria alt Staz tiburtina,Veicolo in marcia contro ostacolo accidentale,Rettilineo,Una carreggiata a senso unico di marcia,Asciutto,Asfaltata,Verticale ed orizzontale,Sereno,Normale,Buona,Ore Diurne,1,0,0,0,12.5273,41.9185,-1,1,Motociclo a solo,In marcia / fermata / arresto,Conducente,M,Rimandato,0,NON DECEDUTO,Non accertato,,,
3910290,18,09/07/2018 14:15:00,Strada Urbana,VIA DI BOCCEA,in prossimit�,,del civico n.,691,,Scontro laterale fra veicoli in marcia,Curva senza visuale libera,Una carreggiata a doppio senso,Asciutto,Asfaltata,Verticale ed orizzontale,Sereno,Normale,Buona,Ore Diurne,0,0,0,4,12.372,41.9217,-1,1,Autocarro inferiore 35 q.,In marcia / fermata / arresto,Conducente,M,Illeso,0,,Non accertato,Inesploso,,
3910290,18,09/07/2018 14:15:00,Strada Urbana,VIA DI BOCCEA,in prossimit�,,del civico n.,691,,Scontro laterale fra veicoli in marcia,Curva senza visuale libera,Una carreggiata a doppio senso,Asciutto,Asfaltata,Verticale ed orizzontale,Sereno,Normale,Buona,Ore Diurne,0,0,0,4,12.372,41.9217,-1,1,Autocarro inferiore 35 q.,In marcia / fermata / arresto,Passeggero,M,Illeso,0,,Non accertato,Inesploso,,
3910290,18,09/07/2018 14:15:00,Strada Urbana,VIA DI BOCCEA,in prossimit�,,del civico n.,691,,Scontro laterale fra veicoli in marcia,Curva senza visuale libera,Una carreggiata a doppio senso,Asciutto,Asfaltata,Verticale ed orizzontale,Sereno,Normale,Buona,Ore Diurne,0,0,0,4,12.372,41.9217,-1,2,Autovettura privata,In marcia / fermata / arresto,Conducente,M,Illeso,0,,Non accertato,Inesploso,,
3910290,18,09/07/2018 14:15:00,Strada Urbana,VIA DI BOCCEA,in prossimit�,,del civico n.,691,,Scontro laterale fra veicoli in marcia,Curva senza visuale libera,Una carreggiata a doppio senso,Asciutto,Asfaltata,Verticale ed orizzontale,Sereno,Normale,Buona,Ore Diurne,0,0,0,4,12.372,41.9217,-1,2,Autovettura privata,In marcia / fermata / arresto,Passeggero,M,Illeso,0,,Non accertato,Inesploso,,
3910299,17,09/07/2018 12:00:00,Strada Urbana,PIAZZALE DEGLI EROI,da specificare,,,,fronte scuola GB Vico,Scontro laterale fra veicoli in marcia,Rettilineo,Una carreggiata a senso unico di marcia,Asciutto,Asfaltata,Verticale ed orizzontale,Sereno,Normale,Buona,Ore Diurne,0,0,0,2,12.4485,41.9091,-1,1,Autocarro inferiore 35 q.,In marcia / fermata / arresto,Conducente,M,Illeso,0,,,,,
3910299,17,09/07/2018 12:00:00,Strada Urbana,PIAZZALE DEGLI EROI,da specificare,,,,fronte scuola GB Vico,Scontro laterale fra veicoli in marcia,Rettilineo,Una carreggiata a senso unico di marcia,Asciutto,Asfaltata,Verticale ed orizzontale,Sereno,Normale,Buona,Ore Diurne,0,0,0,2,12.4485,41.9091,-1,2,Motociclo a solo,In marcia / fermata / arresto,Conducente,M,Illeso,0,,,,,
3910317,1,04/07/2018 09:25:00,Strada Urbana,PONTE SUBLICIO,all'intersezione semaforizzata con,LUNGOTEVERE TESTACCIO,LUNGOTEVERE TESTACCIO,,,Scontro laterale fra veicoli in marcia,Intersezione semaforizzata,Una carreggiata a doppio senso,Asciutto,Asfaltata,Verticale,Sereno,Normale,Buona,Ore Diurne,0,0,0,3,12.4751,41.8833,-1,1,Autovettura di polizia,In marcia / fermata / arresto,Conducente,M,Illeso,0,,Non accertato,Inesistente,,
3910317,1,04/07/2018 09:25:00,Strada Urbana,PONTE SUBLICIO,all'intersezione semaforizzata con,LUNGOTEVERE TESTACCIO,LUNGOTEVERE TESTACCIO,,,Scontro laterale fra veicoli in marcia,Intersezione semaforizzata,Una carreggiata a doppio senso,Asciutto,Asfaltata,Verticale,Sereno,Normale,Buona,Ore Diurne,0,0,0,3,12.4751,41.8833,-1,1,Autovettura di polizia,In marcia / fermata / arresto,Passeggero,M,Illeso,0,,Non accertato,Inesistente,,
3910317,1,04/07/2018 09:25:00,Strada Urbana,PONTE SUBLICIO,all'intersezione semaforizzata con,LUNGOTEVERE TESTACCIO,LUNGOTEVERE TESTACCIO,,,Scontro laterale fra veicoli in marcia,Intersezione semaforizzata,Una carreggiata a doppio senso,Asciutto,Asfaltata,Verticale,Sereno,Normale,Buona,Ore Diurne,0,0,0,3,12.4751,41.8833,-1,2,Autovettura privata,In marcia / fermata / arresto,Conducente,M,Illeso,0,,Non accertato,Inesploso,,
3910345,6,09/07/2018 15:50:00,Strada Urbana,LARGO PRENESTE,all'intersezione semaforizzata con,VIA PRENESTINA,VIA PRENESTINA,,,Scontro laterale fra veicoli in marcia,Intersezione semaforizzata,Una carreggiata a doppio senso,Asciutto,Asfaltata,Verticale ed orizzontale,Sereno,Normale,Buona,Ore Diurne,0,0,0,2,12.5419,41.8926,-1,1,Autovettura privata,In marcia / fermata / arresto,Conducente,M,Illeso,0,,Non accertato,Inesploso,,
3910345,6,09/07/2018 15:50:00,Strada Urbana,LARGO PRENESTE,all'intersezione semaforizzata con,VIA PRENESTINA,VIA PRENESTINA,,,Scontro laterale fra veicoli in marcia,Intersezione semaforizzata,Una carreggiata a doppio senso,Asciutto,Asfaltata,Verticale ed orizzontale,Sereno,Normale,Buona,Ore Diurne,0,0,0,2,12.5419,41.8926,-1,2,Autocarro inferiore 35 q.,In marcia / fermata / arresto,Conducente,M,Illeso,0,,Non accertato,Inesploso,,
3910349,16,07/07/2018 04:15:00,Strada Urbana,VIA DEL MONTE DELLE CAPRE,in prossimit�,,del civico n.,5,,Veicolo in marcia contro veicoli in sosta,Rettilineo,Una carreggiata a doppio senso,Asciutto,Asfaltata,Verticale ed orizzontale,Sereno,Scarso,Buona,Sufficiente,0,0,0,2,12.4358,41.8445,-1,1,Autovettura privata,In marcia / fermata / arresto,Conducente,M,Illeso,0,,,,,
3910349,16,07/07/2018 04:15:00,Strada Urbana,VIA DEL MONTE DELLE CAPRE,in prossimit�,,del civico n.,5,,Veicolo in marcia contro veicoli in sosta,Rettilineo,Una carreggiata a doppio senso,Asciutto,Asfaltata,Verticale ed orizzontale,Sereno,Scarso,Buona,Sufficiente,0,0,0,2,12.4358,41.8445,-1,1,Autovettura privata,In marcia / fermata / arresto,Passeggero,M,Illeso,0,,,,,
3910367,1,04/07/2018 11:00:00,Strada Urbana,PIAZZA DI PORTA CAPENA,all'intersezione semaforizzata con,VIALE GUIDO BACCELLI,VIALE GUIDO BACCELLI,,,Scontro laterale fra veicoli in marcia,Intersezione semaforizzata,Due carreggiate,Asciutto,Asfaltata,Verticale ed orizzontale,Sereno,Normale,Buona,Ore Diurne,2,0,0,0,12.4895,41.8842,-1,1,Motociclo a solo,In marcia / fermata / arresto,Conducente,M,Rifiuta cure immediate,0,NON DECEDUTO,Non accertato,,,
3910367,1,04/07/2018 11:00:00,Strada Urbana,PIAZZA DI PORTA CAPENA,all'intersezione semaforizzata con,VIALE GUIDO BACCELLI,VIALE GUIDO BACCELLI,,,Scontro laterale fra veicoli in marcia,Intersezione semaforizzata,Due carreggiate,Asciutto,Asfaltata,Verticale ed orizzontale,Sereno,Normale,Buona,Ore Diurne,2,0,0,0,12.4895,41.8842,-1,2,Motociclo a solo,In marcia / fermata / arresto,Conducente,M,Rimandato,0,NON DECEDUTO,Non accertato,,,
3910388,17,09/07/2018 00:30:00,Strada Urbana,LUNGOTEVERE DELLE ARMI,da specificare,,,,fermo per incolonnamento alt. piazza cinque giorna,Scontro laterale fra veicoli in marcia,Rettilineo,Una carreggiata a senso unico di marcia,Asciutto,Asfaltata,Verticale ed orizzontale,Sereno,Normale,Sufficiente,Sufficiente,0,0,0,3,12.4696,41.9165,0,1,Autovettura privata,In marcia / fermata / arresto,Conducente,F,Illeso,0,,,,,
3910388,17,09/07/2018 00:30:00,Strada Urbana,LUNGOTEVERE DELLE ARMI,da specificare,,,,fermo per incolonnamento alt. piazza cinque giorna,Scontro laterale fra veicoli in marcia,Rettilineo,Una carreggiata a senso unico di marcia,Asciutto,Asfaltata,Verticale ed orizzontale,Sereno,Normale,Sufficiente,Sufficiente,0,0,0,3,12.4696,41.9165,0,1,Autovettura privata,In marcia / fermata / arresto,Passeggero,F,Illeso,0,,,,,
3910459,16,08/07/2018 10:15:00,Strada Urbana,VIA DI MALAGROTTA,da specificare,,,,FRONTE PALO ACEA 468,Veicolo in marcia contro ostacolo accidentale,Rettilineo,Una carreggiata a doppio senso,Asciutto,Asfaltata,Orizzontale,Sereno,Scarso,Buona,Ore Diurne,0,0,0,2,12.3292,41.8641,-1,1,Autovettura privata,In marcia / fermata / arresto,Conducente,M,Illeso,0,,Non accertato,Inesploso,,
3910459,16,08/07/2018 10:15:00,Strada Urbana,VIA DI MALAGROTTA,da specificare,,,,FRONTE PALO ACEA 468,Veicolo in marcia contro ostacolo accidentale,Rettilineo,Una carreggiata a doppio senso,Asciutto,Asfaltata,Orizzontale,Sereno,Scarso,Buona,Ore Diurne,0,0,0,2,12.3292,41.8641,-1,1,Autovettura privata,In marcia / fermata / arresto,Passeggero,M,Illeso,0,,Non accertato,Inesploso,,
3910460,6,09/07/2018 16:30:00,Strada Urbana,VIA DI ACQUA BULLICANTE,in corrispondenza,,del civico n.,1,,Investimento di pedone,Rettilineo,Una carreggiata a doppio senso,Asciutto,Asfaltata,Orizzontale,Sereno,Normale,Buona,Ore Diurne,1,0,0,1,12.5426,41.8807,-1,,,,Pedone,F,Rimandato,0,NON DECEDUTO,,,,
3910460,6,09/07/2018 16:30:00,Strada Urbana,VIA DI ACQUA BULLICANTE,in corrispondenza,,del civico n.,1,,Investimento di pedone,Rettilineo,Una carreggiata a doppio senso,Asciutto,Asfaltata,Orizzontale,Sereno,Normale,Buona,Ore Diurne,1,0,0,1,12.5426,41.8807,-1,1,Autovettura privata,In marcia / fermata / arresto,Conducente,M,Illeso,0,,Non accertato,Inesploso,,
3910509,10,08/07/2018 09:45:00,Strada Urbana,VIALE TITO LABIENO,all'intersezione con,VIA CAIO CANULEIO,VIA CAIO CANULEIO,,,Scontro frontale/laterale DX fra veicoli in marcia,Incrocio,Una carreggiata a senso unico di marcia,Asciutto,Asfaltata,Verticale ed orizzontale,Sereno,Normale,Buona,Ore Diurne,1,0,0,1,12.5652,41.8515,-1,1,Autovettura privata,In marcia / fermata / arresto,Conducente,M,Illeso,0,,Non accertato,Inesploso,,
3910509,10,08/07/2018 09:45:00,Strada Urbana,VIALE TITO LABIENO,all'intersezione con,VIA CAIO CANULEIO,VIA CAIO CANULEIO,,,Scontro frontale/laterale DX fra veicoli in marcia,Incrocio,Una carreggiata a senso unico di marcia,Asciutto,Asfaltata,Verticale ed orizzontale,Sereno,Normale,Buona,Ore Diurne,1,0,0,1,12.5652,41.8515,-1,2,Autovettura privata,In marcia / fermata / arresto,Conducente,F,Rimandato,0,NON DECEDUTO,Non accertato,Esploso,,
3910512,9,09/07/2018 16:00:00,Strada Urbana,VIA APPIA NUOVA,in prossimit�,,del civico n.,651,,Veicolo in marcia contro veicolo in sosta,Rettilineo,Due carreggiate,Asciutto,Asfaltata,Verticale ed orizzontale,Sereno,Normale,Buona,Ore Diurne,0,0,0,1,12.5311,41.8663,-1,2,Autovettura privata,In marcia / fermata / arresto,Conducente,M,Illeso,0,,,,,