Protocollo,Gruppo,DataOraIncidente,Localizzazione1,STRADA1,Localizzazione2,STRADA2,Strada02,Chilometrica,DaSpecificare,NaturaIncidente,particolaritastrade,TipoStrada,FondoStradale,Pavimentazione,Segnaletica,CondizioneAtmosferica,Traffico,Visibilita,Illuminazione,NUM_FERITI,NUM_RISERVATA,NUM_MORTI,NUM_ILLESI,Longitudine,Latitudine,Confermato,Progressivo,TipoVeicolo,StatoVeicolo,TipoPersona,Sesso,Tipolesione,Deceduto,DecedutoDopo,CinturaCascoUtilizzato,Airbag,,
3911131,13,09/07/2018 16:15:00,Strada Urbana,VIA LITORANEA,in prossimit�,,del civico n.,200,,Veicolo in marcia contro veicolo in sosta,Rettilineo,Una carreggiata a doppio senso,Asciutto,Asfaltata,Orizzontale,Sereno,Normale,Buona,Ore Diurne,0,0,0,1,12.3475,41.7024,-1,1,Autovettura privata,In marcia / fermata / arresto,Conducente,F,Illeso,0,,Non accertato,Inesploso,,
3911136,1,05/07/2018 15:30:00,Strada Urbana,LARGO DI TORRE ARGENTINA,all'intersezione semaforizzata con,VIA DI TORRE ARGENTINA,VIA DI TORRE ARGENTINA,,,Scontro frontale/laterale SX fra veicoli in marcia,Intersezione semaforizzata,Una carreggiata a doppio senso,Asciutto,Asfaltata,Verticale ed orizzontale,Sereno,Normale,Buona,Ore Diurne,1,0,0,1,12.4765,41.896,-1,1,Motociclo a solo,In marcia / fermata / arresto,Conducente,M,Rimandato,0,NON DECEDUTO,Non accertato,,,
3911136,1,05/07/2018 15:30:00,Strada Urbana,LARGO DI TORRE ARGENTINA,all'intersezione semaforizzata con,VIA DI TORRE ARGENTINA,VIA DI TORRE ARGENTINA,,,Scontro frontale/laterale SX fra veicoli in marcia,Intersezione semaforizzata,Una carreggiata a doppio senso,Asciutto,Asfaltata,Verticale ed orizzontale,Sereno,Normale,Buona,Ore Diurne,1,0,0,1,12.4765,41.896,-1,2,Autovettura pubblica,In marcia / fermata / arresto,Conducente,M,Illeso,0,,Non accertato,Inesploso,,
3911142,10,09/07/2018 19:50:00,Strada Urbana,VIA TUSCOLANA,all'intersezione semaforizzata con,VIA ANTONINO ANILE,VIA ANTONINO ANILE,,,Scontro frontale/laterale DX fra veicoli in marcia,Intersezione semaforizzata,Due carreggiate,Asciutto,Asfaltata,Verticale ed orizzontale,Sereno,Normale,Buona,Ore Diurne,2,0,0,0,12.6255,41.8273,-1,1,Autovettura privata,In marcia / fermata / arresto,Conducente,M,Rimandato,0,NON DECEDUTO,Non accertato,Esploso,,
3911142,10,09/07/2018 19:50:00,Strada Urbana,VIA TUSCOLANA,all'intersezione semaforizzata con,VIA ANTONINO ANILE,VIA ANTONINO ANILE,,,Scontro frontale/laterale DX fra veicoli in marcia,Intersezione semaforizzata,Due carreggiate,Asciutto,Asfaltata,Verticale ed orizzontale,Sereno,Normale,Buona,Ore Diurne,2,0,0,0,12.6255,41.8273,-1,2,Autovettura privata,In marcia / fermata / arresto,Conducente,F,Rimandato,0,NON DECEDUTO,Non accertato,Esploso,,
3911154,5,09/07/2018 11:45:00,Strada Urbana,VIA VITTORIO VALLETTA,in prossimit�,,del civico n.,35,,Veicolo in marcia contro ostacolo accidentale,Rettilineo,Una carreggiata a doppio senso,Asciutto,Asfaltata,Assente,Sereno,Scarso,Buona,Ore Diurne,0,0,0,3,12.5677,41.9269,-1,1,Autovettura privata,In marcia / fermata / arresto,Conducente,F,Illeso,0,,Non accertato,,,
3911154,5,09/07/2018 11:45:00,Strada Urbana,VIA VITTORIO VALLETTA,in prossimit�,,del civico n.,35,,Veicolo in marcia contro ostacolo accidentale,Rettilineo,Una carreggiata a doppio senso,Asciutto,Asfaltata,Assente,Sereno,Scarso,Buona,Ore Diurne,0,0,0,3,12.5677,41.9269,-1,1,Autovettura privata,In marcia / fermata / arresto,Passeggero,F,Illeso,0,,Non accertato,,,
3911154,5,09/07/2018 11:45:00,Strada Urbana,VIA VITTORIO VALLETTA,in prossimit�,,del civico n.,35,,Veicolo in marcia contro ostacolo accidentale,Rettilineo,Una carreggiata a doppio senso,Asciutto,Asfaltata,Assente,Sereno,Scarso,Buona,Ore Diurne,0,0,0,3,12.5677,41.9269,-1,1,Autovettura privata,In marcia / fermata / arresto,Passeggero,M,Illeso,0,,Non accertato,,,
3911155,5,09/07/2018 13:40:00,Strada Urbana,VIA TIBURTINA,da specificare,,,,all'altezza di VIA LUIGI CESANA,Tamponamento,Rettilineo,Due carreggiate,Asciutto,Asfaltata,Verticale ed orizzontale,Sereno,Normale,Buona,Ore Diurne,1,0,0,2,12.5513,41.9113,-1,1,Autovettura privata,In marcia / fermata / arresto,Conducente,M,Illeso,0,,Non accertato,Inesistente,,
3911155,5,09/07/2018 13:40:00,Strada Urbana,VIA TIBURTINA,da specificare,,,,all'altezza di VIA LUIGI CESANA,Tamponamento,Rettilineo,Due carreggiate,Asciutto,Asfaltata,Verticale ed orizzontale,Sereno,Normale,Buona,Ore Diurne,1,0,0,2,12.5513,41.9113,-1,1,Autovettura privata,In marcia / fermata / arresto,Passeggero,F,Illeso,0,,Non accertato,Inesistente,,
3911155,5,09/07/2018 13:40:00,Strada Urbana,VIA TIBURTINA,da specificare,,,,all'altezza di VIA LUIGI CESANA,Tamponamento,Rettilineo,Due carreggiate,Asciutto,Asfaltata,Verticale ed orizzontale,Sereno,Normale,Buona,Ore Diurne,1,0,0,2,12.5513,41.9113,-1,2,Motociclo a solo,In marcia / fermata / arresto,Conducente,M,Rimandato,0,NON DECEDUTO,Non accertato,,,
3911158,5,09/07/2018 15:00:00,Strada Urbana,VIA DELLA VANGA,all'intersezione con,VIA MOZART,VIA MOZART,,,Scontro laterale fra veicoli in marcia,Intersezione non regolata/non segnalata,Due carreggiate,Asciutto,Asfaltata,Verticale ed orizzontale,Sereno,Normale,Buona,Ore Diurne,0,0,0,3,12.5642,41.9113,-1,1,Autovettura privata,In marcia / fermata / arresto,Conducente,F,Illeso,0,,Non accertato,Inesploso,,
3911158,5,09/07/2018 15:00:00,Strada Urbana,VIA DELLA VANGA,all'intersezione con,VIA MOZART,VIA MOZART,,,Scontro laterale fra veicoli in marcia,Intersezione non regolata/non segnalata,Due carreggiate,Asciutto,Asfaltata,Verticale ed orizzontale,Sereno,Normale,Buona,Ore Diurne,0,0,0,3,12.5642,41.9113,-1,2,Autovettura privata,In marcia / fermata / arresto,Conducente,F,Illeso,0,,Non accertato,Inesploso,,
3911158,5,09/07/2018 15:00:00,Strada Urbana,VIA DELLA VANGA,all'intersezione con,VIA MOZART,VIA MOZART,,,Scontro laterale fra veicoli in marcia,Intersezione non regolata/non segnalata,Due carreggiate,Asciutto,Asfaltata,Verticale ed orizzontale,Sereno,Normale,Buona,Ore Diurne,0,0,0,3,12.5642,41.9113,-1,2,Autovettura privata,In marcia / fermata / arresto,Passeggero,M,Illeso,0,,Non accertato,Inesploso,,
3911162,5,09/07/2018 18:35:00,Strada Urbana,VIA TIBURTINA,all'intersezione con,VIA DI TOR CERVARA,VIA DI TOR CERVARA,,,Scontro frontale/laterale SX fra veicoli in marcia,Intersezione stradale segnalata,Due carreggiate,Asciutto,Asfaltata,Verticale ed orizzontale,Sereno,Normale,Buona,Ore Diurne,0,0,0,2,12.5872,41.9327,-1,1,Motociclo a solo,In marcia / fermata / arresto,Conducente,M,Illeso,0,,Non accertato,,,
3911162,5,09/07/2018 18:35:00,Strada Urbana,VIA TIBURTINA,all'intersezione con,VIA DI TOR CERVARA,VIA DI TOR CERVARA,,,Scontro frontale/laterale SX fra veicoli in marcia,Intersezione stradale segnalata,Due carreggiate,Asciutto,Asfaltata,Verticale ed orizzontale,Sereno,Normale,Buona,Ore Diurne,0,0,0,2,12.5872,41.9327,-1,2,Autovettura privata,In marcia / fermata / arresto,Conducente,F,Illeso,0,,Non accertato,,,
3911174,18,09/07/2018 12:30:00,Strada Urbana,PIAZZA DI VILLA CARPEGNA,da specificare,,,,in prossimit� di Via dei Casali di San Pio V,Scontro laterale fra veicoli in marcia,Curva a visuale libera,Una carreggiata a senso unico di marcia,Asciutto,Asfaltata,Verticale ed orizzontale,Sereno,Scarso,Buona,Ore Diurne,0,0,0,3,12.4297,41.8954,-1,1,Autovettura privata,In marcia / fermata / arresto,Conducente,F,Illeso,0,,Non accertato,Inesploso,,
3911174,18,09/07/2018 12:30:00,Strada Urbana,PIAZZA DI VILLA CARPEGNA,da specificare,,,,in prossimit� di Via dei Casali di San Pio V,Scontro laterale fra veicoli in marcia,Curva a visuale libera,Una carreggiata a senso unico di marcia,Asciutto,Asfaltata,Verticale ed orizzontale,Sereno,Scarso,Buona,Ore Diurne,0,0,0,3,12.4297,41.8954,-1,1,Autovettura privata,In marcia / fermata / arresto,Passeggero,F,Illeso,0,,Non accertato,Inesploso,,
3911174,18,09/07/2018 12:30:00,Strada Urbana,PIAZZA DI VILLA CARPEGNA,da specificare,,,,in prossimit� di Via dei Casali di San Pio V,Scontro laterale fra veicoli in marcia,Curva a visuale libera,Una carreggiata a senso unico di marcia,Asciutto,Asfaltata,Verticale ed orizzontale,Sereno,Scarso,Buona,Ore Diurne,0,0,0,3,12.4297,41.8954,-1,2,Autobus turistico,In marcia / fermata / arresto,Conducente,M,Illeso,0,,Non accertato,Inesploso,,
3911177,1,09/07/2018 17:15:00,Strada Urbana,SALITA DI S. NICOLA DA TOLENTINO,in prossimit�,,del civico n.,27,,Veicolo in marcia contro ostacolo accidentale,Rettilineo,Una carreggiata a senso unico di marcia,Viscido da liquidi oleosi,Acciotolata,Verticale ed orizzontale,Sereno,Scarso,Buona,Ore Diurne,1,0,0,0,12.4929,41.9035,-1,1,Motociclo a solo,In marcia / fermata / arresto,Conducente,F,Rimandato,0,NON DECEDUTO,Non accertato,,,
3911184,19,09/07/2018 12:00:00,Strada Urbana,PIAZZA PASSO DEL PORDOI,da specificare,,,,altezza Via PIEVE DI CADORE,Scontro laterale fra veicoli in marcia,Rettilineo,Due carreggiate,Asciutto,Asfaltata,Verticale ed orizzontale,Sereno,Normale,Sufficiente,Ore Diurne,0,0,0,4,12.4413,41.9405,-1,1,Autovettura privata,In marcia / fermata / arresto,Conducente,M,Illeso,0,,Non accertato,Inesploso,,
3911184,19,09/07/2018 12:00:00,Strada Urbana,PIAZZA PASSO DEL PORDOI,da specificare,,,,altezza Via PIEVE DI CADORE,Scontro laterale fra veicoli in marcia,Rettilineo,Due carreggiate,Asciutto,Asfaltata,Verticale ed orizzontale,Sereno,Normale,Sufficiente,Ore Diurne,0,0,0,4,12.4413,41.9405,-1,1,Autovettura privata,In marcia / fermata / arresto,Passeggero,F,Illeso,0,,Non accertato,Inesploso,,
3911184,19,09/07/2018 12:00:00,Strada Urbana,PIAZZA PASSO DEL PORDOI,da specificare,,,,altezza Via PIEVE DI CADORE,Scontro laterale fra veicoli in marcia,Rettilineo,Due carreggiate,Asciutto,Asfaltata,Verticale ed orizzontale,Sereno,Normale,Sufficiente,Ore Diurne,0,0,0,4,12.4413,41.9405,-1,1,Autovettura privata,In marcia / fermata / arresto,Passeggero,M,Illeso,0,,Non accertato,,,
3911184,19,09/07/2018 12:00:00,Strada Urbana,PIAZZA PASSO DEL PORDOI,da specificare,,,,altezza Via PIEVE DI CADORE,Scontro laterale fra veicoli in marcia,Rettilineo,Due carreggiate,Asciutto,Asfaltata,Verticale ed orizzontale,Sereno,Normale,Sufficiente,Ore Diurne,0,0,0,4,12.4413,41.9405,-1,2,Motociclo a solo,In marcia / fermata / arresto,Conducente,M,Illeso,0,,Non accertato,Inesploso,,
3911187,7,09/07/2018 16:30:00,Strada Urbana,VIA COLLATINA,in prossimit�,,del civico n.,456,,Tamponamento,Curva a visuale libera,Una carreggiata a doppio senso,Asciutto,Asfaltata,Verticale ed orizzontale,Sereno,Normale,Buona,Ore Diurne,2,0,0,1,12.6128,41.9041,-1,,,,Pedone,M,Ricoverato,0,NON DECEDUTO,,,,
3911187,7,09/07/2018 16:30:00,Strada Urbana,VIA COLLATINA,in prossimit�,,del civico n.,456,,Tamponamento,Curva a visuale libera,Una carreggiata a doppio senso,Asciutto,Asfaltata,Verticale ed orizzontale,Sereno,Normale,Buona,Ore Diurne,2,0,0,1,12.6128,41.9041,-1,1,Autovettura privata,In marcia / fermata / arresto,Conducente,M,Illeso,0,,Non accertato,Inesploso,,
3911187,7,09/07/2018 16:30:00,Strada Urbana,VIA COLLATINA,in prossimit�,,del civico n.,456,,Tamponamento,Curva a visuale libera,Una carreggiata a doppio senso,Asciutto,Asfaltata,Verticale ed orizzontale,Sereno,Normale,Buona,Ore Diurne,2,0,0,1,12.6128,41.9041,-1,2,Autovettura privata,In marcia / fermata / arresto,Conducente,M,Rimandato,0,NON DECEDUTO,Non accertato,Esploso,,
3911192,13,09/07/2018 10:30:00,Strada Urbana,VIA DELLA PARANZELLA,in corrispondenza,,del civico n.,8,,Tamponamento,Rettilineo,Una carreggiata a senso unico di marcia,Asciutto,Asfaltata,Verticale ed orizzontale,Sereno,Scarso,Buona,Ore Diurne,0,0,0,1,12.2761,41.7332,-1,1,Autovettura privata,In marcia / fermata / arresto,Conducente,F,Illeso,0,,Non accertato,Inesploso,,
3911194,9,09/07/2018 19:50:00,Strada Urbana,VIA TUSCOLANA,da specificare,,,,pross VIA MONSELICE,Scontro laterale fra veicoli in marcia,Rettilineo,Una carreggiata a doppio senso,Asciutto,Asfaltata,Verticale ed orizzontale,Sereno,Normale,Buona,Ore Diurne,0,0,0,2,12.6017,41.8364,-1,1,Autovettura privata,In marcia / fermata / arresto,Conducente,M,Illeso,0,,,,,
3911194,9,09/07/2018 19:50:00,Strada Urbana,VIA TUSCOLANA,da specificare,,,,pross VIA MONSELICE,Scontro laterale fra veicoli in marcia,Rettilineo,Una carreggiata a doppio senso,Asciutto,Asfaltata,Verticale ed orizzontale,Sereno,Normale,Buona,Ore Diurne,0,0,0,2,12.6017,41.8364,-1,2,Autovettura privata,In marcia / fermata / arresto,Conducente,M,Illeso,0,,,,,
3911197,13,09/07/2018 09:15:00,Strada Urbana,VIA GIOVANNI LEONARDI,all'intersezione con,VIA DELLA VERBENA,VIA DELLA VERBENA,,,Scontro frontale/laterale SX fra veicoli in marcia,Incrocio,Una carreggiata a senso unico di marcia,Asciutto,Asfaltata,Verticale ed orizzontale,Sereno,Normale,Buona,Ore Diurne,0,0,0,2,12.3601,41.7865,-1,1,Autovettura privata,In marcia / fermata / arresto,Conducente,F,Illeso,0,,Non accertato,Inesploso,,
3911197,13,09/07/2018 09:15:00,Strada Urbana,VIA GIOVANNI LEONARDI,all'intersezione con,VIA DELLA VERBENA,VIA DELLA VERBENA,,,Scontro frontale/laterale SX fra veicoli in marcia,Incrocio,Una carreggiata a senso unico di marcia,Asciutto,Asfaltata,Verticale ed orizzontale,Sereno,Normale,Buona,Ore Diurne,0,0,0,2,12.3601,41.7865,-1,2,Autovettura privata,In marcia / fermata / arresto,Conducente,M,Illeso,0,,Non accertato,Inesploso,,
3911219,19,09/07/2018 19:00:00,Strada Urbana,VIA TRIONFALE,in prossimit�,,del civico n.,7203,,Tamponamento,Rettilineo,Due carreggiate,Asciutto,Asfaltata,Verticale ed orizzontale,Sereno,Normale,Buona,Ore Diurne,2,0,0,1,12.4374,41.9358,-1,1,Autocarro inferiore 35 q.,In marcia / fermata / arresto,Conducente,M,Illeso,0,,Non accertato,Inesploso,,
3911219,19,09/07/2018 19:00:00,Strada Urbana,VIA TRIONFALE,in prossimit�,,del civico n.,7203,,Tamponamento,Rettilineo,Due carreggiate,Asciutto,Asfaltata,Verticale ed orizzontale,Sereno,Normale,Buona,Ore Diurne,2,0,0,1,12.4374,41.9358,-1,2,Autovettura privata,In marcia / fermata / arresto,Conducente,M,Rimandato,0,NON DECEDUTO,Non accertato,Inesploso,,
3911219,19,09/07/2018 19:00:00,Strada Urbana,VIA TRIONFALE,in prossimit�,,del civico n.,7203,,Tamponamento,Rettilineo,Due carreggiate,Asciutto,Asfaltata,Verticale ed orizzontale,Sereno,Normale,Buona,Ore Diurne,2,0,0,1,12.4374,41.9358,-1,2,Autovettura privata,In marcia / fermata / arresto,Passeggero,F,Rimandato,0,NON DECEDUTO,Non accertato,Inesploso,,
3911226,18,07/07/2018 02:55:00,Strada Urbana,LUNGOTEVERE MARESCIALLO CADORNA,da specificare,,,,ALTEZZA VIA PRATO FALCONE,Scontro laterale fra veicoli in marcia,Rettilineo,Una carreggiata a senso unico di marcia,Asciutto,Asfaltata,Verticale ed orizzontale,Sereno,Scarso,Sufficiente,Sufficiente,0,0,0,2,12.4586,41.9248,-1,1,Autovettura privata,In marcia / fermata / arresto,Conducente,M,Illeso,0,,,,,
3911226,18,07/07/2018 02:55:00,Strada Urbana,LUNGOTEVERE MARESCIALLO CADORNA,da specificare,,,,ALTEZZA VIA PRATO FALCONE,Scontro laterale fra veicoli in marcia,Rettilineo,Una carreggiata a senso unico di marcia,Asciutto,Asfaltata,Verticale ed orizzontale,Sereno,Scarso,Sufficiente,Sufficiente,0,0,0,2,12.4586,41.9248,-1,2,Autovettura privata,In marcia / fermata / arresto,Conducente,M,Illeso,0,,,,,
3911227,13,09/07/2018 19:50:00,Strada Urbana,VIA DELLA CORAZZATA,all'intersezione con,PIAZZA MARCO VIPSANIO AGRIPPA,PIAZZA MARCO VIPSANIO AGRIPPA,,,Investimento di pedone,Incrocio,Una carreggiata a doppio senso,Asciutto,Asfaltata,Verticale ed orizzontale,Sereno,Normale,Buona,Ore Diurne,2,0,0,1,12.2638,41.7364,-1,,,,Pedone,F,Rimandato,0,NON DECEDUTO,,,,
3911227,13,09/07/2018 19:50:00,Strada Urbana,VIA DELLA CORAZZATA,all'intersezione con,PIAZZA MARCO VIPSANIO AGRIPPA,PIAZZA MARCO VIPSANIO AGRIPPA,,,Investimento di pedone,Incrocio,Una carreggiata a doppio senso,Asciutto,Asfaltata,Verticale ed orizzontale,Sereno,Normale,Buona,Ore Diurne,2,0,0,1,12.2638,41.7364,-1,,,,Pedone,F,Ricoverato,0,NON DECEDUTO,,,,
3911227,13,09/07/2018 19:50:00,Strada Urbana,VIA DELLA CORAZZATA,all'intersezione con,PIAZZA MARCO VIPSANIO AGRIPPA,PIAZZA MARCO VIPSANIO AGRIPPA,,,Investimento di pedone,Incrocio,Una carreggiata a doppio senso,Asciutto,Asfaltata,Verticale ed orizzontale,Sereno,Normale,Buona,Ore Diurne,2,0,0,1,12.2638,41.7364,-1,1,Autovettura privata,In marcia / fermata / arresto,Conducente,F,Illeso,0,,Non accertato,Inesploso,,
3911251,7,09/07/2018 14:30:00,Provinciale entro l'abitato,VIA PRENESTINA,all'intersezione con,VIA MANFREDONIA,VIA MANFREDONIA,,,Scontro laterale fra veicoli in marcia,Incrocio,Una carreggiata a doppio senso,Asciutto,Asfaltata,Verticale ed orizzontale,Sereno,Normale,Buona,Ore Diurne,1,0,0,1,12.5761,41.8946,-1,1,Autovettura privata,In marcia / fermata / arresto,Conducente,F,Illeso,0,,Non accertato,Inesploso,,
3911251,7,09/07/2018 14:30:00,Provinciale entro l'abitato,VIA PRENESTINA,all'intersezione con,VIA MANFREDONIA,VIA MANFREDONIA,,,Scontro laterale fra veicoli in marcia,Incrocio,Una carreggiata a doppio senso,Asciutto,Asfaltata,Verticale ed orizzontale,Sereno,Normale,Buona,Ore Diurne,1,0,0,1,12.5761,41.8946,-1,2,Motociclo con passeggero,In marcia / fermata / arresto,Conducente,M,Rimandato,0,NON DECEDUTO,,,,
3911254,1,09/07/2018 18:15:00,Strada Urbana,VIA BARBERINI,in corrispondenza,,del civico n.,60,,Veicolo in marcia contro ostacolo accidentale,Rettilineo,Una carreggiata a senso unico di marcia,Viscido da liquidi oleosi,Acciotolata,Verticale ed orizzontale,Sereno,Normale,Buona,Ore Diurne,2,0,0,0,12.4922,41.9046,-1,1,Motociclo con passeggero,In marcia / fermata / arresto,Conducente,M,Rimandato,0,NON DECEDUTO,Non accertato,,,
3911254,1,09/07/2018 18:15:00,Strada Urbana,VIA BARBERINI,in corrispondenza,,del civico n.,60,,Veicolo in marcia contro ostacolo accidentale,Rettilineo,Una carreggiata a senso unico di marcia,Viscido da liquidi oleosi,Acciotolata,Verticale ed orizzontale,Sereno,Normale,Buona,Ore Diurne,2,0,0,0,12.4922,41.9046,-1,1,Motociclo con passeggero,In marcia / fermata / arresto,Passeggero,M,Rimandato,0,NON DECEDUTO,,,,
3911259,7,10/07/2018 08:00:00,Strada Urbana,VIA DELLE ABELIE,all'intersezione con,VIA DEI LARICI,VIA DEI LARICI,,,Scontro frontale/laterale SX fra veicoli in marcia,Incrocio,Una carreggiata a senso unico di marcia,Asciutto,Asfaltata,Verticale ed orizzontale,Sereno,Scarso,Buona,Ore Diurne,0,0,0,3,12.5732,41.8931,-1,1,Autovettura privata,In marcia / fermata / arresto,Conducente,M,Illeso,0,,Non accertato,Inesploso,,
3911259,7,10/07/2018 08:00:00,Strada Urbana,VIA DELLE ABELIE,all'intersezione con,VIA DEI LARICI,VIA DEI LARICI,,,Scontro frontale/laterale SX fra veicoli in marcia,Incrocio,Una carreggiata a senso unico di marcia,Asciutto,Asfaltata,Verticale ed orizzontale,Sereno,Scarso,Buona,Ore Diurne,0,0,0,3,12.5732,41.8931,-1,2,Autovettura privata,In marcia / fermata / arresto,Conducente,M,Illeso,0,,Non accertato,Inesploso,,
3911259,7,10/07/2018 08:00:00,Strada Urbana,VIA DELLE ABELIE,all'intersezione con,VIA DEI LARICI,VIA DEI LARICI,,,Scontro frontale/laterale SX fra veicoli in marcia,Incrocio,Una carreggiata a senso unico di marcia,Asciutto,Asfaltata,Verticale ed orizzontale,Sereno,Scarso,Buona,Ore Diurne,0,0,0,3,12.5732,41.8931,-1,2,Autovettura privata,In marcia / fermata / arresto,Passeggero,F,Illeso,0,,Non accertato,Inesploso,,
3911261,12,09/07/2018 19:00:00,Strada Urbana,VIA CRISTOFORO COLOMBO,da specificare,,,,Prossimit� Via OCEANIA,Tamponamento,Rettilineo,Una carreggiata a senso unico di marcia,Asciutto,Asfaltata,Verticale ed orizzontale,Sereno,Intenso,Buona,Ore Diurne,0,0,0,3,12.4116,41.7858,-1,1,Quadriciclo leggero,In marcia / fermata / arresto,Conducente,F,Illeso,0,,,,,
3911261,12,09/07/2018 19:00:00,Strada Urbana,VIA CRISTOFORO COLOMBO,da specificare,,,,Prossimit� Via OCEANIA,Tamponamento,Rettilineo,Una carreggiata a senso unico di marcia,Asciutto,Asfaltata,Verticale ed orizzontale,Sereno,Intenso,Buona,Ore Diurne,0,0,0,3,12.4116,41.7858,-1,2,Autovettura privata,In marcia / fermata / arresto,Conducente,F,Illeso,0,,,Inesploso,,
3911261,12,09/07/2018 19:00:00,Strada Urbana,VIA CRISTOFORO COLOMBO,da specificare,,,,Prossimit� Via OCEANIA,Tamponamento,Rettilineo,Una carreggiata a senso unico di marcia,Asciutto,Asfaltata,Verticale ed orizzontale,Sereno,Intenso,Buona,Ore Diurne,0,0,0,3,12.4116,41.7858,-1,2,Autovettura privata,In marcia / fermata / arresto,Passeggero,F,Illeso,0,,,,,
3911271,10,10/07/2018 08:30:00,Strada Urbana,VIALE BRUNO RIZZIERI,da specificare,,,,rotatoria incrocio via Pelizzi,Tamponamento,Rotatoria,Due carreggiate,Asciutto,Asfaltata,Orizzontale,Sereno,Normale,Buona,Ore Diurne,0,0,0,2,12.5833,41.8522,-1,1,Autovettura privata,In marcia / fermata / arresto,Conducente,M,Illeso,0,,Non accertato,Inesploso,,
3911271,10,10/07/2018 08:30:00,Strada Urbana,VIALE BRUNO RIZZIERI,da specificare,,,,rotatoria incrocio via Pelizzi,Tamponamento,Rotatoria,Due carreggiate,Asciutto,Asfaltata,Orizzontale,Sereno,Normale,Buona,Ore Diurne,0,0,0,2,12.5833,41.8522,-1,2,Autovettura privata,In marcia / fermata / arresto,Conducente,M,Illeso,0,,Non accertato,Inesploso,,
3911291,7,09/07/2018 16:20:00,Strada Urbana,VIA DELLE PALME,in corrispondenza,,del civico n.,186,,Scontro laterale fra veicoli in marcia,Rettilineo,Una carreggiata a senso unico di marcia,Asciutto,Asfaltata,Orizzontale,Sereno,Normale,Buona,Ore Diurne,0,0,0,4,12.5719,41.8907,-1,1,Autovettura privata,In marcia / fermata / arresto,Conducente,M,Illeso,0,,Non accertato,Inesploso,,
3911291,7,09/07/2018 16:20:00,Strada Urbana,VIA DELLE PALME,in corrispondenza,,del civico n.,186,,Scontro laterale fra veicoli in marcia,Rettilineo,Una carreggiata a senso unico di marcia,Asciutto,Asfaltata,Orizzontale,Sereno,Normale,Buona,Ore Diurne,0,0,0,4,12.5719,41.8907,-1,1,Autovettura privata,In marcia / fermata / arresto,Passeggero,F,Illeso,0,,Non accertato,Inesploso,,
3911291,7,09/07/2018 16:20:00,Strada Urbana,VIA DELLE PALME,in corrispondenza,,del civico n.,186,,Scontro laterale fra veicoli in marcia,Rettilineo,Una carreggiata a senso unico di marcia,Asciutto,Asfaltata,Orizzontale,Sereno,Normale,Buona,Ore Diurne,0,0,0,4,12.5719,41.8907,-1,1,Autovettura privata,In marcia / fermata / arresto,Passeggero,F,Illeso,0,,Non accertato,Inesploso,,
3911291,7,09/07/2018 16:20:00,Strada Urbana,VIA DELLE PALME,in corrispondenza,,del civico n.,186,,Scontro laterale fra veicoli in marcia,Rettilineo,Una carreggiata a senso unico di marcia,Asciutto,Asfaltata,Orizzontale,Sereno,Normale,Buona,Ore Diurne,0,0,0,4,12.5719,41.8907,-1,2,Autovettura privata,In marcia / fermata / arresto,Conducente,F,Illeso,0,,Non accertato,Inesploso,,
3911328,1,05/07/2018 12:05:00,Strada Urbana,LUNGOTEVERE DEI PIERLEONI,in corrispondenza,,del palo luce n.,5,,Veicolo in marcia contro veicolo in sosta,Rettilineo,Una carreggiata a senso unico di marcia,Asciutto,Asfaltata,Verticale ed orizzontale,Nuvoloso,Normale,Buona,Ore Diurne,0,0,0,1,12.4796,41.8905,-1,2,Autovettura privata,In marcia / fermata / arresto,Conducente,F,Illeso,0,,Non accertato,,,
3911338,19,09/07/2018 19:15:00,Strada Urbana,VIA DELLA STORTA,in prossimit�,,del civico n.,798,,Scontro frontale/laterale SX fra veicoli in marcia,Curva senza visuale libera,Una carreggiata a doppio senso,Asciutto,Asfaltata,Verticale ed orizzontale,Sereno,Normale,Buona,Ore Diurne,2,0,0,1,12.3744,41.9971,-1,1,Autovettura privata,In marcia / fermata / arresto,Conducente,M,Illeso,0,,Non accertato,Esploso,,
3911338,19,09/07/2018 19:15:00,Strada Urbana,VIA DELLA STORTA,in prossimit�,,del civico n.,798,,Scontro frontale/laterale SX fra veicoli in marcia,Curva senza visuale libera,Una carreggiata a doppio senso,Asciutto,Asfaltata,Verticale ed orizzontale,Sereno,Normale,Buona,Ore Diurne,2,0,0,1,12.3744,41.9971,-1,2,Motociclo a solo,In marcia / fermata / arresto,Conducente,M,Rimandato,0,NON DECEDUTO,Non accertato,,,
3911338,19,09/07/2018 19:15:00,Strada Urbana,VIA DELLA STORTA,in prossimit�,,del civico n.,798,,Scontro frontale/laterale SX fra veicoli in marcia,Curva senza visuale libera,Una carreggiata a doppio senso,Asciutto,Asfaltata,Verticale ed orizzontale,Sereno,Normale,Buona,Ore Diurne,2,0,0,1,12.3744,41.9971,-1,2,Motociclo a solo,In marcia / fermata / arresto,Passeggero,M,Rimandato,0,NON DECEDUTO,Non accertato,,,