Protocollo,Gruppo,DataOraIncidente,Localizzazione1,STRADA1,Localizzazione2,STRADA2,Strada02,Chilometrica,DaSpecificare,NaturaIncidente,particolaritastrade,TipoStrada,FondoStradale,Pavimentazione,Segnaletica,CondizioneAtmosferica,Traffico,Visibilita,Illuminazione,NUM_FERITI,NUM_RISERVATA,NUM_MORTI,NUM_ILLESI,Longitudine,Latitudine,Confermato,Progressivo,TipoVeicolo,StatoVeicolo,TipoPersona,Sesso,Tipolesione,Deceduto,DecedutoDopo,CinturaCascoUtilizzato,Airbag,,
3911374,4,09/07/2018 15:50:00,Strada Urbana,VIA VAL D'OSSOLA,in corrispondenza,,del civico n.,14,,Veicolo in marcia contro veicoli in sosta,Rettilineo,Due carreggiate,Asciutto,Asfaltata,Assente,Sereno,Normale,Buona,Ore Diurne,0,0,0,2,12.5297,41.9348,-1,1,Veicolo speciale,In marcia / fermata / arresto,Conducente,M,Illeso,0,,,,,
3911374,4,09/07/2018 15:50:00,Strada Urbana,VIA VAL D'OSSOLA,in corrispondenza,,del civico n.,14,,Veicolo in marcia contro veicoli in sosta,Rettilineo,Due carreggiate,Asciutto,Asfaltata,Assente,Sereno,Normale,Buona,Ore Diurne,0,0,0,2,12.5297,41.9348,-1,1,Veicolo speciale,In marcia / fermata / arresto,Passeggero,M,Illeso,0,,,,,
3911381,23,09/07/2018 18:15:00,Comunale extraurbana,VIA CRISTOFORO COLOMBO,in prossimit�,,della chilometrica,19.85,,Tamponamento,Rettilineo,Una carreggiata a senso unico di marcia,Asciutto,Asfaltata,Verticale ed orizzontale,Sereno,Scarso,Buona,Ore Diurne,1,0,0,1,12.3834,41.7655,-1,1,Autovettura privata,In marcia / fermata / arresto,Conducente,M,Illeso,0,,Utilizzato,Esploso,,
3911381,23,09/07/2018 18:15:00,Comunale extraurbana,VIA CRISTOFORO COLOMBO,in prossimit�,,della chilometrica,19.85,,Tamponamento,Rettilineo,Una carreggiata a senso unico di marcia,Asciutto,Asfaltata,Verticale ed orizzontale,Sereno,Scarso,Buona,Ore Diurne,1,0,0,1,12.3834,41.7655,-1,2,Autocarro inferiore 35 q.,In marcia / fermata / arresto,Conducente,M,Rimandato,0,NON DECEDUTO,Non accertato,Inesploso,,
3911389,7,09/07/2018 15:57:00,Strada Urbana,VIA CASILINA,all'intersezione con,PIAZZA SOR CAPANNA,PIAZZA SOR CAPANNA,,,Tamponamento,Incrocio,Una carreggiata a doppio senso,Asciutto,Asfaltata,Verticale ed orizzontale,Sereno,Normale,Buona,Sufficiente,0,0,0,3,12.5787,41.8714,-1,1,Motociclo a solo,In marcia / fermata / arresto,Conducente,M,Illeso,0,,,,,
3911389,7,09/07/2018 15:57:00,Strada Urbana,VIA CASILINA,all'intersezione con,PIAZZA SOR CAPANNA,PIAZZA SOR CAPANNA,,,Tamponamento,Incrocio,Una carreggiata a doppio senso,Asciutto,Asfaltata,Verticale ed orizzontale,Sereno,Normale,Buona,Sufficiente,0,0,0,3,12.5787,41.8714,-1,2,Autovettura privata,Allontanatosi,Conducente,M,Illeso,0,,Non accertato,Inesploso,,
3911389,7,09/07/2018 15:57:00,Strada Urbana,VIA CASILINA,all'intersezione con,PIAZZA SOR CAPANNA,PIAZZA SOR CAPANNA,,,Tamponamento,Incrocio,Una carreggiata a doppio senso,Asciutto,Asfaltata,Verticale ed orizzontale,Sereno,Normale,Buona,Sufficiente,0,0,0,3,12.5787,41.8714,-1,2,Autovettura privata,Allontanatosi,Passeggero,F,Illeso,0,,Non accertato,Inesploso,,
3911393,18,08/07/2018 09:15:00,Statale,VIA AURELIA,in prossimit�,,della chilometrica,14.55,,Tamponamento Multiplo,Rettilineo,Due carreggiate,Asciutto,Asfaltata,Verticale ed orizzontale,Sereno,Intenso,Buona,Ore Diurne,2,0,0,5,12.3367,41.8842,-1,1,Autovettura privata,In marcia / fermata / arresto,Conducente,M,Illeso,0,,,,,
3911393,18,08/07/2018 09:15:00,Statale,VIA AURELIA,in prossimit�,,della chilometrica,14.55,,Tamponamento Multiplo,Rettilineo,Due carreggiate,Asciutto,Asfaltata,Verticale ed orizzontale,Sereno,Intenso,Buona,Ore Diurne,2,0,0,5,12.3367,41.8842,-1,1,Autovettura privata,In marcia / fermata / arresto,Passeggero,F,Rimandato,0,NON DECEDUTO,,,,
3911393,18,08/07/2018 09:15:00,Statale,VIA AURELIA,in prossimit�,,della chilometrica,14.55,,Tamponamento Multiplo,Rettilineo,Due carreggiate,Asciutto,Asfaltata,Verticale ed orizzontale,Sereno,Intenso,Buona,Ore Diurne,2,0,0,5,12.3367,41.8842,-1,2,Autovettura privata,In marcia / fermata / arresto,Conducente,M,Rifiuta cure immediate,0,NON DECEDUTO,,,,
3911393,18,08/07/2018 09:15:00,Statale,VIA AURELIA,in prossimit�,,della chilometrica,14.55,,Tamponamento Multiplo,Rettilineo,Due carreggiate,Asciutto,Asfaltata,Verticale ed orizzontale,Sereno,Intenso,Buona,Ore Diurne,2,0,0,5,12.3367,41.8842,-1,3,Autovettura privata,In marcia / fermata / arresto,Conducente,M,Illeso,0,,,,,
3911393,18,08/07/2018 09:15:00,Statale,VIA AURELIA,in prossimit�,,della chilometrica,14.55,,Tamponamento Multiplo,Rettilineo,Due carreggiate,Asciutto,Asfaltata,Verticale ed orizzontale,Sereno,Intenso,Buona,Ore Diurne,2,0,0,5,12.3367,41.8842,-1,3,Autovettura privata,In marcia / fermata / arresto,Passeggero,F,Illeso,0,,,,,
3911393,18,08/07/2018 09:15:00,Statale,VIA AURELIA,in prossimit�,,della chilometrica,14.55,,Tamponamento Multiplo,Rettilineo,Due carreggiate,Asciutto,Asfaltata,Verticale ed orizzontale,Sereno,Intenso,Buona,Ore Diurne,2,0,0,5,12.3367,41.8842,-1,3,Autovettura privata,In marcia / fermata / arresto,Passeggero,F,Illeso,0,,,,,
3911393,18,08/07/2018 09:15:00,Statale,VIA AURELIA,in prossimit�,,della chilometrica,14.55,,Tamponamento Multiplo,Rettilineo,Due carreggiate,Asciutto,Asfaltata,Verticale ed orizzontale,Sereno,Intenso,Buona,Ore Diurne,2,0,0,5,12.3367,41.8842,-1,4,Autovettura privata,In marcia / fermata / arresto,Conducente,M,Illeso,0,,,,,
3911405,17,09/07/2018 15:50:00,Strada Urbana,VIA MARIANNA DIONIGI,all'intersezione con,VIA GIOVANNI PIERLUIGI DA PALESTRINA,VIA GIOVANNI PIERLUIGI DA PALESTRINA,,,Scontro frontale/laterale SX fra veicoli in marcia,Incrocio,Una carreggiata a senso unico di marcia,Asciutto,Asfaltata,Verticale ed orizzontale,Sereno,Normale,Buona,Ore Diurne,1,0,0,2,12.4713,41.9059,-1,1,Autovettura privata,In marcia / fermata / arresto,Conducente,F,Rifiuta cure immediate,0,NON DECEDUTO,,,,
3911405,17,09/07/2018 15:50:00,Strada Urbana,VIA MARIANNA DIONIGI,all'intersezione con,VIA GIOVANNI PIERLUIGI DA PALESTRINA,VIA GIOVANNI PIERLUIGI DA PALESTRINA,,,Scontro frontale/laterale SX fra veicoli in marcia,Incrocio,Una carreggiata a senso unico di marcia,Asciutto,Asfaltata,Verticale ed orizzontale,Sereno,Normale,Buona,Ore Diurne,1,0,0,2,12.4713,41.9059,-1,1,Autovettura privata,In marcia / fermata / arresto,Passeggero,M,Illeso,0,,,,,
3911405,17,09/07/2018 15:50:00,Strada Urbana,VIA MARIANNA DIONIGI,all'intersezione con,VIA GIOVANNI PIERLUIGI DA PALESTRINA,VIA GIOVANNI PIERLUIGI DA PALESTRINA,,,Scontro frontale/laterale SX fra veicoli in marcia,Incrocio,Una carreggiata a senso unico di marcia,Asciutto,Asfaltata,Verticale ed orizzontale,Sereno,Normale,Buona,Ore Diurne,1,0,0,2,12.4713,41.9059,-1,2,Autocarro inferiore 35 q.,In marcia / fermata / arresto,Conducente,M,Illeso,0,,,,,
3911406,17,09/07/2018 17:00:00,Strada Urbana,VIA LUIGI SETTEMBRINI,all'intersezione con,PIAZZA DELLE CINQUE GIORNATE,PIAZZA DELLE CINQUE GIORNATE,,,Scontro frontale/laterale DX fra veicoli in marcia,Incrocio,Due carreggiate,Asciutto,Asfaltata,Verticale ed orizzontale,Sereno,Normale,Buona,Ore Diurne,0,0,0,3,12.4694,41.9141,-1,1,Autovettura privata,In marcia / fermata / arresto,Conducente,F,Illeso,0,,,,,
3911406,17,09/07/2018 17:00:00,Strada Urbana,VIA LUIGI SETTEMBRINI,all'intersezione con,PIAZZA DELLE CINQUE GIORNATE,PIAZZA DELLE CINQUE GIORNATE,,,Scontro frontale/laterale DX fra veicoli in marcia,Incrocio,Due carreggiate,Asciutto,Asfaltata,Verticale ed orizzontale,Sereno,Normale,Buona,Ore Diurne,0,0,0,3,12.4694,41.9141,-1,2,Autovettura privata,In marcia / fermata / arresto,Conducente,F,Illeso,0,,,,,
3911406,17,09/07/2018 17:00:00,Strada Urbana,VIA LUIGI SETTEMBRINI,all'intersezione con,PIAZZA DELLE CINQUE GIORNATE,PIAZZA DELLE CINQUE GIORNATE,,,Scontro frontale/laterale DX fra veicoli in marcia,Incrocio,Due carreggiate,Asciutto,Asfaltata,Verticale ed orizzontale,Sereno,Normale,Buona,Ore Diurne,0,0,0,3,12.4694,41.9141,-1,2,Autovettura privata,In marcia / fermata / arresto,Passeggero,M,Illeso,0,,,,,
3911407,2,09/07/2018 12:15:00,Strada Urbana,PIAZZALE FLAMINIO,da specificare,,,,Via Luisa di Savoia,Scontro frontale/laterale SX fra veicoli in marcia,Rettilineo,Una carreggiata a doppio senso,Asciutto,Asfaltata,Verticale ed orizzontale,Sereno,Intenso,Buona,Ore Diurne,1,0,0,1,12.4751,41.9115,-1,1,Autovettura privata,In marcia / fermata / arresto,Conducente,M,Illeso,0,,,,,
3911407,2,09/07/2018 12:15:00,Strada Urbana,PIAZZALE FLAMINIO,da specificare,,,,Via Luisa di Savoia,Scontro frontale/laterale SX fra veicoli in marcia,Rettilineo,Una carreggiata a doppio senso,Asciutto,Asfaltata,Verticale ed orizzontale,Sereno,Intenso,Buona,Ore Diurne,1,0,0,1,12.4751,41.9115,-1,2,Motociclo a solo,In marcia / fermata / arresto,Conducente,M,Ricoverato,0,NON DECEDUTO,,,,
3911423,12,10/07/2018 08:55:00,Strada Urbana,PIAZZA GUGLIELMO MARCONI,da specificare,,,,fronte via Liszt,Scontro laterale fra veicoli in marcia,Rotatoria,Una carreggiata a senso unico di marcia,Asciutto,Asfaltata,Orizzontale,Sereno,Normale,Buona,Ore Diurne,1,0,0,1,12.4705,41.8335,-1,1,Motociclo a solo,In marcia / fermata / arresto,Conducente,M,Rimandato,0,NON DECEDUTO,,,,
3911423,12,10/07/2018 08:55:00,Strada Urbana,PIAZZA GUGLIELMO MARCONI,da specificare,,,,fronte via Liszt,Scontro laterale fra veicoli in marcia,Rotatoria,Una carreggiata a senso unico di marcia,Asciutto,Asfaltata,Orizzontale,Sereno,Normale,Buona,Ore Diurne,1,0,0,1,12.4705,41.8335,-1,2,Autovettura privata,In marcia / fermata / arresto,Conducente,M,Illeso,0,,Non accertato,Inesploso,,
3911425,1,05/07/2018 17:45:00,Strada Urbana,VIA DELLE TERME DECIANE,in corrispondenza,,del civico n.,13/A,,Scontro frontale/laterale SX fra veicoli in marcia,Rettilineo,Una carreggiata a doppio senso,Asciutto,Asfaltata,Verticale ed orizzontale,Sereno,Scarso,Buona,Ore Diurne,1,0,0,1,12.4851,41.8839,-1,1,Quadriciclo leggero,In marcia / fermata / arresto,Conducente,F,Illeso,0,,Non accertato,Inesploso,,
3911425,1,05/07/2018 17:45:00,Strada Urbana,VIA DELLE TERME DECIANE,in corrispondenza,,del civico n.,13/A,,Scontro frontale/laterale SX fra veicoli in marcia,Rettilineo,Una carreggiata a doppio senso,Asciutto,Asfaltata,Verticale ed orizzontale,Sereno,Scarso,Buona,Ore Diurne,1,0,0,1,12.4851,41.8839,-1,2,Motociclo a solo,In marcia / fermata / arresto,Conducente,M,Rimandato,0,NON DECEDUTO,Non accertato,,,
3911463,17,09/07/2018 19:05:00,Strada Urbana,PIAZZA GIUSEPPE MAZZINI,in prossimit�,,del civico n.,10,,Scontro laterale fra veicoli in marcia,Curva a visuale libera,Una carreggiata a senso unico di marcia,Asciutto,Asfaltata,Verticale ed orizzontale,Sereno,Normale,Buona,Ore Diurne,1,0,0,1,12.4641,41.9154,-1,1,Motociclo a solo,In marcia / fermata / arresto,Conducente,M,Ricoverato,0,NON DECEDUTO,,,,
3911463,17,09/07/2018 19:05:00,Strada Urbana,PIAZZA GIUSEPPE MAZZINI,in prossimit�,,del civico n.,10,,Scontro laterale fra veicoli in marcia,Curva a visuale libera,Una carreggiata a senso unico di marcia,Asciutto,Asfaltata,Verticale ed orizzontale,Sereno,Normale,Buona,Ore Diurne,1,0,0,1,12.4641,41.9154,-1,2,Autovettura privata,In marcia / fermata / arresto,Conducente,F,Illeso,0,,,,,
3911476,12,08/07/2018 22:15:00,Strada Urbana,VIA DI CASTEL DI LEVA,da specificare,,,,Prossimit� VIA DELLA CECCHIGNOLA,Scontro laterale fra veicoli in marcia,Rettilineo,Una carreggiata a doppio senso,Asciutto,Asfaltata,Orizzontale,Sereno,Scarso,Insufficiente,Inesistente,0,0,0,1,12.5081,41.7906,-1,1,Autobus di linea,In marcia / fermata / arresto,Conducente,M,Illeso,0,,,,,
3911477,1,05/07/2018 13:35:00,Strada Urbana,VIA PRINCIPE AMEDEO,in prossimit�,,del civico n.,231,,Scontro laterale fra veicoli in marcia,Rettilineo,Una carreggiata a senso unico di marcia,Asciutto,Asfaltata,Verticale ed orizzontale,Sereno,Scarso,Buona,Ore Diurne,0,0,0,2,12.5054,41.8957,-1,1,Autocarro inferiore 35 q.,In marcia / fermata / arresto,Conducente,M,Illeso,0,,Non accertato,Inesploso,,
3911477,1,05/07/2018 13:35:00,Strada Urbana,VIA PRINCIPE AMEDEO,in prossimit�,,del civico n.,231,,Scontro laterale fra veicoli in marcia,Rettilineo,Una carreggiata a senso unico di marcia,Asciutto,Asfaltata,Verticale ed orizzontale,Sereno,Scarso,Buona,Ore Diurne,0,0,0,2,12.5054,41.8957,-1,2,Autocarro inferiore 35 q.,In marcia / fermata / arresto,Conducente,M,Illeso,0,,Non accertato,Inesploso,,
3911481,18,07/07/2018 08:50:00,Statale,VIA AURELIA,in prossimit�,,della chilometrica,20.9,,Tamponamento Multiplo,Rettilineo,Due carreggiate,Asciutto,Asfaltata,Verticale ed orizzontale,Sereno,Intenso,Buona,Ore Diurne,0,0,0,8,12.2678,41.9059,-1,1,Autovettura privata,In marcia / fermata / arresto,Conducente,F,Illeso,0,,,,,
3911481,18,07/07/2018 08:50:00,Statale,VIA AURELIA,in prossimit�,,della chilometrica,20.9,,Tamponamento Multiplo,Rettilineo,Due carreggiate,Asciutto,Asfaltata,Verticale ed orizzontale,Sereno,Intenso,Buona,Ore Diurne,0,0,0,8,12.2678,41.9059,-1,1,Autovettura privata,In marcia / fermata / arresto,Passeggero,F,Illeso,0,,,,,
3911481,18,07/07/2018 08:50:00,Statale,VIA AURELIA,in prossimit�,,della chilometrica,20.9,,Tamponamento Multiplo,Rettilineo,Due carreggiate,Asciutto,Asfaltata,Verticale ed orizzontale,Sereno,Intenso,Buona,Ore Diurne,0,0,0,8,12.2678,41.9059,-1,2,Autovettura privata,In marcia / fermata / arresto,Conducente,M,Illeso,0,,,,,
3911481,18,07/07/2018 08:50:00,Statale,VIA AURELIA,in prossimit�,,della chilometrica,20.9,,Tamponamento Multiplo,Rettilineo,Due carreggiate,Asciutto,Asfaltata,Verticale ed orizzontale,Sereno,Intenso,Buona,Ore Diurne,0,0,0,8,12.2678,41.9059,-1,2,Autovettura privata,In marcia / fermata / arresto,Passeggero,F,Illeso,0,,,,,
3911481,18,07/07/2018 08:50:00,Statale,VIA AURELIA,in prossimit�,,della chilometrica,20.9,,Tamponamento Multiplo,Rettilineo,Due carreggiate,Asciutto,Asfaltata,Verticale ed orizzontale,Sereno,Intenso,Buona,Ore Diurne,0,0,0,8,12.2678,41.9059,-1,3,Autovettura privata,In marcia / fermata / arresto,Conducente,F,Illeso,0,,,,,
3911481,18,07/07/2018 08:50:00,Statale,VIA AURELIA,in prossimit�,,della chilometrica,20.9,,Tamponamento Multiplo,Rettilineo,Due carreggiate,Asciutto,Asfaltata,Verticale ed orizzontale,Sereno,Intenso,Buona,Ore Diurne,0,0,0,8,12.2678,41.9059,-1,3,Autovettura privata,In marcia / fermata / arresto,Passeggero,F,Illeso,0,,,,,
3911481,18,07/07/2018 08:50:00,Statale,VIA AURELIA,in prossimit�,,della chilometrica,20.9,,Tamponamento Multiplo,Rettilineo,Due carreggiate,Asciutto,Asfaltata,Verticale ed orizzontale,Sereno,Intenso,Buona,Ore Diurne,0,0,0,8,12.2678,41.9059,-1,4,Autovettura privata,In marcia / fermata / arresto,Conducente,M,Illeso,0,,,,,
3911481,18,07/07/2018 08:50:00,Statale,VIA AURELIA,in prossimit�,,della chilometrica,20.9,,Tamponamento Multiplo,Rettilineo,Due carreggiate,Asciutto,Asfaltata,Verticale ed orizzontale,Sereno,Intenso,Buona,Ore Diurne,0,0,0,8,12.2678,41.9059,-1,4,Autovettura privata,In marcia / fermata / arresto,Passeggero,F,Illeso,0,,,,,
3911493,2,09/07/2018 11:15:00,Strada Urbana,PIAZZA DI NOVELLA,da specificare,,,,pross. VIA OSTRIANA,Veicolo in marcia contro veicoli in sosta,Rettilineo,Una carreggiata a senso unico di marcia,Asciutto,Asfaltata,Verticale ed orizzontale,Sereno,Normale,Buona,Ore Diurne,1,0,0,0,12.5112,41.9311,-1,1,Autovettura privata,In marcia / fermata / arresto,Conducente,M,Ricoverato,0,NON DECEDUTO,Non accertato,Inesploso,,
3911500,1,05/07/2018 17:30:00,Strada Urbana,VIA LOMBARDIA,all'intersezione con,VIA AURORA,VIA AURORA,,,Scontro frontale/laterale DX fra veicoli in marcia,Incrocio,Una carreggiata a senso unico di marcia,Asciutto,Asfaltata,Assente,Sereno,Normale,Sufficiente,Ore Diurne,0,0,0,3,12.4875,41.9077,-1,1,Autovettura pubblica,In marcia / fermata / arresto,Conducente,M,Illeso,0,,Non accertato,Inesploso,,
3911500,1,05/07/2018 17:30:00,Strada Urbana,VIA LOMBARDIA,all'intersezione con,VIA AURORA,VIA AURORA,,,Scontro frontale/laterale DX fra veicoli in marcia,Incrocio,Una carreggiata a senso unico di marcia,Asciutto,Asfaltata,Assente,Sereno,Normale,Sufficiente,Ore Diurne,0,0,0,3,12.4875,41.9077,-1,2,Autovettura privata,In marcia / fermata / arresto,Conducente,M,Illeso,0,,Non accertato,Inesploso,,
3911500,1,05/07/2018 17:30:00,Strada Urbana,VIA LOMBARDIA,all'intersezione con,VIA AURORA,VIA AURORA,,,Scontro frontale/laterale DX fra veicoli in marcia,Incrocio,Una carreggiata a senso unico di marcia,Asciutto,Asfaltata,Assente,Sereno,Normale,Sufficiente,Ore Diurne,0,0,0,3,12.4875,41.9077,-1,2,Autovettura privata,In marcia / fermata / arresto,Passeggero,M,Illeso,0,,,,,
3911502,2,09/07/2018 09:25:00,Strada Urbana,PIAZZALE DEL PARCO DELLA RIMEMBRANZA,all'intersezione semaforizzata con,VIALE MARESCIALLO PILSUDSKI,VIALE MARESCIALLO PILSUDSKI,,,Veicolo in marcia contro veicolo arresto,Intersezione semaforizzata,Una carreggiata a doppio senso,Asciutto,Asfaltata,Verticale ed orizzontale,Sereno,Normale,Buona,Ore Diurne,0,0,0,2,12.4828,41.9289,-1,1,Autovettura privata,In marcia / fermata / arresto,Conducente,M,Illeso,0,,Non accertato,Inesploso,,
3911502,2,09/07/2018 09:25:00,Strada Urbana,PIAZZALE DEL PARCO DELLA RIMEMBRANZA,all'intersezione semaforizzata con,VIALE MARESCIALLO PILSUDSKI,VIALE MARESCIALLO PILSUDSKI,,,Veicolo in marcia contro veicolo arresto,Intersezione semaforizzata,Una carreggiata a doppio senso,Asciutto,Asfaltata,Verticale ed orizzontale,Sereno,Normale,Buona,Ore Diurne,0,0,0,2,12.4828,41.9289,-1,2,Motociclo a solo,In marcia / fermata / arresto,Conducente,M,Illeso,0,,Non accertato,,,
3911507,2,09/07/2018 08:55:00,Strada Urbana,VIA SALARIA,all'intersezione con,VIA ARCHIANO,VIA ARCHIANO,,,Infortunio per sola frenata improvvisa,Intersezione stradale segnalata,Una carreggiata a doppio senso,Asciutto,Asfaltata,Verticale ed orizzontale,Sereno,Normale,Buona,Ore Diurne,1,0,0,1,12.5116,41.9875,-1,1,Autovettura privata,In marcia / fermata / arresto,Conducente,M,Illeso,0,,Non accertato,Inesploso,,
3911507,2,09/07/2018 08:55:00,Strada Urbana,VIA SALARIA,all'intersezione con,VIA ARCHIANO,VIA ARCHIANO,,,Infortunio per sola frenata improvvisa,Intersezione stradale segnalata,Una carreggiata a doppio senso,Asciutto,Asfaltata,Verticale ed orizzontale,Sereno,Normale,Buona,Ore Diurne,1,0,0,1,12.5116,41.9875,-1,2,Motociclo a solo,In marcia / fermata / arresto,Conducente,M,Ricoverato,0,NON DECEDUTO,,,,
3911508,2,09/07/2018 19:15:00,Strada Urbana,LUNGOTEVERE FLAMINIO,in prossimit�,,del civico n.,fr. 58,,Scontro frontale/laterale SX fra veicoli in marcia,Rettilineo,Una carreggiata a doppio senso,Asciutto,Asfaltata,Verticale ed orizzontale,Sereno,Normale,Buona,Ore Diurne,1,0,0,1,12.4694,41.9225,-1,1,Autovettura privata,In marcia / fermata / arresto,Conducente,M,Illeso,0,,,,,
3911508,2,09/07/2018 19:15:00,Strada Urbana,LUNGOTEVERE FLAMINIO,in prossimit�,,del civico n.,fr. 58,,Scontro frontale/laterale SX fra veicoli in marcia,Rettilineo,Una carreggiata a doppio senso,Asciutto,Asfaltata,Verticale ed orizzontale,Sereno,Normale,Buona,Ore Diurne,1,0,0,1,12.4694,41.9225,-1,2,Motociclo a solo,In marcia / fermata / arresto,Conducente,M,Ricoverato,0,NON DECEDUTO,,,,
3911513,2,07/07/2018 12:00:00,Strada Urbana,VIA DEL SACRO CUORE DI MARIA,all'intersezione con,PIAZZALE DEL PARCO DELLA RIMEMBRANZA,PIAZZALE DEL PARCO DELLA RIMEMBRANZA,,,Scontro laterale fra veicoli in marcia,Intersezione semaforizzata,Una carreggiata a senso unico di marcia,Asciutto,Asfaltata,Verticale ed orizzontale,Sereno,Normale,Sufficiente,Ore Diurne,0,0,0,1,12.4821,41.9282,-1,1,Autovettura privata,In marcia / fermata / arresto,Conducente,M,Illeso,0,,,,,
3911529,1,05/07/2018 20:00:00,Strada Urbana,VIA ANGELO POLIZIANO,all'intersezione con,VIA CARLO BOTTA,VIA CARLO BOTTA,,,Scontro laterale fra veicoli in marcia,Incrocio,Una carreggiata a senso unico di marcia,Asciutto,In cubetti di porfido,Verticale ed orizzontale,Sereno,Normale,Sufficiente,Sufficiente,0,0,0,2,12.5005,41.8916,-1,1,Autovettura privata,In marcia / fermata / arresto,Conducente,M,Illeso,0,,Non accertato,Inesploso,,
3911529,1,05/07/2018 20:00:00,Strada Urbana,VIA ANGELO POLIZIANO,all'intersezione con,VIA CARLO BOTTA,VIA CARLO BOTTA,,,Scontro laterale fra veicoli in marcia,Incrocio,Una carreggiata a senso unico di marcia,Asciutto,In cubetti di porfido,Verticale ed orizzontale,Sereno,Normale,Sufficiente,Sufficiente,0,0,0,2,12.5005,41.8916,-1,2,Autovettura privata,In marcia / fermata / arresto,Conducente,F,Illeso,0,,Non accertato,Inesploso,,
3911542,17,09/07/2018 20:00:00,Strada Urbana,VIA S. TOMMASO D'AQUINO,in prossimit�,,del civico n.,55,,Scontro frontale/laterale SX fra veicoli in marcia,Rettilineo,Una carreggiata a doppio senso,Asciutto,Asfaltata,Verticale ed orizzontale,Sereno,Normale,Buona,Ore Diurne,4,0,0,5,12.4489,41.9123,-1,1,Autovettura privata,In marcia / fermata / arresto,Conducente,M,Illeso,0,,,,,
3911542,17,09/07/2018 20:00:00,Strada Urbana,VIA S. TOMMASO D'AQUINO,in prossimit�,,del civico n.,55,,Scontro frontale/laterale SX fra veicoli in marcia,Rettilineo,Una carreggiata a doppio senso,Asciutto,Asfaltata,Verticale ed orizzontale,Sereno,Normale,Buona,Ore Diurne,4,0,0,5,12.4489,41.9123,-1,1,Autovettura privata,In marcia / fermata / arresto,Passeggero,F,Rimandato,0,NON DECEDUTO,,,,
3911542,17,09/07/2018 20:00:00,Strada Urbana,VIA S. TOMMASO D'AQUINO,in prossimit�,,del civico n.,55,,Scontro frontale/laterale SX fra veicoli in marcia,Rettilineo,Una carreggiata a doppio senso,Asciutto,Asfaltata,Verticale ed orizzontale,Sereno,Normale,Buona,Ore Diurne,4,0,0,5,12.4489,41.9123,-1,1,Autovettura privata,In marcia / fermata / arresto,Passeggero,M,Rimandato,0,NON DECEDUTO,,,,
3911542,17,09/07/2018 20:00:00,Strada Urbana,VIA S. TOMMASO D'AQUINO,in prossimit�,,del civico n.,55,,Scontro frontale/laterale SX fra veicoli in marcia,Rettilineo,Una carreggiata a doppio senso,Asciutto,Asfaltata,Verticale ed orizzontale,Sereno,Normale,Buona,Ore Diurne,4,0,0,5,12.4489,41.9123,-1,2,Autovettura privata,In marcia / fermata / arresto,Conducente,M,Illeso,0,,,,,
3911542,17,09/07/2018 20:00:00,Strada Urbana,VIA S. TOMMASO D'AQUINO,in prossimit�,,del civico n.,55,,Scontro frontale/laterale SX fra veicoli in marcia,Rettilineo,Una carreggiata a doppio senso,Asciutto,Asfaltata,Verticale ed orizzontale,Sereno,Normale,Buona,Ore Diurne,4,0,0,5,12.4489,41.9123,-1,2,Autovettura privata,In marcia / fermata / arresto,Passeggero,M,Rimandato,0,NON DECEDUTO,,,,
3911542,17,09/07/2018 20:00:00,Strada Urbana,VIA S. TOMMASO D'AQUINO,in prossimit�,,del civico n.,55,,Scontro frontale/laterale SX fra veicoli in marcia,Rettilineo,Una carreggiata a doppio senso,Asciutto,Asfaltata,Verticale ed orizzontale,Sereno,Normale,Buona,Ore Diurne,4,0,0,5,12.4489,41.9123,-1,3,Autovettura privata,In marcia / fermata / arresto,Conducente,M,Illeso,0,,,,,
3911542,17,09/07/2018 20:00:00,Strada Urbana,VIA S. TOMMASO D'AQUINO,in prossimit�,,del civico n.,55,,Scontro frontale/laterale SX fra veicoli in marcia,Rettilineo,Una carreggiata a doppio senso,Asciutto,Asfaltata,Verticale ed orizzontale,Sereno,Normale,Buona,Ore Diurne,4,0,0,5,12.4489,41.9123,-1,3,Autovettura privata,In marcia / fermata / arresto,Passeggero,F,Illeso,0,,,,,
3911542,17,09/07/2018 20:00:00,Strada Urbana,VIA S. TOMMASO D'AQUINO,in prossimit�,,del civico n.,55,,Scontro frontale/laterale SX fra veicoli in marcia,Rettilineo,Una carreggiata a doppio senso,Asciutto,Asfaltata,Verticale ed orizzontale,Sereno,Normale,Buona,Ore Diurne,4,0,0,5,12.4489,41.9123,-1,3,Autovettura privata,In marcia / fermata / arresto,Passeggero,M,Illeso,0,,,,,
3911568,1,07/07/2018 11:20:00,Strada Urbana,VIA MARGHERA,all'intersezione con,VIALE CASTRO PRETORIO,VIALE CASTRO PRETORIO,,,Scontro frontale/laterale SX fra veicoli in marcia,Incrocio,Una carreggiata a doppio senso,Asciutto,Asfaltata,Verticale ed orizzontale,Sereno,Normale,Buona,Ore Diurne,0,0,0,2,12.5063,41.9043,-1,1,Autovettura privata,In marcia / fermata / arresto,Conducente,M,Illeso,0,,Non accertato,Inesploso,,
3911568,1,07/07/2018 11:20:00,Strada Urbana,VIA MARGHERA,all'intersezione con,VIALE CASTRO PRETORIO,VIALE CASTRO PRETORIO,,,Scontro frontale/laterale SX fra veicoli in marcia,Incrocio,Una carreggiata a doppio senso,Asciutto,Asfaltata,Verticale ed orizzontale,Sereno,Normale,Buona,Ore Diurne,0,0,0,2,12.5063,41.9043,-1,2,Autovettura privata,In marcia / fermata / arresto,Conducente,M,Illeso,0,,Non accertato,Inesploso,,