Protocollo,Gruppo,DataOraIncidente,Localizzazione1,STRADA1,Localizzazione2,STRADA2,Strada02,Chilometrica,DaSpecificare,NaturaIncidente,particolaritastrade,TipoStrada,FondoStradale,Pavimentazione,Segnaletica,CondizioneAtmosferica,Traffico,Visibilita,Illuminazione,NUM_FERITI,NUM_RISERVATA,NUM_MORTI,NUM_ILLESI,Longitudine,Latitudine,Confermato,Progressivo,TipoVeicolo,StatoVeicolo,TipoPersona,Sesso,Tipolesione,Deceduto,DecedutoDopo,CinturaCascoUtilizzato,Airbag,,
3911580,7,09/07/2018 11:10:00,Strada Urbana,VIA PAPIRIA,all'intersezione con,VIALE MARCO FULVIO NOBILIORE,VIALE MARCO FULVIO NOBILIORE,,,Scontro laterale fra veicoli in marcia,Incrocio,Una carreggiata a doppio senso,Asciutto,Asfaltata,Verticale ed orizzontale,Sereno,Normale,Buona,Ore Diurne,0,0,0,3,12.5672,41.8624,-1,1,Autovettura privata,In marcia / fermata / arresto,Conducente,F,Illeso,0,,Non accertato,Inesploso,,
3911580,7,09/07/2018 11:10:00,Strada Urbana,VIA PAPIRIA,all'intersezione con,VIALE MARCO FULVIO NOBILIORE,VIALE MARCO FULVIO NOBILIORE,,,Scontro laterale fra veicoli in marcia,Incrocio,Una carreggiata a doppio senso,Asciutto,Asfaltata,Verticale ed orizzontale,Sereno,Normale,Buona,Ore Diurne,0,0,0,3,12.5672,41.8624,-1,1,Autovettura privata,In marcia / fermata / arresto,Passeggero,F,Illeso,0,,Non accertato,Inesploso,,
3911580,7,09/07/2018 11:10:00,Strada Urbana,VIA PAPIRIA,all'intersezione con,VIALE MARCO FULVIO NOBILIORE,VIALE MARCO FULVIO NOBILIORE,,,Scontro laterale fra veicoli in marcia,Incrocio,Una carreggiata a doppio senso,Asciutto,Asfaltata,Verticale ed orizzontale,Sereno,Normale,Buona,Ore Diurne,0,0,0,3,12.5672,41.8624,-1,2,Motociclo a solo,In marcia / fermata / arresto,Conducente,F,Illeso,0,,Non accertato,,,
3911585,7,10/07/2018 11:10:00,Strada Urbana,VIA COLLATINA,in prossimit�,,del civico n.,142,,Scontro laterale fra veicoli in marcia,Rettilineo,Una carreggiata a doppio senso,Asciutto,Asfaltata,Verticale ed orizzontale,Sereno,Normale,Buona,Ore Diurne,1,0,0,1,12.5719,41.9026,-1,1,Motociclo a solo,In marcia / fermata / arresto,Conducente,M,Rimandato,0,NON DECEDUTO,Non accertato,,,
3911585,7,10/07/2018 11:10:00,Strada Urbana,VIA COLLATINA,in prossimit�,,del civico n.,142,,Scontro laterale fra veicoli in marcia,Rettilineo,Una carreggiata a doppio senso,Asciutto,Asfaltata,Verticale ed orizzontale,Sereno,Normale,Buona,Ore Diurne,1,0,0,1,12.5719,41.9026,-1,2,Autovettura privata,In marcia / fermata / arresto,Conducente,M,Illeso,0,,Non accertato,Inesploso,,
3911589,2,09/07/2018 19:30:00,Strada Urbana,VIALE ROMANIA,all'intersezione con,VIA VITTORIO LOCCHI,VIA VITTORIO LOCCHI,,,Scontro laterale fra veicoli in marcia,Incrocio,Una carreggiata a doppio senso,Asciutto,Asfaltata,Verticale ed orizzontale,Sereno,Normale,Buona,Ore Diurne,0,0,0,2,12.493,41.9249,-1,1,Autovettura privata,In marcia / fermata / arresto,Conducente,M,Illeso,0,,Non accertato,Inesploso,,
3911589,2,09/07/2018 19:30:00,Strada Urbana,VIALE ROMANIA,all'intersezione con,VIA VITTORIO LOCCHI,VIA VITTORIO LOCCHI,,,Scontro laterale fra veicoli in marcia,Incrocio,Una carreggiata a doppio senso,Asciutto,Asfaltata,Verticale ed orizzontale,Sereno,Normale,Buona,Ore Diurne,0,0,0,2,12.493,41.9249,-1,2,Autovettura privata,In marcia / fermata / arresto,Conducente,F,Illeso,0,,Non accertato,Inesploso,,
3911600,7,09/07/2018 22:20:00,Strada Urbana,VIA LUCIO MARIO PERPETUO,all'intersezione con,LARGO DEI LEVII,LARGO DEI LEVII,,,Veicolo in marcia contro veicolo in sosta,Incrocio,Una carreggiata a senso unico alternato,Asciutto,Asfaltata,Verticale ed orizzontale,Sereno,Scarso,Buona,Sufficiente,0,0,0,1,12.546,41.8621,-1,1,Ciclomotore,In marcia / fermata / arresto,Conducente,M,Illeso,0,,Non accertato,,,
3911615,1,06/07/2018 08:05:00,Strada Urbana,VIA VENTI SETTEMBRE,in prossimit�,,del civico n.,98,,Scontro laterale fra veicoli in marcia,Rettilineo,Una carreggiata a senso unico di marcia,Asciutto,Asfaltata,Verticale ed orizzontale,Sereno,Intenso,Buona,Ore Diurne,1,0,0,2,12.4947,41.9046,-1,1,Autovettura privata,In marcia / fermata / arresto,Conducente,F,Illeso,0,,Non accertato,Inesploso,,
3911615,1,06/07/2018 08:05:00,Strada Urbana,VIA VENTI SETTEMBRE,in prossimit�,,del civico n.,98,,Scontro laterale fra veicoli in marcia,Rettilineo,Una carreggiata a senso unico di marcia,Asciutto,Asfaltata,Verticale ed orizzontale,Sereno,Intenso,Buona,Ore Diurne,1,0,0,2,12.4947,41.9046,-1,1,Autovettura privata,In marcia / fermata / arresto,Passeggero,F,Illeso,0,,Non accertato,Inesploso,,
3911615,1,06/07/2018 08:05:00,Strada Urbana,VIA VENTI SETTEMBRE,in prossimit�,,del civico n.,98,,Scontro laterale fra veicoli in marcia,Rettilineo,Una carreggiata a senso unico di marcia,Asciutto,Asfaltata,Verticale ed orizzontale,Sereno,Intenso,Buona,Ore Diurne,1,0,0,2,12.4947,41.9046,-1,2,Motociclo a solo,In marcia / fermata / arresto,Conducente,M,Rifiuta cure immediate,0,NON DECEDUTO,Non accertato,,,
3911653,18,07/07/2018 14:30:00,Strada Urbana,VIA LITORANEA,da specificare,,,,400 mt prima di via Arno in prossimit� fermata bus,Scontro frontale/laterale SX fra veicoli in marcia,Rettilineo,Una carreggiata a doppio senso,Asciutto,Asfaltata,Assente,Sereno,Normale,Buona,Ore Diurne,0,0,0,5,12.3734,41.6877,-1,1,Autovettura privata,In marcia / fermata / arresto,Conducente,M,Illeso,0,,,,,
3911653,18,07/07/2018 14:30:00,Strada Urbana,VIA LITORANEA,da specificare,,,,400 mt prima di via Arno in prossimit� fermata bus,Scontro frontale/laterale SX fra veicoli in marcia,Rettilineo,Una carreggiata a doppio senso,Asciutto,Asfaltata,Assente,Sereno,Normale,Buona,Ore Diurne,0,0,0,5,12.3734,41.6877,-1,3,Autovettura privata,In marcia / fermata / arresto,Conducente,M,Illeso,0,,,,,
3911653,18,07/07/2018 14:30:00,Strada Urbana,VIA LITORANEA,da specificare,,,,400 mt prima di via Arno in prossimit� fermata bus,Scontro frontale/laterale SX fra veicoli in marcia,Rettilineo,Una carreggiata a doppio senso,Asciutto,Asfaltata,Assente,Sereno,Normale,Buona,Ore Diurne,0,0,0,5,12.3734,41.6877,-1,3,Autovettura privata,In marcia / fermata / arresto,Passeggero,F,Illeso,0,,,,,
3911653,18,07/07/2018 14:30:00,Strada Urbana,VIA LITORANEA,da specificare,,,,400 mt prima di via Arno in prossimit� fermata bus,Scontro frontale/laterale SX fra veicoli in marcia,Rettilineo,Una carreggiata a doppio senso,Asciutto,Asfaltata,Assente,Sereno,Normale,Buona,Ore Diurne,0,0,0,5,12.3734,41.6877,-1,3,Autovettura privata,In marcia / fermata / arresto,Passeggero,M,Illeso,0,,,,,
3911653,18,07/07/2018 14:30:00,Strada Urbana,VIA LITORANEA,da specificare,,,,400 mt prima di via Arno in prossimit� fermata bus,Scontro frontale/laterale SX fra veicoli in marcia,Rettilineo,Una carreggiata a doppio senso,Asciutto,Asfaltata,Assente,Sereno,Normale,Buona,Ore Diurne,0,0,0,5,12.3734,41.6877,-1,3,Autovettura privata,In marcia / fermata / arresto,Passeggero,F,Illeso,0,,,,,
3911659,1,06/07/2018 15:45:00,Strada Urbana,VIA DEL CASTRO PRETORIO,in prossimit�,,del civico n.,40/42,,Tamponamento Multiplo,Rettilineo,Una carreggiata a doppio senso,Asciutto,Asfaltata,Verticale ed orizzontale,Sereno,Normale,Buona,Ore Diurne,3,0,0,1,12.5063,41.9024,-1,1,Autovettura privata,In marcia / fermata / arresto,Conducente,M,Illeso,0,,Non accertato,Inesploso,,
3911659,1,06/07/2018 15:45:00,Strada Urbana,VIA DEL CASTRO PRETORIO,in prossimit�,,del civico n.,40/42,,Tamponamento Multiplo,Rettilineo,Una carreggiata a doppio senso,Asciutto,Asfaltata,Verticale ed orizzontale,Sereno,Normale,Buona,Ore Diurne,3,0,0,1,12.5063,41.9024,-1,2,Autovettura privata,In marcia / fermata / arresto,Conducente,F,Rimandato,0,NON DECEDUTO,Non accertato,Inesploso,,
3911659,1,06/07/2018 15:45:00,Strada Urbana,VIA DEL CASTRO PRETORIO,in prossimit�,,del civico n.,40/42,,Tamponamento Multiplo,Rettilineo,Una carreggiata a doppio senso,Asciutto,Asfaltata,Verticale ed orizzontale,Sereno,Normale,Buona,Ore Diurne,3,0,0,1,12.5063,41.9024,-1,2,Autovettura privata,In marcia / fermata / arresto,Passeggero,F,Rifiuta cure immediate,0,NON DECEDUTO,,,,
3911659,1,06/07/2018 15:45:00,Strada Urbana,VIA DEL CASTRO PRETORIO,in prossimit�,,del civico n.,40/42,,Tamponamento Multiplo,Rettilineo,Una carreggiata a doppio senso,Asciutto,Asfaltata,Verticale ed orizzontale,Sereno,Normale,Buona,Ore Diurne,3,0,0,1,12.5063,41.9024,-1,3,Autovettura privata,In marcia / fermata / arresto,Conducente,M,Rimandato,0,NON DECEDUTO,Non accertato,Inesploso,,
3911701,1,06/07/2018 13:30:00,Strada Urbana,VIA NAZIONALE,all'intersezione con,VIA GENOVA,VIA GENOVA,,,Scontro laterale fra veicoli in marcia,Incrocio,Una carreggiata a doppio senso,Asciutto,Acciotolata,Verticale ed orizzontale,Sereno,Normale,Buona,Ore Diurne,1,0,0,1,12.9458,42.3869,-1,1,Autovettura privata,In marcia / fermata / arresto,Conducente,M,Illeso,0,,Non accertato,Inesploso,,
3911701,1,06/07/2018 13:30:00,Strada Urbana,VIA NAZIONALE,all'intersezione con,VIA GENOVA,VIA GENOVA,,,Scontro laterale fra veicoli in marcia,Incrocio,Una carreggiata a doppio senso,Asciutto,Acciotolata,Verticale ed orizzontale,Sereno,Normale,Buona,Ore Diurne,1,0,0,1,12.9458,42.3869,-1,2,Motociclo a solo,In marcia / fermata / arresto,Conducente,M,Rimandato,0,NON DECEDUTO,Non accertato,,,
3911709,4,09/07/2018 08:50:00,Strada Urbana,PIAZZA FERNANDO DE LUCIA,da specificare,,,,fronte civ. 100,Scontro frontale/laterale DX fra veicoli in marcia,Curva a visuale libera,Una carreggiata a senso unico di marcia,Asciutto,Asfaltata,Verticale,Sereno,Scarso,Buona,Ore Diurne,0,0,0,2,12.5146,41.9655,-1,1,Autovettura privata,In marcia / fermata / arresto,Conducente,M,Illeso,0,,,,,
3911709,4,09/07/2018 08:50:00,Strada Urbana,PIAZZA FERNANDO DE LUCIA,da specificare,,,,fronte civ. 100,Scontro frontale/laterale DX fra veicoli in marcia,Curva a visuale libera,Una carreggiata a senso unico di marcia,Asciutto,Asfaltata,Verticale,Sereno,Scarso,Buona,Ore Diurne,0,0,0,2,12.5146,41.9655,-1,2,Autovettura privata,In marcia / fermata / arresto,Conducente,F,Illeso,0,,,,,
3911711,1,06/07/2018 05:35:00,Strada Urbana,VIA DELL'AMBA ARADAM,in prossimit�,,del civico n.,8,,Scontro laterale fra veicoli in marcia,Rettilineo,Una carreggiata a doppio senso,Asciutto,Asfaltata,Verticale ed orizzontale,Sereno,Scarso,Sufficiente,Ore Diurne,0,0,0,3,12.4997,41.8835,-1,1,Autocarro inferiore 35 q.,In marcia / fermata / arresto,Conducente,M,Illeso,0,,Non accertato,,,
3911711,1,06/07/2018 05:35:00,Strada Urbana,VIA DELL'AMBA ARADAM,in prossimit�,,del civico n.,8,,Scontro laterale fra veicoli in marcia,Rettilineo,Una carreggiata a doppio senso,Asciutto,Asfaltata,Verticale ed orizzontale,Sereno,Scarso,Sufficiente,Ore Diurne,0,0,0,3,12.4997,41.8835,-1,2,Autovettura privata,In marcia / fermata / arresto,Conducente,M,Illeso,0,,Non accertato,,,
3911711,1,06/07/2018 05:35:00,Strada Urbana,VIA DELL'AMBA ARADAM,in prossimit�,,del civico n.,8,,Scontro laterale fra veicoli in marcia,Rettilineo,Una carreggiata a doppio senso,Asciutto,Asfaltata,Verticale ed orizzontale,Sereno,Scarso,Sufficiente,Ore Diurne,0,0,0,3,12.4997,41.8835,-1,2,Autovettura privata,In marcia / fermata / arresto,Passeggero,M,Illeso,0,,Non accertato,,,
3911713,6,10/07/2018 08:00:00,Strada Urbana,PIAZZALE PRENESTINO,in prossimit�,,del civico n.,18,,Scontro laterale fra veicoli in marcia,Rettilineo,Pi� di due carreggiate,Asciutto,Asfaltata,Verticale ed orizzontale,Sereno,Intenso,Buona,Ore Diurne,0,0,0,2,12.5269,41.8913,-1,1,Motociclo a solo,In marcia / fermata / arresto,Conducente,F,Illeso,0,,Non accertato,,,
3911713,6,10/07/2018 08:00:00,Strada Urbana,PIAZZALE PRENESTINO,in prossimit�,,del civico n.,18,,Scontro laterale fra veicoli in marcia,Rettilineo,Pi� di due carreggiate,Asciutto,Asfaltata,Verticale ed orizzontale,Sereno,Intenso,Buona,Ore Diurne,0,0,0,2,12.5269,41.8913,-1,2,Autovettura privata,In marcia / fermata / arresto,Conducente,M,Illeso,0,,,,,
3911827,4,09/07/2018 09:35:00,Strada Urbana,VIA DELLA BUFALOTTA,da specificare,,,,prossimit� via Ida Baccini,Scontro laterale fra veicoli in marcia,Rettilineo,Due carreggiate,Asciutto,Asfaltata,Verticale ed orizzontale,Sereno,Scarso,Buona,Ore Diurne,1,0,0,1,12.5498,41.9674,-1,1,Motociclo a solo,In marcia / fermata / arresto,Conducente,F,Rimandato,0,NON DECEDUTO,,,,
3911827,4,09/07/2018 09:35:00,Strada Urbana,VIA DELLA BUFALOTTA,da specificare,,,,prossimit� via Ida Baccini,Scontro laterale fra veicoli in marcia,Rettilineo,Due carreggiate,Asciutto,Asfaltata,Verticale ed orizzontale,Sereno,Scarso,Buona,Ore Diurne,1,0,0,1,12.5498,41.9674,-1,2,Autocarro inferiore 35 q.,In marcia / fermata / arresto,Conducente,M,Illeso,0,,,,,
3911864,1,10/07/2018 11:30:00,Strada Urbana,LUNGOTEVERE RIPA,in prossimit�,,del civico n.,3,,Tamponamento Multiplo,Rettilineo,Una carreggiata a senso unico di marcia,Asciutto,Asfaltata,Verticale ed orizzontale,Sereno,Normale,Buona,Ore Diurne,1,0,0,1,12.4787,41.8875,0,1,Autovettura privata,In marcia / fermata / arresto,Conducente,F,Rimandato,0,NON DECEDUTO,Non accertato,,,
3911864,1,10/07/2018 11:30:00,Strada Urbana,LUNGOTEVERE RIPA,in prossimit�,,del civico n.,3,,Tamponamento Multiplo,Rettilineo,Una carreggiata a senso unico di marcia,Asciutto,Asfaltata,Verticale ed orizzontale,Sereno,Normale,Buona,Ore Diurne,1,0,0,1,12.4787,41.8875,0,2,Autovettura privata,In marcia / fermata / arresto,Conducente,M,Illeso,0,,Non accertato,,,
3911871,4,09/07/2018 23:30:00,Strada Urbana,VIA AUGUSTO CONTI,all'intersezione con,VIA AGOSTINO DATI,VIA AGOSTINO DATI,,,Scontro laterale fra veicoli in marcia,Incrocio,Una carreggiata a senso unico di marcia,Asciutto,Asfaltata,Verticale,Sereno,Normale,Sufficiente,Sufficiente,2,0,0,0,12.4252,41.947,-1,1,Autovettura privata,In marcia / fermata / arresto,Conducente,F,Rimandato,0,NON DECEDUTO,,,,
3911871,4,09/07/2018 23:30:00,Strada Urbana,VIA AUGUSTO CONTI,all'intersezione con,VIA AGOSTINO DATI,VIA AGOSTINO DATI,,,Scontro laterale fra veicoli in marcia,Incrocio,Una carreggiata a senso unico di marcia,Asciutto,Asfaltata,Verticale,Sereno,Normale,Sufficiente,Sufficiente,2,0,0,0,12.4252,41.947,-1,2,Autovettura privata,In marcia / fermata / arresto,Conducente,F,Rimandato,0,NON DECEDUTO,,,,
3911889,18,08/07/2018 16:30:00,Statale,VIA AURELIA,in prossimit�,,della chilometrica,13.9,,Tamponamento,Rettilineo,Una carreggiata a senso unico di marcia,Asciutto,Asfaltata,Verticale ed orizzontale,Sereno,Normale,Buona,Ore Diurne,0,0,0,3,12.3437,41.8824,-1,1,Autovettura privata,In marcia / fermata / arresto,Conducente,M,Illeso,0,,Non accertato,Inesploso,,
3911889,18,08/07/2018 16:30:00,Statale,VIA AURELIA,in prossimit�,,della chilometrica,13.9,,Tamponamento,Rettilineo,Una carreggiata a senso unico di marcia,Asciutto,Asfaltata,Verticale ed orizzontale,Sereno,Normale,Buona,Ore Diurne,0,0,0,3,12.3437,41.8824,-1,2,Autovettura privata,In marcia / fermata / arresto,Conducente,M,Illeso,0,,Non accertato,Inesploso,,
3911889,18,08/07/2018 16:30:00,Statale,VIA AURELIA,in prossimit�,,della chilometrica,13.9,,Tamponamento,Rettilineo,Una carreggiata a senso unico di marcia,Asciutto,Asfaltata,Verticale ed orizzontale,Sereno,Normale,Buona,Ore Diurne,0,0,0,3,12.3437,41.8824,-1,2,Autovettura privata,In marcia / fermata / arresto,Passeggero,F,Illeso,0,,Non accertato,Inesploso,,
3911896,1,06/07/2018 17:15:00,Strada Urbana,PIAZZA DELL'INDIPENDENZA,all'intersezione semaforizzata con,VIA SAN MARTINO DELLA BATTAGLIA,VIA SAN MARTINO DELLA BATTAGLIA,,,Scontro laterale fra veicoli in marcia,Intersezione semaforizzata,Una carreggiata a senso unico di marcia,Asciutto,Asfaltata,Verticale ed orizzontale,Sereno,Normale,Sufficiente,Ore Diurne,0,0,0,2,12.5031,41.9048,-1,1,Autovettura privata,In marcia / fermata / arresto,Conducente,M,Illeso,0,,Non accertato,Inesploso,,
3911896,1,06/07/2018 17:15:00,Strada Urbana,PIAZZA DELL'INDIPENDENZA,all'intersezione semaforizzata con,VIA SAN MARTINO DELLA BATTAGLIA,VIA SAN MARTINO DELLA BATTAGLIA,,,Scontro laterale fra veicoli in marcia,Intersezione semaforizzata,Una carreggiata a senso unico di marcia,Asciutto,Asfaltata,Verticale ed orizzontale,Sereno,Normale,Sufficiente,Ore Diurne,0,0,0,2,12.5031,41.9048,-1,2,Autovettura privata,In marcia / fermata / arresto,Conducente,M,Illeso,0,,Non accertato,Inesploso,,
3911932,1,06/07/2018 05:15:00,Strada Urbana,VIA ELENIANA,all'intersezione con,VIA SEBASTIANO GRANDIS,VIA SEBASTIANO GRANDIS,,,Scontro laterale fra veicoli in marcia,Intersezione stradale segnalata,Una carreggiata a doppio senso,Asciutto,Asfaltata,Verticale ed orizzontale,Sereno,Scarso,Buona,Sufficiente,0,0,0,4,12.5149,41.8899,-1,1,Autovettura privata,In marcia / fermata / arresto,Conducente,M,Illeso,0,,Non accertato,,,
3911932,1,06/07/2018 05:15:00,Strada Urbana,VIA ELENIANA,all'intersezione con,VIA SEBASTIANO GRANDIS,VIA SEBASTIANO GRANDIS,,,Scontro laterale fra veicoli in marcia,Intersezione stradale segnalata,Una carreggiata a doppio senso,Asciutto,Asfaltata,Verticale ed orizzontale,Sereno,Scarso,Buona,Sufficiente,0,0,0,4,12.5149,41.8899,-1,1,Autovettura privata,In marcia / fermata / arresto,Passeggero,M,Illeso,0,,Non accertato,,,
3911932,1,06/07/2018 05:15:00,Strada Urbana,VIA ELENIANA,all'intersezione con,VIA SEBASTIANO GRANDIS,VIA SEBASTIANO GRANDIS,,,Scontro laterale fra veicoli in marcia,Intersezione stradale segnalata,Una carreggiata a doppio senso,Asciutto,Asfaltata,Verticale ed orizzontale,Sereno,Scarso,Buona,Sufficiente,0,0,0,4,12.5149,41.8899,-1,1,Autovettura privata,In marcia / fermata / arresto,Passeggero,M,Illeso,0,,Non accertato,,,
3911932,1,06/07/2018 05:15:00,Strada Urbana,VIA ELENIANA,all'intersezione con,VIA SEBASTIANO GRANDIS,VIA SEBASTIANO GRANDIS,,,Scontro laterale fra veicoli in marcia,Intersezione stradale segnalata,Una carreggiata a doppio senso,Asciutto,Asfaltata,Verticale ed orizzontale,Sereno,Scarso,Buona,Sufficiente,0,0,0,4,12.5149,41.8899,-1,2,Autocarro inferiore 35 q.,In marcia / fermata / arresto,Conducente,M,Illeso,0,,Non accertato,,,
3911997,7,10/07/2018 16:20:00,Strada Urbana,VIA PRENESTINA,all'intersezione con,VIA DI TOR SAPIENZA,VIA DI TOR SAPIENZA,,,Scontro frontale/laterale SX fra veicoli in marcia,Incrocio,Una carreggiata a doppio senso,Asciutto,Asfaltata,Verticale ed orizzontale,Sereno,Normale,Buona,Ore Diurne,0,0,0,2,12.5924,41.8941,-1,1,Autovettura privata,In marcia / fermata / arresto,Conducente,M,Illeso,0,,Non accertato,Inesploso,,
3911997,7,10/07/2018 16:20:00,Strada Urbana,VIA PRENESTINA,all'intersezione con,VIA DI TOR SAPIENZA,VIA DI TOR SAPIENZA,,,Scontro frontale/laterale SX fra veicoli in marcia,Incrocio,Una carreggiata a doppio senso,Asciutto,Asfaltata,Verticale ed orizzontale,Sereno,Normale,Buona,Ore Diurne,0,0,0,2,12.5924,41.8941,-1,2,Autovettura privata,In marcia / fermata / arresto,Conducente,M,Illeso,0,,Non accertato,Inesploso,,
3912063,1,07/07/2018 12:30:00,Strada Urbana,VIALE GABRIELE D'ANNUNZIO,da specificare,,,,ALTEZZA PINCIO,Veicolo in marcia contro veicoli in sosta,Rettilineo,Una carreggiata a senso unico di marcia,Asciutto,Asfaltata,Verticale,Sereno,Scarso,Buona,Ore Diurne,1,0,0,1,12.4782,41.9106,-1,1,Autovettura privata,In marcia / fermata / arresto,Conducente,F,Rifiuta cure immediate,0,NON DECEDUTO,Non accertato,,,
3912063,1,07/07/2018 12:30:00,Strada Urbana,VIALE GABRIELE D'ANNUNZIO,da specificare,,,,ALTEZZA PINCIO,Veicolo in marcia contro veicoli in sosta,Rettilineo,Una carreggiata a senso unico di marcia,Asciutto,Asfaltata,Verticale,Sereno,Scarso,Buona,Ore Diurne,1,0,0,1,12.4782,41.9106,-1,2,Autovettura pubblica,In marcia / fermata / arresto,Conducente,M,Illeso,0,,Non accertato,,,
3912065,18,10/07/2018 16:00:00,Strada Urbana,VIA SUOR MARIA AGOSTINA,all'intersezione con,VIA ENRICO BONDI,VIA ENRICO BONDI,,,Scontro frontale/laterale SX fra veicoli in marcia,Intersezione stradale segnalata,Una carreggiata a doppio senso,Asciutto,Asfaltata,Verticale ed orizzontale,Sereno,Normale,Buona,Ore Diurne,1,0,0,1,12.3874,41.9044,-1,1,Motociclo a solo,In marcia / fermata / arresto,Conducente,M,Rifiuta cure immediate,0,NON DECEDUTO,Non accertato,,,
3912065,18,10/07/2018 16:00:00,Strada Urbana,VIA SUOR MARIA AGOSTINA,all'intersezione con,VIA ENRICO BONDI,VIA ENRICO BONDI,,,Scontro frontale/laterale SX fra veicoli in marcia,Intersezione stradale segnalata,Una carreggiata a doppio senso,Asciutto,Asfaltata,Verticale ed orizzontale,Sereno,Normale,Buona,Ore Diurne,1,0,0,1,12.3874,41.9044,-1,2,Autovettura privata,In marcia / fermata / arresto,Conducente,F,Illeso,0,,Non accertato,Inesploso,,
3912125,1,07/07/2018 15:30:00,Strada Urbana,VIALE DELLE TERME DI CARACALLA,da specificare,,,,NON ACCERTATO,Scontro laterale fra veicoli in marcia,Rettilineo,Una carreggiata a doppio senso,Asciutto,Asfaltata,Verticale ed orizzontale,Sereno,Scarso,Buona,Ore Diurne,0,0,0,2,12.4952,41.8789,-1,1,Autovettura privata,In marcia / fermata / arresto,Conducente,M,Illeso,0,,Non accertato,,,
3912125,1,07/07/2018 15:30:00,Strada Urbana,VIALE DELLE TERME DI CARACALLA,da specificare,,,,NON ACCERTATO,Scontro laterale fra veicoli in marcia,Rettilineo,Una carreggiata a doppio senso,Asciutto,Asfaltata,Verticale ed orizzontale,Sereno,Scarso,Buona,Ore Diurne,0,0,0,2,12.4952,41.8789,-1,2,Autovettura privata,In marcia / fermata / arresto,Conducente,F,Illeso,0,,Non accertato,,,
3912147,12,10/07/2018 15:40:00,Strada Urbana,PIAZZA GUGLIELMO MARCONI,da specificare,,,,altezza laterale via C.COLOMBO,Veicolo in marcia contro veicolo in sosta,Pendenza,Due carreggiate,Asciutto,Asfaltata,Verticale ed orizzontale,Sereno,Normale,Buona,Ore Diurne,0,0,0,1,12.4707,41.8339,-1,2,Autovettura privata,In marcia / fermata / arresto,Conducente,F,Illeso,0,,Non accertato,Inesploso,,
3912155,1,07/07/2018 13:35:00,Strada Urbana,VIA DELLA STAMPERIA,in prossimit�,,del civico n.,FC 66,,Investimento di pedone,Rettilineo,Una carreggiata a doppio senso,Asciutto,Acciotolata,Verticale ed orizzontale,Sereno,Normale,Buona,Ore Diurne,1,0,0,1,12.4835,41.9016,0,,,,Pedone,M,Rimandato,0,NON DECEDUTO,,,,
3912155,1,07/07/2018 13:35:00,Strada Urbana,VIA DELLA STAMPERIA,in prossimit�,,del civico n.,FC 66,,Investimento di pedone,Rettilineo,Una carreggiata a doppio senso,Asciutto,Acciotolata,Verticale ed orizzontale,Sereno,Normale,Buona,Ore Diurne,1,0,0,1,12.4835,41.9016,0,1,Autovettura pubblica,In marcia / fermata / arresto,Conducente,M,Illeso,0,,Non accertato,Inesploso,,
3912157,9,10/07/2018 09:15:00,Strada Urbana,VIA APPIA NUOVA,in prossimit�,,del civico n.,285,,Investimento di pedone,Rettilineo,Una carreggiata a doppio senso,Asciutto,Asfaltata,Verticale ed orizzontale,Sereno,Normale,Buona,Ore Diurne,1,0,0,1,12.5187,41.8783,-1,,,,Pedone,F,Rimandato,0,NON DECEDUTO,,,,
3912157,9,10/07/2018 09:15:00,Strada Urbana,VIA APPIA NUOVA,in prossimit�,,del civico n.,285,,Investimento di pedone,Rettilineo,Una carreggiata a doppio senso,Asciutto,Asfaltata,Verticale ed orizzontale,Sereno,Normale,Buona,Ore Diurne,1,0,0,1,12.5187,41.8783,-1,1,Motociclo a solo,In marcia / fermata / arresto,Conducente,M,Illeso,0,,Non accertato,,,
3912164,9,10/07/2018 14:10:00,Strada Urbana,VIA APPIA NUOVA,da specificare,,,,fronte civico 803,Tamponamento,Rettilineo,Pi� di due carreggiate,Asciutto,Asfaltata,Verticale ed orizzontale,Sereno,Normale,Buona,Ore Diurne,1,0,0,1,12.5452,41.8532,-1,1,Autovettura privata,In marcia / fermata / arresto,Conducente,F,Rimandato,0,NON DECEDUTO,Non accertato,Inesploso,,
3912164,9,10/07/2018 14:10:00,Strada Urbana,VIA APPIA NUOVA,da specificare,,,,fronte civico 803,Tamponamento,Rettilineo,Pi� di due carreggiate,Asciutto,Asfaltata,Verticale ed orizzontale,Sereno,Normale,Buona,Ore Diurne,1,0,0,1,12.5452,41.8532,-1,2,Autocarro inferiore 35 q.,In marcia / fermata / arresto,Conducente,M,Illeso,0,,Non accertato,Inesploso,,
3912165,6,10/07/2018 16:30:00,Strada Urbana,VIA AQUILONIA,all'intersezione con,VIA TEANO,VIA TEANO,,,Scontro laterale fra veicoli in marcia,Incrocio,Una carreggiata a senso unico di marcia,Asciutto,Asfaltata,Verticale ed orizzontale,Sereno,Normale,Buona,Ore Diurne,0,0,0,4,12.55,41.8895,-1,1,Autocarro inferiore 35 q.,In marcia / fermata / arresto,Conducente,M,Illeso,0,,,,,
3912165,6,10/07/2018 16:30:00,Strada Urbana,VIA AQUILONIA,all'intersezione con,VIA TEANO,VIA TEANO,,,Scontro laterale fra veicoli in marcia,Incrocio,Una carreggiata a senso unico di marcia,Asciutto,Asfaltata,Verticale ed orizzontale,Sereno,Normale,Buona,Ore Diurne,0,0,0,4,12.55,41.8895,-1,2,Autovettura privata,In marcia / fermata / arresto,Conducente,M,Illeso,0,,,,,