Protocollo,Gruppo,DataOraIncidente,Localizzazione1,STRADA1,Localizzazione2,STRADA2,Strada02,Chilometrica,DaSpecificare,NaturaIncidente,particolaritastrade,TipoStrada,FondoStradale,Pavimentazione,Segnaletica,CondizioneAtmosferica,Traffico,Visibilita,Illuminazione,NUM_FERITI,NUM_RISERVATA,NUM_MORTI,NUM_ILLESI,Longitudine,Latitudine,Confermato,Progressivo,TipoVeicolo,StatoVeicolo,TipoPersona,Sesso,Tipolesione,Deceduto,DecedutoDopo,CinturaCascoUtilizzato,Airbag,,
3912165,6,10/07/2018 16:30:00,Strada Urbana,VIA AQUILONIA,all'intersezione con,VIA TEANO,VIA TEANO,,,Scontro laterale fra veicoli in marcia,Incrocio,Una carreggiata a senso unico di marcia,Asciutto,Asfaltata,Verticale ed orizzontale,Sereno,Normale,Buona,Ore Diurne,0,0,0,4,12.55,41.8895,-1,2,Autovettura privata,In marcia / fermata / arresto,Passeggero,F,Illeso,0,,,,,
3912165,6,10/07/2018 16:30:00,Strada Urbana,VIA AQUILONIA,all'intersezione con,VIA TEANO,VIA TEANO,,,Scontro laterale fra veicoli in marcia,Incrocio,Una carreggiata a senso unico di marcia,Asciutto,Asfaltata,Verticale ed orizzontale,Sereno,Normale,Buona,Ore Diurne,0,0,0,4,12.55,41.8895,-1,2,Autovettura privata,In marcia / fermata / arresto,Passeggero,M,Illeso,0,,,,,
3912167,23,10/07/2018 01:00:00,Strada Urbana,LUNGOTEVERE DI PIETRA PAPA,in corrispondenza,,del civico n.,21,,Veicolo in marcia contro veicolo in sosta,Rettilineo,Una carreggiata a doppio senso,Asciutto,Asfaltata,Verticale ed orizzontale,Sereno,Scarso,Buona,Sufficiente,0,0,0,1,12.4714,41.8617,-1,2,Autovettura privata,In marcia / fermata / arresto,Conducente,F,Illeso,0,,Non accertato,Inesploso,,
3912168,7,10/07/2018 17:10:00,Strada Urbana,VIA COLLATINA,in corrispondenza,,del civico n.,236,,Tamponamento,Rettilineo,Una carreggiata a doppio senso,Asciutto,Asfaltata,Orizzontale,Sereno,Normale,Buona,Ore Diurne,0,0,0,2,12.5871,41.9035,-1,1,Motociclo a solo,In marcia / fermata / arresto,Conducente,M,Illeso,0,,,,,
3912168,7,10/07/2018 17:10:00,Strada Urbana,VIA COLLATINA,in corrispondenza,,del civico n.,236,,Tamponamento,Rettilineo,Una carreggiata a doppio senso,Asciutto,Asfaltata,Orizzontale,Sereno,Normale,Buona,Ore Diurne,0,0,0,2,12.5871,41.9035,-1,2,Autocarro inferiore 35 q.,In marcia / fermata / arresto,Conducente,M,Illeso,0,,,,,
3912176,1,07/07/2018 13:00:00,Strada Urbana,PIAZZA DEL COLOSSEO,all'intersezione con,VIA CAPO D'AFRICA,VIA CAPO D'AFRICA,,,Scontro frontale fra veicoli in marcia,Incrocio,Una carreggiata a doppio senso,Asciutto,Asfaltata,Verticale ed orizzontale,Sereno,Normale,Buona,Ore Diurne,1,0,0,1,12.4933,41.8892,-1,1,Autovettura privata,In marcia / fermata / arresto,Conducente,M,Illeso,0,,Non accertato,,,
3912176,1,07/07/2018 13:00:00,Strada Urbana,PIAZZA DEL COLOSSEO,all'intersezione con,VIA CAPO D'AFRICA,VIA CAPO D'AFRICA,,,Scontro frontale fra veicoli in marcia,Incrocio,Una carreggiata a doppio senso,Asciutto,Asfaltata,Verticale ed orizzontale,Sereno,Normale,Buona,Ore Diurne,1,0,0,1,12.4933,41.8892,-1,2,Motociclo a solo,In marcia / fermata / arresto,Conducente,M,Rifiuta cure immediate,0,NON DECEDUTO,Non accertato,,,
3912210,1,07/07/2018 09:20:00,Strada Urbana,PIAZZALE GIUSEPPE GARIBALDI,da specificare,,,,ALTEZZA ENTRATA BELVEDERE,Scontro frontale/laterale DX fra veicoli in marcia,Rotatoria,Una carreggiata a senso unico di marcia,Asciutto,In cubetti di porfido,Verticale ed orizzontale,Sereno,Scarso,Buona,Ore Diurne,1,0,0,1,12.461,41.8915,-1,1,Autocarro inferiore 35 q.,In marcia / fermata / arresto,Conducente,M,Illeso,0,,Non accertato,,,
3912210,1,07/07/2018 09:20:00,Strada Urbana,PIAZZALE GIUSEPPE GARIBALDI,da specificare,,,,ALTEZZA ENTRATA BELVEDERE,Scontro frontale/laterale DX fra veicoli in marcia,Rotatoria,Una carreggiata a senso unico di marcia,Asciutto,In cubetti di porfido,Verticale ed orizzontale,Sereno,Scarso,Buona,Ore Diurne,1,0,0,1,12.461,41.8915,-1,2,Motociclo a solo,In marcia / fermata / arresto,Conducente,M,Rimandato,0,NON DECEDUTO,Non accertato,,,
3912211,17,10/07/2018 15:45:00,Strada Urbana,VIALE DEGLI AMMIRAGLI,in corrispondenza,,del civico n.,57,,Veicolo in marcia contro ostacolo accidentale,Rettilineo,Due carreggiate,Asciutto,Asfaltata,Verticale ed orizzontale,Sereno,Intenso,Buona,Ore Diurne,0,0,0,3,12.4444,41.9054,-1,1,Autovettura privata,In marcia / fermata / arresto,Conducente,M,Illeso,0,,,,,
3912211,17,10/07/2018 15:45:00,Strada Urbana,VIALE DEGLI AMMIRAGLI,in corrispondenza,,del civico n.,57,,Veicolo in marcia contro ostacolo accidentale,Rettilineo,Due carreggiate,Asciutto,Asfaltata,Verticale ed orizzontale,Sereno,Intenso,Buona,Ore Diurne,0,0,0,3,12.4444,41.9054,-1,1,Autovettura privata,In marcia / fermata / arresto,Passeggero,M,Illeso,0,,,,,
3912211,17,10/07/2018 15:45:00,Strada Urbana,VIALE DEGLI AMMIRAGLI,in corrispondenza,,del civico n.,57,,Veicolo in marcia contro ostacolo accidentale,Rettilineo,Due carreggiate,Asciutto,Asfaltata,Verticale ed orizzontale,Sereno,Intenso,Buona,Ore Diurne,0,0,0,3,12.4444,41.9054,-1,2,Motociclo a solo,In marcia / fermata / arresto,Conducente,M,Illeso,0,,,,,
3912242,1,09/07/2018 01:40:00,Strada Urbana,VIA GIOVANNI GIOLITTI,in corrispondenza,,del civico n.,333,,Veicolo in marcia contro ostacolo accidentale,Rettilineo,Una carreggiata a senso unico di marcia,Asciutto,Asfaltata,Verticale,Sereno,Scarso,Buona,Sufficiente,0,0,0,2,12.5095,41.895,-1,1,Autovettura privata,In marcia / fermata / arresto,Conducente,M,Illeso,0,,Non accertato,,,
3912242,1,09/07/2018 01:40:00,Strada Urbana,VIA GIOVANNI GIOLITTI,in corrispondenza,,del civico n.,333,,Veicolo in marcia contro ostacolo accidentale,Rettilineo,Una carreggiata a senso unico di marcia,Asciutto,Asfaltata,Verticale,Sereno,Scarso,Buona,Sufficiente,0,0,0,2,12.5095,41.895,-1,1,Autovettura privata,In marcia / fermata / arresto,Passeggero,M,Illeso,0,,,,,
3912256,1,09/07/2018 12:20:00,Strada Urbana,PIAZZA SIDNEY SONNINO,in prossimit�,,del civico n.,46,,Scontro laterale fra veicoli in marcia,Rettilineo,Pi� di due carreggiate,Asciutto,Asfaltata,Verticale ed orizzontale,Sereno,Normale,Buona,Ore Diurne,0,0,0,3,12.4738,41.8889,-1,1,Autovettura privata,In marcia / fermata / arresto,Conducente,M,Illeso,0,,Non accertato,,,
3912256,1,09/07/2018 12:20:00,Strada Urbana,PIAZZA SIDNEY SONNINO,in prossimit�,,del civico n.,46,,Scontro laterale fra veicoli in marcia,Rettilineo,Pi� di due carreggiate,Asciutto,Asfaltata,Verticale ed orizzontale,Sereno,Normale,Buona,Ore Diurne,0,0,0,3,12.4738,41.8889,-1,2,Autovettura privata,In marcia / fermata / arresto,Conducente,M,Illeso,0,,Non accertato,,,
3912256,1,09/07/2018 12:20:00,Strada Urbana,PIAZZA SIDNEY SONNINO,in prossimit�,,del civico n.,46,,Scontro laterale fra veicoli in marcia,Rettilineo,Pi� di due carreggiate,Asciutto,Asfaltata,Verticale ed orizzontale,Sereno,Normale,Buona,Ore Diurne,0,0,0,3,12.4738,41.8889,-1,2,Autovettura privata,In marcia / fermata / arresto,Passeggero,F,Illeso,0,,Non accertato,,,
3912282,19,10/07/2018 19:15:00,Strada Urbana,VIA DI BOCCEA,all'intersezione con,VIA DI SELVA NERA,VIA DI SELVA NERA,,,Scontro frontale fra veicoli in marcia,Incrocio,Una carreggiata a doppio senso,Asciutto,Asfaltata,Verticale ed orizzontale,Sereno,Normale,Buona,Ore Diurne,2,0,0,1,12.3847,41.9149,-1,1,Autovettura privata,In marcia / fermata / arresto,Conducente,M,Rimandato,0,NON DECEDUTO,Non accertato,Inesploso,,
3912282,19,10/07/2018 19:15:00,Strada Urbana,VIA DI BOCCEA,all'intersezione con,VIA DI SELVA NERA,VIA DI SELVA NERA,,,Scontro frontale fra veicoli in marcia,Incrocio,Una carreggiata a doppio senso,Asciutto,Asfaltata,Verticale ed orizzontale,Sereno,Normale,Buona,Ore Diurne,2,0,0,1,12.3847,41.9149,-1,1,Autovettura privata,In marcia / fermata / arresto,Passeggero,F,Rimandato,0,NON DECEDUTO,Non accertato,Inesploso,,
3912282,19,10/07/2018 19:15:00,Strada Urbana,VIA DI BOCCEA,all'intersezione con,VIA DI SELVA NERA,VIA DI SELVA NERA,,,Scontro frontale fra veicoli in marcia,Incrocio,Una carreggiata a doppio senso,Asciutto,Asfaltata,Verticale ed orizzontale,Sereno,Normale,Buona,Ore Diurne,2,0,0,1,12.3847,41.9149,-1,2,Autovettura privata,In marcia / fermata / arresto,Conducente,F,Illeso,0,,Non accertato,Inesploso,,
3912590,9,10/07/2018 18:45:00,Strada Urbana,VIA APPIA NUOVA,in prossimit�,,del civico n.,700,,Tamponamento Multiplo,Rettilineo,Due carreggiate,Sdrucciolevole (fango),Asfaltata,Assente,Sereno,Normale,Buona,Ore Diurne,0,0,0,8,12.5328,41.8616,-1,1,Autovettura privata,In marcia / fermata / arresto,Conducente,F,Illeso,0,,Non accertato,Inesploso,,
3912590,9,10/07/2018 18:45:00,Strada Urbana,VIA APPIA NUOVA,in prossimit�,,del civico n.,700,,Tamponamento Multiplo,Rettilineo,Due carreggiate,Sdrucciolevole (fango),Asfaltata,Assente,Sereno,Normale,Buona,Ore Diurne,0,0,0,8,12.5328,41.8616,-1,1,Autovettura privata,In marcia / fermata / arresto,Passeggero,M,Illeso,0,,Non accertato,Inesploso,,
3912590,9,10/07/2018 18:45:00,Strada Urbana,VIA APPIA NUOVA,in prossimit�,,del civico n.,700,,Tamponamento Multiplo,Rettilineo,Due carreggiate,Sdrucciolevole (fango),Asfaltata,Assente,Sereno,Normale,Buona,Ore Diurne,0,0,0,8,12.5328,41.8616,-1,1,Autovettura privata,In marcia / fermata / arresto,Passeggero,M,Illeso,0,,Non accertato,Inesploso,,
3912590,9,10/07/2018 18:45:00,Strada Urbana,VIA APPIA NUOVA,in prossimit�,,del civico n.,700,,Tamponamento Multiplo,Rettilineo,Due carreggiate,Sdrucciolevole (fango),Asfaltata,Assente,Sereno,Normale,Buona,Ore Diurne,0,0,0,8,12.5328,41.8616,-1,2,Autovettura privata,In marcia / fermata / arresto,Conducente,M,Illeso,0,,Non accertato,Inesploso,,
3912590,9,10/07/2018 18:45:00,Strada Urbana,VIA APPIA NUOVA,in prossimit�,,del civico n.,700,,Tamponamento Multiplo,Rettilineo,Due carreggiate,Sdrucciolevole (fango),Asfaltata,Assente,Sereno,Normale,Buona,Ore Diurne,0,0,0,8,12.5328,41.8616,-1,2,Autovettura privata,In marcia / fermata / arresto,Passeggero,F,Illeso,0,,Non accertato,Inesploso,,
3912590,9,10/07/2018 18:45:00,Strada Urbana,VIA APPIA NUOVA,in prossimit�,,del civico n.,700,,Tamponamento Multiplo,Rettilineo,Due carreggiate,Sdrucciolevole (fango),Asfaltata,Assente,Sereno,Normale,Buona,Ore Diurne,0,0,0,8,12.5328,41.8616,-1,3,Autovettura privata,In marcia / fermata / arresto,Conducente,M,Illeso,0,,Non accertato,Inesploso,,
3912590,9,10/07/2018 18:45:00,Strada Urbana,VIA APPIA NUOVA,in prossimit�,,del civico n.,700,,Tamponamento Multiplo,Rettilineo,Due carreggiate,Sdrucciolevole (fango),Asfaltata,Assente,Sereno,Normale,Buona,Ore Diurne,0,0,0,8,12.5328,41.8616,-1,3,Autovettura privata,In marcia / fermata / arresto,Passeggero,F,Illeso,0,,Non accertato,Inesploso,,
3912590,9,10/07/2018 18:45:00,Strada Urbana,VIA APPIA NUOVA,in prossimit�,,del civico n.,700,,Tamponamento Multiplo,Rettilineo,Due carreggiate,Sdrucciolevole (fango),Asfaltata,Assente,Sereno,Normale,Buona,Ore Diurne,0,0,0,8,12.5328,41.8616,-1,3,Autovettura privata,In marcia / fermata / arresto,Passeggero,M,Illeso,0,,Non accertato,Inesploso,,
3912593,9,10/07/2018 21:40:00,Strada Urbana,PIAZZALE APPIO,da specificare,,,,fronte VIA APPIA NUOVA,Scontro laterale fra veicoli in marcia,Rettilineo,Una carreggiata a doppio senso,Asciutto,Asfaltata,Verticale ed orizzontale,Sereno,Scarso,Buona,Sufficiente,0,0,0,6,12.5097,41.8853,-1,1,Autovettura privata,In marcia / fermata / arresto,Conducente,M,Illeso,0,,Non accertato,Inesploso,,
3912593,9,10/07/2018 21:40:00,Strada Urbana,PIAZZALE APPIO,da specificare,,,,fronte VIA APPIA NUOVA,Scontro laterale fra veicoli in marcia,Rettilineo,Una carreggiata a doppio senso,Asciutto,Asfaltata,Verticale ed orizzontale,Sereno,Scarso,Buona,Sufficiente,0,0,0,6,12.5097,41.8853,-1,2,Autovettura privata,In marcia / fermata / arresto,Conducente,F,Illeso,0,,Non accertato,Inesploso,,
3912593,9,10/07/2018 21:40:00,Strada Urbana,PIAZZALE APPIO,da specificare,,,,fronte VIA APPIA NUOVA,Scontro laterale fra veicoli in marcia,Rettilineo,Una carreggiata a doppio senso,Asciutto,Asfaltata,Verticale ed orizzontale,Sereno,Scarso,Buona,Sufficiente,0,0,0,6,12.5097,41.8853,-1,2,Autovettura privata,In marcia / fermata / arresto,Passeggero,M,Illeso,0,,Utilizzato,Inesploso,,
3912593,9,10/07/2018 21:40:00,Strada Urbana,PIAZZALE APPIO,da specificare,,,,fronte VIA APPIA NUOVA,Scontro laterale fra veicoli in marcia,Rettilineo,Una carreggiata a doppio senso,Asciutto,Asfaltata,Verticale ed orizzontale,Sereno,Scarso,Buona,Sufficiente,0,0,0,6,12.5097,41.8853,-1,2,Autovettura privata,In marcia / fermata / arresto,Passeggero,F,Illeso,0,,Utilizzato,Inesploso,,
3912593,9,10/07/2018 21:40:00,Strada Urbana,PIAZZALE APPIO,da specificare,,,,fronte VIA APPIA NUOVA,Scontro laterale fra veicoli in marcia,Rettilineo,Una carreggiata a doppio senso,Asciutto,Asfaltata,Verticale ed orizzontale,Sereno,Scarso,Buona,Sufficiente,0,0,0,6,12.5097,41.8853,-1,2,Autovettura privata,In marcia / fermata / arresto,Passeggero,F,Illeso,0,,Utilizzato,Inesploso,,
3912616,9,11/07/2018 01:30:00,Strada Urbana,VIA DI PORTA S. SEBASTIANO,all'intersezione con,VIALE DI PORTA ARDEATINA,VIALE DI PORTA ARDEATINA,,,Scontro frontale/laterale SX fra veicoli in marcia,Intersezione semaforizzata,Pi� di due carreggiate,Asciutto,Asfaltata,Verticale ed orizzontale,Sereno,Scarso,Sufficiente,Sufficiente,1,0,0,2,12.5016,41.8732,-1,1,Autovettura privata,In marcia / fermata / arresto,Conducente,F,Illeso,0,,Non accertato,Inesploso,,
3912616,9,11/07/2018 01:30:00,Strada Urbana,VIA DI PORTA S. SEBASTIANO,all'intersezione con,VIALE DI PORTA ARDEATINA,VIALE DI PORTA ARDEATINA,,,Scontro frontale/laterale SX fra veicoli in marcia,Intersezione semaforizzata,Pi� di due carreggiate,Asciutto,Asfaltata,Verticale ed orizzontale,Sereno,Scarso,Sufficiente,Sufficiente,1,0,0,2,12.5016,41.8732,-1,1,Autovettura privata,In marcia / fermata / arresto,Passeggero,M,Illeso,0,,Non accertato,Inesploso,,
3912616,9,11/07/2018 01:30:00,Strada Urbana,VIA DI PORTA S. SEBASTIANO,all'intersezione con,VIALE DI PORTA ARDEATINA,VIALE DI PORTA ARDEATINA,,,Scontro frontale/laterale SX fra veicoli in marcia,Intersezione semaforizzata,Pi� di due carreggiate,Asciutto,Asfaltata,Verticale ed orizzontale,Sereno,Scarso,Sufficiente,Sufficiente,1,0,0,2,12.5016,41.8732,-1,2,Autovettura privata,In marcia / fermata / arresto,Conducente,M,Rimandato,0,NON DECEDUTO,Non accertato,Inesploso,,
3912625,11,10/07/2018 02:40:00,Strada Urbana,LUNGOTEVERE DI S. PAOLO,all'intersezione semaforizzata con,VIALE DI S. PAOLO,VIALE DI S. PAOLO,,,Veicolo in marcia contro ostacolo fisso,Incrocio,Pi� di due carreggiate,Asciutto,Asfaltata,Verticale ed orizzontale,Sereno,Scarso,Buona,Sufficiente,0,0,0,3,12.476,41.8606,-1,1,Autovettura privata,In marcia / fermata / arresto,Conducente,M,Illeso,0,,,,,
3912625,11,10/07/2018 02:40:00,Strada Urbana,LUNGOTEVERE DI S. PAOLO,all'intersezione semaforizzata con,VIALE DI S. PAOLO,VIALE DI S. PAOLO,,,Veicolo in marcia contro ostacolo fisso,Incrocio,Pi� di due carreggiate,Asciutto,Asfaltata,Verticale ed orizzontale,Sereno,Scarso,Buona,Sufficiente,0,0,0,3,12.476,41.8606,-1,1,Autovettura privata,In marcia / fermata / arresto,Passeggero,M,Illeso,0,,,,,
3912625,11,10/07/2018 02:40:00,Strada Urbana,LUNGOTEVERE DI S. PAOLO,all'intersezione semaforizzata con,VIALE DI S. PAOLO,VIALE DI S. PAOLO,,,Veicolo in marcia contro ostacolo fisso,Incrocio,Pi� di due carreggiate,Asciutto,Asfaltata,Verticale ed orizzontale,Sereno,Scarso,Buona,Sufficiente,0,0,0,3,12.476,41.8606,-1,1,Autovettura privata,In marcia / fermata / arresto,Passeggero,M,Illeso,0,,,,,
3912630,1,09/07/2018 08:30:00,Strada Urbana,LUNGOTEVERE DEGLI ANGUILLARA,in prossimit�,,del civico n.,9,,Scontro laterale fra veicoli in marcia,Rettilineo,Una carreggiata a senso unico di marcia,Asciutto,Asfaltata,Verticale ed orizzontale,Sereno,Intenso,Buona,Ore Diurne,1,0,0,1,12.4755,41.89,-1,1,Autovettura privata,In marcia / fermata / arresto,Conducente,F,Illeso,0,,Non accertato,,,
3912630,1,09/07/2018 08:30:00,Strada Urbana,LUNGOTEVERE DEGLI ANGUILLARA,in prossimit�,,del civico n.,9,,Scontro laterale fra veicoli in marcia,Rettilineo,Una carreggiata a senso unico di marcia,Asciutto,Asfaltata,Verticale ed orizzontale,Sereno,Intenso,Buona,Ore Diurne,1,0,0,1,12.4755,41.89,-1,2,Ciclomotore,In marcia / fermata / arresto,Conducente,M,Rimandato,0,NON DECEDUTO,Non accertato,,,
3912652,11,10/07/2018 11:15:00,Strada Urbana,VIA ROSA GUARNIERI CARDUCCI,all'intersezione con,VIA ADELAIDE BONO CAIROLI,VIA ADELAIDE BONO CAIROLI,,,Scontro laterale fra veicoli in marcia,Incrocio,Una carreggiata a senso unico di marcia,Asciutto,Asfaltata,Verticale ed orizzontale,Sereno,Scarso,Buona,Ore Diurne,0,0,0,3,12.4909,41.8576,-1,1,Autovettura privata,In marcia / fermata / arresto,Conducente,M,Illeso,0,,Non accertato,Inesploso,,
3912652,11,10/07/2018 11:15:00,Strada Urbana,VIA ROSA GUARNIERI CARDUCCI,all'intersezione con,VIA ADELAIDE BONO CAIROLI,VIA ADELAIDE BONO CAIROLI,,,Scontro laterale fra veicoli in marcia,Incrocio,Una carreggiata a senso unico di marcia,Asciutto,Asfaltata,Verticale ed orizzontale,Sereno,Scarso,Buona,Ore Diurne,0,0,0,3,12.4909,41.8576,-1,2,Autovettura privata,In marcia / fermata / arresto,Conducente,F,Illeso,0,,,,,
3912652,11,10/07/2018 11:15:00,Strada Urbana,VIA ROSA GUARNIERI CARDUCCI,all'intersezione con,VIA ADELAIDE BONO CAIROLI,VIA ADELAIDE BONO CAIROLI,,,Scontro laterale fra veicoli in marcia,Incrocio,Una carreggiata a senso unico di marcia,Asciutto,Asfaltata,Verticale ed orizzontale,Sereno,Scarso,Buona,Ore Diurne,0,0,0,3,12.4909,41.8576,-1,2,Autovettura privata,In marcia / fermata / arresto,Passeggero,M,Illeso,0,,,,,
3912654,1,09/07/2018 13:10:00,Strada Urbana,PIAZZA DEI CINQUECENTO,all'intersezione semaforizzata con,VIA CAVOUR,VIA CAVOUR,,,Scontro laterale fra veicoli in marcia,Intersezione semaforizzata,Una carreggiata a senso unico di marcia,Asciutto,Asfaltata,Verticale ed orizzontale,Sereno,Normale,Buona,Ore Diurne,0,0,0,2,12.4998,41.9008,-1,1,Autocarro inferiore 35 q.,In marcia / fermata / arresto,Conducente,M,Illeso,0,,Non accertato,Inesploso,,
3912654,1,09/07/2018 13:10:00,Strada Urbana,PIAZZA DEI CINQUECENTO,all'intersezione semaforizzata con,VIA CAVOUR,VIA CAVOUR,,,Scontro laterale fra veicoli in marcia,Intersezione semaforizzata,Una carreggiata a senso unico di marcia,Asciutto,Asfaltata,Verticale ed orizzontale,Sereno,Normale,Buona,Ore Diurne,0,0,0,2,12.4998,41.9008,-1,2,Autovettura pubblica,In marcia / fermata / arresto,Conducente,M,Illeso,0,,Non accertato,Inesploso,,
3912668,5,10/07/2018 11:00:00,Strada Urbana,VIA TIBURTINA,in prossimit�,,del civico n.,755,,Scontro laterale fra veicoli in marcia,Rettilineo,Due carreggiate,Asciutto,Asfaltata,Verticale ed orizzontale,Sereno,Normale,Buona,Ore Diurne,1,0,0,1,12.554,41.9125,-1,1,Autovettura privata,In marcia / fermata / arresto,Conducente,F,Illeso,0,,Non accertato,Inesploso,,
3912668,5,10/07/2018 11:00:00,Strada Urbana,VIA TIBURTINA,in prossimit�,,del civico n.,755,,Scontro laterale fra veicoli in marcia,Rettilineo,Due carreggiate,Asciutto,Asfaltata,Verticale ed orizzontale,Sereno,Normale,Buona,Ore Diurne,1,0,0,1,12.554,41.9125,-1,2,Velocipede,In marcia / fermata / arresto,Conducente,M,Rimandato,0,NON DECEDUTO,Esente,,,
3912676,20,10/07/2018 10:30:00,Regionale entro l'abitato,VIA CASSIA,in corrispondenza,,del civico n.,1358,,Tamponamento,Rettilineo,Una carreggiata a doppio senso,Asciutto,Asfaltata,Verticale ed orizzontale,Sereno,Intenso,Buona,Ore Diurne,1,0,0,1,12.4019,41.9875,-1,1,Autovettura privata,In marcia / fermata / arresto,Conducente,F,Illeso,0,,Non accertato,,,
3912676,20,10/07/2018 10:30:00,Regionale entro l'abitato,VIA CASSIA,in corrispondenza,,del civico n.,1358,,Tamponamento,Rettilineo,Una carreggiata a doppio senso,Asciutto,Asfaltata,Verticale ed orizzontale,Sereno,Intenso,Buona,Ore Diurne,1,0,0,1,12.4019,41.9875,-1,2,Autovettura privata,In marcia / fermata / arresto,Conducente,F,Rimandato,0,NON DECEDUTO,Non accertato,,,
3912678,9,11/07/2018 05:30:00,Strada Urbana,VIA TARANTO,in corrispondenza,,del civico n.,77,,Veicolo in marcia contro veicoli in sosta,Rettilineo,Una carreggiata a doppio senso,Asciutto,Asfaltata,Orizzontale,Sereno,Scarso,Buona,Ore Diurne,0,0,0,3,12.5195,41.8836,-1,1,Autocarro inferiore 35 q.,In marcia / fermata / arresto,Conducente,M,Illeso,0,,Non accertato,Inesploso,,
3912678,9,11/07/2018 05:30:00,Strada Urbana,VIA TARANTO,in corrispondenza,,del civico n.,77,,Veicolo in marcia contro veicoli in sosta,Rettilineo,Una carreggiata a doppio senso,Asciutto,Asfaltata,Orizzontale,Sereno,Scarso,Buona,Ore Diurne,0,0,0,3,12.5195,41.8836,-1,1,Autocarro inferiore 35 q.,In marcia / fermata / arresto,Passeggero,M,Illeso,0,,Non accertato,Inesploso,,
3912678,9,11/07/2018 05:30:00,Strada Urbana,VIA TARANTO,in corrispondenza,,del civico n.,77,,Veicolo in marcia contro veicoli in sosta,Rettilineo,Una carreggiata a doppio senso,Asciutto,Asfaltata,Orizzontale,Sereno,Scarso,Buona,Ore Diurne,0,0,0,3,12.5195,41.8836,-1,1,Autocarro inferiore 35 q.,In marcia / fermata / arresto,Passeggero,M,Illeso,0,,Non accertato,Inesploso,,
3912680,5,10/07/2018 10:15:00,Strada Urbana,VIA TIBURTINA,in prossimit�,,del civico n.,598,,Investimento di pedone,Rettilineo,Due carreggiate,Asciutto,Asfaltata,Orizzontale,Sereno,Normale,Buona,Ore Diurne,1,0,0,1,12.5444,41.9086,-1,,,,Pedone,M,Rimandato,0,NON DECEDUTO,,,,
3912680,5,10/07/2018 10:15:00,Strada Urbana,VIA TIBURTINA,in prossimit�,,del civico n.,598,,Investimento di pedone,Rettilineo,Due carreggiate,Asciutto,Asfaltata,Orizzontale,Sereno,Normale,Buona,Ore Diurne,1,0,0,1,12.5444,41.9086,-1,1,Autovettura privata,In marcia / fermata / arresto,Conducente,F,Illeso,0,,Non accertato,Inesploso,,
3912687,1,09/07/2018 22:25:00,Strada Urbana,VIA DELLA FONTANELLA DI BORGHESE,all'intersezione con,VIA DEL LEONCINO,VIA DEL LEONCINO,,,Scontro frontale/laterale DX fra veicoli in marcia,Incrocio,Una carreggiata a senso unico di marcia,Asciutto,Acciotolata,Assente,Sereno,Scarso,Sufficiente,Sufficiente,0,0,0,2,12.4781,41.9042,-1,1,Autovettura pubblica,In marcia / fermata / arresto,Conducente,M,Illeso,0,,Non accertato,,,
3912687,1,09/07/2018 22:25:00,Strada Urbana,VIA DELLA FONTANELLA DI BORGHESE,all'intersezione con,VIA DEL LEONCINO,VIA DEL LEONCINO,,,Scontro frontale/laterale DX fra veicoli in marcia,Incrocio,Una carreggiata a senso unico di marcia,Asciutto,Acciotolata,Assente,Sereno,Scarso,Sufficiente,Sufficiente,0,0,0,2,12.4781,41.9042,-1,2,Autovettura pubblica,In marcia / fermata / arresto,Conducente,M,Illeso,0,,Non accertato,,,
3912696,13,10/07/2018 12:45:00,Strada Urbana,VIA ISOLE DEL CAPO VERDE,da specificare,,,,via dei velieri,Tamponamento,Rettilineo,Due carreggiate,Asciutto,Asfaltata,Assente,Sereno,Normale,Buona,Ore Diurne,1,0,0,1,12.276,41.7385,-1,1,Autovettura privata,In marcia / fermata / arresto,Conducente,M,Illeso,0,,Non accertato,Inesploso,,
3912696,13,10/07/2018 12:45:00,Strada Urbana,VIA ISOLE DEL CAPO VERDE,da specificare,,,,via dei velieri,Tamponamento,Rettilineo,Due carreggiate,Asciutto,Asfaltata,Assente,Sereno,Normale,Buona,Ore Diurne,1,0,0,1,12.276,41.7385,-1,2,Autovettura privata,In marcia / fermata / arresto,Conducente,M,Rimandato,0,NON DECEDUTO,Non accertato,Inesploso,,
3912704,10,10/07/2018 12:45:00,Strada Urbana,VIALE BRUNO RIZZIERI,all'intersezione con,VIALE BRUNO PELIZZI,VIALE BRUNO PELIZZI,,,Scontro laterale fra veicoli in marcia,Rotatoria,Una carreggiata a senso unico di marcia,Asciutto,Asfaltata,Assente,Sereno,Normale,Buona,Ore Diurne,1,0,0,2,12.5832,41.8524,-1,1,Autovettura privata,In marcia / fermata / arresto,Conducente,F,Illeso,0,,Non accertato,Inesploso,,
3912704,10,10/07/2018 12:45:00,Strada Urbana,VIALE BRUNO RIZZIERI,all'intersezione con,VIALE BRUNO PELIZZI,VIALE BRUNO PELIZZI,,,Scontro laterale fra veicoli in marcia,Rotatoria,Una carreggiata a senso unico di marcia,Asciutto,Asfaltata,Assente,Sereno,Normale,Buona,Ore Diurne,1,0,0,2,12.5832,41.8524,-1,1,Autovettura privata,In marcia / fermata / arresto,Passeggero,F,Illeso,0,,Non accertato,Inesploso,,
3912704,10,10/07/2018 12:45:00,Strada Urbana,VIALE BRUNO RIZZIERI,all'intersezione con,VIALE BRUNO PELIZZI,VIALE BRUNO PELIZZI,,,Scontro laterale fra veicoli in marcia,Rotatoria,Una carreggiata a senso unico di marcia,Asciutto,Asfaltata,Assente,Sereno,Normale,Buona,Ore Diurne,1,0,0,2,12.5832,41.8524,-1,2,Autovettura privata,In marcia / fermata / arresto,Conducente,F,Rimandato,0,NON DECEDUTO,Non accertato,Inesploso,,