Protocollo,Gruppo,DataOraIncidente,Localizzazione1,STRADA1,Localizzazione2,STRADA2,Strada02,Chilometrica,DaSpecificare,NaturaIncidente,particolaritastrade,TipoStrada,FondoStradale,Pavimentazione,Segnaletica,CondizioneAtmosferica,Traffico,Visibilita,Illuminazione,NUM_FERITI,NUM_RISERVATA,NUM_MORTI,NUM_ILLESI,Longitudine,Latitudine,Confermato,Progressivo,TipoVeicolo,StatoVeicolo,TipoPersona,Sesso,Tipolesione,Deceduto,DecedutoDopo,CinturaCascoUtilizzato,Airbag,,
3912706,7,10/07/2018 11:45:00,Strada Urbana,VIALE PALMIRO TOGLIATTI,all'intersezione con,VIA COLLATINA,VIA COLLATINA,,,Tamponamento,Incrocio,Due carreggiate,Asciutto,Asfaltata,Verticale ed orizzontale,Sereno,Normale,Buona,Ore Diurne,1,0,0,1,12.5743,41.9028,-1,1,Autocarro inferiore 35 q.,In marcia / fermata / arresto,Conducente,M,Illeso,0,,Non accertato,Inesploso,,
3912706,7,10/07/2018 11:45:00,Strada Urbana,VIALE PALMIRO TOGLIATTI,all'intersezione con,VIA COLLATINA,VIA COLLATINA,,,Tamponamento,Incrocio,Due carreggiate,Asciutto,Asfaltata,Verticale ed orizzontale,Sereno,Normale,Buona,Ore Diurne,1,0,0,1,12.5743,41.9028,-1,2,Autovettura privata,In marcia / fermata / arresto,Conducente,M,Rimandato,0,NON DECEDUTO,Non accertato,Inesploso,,
3912709,10,10/07/2018 16:50:00,Strada Urbana,VIA DELLE CAPANNELLE,in prossimit�,,del civico n.,37,,Tamponamento,Rettilineo,Una carreggiata a doppio senso,Asciutto,Asfaltata,Verticale ed orizzontale,Sereno,Normale,Buona,Ore Diurne,1,0,0,1,12.5644,41.8273,-1,1,Autovettura privata,In marcia / fermata / arresto,Conducente,M,Illeso,0,,Non accertato,Inesploso,,
3912709,10,10/07/2018 16:50:00,Strada Urbana,VIA DELLE CAPANNELLE,in prossimit�,,del civico n.,37,,Tamponamento,Rettilineo,Una carreggiata a doppio senso,Asciutto,Asfaltata,Verticale ed orizzontale,Sereno,Normale,Buona,Ore Diurne,1,0,0,1,12.5644,41.8273,-1,2,Motociclo a solo,In marcia / fermata / arresto,Conducente,M,Rifiuta cure immediate,0,NON DECEDUTO,Non accertato,,,
3912713,10,10/07/2018 17:15:00,Strada Urbana,VIALE TITO LABIENO,all'intersezione con,VIA CAIO CANULEIO,VIA CAIO CANULEIO,,,Scontro frontale/laterale DX fra veicoli in marcia,Intersezione stradale segnalata,Una carreggiata a senso unico di marcia,Asciutto,Asfaltata,Verticale ed orizzontale,Sereno,Normale,Buona,Ore Diurne,0,0,0,3,12.5639,41.8505,-1,1,Autovettura privata,In marcia / fermata / arresto,Conducente,M,Illeso,0,,Non accertato,Inesploso,,
3912713,10,10/07/2018 17:15:00,Strada Urbana,VIALE TITO LABIENO,all'intersezione con,VIA CAIO CANULEIO,VIA CAIO CANULEIO,,,Scontro frontale/laterale DX fra veicoli in marcia,Intersezione stradale segnalata,Una carreggiata a senso unico di marcia,Asciutto,Asfaltata,Verticale ed orizzontale,Sereno,Normale,Buona,Ore Diurne,0,0,0,3,12.5639,41.8505,-1,1,Autovettura privata,In marcia / fermata / arresto,Passeggero,M,Illeso,0,,Non accertato,Inesploso,,
3912713,10,10/07/2018 17:15:00,Strada Urbana,VIALE TITO LABIENO,all'intersezione con,VIA CAIO CANULEIO,VIA CAIO CANULEIO,,,Scontro frontale/laterale DX fra veicoli in marcia,Intersezione stradale segnalata,Una carreggiata a senso unico di marcia,Asciutto,Asfaltata,Verticale ed orizzontale,Sereno,Normale,Buona,Ore Diurne,0,0,0,3,12.5639,41.8505,-1,2,Autovettura privata,In marcia / fermata / arresto,Conducente,F,Illeso,0,,Non accertato,Inesploso,,
3912718,10,11/07/2018 06:00:00,Strada Urbana,VIA TUSCOLANA,da specificare,,,,uscita rampa GRA direzione ROMA cenro,Veicolo in marcia contro ostacolo accidentale,Curva a visuale libera,Due carreggiate,Asciutto,Asfaltata,Verticale ed orizzontale,Sereno,Scarso,Buona,Ore Diurne,0,0,0,1,12.592,41.8394,-1,1,Motociclo a solo,In marcia / fermata / arresto,Conducente,M,Illeso,0,,Non accertato,,,
3912731,5,10/07/2018 17:20:00,Strada Urbana,VIA ZOE FONTANA,da specificare,,,,in prossimit� di via Tiburtina,Scontro laterale fra veicoli in marcia,Rettilineo,Una carreggiata a doppio senso,Asciutto,Asfaltata,Verticale ed orizzontale,Sereno,Normale,Buona,Ore Diurne,0,0,0,2,12.6099,41.9347,-1,1,Autovettura privata,In marcia / fermata / arresto,Conducente,F,Illeso,0,,Non accertato,Esploso,,
3912731,5,10/07/2018 17:20:00,Strada Urbana,VIA ZOE FONTANA,da specificare,,,,in prossimit� di via Tiburtina,Scontro laterale fra veicoli in marcia,Rettilineo,Una carreggiata a doppio senso,Asciutto,Asfaltata,Verticale ed orizzontale,Sereno,Normale,Buona,Ore Diurne,0,0,0,2,12.6099,41.9347,-1,3,Autocarro inferiore 35 q.,In marcia / fermata / arresto,Conducente,M,Illeso,0,,Non accertato,Inesploso,,
3912735,13,10/07/2018 08:35:00,Strada Urbana,PIAZZA DI S. MONICA,all'intersezione con,VIA DELLE GONDOLE,VIA DELLE GONDOLE,,,Scontro frontale/laterale DX fra veicoli in marcia,Incrocio,Due carreggiate,Asciutto,Asfaltata,Orizzontale,Sereno,Scarso,Buona,Ore Diurne,0,0,0,2,12.2716,41.7342,-1,1,Autovettura privata,In marcia / fermata / arresto,Conducente,F,Illeso,0,,Non accertato,Inesploso,,
3912735,13,10/07/2018 08:35:00,Strada Urbana,PIAZZA DI S. MONICA,all'intersezione con,VIA DELLE GONDOLE,VIA DELLE GONDOLE,,,Scontro frontale/laterale DX fra veicoli in marcia,Incrocio,Due carreggiate,Asciutto,Asfaltata,Orizzontale,Sereno,Scarso,Buona,Ore Diurne,0,0,0,2,12.2716,41.7342,-1,2,Autovettura privata,In marcia / fermata / arresto,Conducente,M,Illeso,0,,Non accertato,Inesploso,,
3912740,5,10/07/2018 19:20:00,Strada Urbana,VIA DI CASAL BIANCO,all'intersezione con,VIA DI MARCO SIMONE,VIA DI MARCO SIMONE,,,Scontro frontale/laterale DX fra veicoli in marcia,Incrocio,Due carreggiate,Asciutto,Asfaltata,Verticale ed orizzontale,Sereno,Intenso,Buona,Ore Diurne,2,0,0,1,12.6456,41.9471,-1,1,Autovettura privata,In marcia / fermata / arresto,Conducente,M,Rimandato,0,NON DECEDUTO,Non accertato,Inesploso,,
3912740,5,10/07/2018 19:20:00,Strada Urbana,VIA DI CASAL BIANCO,all'intersezione con,VIA DI MARCO SIMONE,VIA DI MARCO SIMONE,,,Scontro frontale/laterale DX fra veicoli in marcia,Incrocio,Due carreggiate,Asciutto,Asfaltata,Verticale ed orizzontale,Sereno,Intenso,Buona,Ore Diurne,2,0,0,1,12.6456,41.9471,-1,1,Autovettura privata,In marcia / fermata / arresto,Passeggero,M,Rimandato,0,NON DECEDUTO,Non accertato,Inesploso,,
3912740,5,10/07/2018 19:20:00,Strada Urbana,VIA DI CASAL BIANCO,all'intersezione con,VIA DI MARCO SIMONE,VIA DI MARCO SIMONE,,,Scontro frontale/laterale DX fra veicoli in marcia,Incrocio,Due carreggiate,Asciutto,Asfaltata,Verticale ed orizzontale,Sereno,Intenso,Buona,Ore Diurne,2,0,0,1,12.6456,41.9471,-1,2,Autovettura privata,In marcia / fermata / arresto,Conducente,M,Illeso,0,,Non accertato,Inesploso,,
3912749,1,09/07/2018 17:20:00,Strada Urbana,VIA FIRENZE,in corrispondenza,,del civico n.,12,,Veicolo in marcia contro veicolo in sosta,Rettilineo,Una carreggiata a senso unico di marcia,Asciutto,Asfaltata,Verticale ed orizzontale,Sereno,Scarso,Buona,Ore Diurne,0,0,0,1,12.4949,41.9009,-1,2,Velocipede,In marcia / fermata / arresto,Conducente,F,Illeso,0,,Esente,,,
3912755,20,10/07/2018 21:40:00,Strada Urbana,VIALE DI TOR DI QUINTO,in corrispondenza,,del civico n.,19,,Veicolo in marcia contro ostacolo accidentale,Rettilineo,Una carreggiata a doppio senso,Asciutto,Asfaltata,Orizzontale,Sereno,Normale,Buona,Sufficiente,1,0,0,0,12.4673,41.9373,-1,1,Motociclo a solo,In marcia / fermata / arresto,Conducente,M,Rimandato,0,NON DECEDUTO,Non accertato,,,
3912768,20,11/07/2018 05:40:00,Regionale entro l'abitato,VIA CASSIA,da specificare,,,,100 metri dopo il civico 2190,Veicolo in marcia contro ostacolo accidentale,Rettilineo,Una carreggiata a doppio senso,Asciutto,Asfaltata,Verticale ed orizzontale,Sereno,Scarso,Buona,Ore Diurne,0,0,0,1,12.3775,42.038,-1,1,Autovettura privata,In marcia / fermata / arresto,Conducente,M,Illeso,0,,Non accertato,Inesploso,,
3912777,7,10/07/2018 19:20:00,Strada Urbana,VIALE PALMIRO TOGLIATTI,in corrispondenza,,del civico n.,669,,Scontro laterale fra veicoli in marcia,Rettilineo,Una carreggiata a senso unico di marcia,Asciutto,Asfaltata,Verticale ed orizzontale,Sereno,Normale,Buona,Ore Diurne,0,0,0,3,12.5727,41.88,-1,1,Autovettura di polizia,In marcia / fermata / arresto,Conducente,M,Illeso,0,,,,,
3912777,7,10/07/2018 19:20:00,Strada Urbana,VIALE PALMIRO TOGLIATTI,in corrispondenza,,del civico n.,669,,Scontro laterale fra veicoli in marcia,Rettilineo,Una carreggiata a senso unico di marcia,Asciutto,Asfaltata,Verticale ed orizzontale,Sereno,Normale,Buona,Ore Diurne,0,0,0,3,12.5727,41.88,-1,1,Autovettura di polizia,In marcia / fermata / arresto,Passeggero,M,Illeso,0,,Esente,Inesploso,,
3912777,7,10/07/2018 19:20:00,Strada Urbana,VIALE PALMIRO TOGLIATTI,in corrispondenza,,del civico n.,669,,Scontro laterale fra veicoli in marcia,Rettilineo,Una carreggiata a senso unico di marcia,Asciutto,Asfaltata,Verticale ed orizzontale,Sereno,Normale,Buona,Ore Diurne,0,0,0,3,12.5727,41.88,-1,2,Autovettura privata,In marcia / fermata / arresto,Conducente,M,Illeso,0,,Non accertato,Inesploso,,
3912779,13,10/07/2018 17:40:00,Strada Urbana,VIA MARCELLO MASTROIANNI,da specificare,,,,in prox via Francesco Bertini,Veicolo in marcia contro veicolo in sosta,Rettilineo,Una carreggiata a doppio senso,Asciutto,Asfaltata,Verticale ed orizzontale,Sereno,Normale,Buona,Ore Diurne,0,0,0,1,12.4879,41.9107,-1,1,Autovettura privata,In marcia / fermata / arresto,Conducente,M,Illeso,0,,Non accertato,Inesploso,,
3912797,1,09/07/2018 13:00:00,Strada Urbana,PIAZZA DI S. CLAUDIO,in corrispondenza,,del civico n.,56,,Scontro laterale fra veicoli in marcia,Rettilineo,Una carreggiata a senso unico di marcia,Asciutto,Asfaltata,Verticale ed orizzontale,Sereno,Normale,Buona,Ore Diurne,0,0,0,2,12.4813,41.9022,-1,1,Autovettura privata,In marcia / fermata / arresto,Conducente,M,Illeso,0,,Non accertato,Inesploso,,
3912797,1,09/07/2018 13:00:00,Strada Urbana,PIAZZA DI S. CLAUDIO,in corrispondenza,,del civico n.,56,,Scontro laterale fra veicoli in marcia,Rettilineo,Una carreggiata a senso unico di marcia,Asciutto,Asfaltata,Verticale ed orizzontale,Sereno,Normale,Buona,Ore Diurne,0,0,0,2,12.4813,41.9022,-1,2,Autovettura pubblica,In marcia / fermata / arresto,Conducente,M,Illeso,0,,Non accertato,Inesploso,,
3912798,16,09/07/2018 10:30:00,Strada Urbana,VIA PAOLO ORANO,all'intersezione con,VIA DEL CASALE LUMBROSO,VIA DEL CASALE LUMBROSO,,,Scontro frontale/laterale DX fra veicoli in marcia,Intersezione stradale segnalata,Due carreggiate,Asciutto,Asfaltata,Orizzontale,Sereno,Normale,Buona,Ore Diurne,0,0,0,2,12.361,41.8836,-1,1,Autovettura privata,In marcia / fermata / arresto,Conducente,F,Illeso,0,,Non accertato,Inesploso,,
3912798,16,09/07/2018 10:30:00,Strada Urbana,VIA PAOLO ORANO,all'intersezione con,VIA DEL CASALE LUMBROSO,VIA DEL CASALE LUMBROSO,,,Scontro frontale/laterale DX fra veicoli in marcia,Intersezione stradale segnalata,Due carreggiate,Asciutto,Asfaltata,Orizzontale,Sereno,Normale,Buona,Ore Diurne,0,0,0,2,12.361,41.8836,-1,2,Autovettura privata,In marcia / fermata / arresto,Conducente,M,Illeso,0,,Non accertato,Inesploso,,
3912802,17,10/07/2018 18:20:00,Strada Urbana,VIA DEL FORO ITALICO,all'intersezione semaforizzata con,VIA DEI MONTI DELLA FARNESINA,VIA DEI MONTI DELLA FARNESINA,,,Scontro laterale fra veicoli in marcia,Incrocio,Una carreggiata a senso unico di marcia,Asciutto,Asfaltata,Verticale ed orizzontale,Sereno,Normale,Buona,Ore Diurne,1,0,0,2,12.4549,41.9365,-1,1,Autovettura privata,In marcia / fermata / arresto,Conducente,M,Illeso,0,,,,,
3912802,17,10/07/2018 18:20:00,Strada Urbana,VIA DEL FORO ITALICO,all'intersezione semaforizzata con,VIA DEI MONTI DELLA FARNESINA,VIA DEI MONTI DELLA FARNESINA,,,Scontro laterale fra veicoli in marcia,Incrocio,Una carreggiata a senso unico di marcia,Asciutto,Asfaltata,Verticale ed orizzontale,Sereno,Normale,Buona,Ore Diurne,1,0,0,2,12.4549,41.9365,-1,1,Autovettura privata,In marcia / fermata / arresto,Passeggero,M,Illeso,0,,,,,
3912802,17,10/07/2018 18:20:00,Strada Urbana,VIA DEL FORO ITALICO,all'intersezione semaforizzata con,VIA DEI MONTI DELLA FARNESINA,VIA DEI MONTI DELLA FARNESINA,,,Scontro laterale fra veicoli in marcia,Incrocio,Una carreggiata a senso unico di marcia,Asciutto,Asfaltata,Verticale ed orizzontale,Sereno,Normale,Buona,Ore Diurne,1,0,0,2,12.4549,41.9365,-1,2,Motociclo a solo,In marcia / fermata / arresto,Conducente,M,Rifiuta cure immediate,0,NON DECEDUTO,,,,
3912811,17,10/07/2018 06:40:00,Strada Urbana,VIA RAFFAELE CAVERNI,in prossimit�,,del civico n.,12,,Veicolo in marcia contro veicolo fermo,Rettilineo,Una carreggiata a senso unico di marcia,Asciutto,Asfaltata,Verticale ed orizzontale,Sereno,Normale,Buona,Ore Diurne,0,0,0,2,12.4514,41.9132,-1,1,Autovettura privata,In marcia / fermata / arresto,Conducente,M,Illeso,0,,,,,
3912811,17,10/07/2018 06:40:00,Strada Urbana,VIA RAFFAELE CAVERNI,in prossimit�,,del civico n.,12,,Veicolo in marcia contro veicolo fermo,Rettilineo,Una carreggiata a senso unico di marcia,Asciutto,Asfaltata,Verticale ed orizzontale,Sereno,Normale,Buona,Ore Diurne,0,0,0,2,12.4514,41.9132,-1,2,Autovettura privata,In marcia / fermata / arresto,Conducente,M,Illeso,0,,,,,
3912814,16,09/07/2018 13:20:00,Strada Urbana,VIALE DEI COLLI PORTUENSI,in corrispondenza,,del civico n.,52,,Tamponamento Multiplo,Rettilineo,Due carreggiate,Asciutto,Asfaltata,Verticale ed orizzontale,Sereno,Normale,Buona,Ore Diurne,0,0,0,5,12.443,41.8756,-1,1,Autovettura privata,In marcia / fermata / arresto,Conducente,M,Illeso,0,,Non accertato,Inesploso,,
3912814,16,09/07/2018 13:20:00,Strada Urbana,VIALE DEI COLLI PORTUENSI,in corrispondenza,,del civico n.,52,,Tamponamento Multiplo,Rettilineo,Due carreggiate,Asciutto,Asfaltata,Verticale ed orizzontale,Sereno,Normale,Buona,Ore Diurne,0,0,0,5,12.443,41.8756,-1,2,Autovettura privata,In marcia / fermata / arresto,Conducente,M,Illeso,0,,Non accertato,Inesploso,,
3912814,16,09/07/2018 13:20:00,Strada Urbana,VIALE DEI COLLI PORTUENSI,in corrispondenza,,del civico n.,52,,Tamponamento Multiplo,Rettilineo,Due carreggiate,Asciutto,Asfaltata,Verticale ed orizzontale,Sereno,Normale,Buona,Ore Diurne,0,0,0,5,12.443,41.8756,-1,2,Autovettura privata,In marcia / fermata / arresto,Passeggero,F,Illeso,0,,Non accertato,Inesploso,,
3912814,16,09/07/2018 13:20:00,Strada Urbana,VIALE DEI COLLI PORTUENSI,in corrispondenza,,del civico n.,52,,Tamponamento Multiplo,Rettilineo,Due carreggiate,Asciutto,Asfaltata,Verticale ed orizzontale,Sereno,Normale,Buona,Ore Diurne,0,0,0,5,12.443,41.8756,-1,3,Autovettura privata,In marcia / fermata / arresto,Conducente,M,Illeso,0,,Non accertato,Inesploso,,
3912814,16,09/07/2018 13:20:00,Strada Urbana,VIALE DEI COLLI PORTUENSI,in corrispondenza,,del civico n.,52,,Tamponamento Multiplo,Rettilineo,Due carreggiate,Asciutto,Asfaltata,Verticale ed orizzontale,Sereno,Normale,Buona,Ore Diurne,0,0,0,5,12.443,41.8756,-1,3,Autovettura privata,In marcia / fermata / arresto,Passeggero,F,Illeso,0,,Non accertato,Inesploso,,
3912816,18,10/07/2018 16:40:00,Strada Urbana,VIA DI ACQUAFREDDA,da specificare,,,,IN PROSSIMITA' PALO ILLUMINAZIONE ACEA 29,Tamponamento,Rettilineo,Una carreggiata a doppio senso,Asciutto,Asfaltata,Orizzontale,Sereno,Intenso,Buona,Ore Diurne,1,0,0,2,12.3956,41.8939,-1,1,Autoambulanza,In marcia / fermata / arresto,Conducente,M,Illeso,0,,Non accertato,Inesistente,,
3912816,18,10/07/2018 16:40:00,Strada Urbana,VIA DI ACQUAFREDDA,da specificare,,,,IN PROSSIMITA' PALO ILLUMINAZIONE ACEA 29,Tamponamento,Rettilineo,Una carreggiata a doppio senso,Asciutto,Asfaltata,Orizzontale,Sereno,Intenso,Buona,Ore Diurne,1,0,0,2,12.3956,41.8939,-1,1,Autoambulanza,In marcia / fermata / arresto,Passeggero,M,Illeso,0,,Non accertato,Inesistente,,
3912816,18,10/07/2018 16:40:00,Strada Urbana,VIA DI ACQUAFREDDA,da specificare,,,,IN PROSSIMITA' PALO ILLUMINAZIONE ACEA 29,Tamponamento,Rettilineo,Una carreggiata a doppio senso,Asciutto,Asfaltata,Orizzontale,Sereno,Intenso,Buona,Ore Diurne,1,0,0,2,12.3956,41.8939,-1,2,Motociclo a solo,In marcia / fermata / arresto,Conducente,M,Rimandato,0,NON DECEDUTO,Non accertato,,,
3912843,4,10/07/2018 16:30:00,Statale,VIA SALARIA,da specificare,,,,altezza chilometrica 20.400,Scontro frontale/laterale SX fra veicoli in marcia,Rettilineo,Una carreggiata a doppio senso,Asciutto,Asfaltata,Orizzontale,Sereno,Normale,Buona,Ore Diurne,3,0,0,0,13.1876,42.4204,-1,1,Autovettura privata,In marcia / fermata / arresto,Conducente,M,Rimandato,0,NON DECEDUTO,Non accertato,Inesploso,,
3912843,4,10/07/2018 16:30:00,Statale,VIA SALARIA,da specificare,,,,altezza chilometrica 20.400,Scontro frontale/laterale SX fra veicoli in marcia,Rettilineo,Una carreggiata a doppio senso,Asciutto,Asfaltata,Orizzontale,Sereno,Normale,Buona,Ore Diurne,3,0,0,0,13.1876,42.4204,-1,2,Autocarro inferiore 35 q.,In marcia / fermata / arresto,Conducente,M,Rimandato,0,NON DECEDUTO,,,,
3912843,4,10/07/2018 16:30:00,Statale,VIA SALARIA,da specificare,,,,altezza chilometrica 20.400,Scontro frontale/laterale SX fra veicoli in marcia,Rettilineo,Una carreggiata a doppio senso,Asciutto,Asfaltata,Orizzontale,Sereno,Normale,Buona,Ore Diurne,3,0,0,0,13.1876,42.4204,-1,3,Autovettura privata,In marcia / fermata / arresto,Conducente,M,Rimandato,0,NON DECEDUTO,,,,
3912850,16,09/07/2018 17:00:00,Strada Urbana,PIAZZA BIAGIO PACE,all'intersezione con,VIA SILVESTRI,VIA SILVESTRI,,,Scontro laterale fra veicoli in marcia,Intersezione stradale segnalata,Una carreggiata a doppio senso,Asciutto,Asfaltata,Verticale ed orizzontale,Sereno,Normale,Sufficiente,Ore Diurne,1,0,0,3,12.4306,41.8772,-1,1,Autovettura privata,In marcia / fermata / arresto,Conducente,M,Illeso,0,,Non accertato,Inesploso,,
3912850,16,09/07/2018 17:00:00,Strada Urbana,PIAZZA BIAGIO PACE,all'intersezione con,VIA SILVESTRI,VIA SILVESTRI,,,Scontro laterale fra veicoli in marcia,Intersezione stradale segnalata,Una carreggiata a doppio senso,Asciutto,Asfaltata,Verticale ed orizzontale,Sereno,Normale,Sufficiente,Ore Diurne,1,0,0,3,12.4306,41.8772,-1,1,Autovettura privata,In marcia / fermata / arresto,Passeggero,F,Illeso,0,,Non accertato,Inesploso,,
3912850,16,09/07/2018 17:00:00,Strada Urbana,PIAZZA BIAGIO PACE,all'intersezione con,VIA SILVESTRI,VIA SILVESTRI,,,Scontro laterale fra veicoli in marcia,Intersezione stradale segnalata,Una carreggiata a doppio senso,Asciutto,Asfaltata,Verticale ed orizzontale,Sereno,Normale,Sufficiente,Ore Diurne,1,0,0,3,12.4306,41.8772,-1,2,Motociclo con passeggero,In marcia / fermata / arresto,Conducente,M,Rimandato,0,NON DECEDUTO,Utilizzato,,,
3912850,16,09/07/2018 17:00:00,Strada Urbana,PIAZZA BIAGIO PACE,all'intersezione con,VIA SILVESTRI,VIA SILVESTRI,,,Scontro laterale fra veicoli in marcia,Intersezione stradale segnalata,Una carreggiata a doppio senso,Asciutto,Asfaltata,Verticale ed orizzontale,Sereno,Normale,Sufficiente,Ore Diurne,1,0,0,3,12.4306,41.8772,-1,2,Motociclo con passeggero,In marcia / fermata / arresto,Passeggero,F,Illeso,0,,Utilizzato,,,
3912866,4,10/07/2018 19:00:00,Comunale extraurbana,VIA DELLA STORTA,in corrispondenza,,del civico n.,147 B,,Scontro frontale/laterale DX fra veicoli in marcia,Curva a visuale libera,Una carreggiata a doppio senso,Asciutto,Asfaltata,Assente,Sereno,Scarso,Buona,Ore Diurne,0,0,0,2,12.3487,41.9404,-1,1,Autovettura privata,In marcia / fermata / arresto,Conducente,M,Illeso,0,,,,,
3912866,4,10/07/2018 19:00:00,Comunale extraurbana,VIA DELLA STORTA,in corrispondenza,,del civico n.,147 B,,Scontro frontale/laterale DX fra veicoli in marcia,Curva a visuale libera,Una carreggiata a doppio senso,Asciutto,Asfaltata,Assente,Sereno,Scarso,Buona,Ore Diurne,0,0,0,2,12.3487,41.9404,-1,2,Autovettura privata,In marcia / fermata / arresto,Conducente,M,Illeso,0,,,Esploso,,
3912872,16,09/07/2018 17:50:00,Strada Urbana,VIA QUIRINO MAJORANA,in corrispondenza,,del civico n.,265,,Tamponamento,Rettilineo,Due carreggiate,Asciutto,Asfaltata,Assente,Sereno,Intenso,Buona,Ore Diurne,0,0,0,3,12.4603,41.8704,-1,1,Autovettura privata,In marcia / fermata / arresto,Conducente,F,Illeso,0,,Non accertato,Inesploso,,
3912872,16,09/07/2018 17:50:00,Strada Urbana,VIA QUIRINO MAJORANA,in corrispondenza,,del civico n.,265,,Tamponamento,Rettilineo,Due carreggiate,Asciutto,Asfaltata,Assente,Sereno,Intenso,Buona,Ore Diurne,0,0,0,3,12.4603,41.8704,-1,2,Autovettura di polizia,In marcia / fermata / arresto,Conducente,M,Illeso,0,,Non accertato,Inesploso,,
3912872,16,09/07/2018 17:50:00,Strada Urbana,VIA QUIRINO MAJORANA,in corrispondenza,,del civico n.,265,,Tamponamento,Rettilineo,Due carreggiate,Asciutto,Asfaltata,Assente,Sereno,Intenso,Buona,Ore Diurne,0,0,0,3,12.4603,41.8704,-1,2,Autovettura di polizia,In marcia / fermata / arresto,Passeggero,M,Illeso,0,,Non accertato,Inesploso,,
3912878,23,10/07/2018 19:40:00,Strada Urbana,PIAZZA ENRICO FERMI,all'intersezione semaforizzata con,VIA FRANCESCO GRIMALDI,VIA FRANCESCO GRIMALDI,,,Tamponamento,Intersezione semaforizzata,Due carreggiate,Asciutto,Asfaltata,Verticale ed orizzontale,Sereno,Intenso,Buona,Ore Diurne,0,0,0,3,12.4694,41.8644,-1,1,Autovettura pubblica,In marcia / fermata / arresto,Conducente,M,Illeso,0,,Utilizzato,Inesploso,,
3912878,23,10/07/2018 19:40:00,Strada Urbana,PIAZZA ENRICO FERMI,all'intersezione semaforizzata con,VIA FRANCESCO GRIMALDI,VIA FRANCESCO GRIMALDI,,,Tamponamento,Intersezione semaforizzata,Due carreggiate,Asciutto,Asfaltata,Verticale ed orizzontale,Sereno,Intenso,Buona,Ore Diurne,0,0,0,3,12.4694,41.8644,-1,2,Autovettura di polizia,In marcia / fermata / arresto,Conducente,M,Illeso,0,,Non accertato,Inesploso,,
3912878,23,10/07/2018 19:40:00,Strada Urbana,PIAZZA ENRICO FERMI,all'intersezione semaforizzata con,VIA FRANCESCO GRIMALDI,VIA FRANCESCO GRIMALDI,,,Tamponamento,Intersezione semaforizzata,Due carreggiate,Asciutto,Asfaltata,Verticale ed orizzontale,Sereno,Intenso,Buona,Ore Diurne,0,0,0,3,12.4694,41.8644,-1,2,Autovettura di polizia,In marcia / fermata / arresto,Passeggero,M,Illeso,0,,Non accertato,Inesploso,,
3912882,7,10/07/2018 22:30:00,Strada Urbana,VIA DELLE ROBINIE,all'intersezione con,VIA DOMENICO PANAROLI,VIA DOMENICO PANAROLI,,,Scontro frontale/laterale SX fra veicoli in marcia,Incrocio,Una carreggiata a doppio senso,Asciutto,Asfaltata,Verticale ed orizzontale,Sereno,Scarso,Buona,Sufficiente,0,0,0,2,12.5669,41.8826,-1,1,Autovettura privata,In marcia / fermata / arresto,Conducente,M,Illeso,0,,Non accertato,Inesploso,,
3912882,7,10/07/2018 22:30:00,Strada Urbana,VIA DELLE ROBINIE,all'intersezione con,VIA DOMENICO PANAROLI,VIA DOMENICO PANAROLI,,,Scontro frontale/laterale SX fra veicoli in marcia,Incrocio,Una carreggiata a doppio senso,Asciutto,Asfaltata,Verticale ed orizzontale,Sereno,Scarso,Buona,Sufficiente,0,0,0,2,12.5669,41.8826,-1,2,Autovettura privata,In marcia / fermata / arresto,Conducente,M,Illeso,0,,Non accertato,Inesploso,,
3912914,1,09/07/2018 21:20:00,Strada Urbana,LARGO DELLE TERME DI CARACALLA,all'intersezione con,VIALE GUIDO BACCELLI,VIALE GUIDO BACCELLI,,,Scontro laterale fra veicoli in marcia,Incrocio,Due carreggiate,Asciutto,Asfaltata,Verticale ed orizzontale,Sereno,Normale,Buona,Sufficiente,0,0,0,4,12.4965,41.8742,-1,1,Autovettura privata,In marcia / fermata / arresto,Conducente,M,Illeso,0,,Non accertato,,,
3912914,1,09/07/2018 21:20:00,Strada Urbana,LARGO DELLE TERME DI CARACALLA,all'intersezione con,VIALE GUIDO BACCELLI,VIALE GUIDO BACCELLI,,,Scontro laterale fra veicoli in marcia,Incrocio,Due carreggiate,Asciutto,Asfaltata,Verticale ed orizzontale,Sereno,Normale,Buona,Sufficiente,0,0,0,4,12.4965,41.8742,-1,1,Autovettura privata,In marcia / fermata / arresto,Passeggero,M,Illeso,0,,,,,
3912914,1,09/07/2018 21:20:00,Strada Urbana,LARGO DELLE TERME DI CARACALLA,all'intersezione con,VIALE GUIDO BACCELLI,VIALE GUIDO BACCELLI,,,Scontro laterale fra veicoli in marcia,Incrocio,Due carreggiate,Asciutto,Asfaltata,Verticale ed orizzontale,Sereno,Normale,Buona,Sufficiente,0,0,0,4,12.4965,41.8742,-1,2,Autovettura privata,In marcia / fermata / arresto,Conducente,M,Illeso,0,,Non accertato,,,
3912914,1,09/07/2018 21:20:00,Strada Urbana,LARGO DELLE TERME DI CARACALLA,all'intersezione con,VIALE GUIDO BACCELLI,VIALE GUIDO BACCELLI,,,Scontro laterale fra veicoli in marcia,Incrocio,Due carreggiate,Asciutto,Asfaltata,Verticale ed orizzontale,Sereno,Normale,Buona,Sufficiente,0,0,0,4,12.4965,41.8742,-1,2,Autovettura privata,In marcia / fermata / arresto,Passeggero,M,Illeso,0,,,,,