Protocollo,Gruppo,DataOraIncidente,Localizzazione1,STRADA1,Localizzazione2,STRADA2,Strada02,Chilometrica,DaSpecificare,NaturaIncidente,particolaritastrade,TipoStrada,FondoStradale,Pavimentazione,Segnaletica,CondizioneAtmosferica,Traffico,Visibilita,Illuminazione,NUM_FERITI,NUM_RISERVATA,NUM_MORTI,NUM_ILLESI,Longitudine,Latitudine,Confermato,Progressivo,TipoVeicolo,StatoVeicolo,TipoPersona,Sesso,Tipolesione,Deceduto,DecedutoDopo,CinturaCascoUtilizzato,Airbag,,
3913497,19,11/07/2018 14:15:00,Strada Urbana,VIA DI TORREVECCHIA,all'intersezione con,VIA SIMONE MOSCA,VIA SIMONE MOSCA,,,Scontro frontale/laterale SX fra veicoli in marcia,Intersezione stradale segnalata,Una carreggiata a doppio senso,Asciutto,Asfaltata,Verticale ed orizzontale,Sereno,Normale,Buona,Ore Diurne,0,0,0,3,12.4122,41.9233,-1,2,Autovettura privata,In marcia / fermata / arresto,Conducente,M,Illeso,0,,Non accertato,Inesploso,,
3913500,1,10/07/2018 21:30:00,Strada Urbana,VIA DELLE TERME DI TRAIANO,all'intersezione con,VIALE DEL MONTE OPPIO,VIALE DEL MONTE OPPIO,,,Scontro frontale/laterale DX fra veicoli in marcia,Incrocio,Una carreggiata a doppio senso,Asciutto,Asfaltata,Verticale ed orizzontale,Sereno,Normale,Sufficiente,Sufficiente,0,0,0,4,12.4974,41.8935,-1,1,Autovettura privata,In marcia / fermata / arresto,Conducente,M,Illeso,0,,Non accertato,Inesploso,,
3913500,1,10/07/2018 21:30:00,Strada Urbana,VIA DELLE TERME DI TRAIANO,all'intersezione con,VIALE DEL MONTE OPPIO,VIALE DEL MONTE OPPIO,,,Scontro frontale/laterale DX fra veicoli in marcia,Incrocio,Una carreggiata a doppio senso,Asciutto,Asfaltata,Verticale ed orizzontale,Sereno,Normale,Sufficiente,Sufficiente,0,0,0,4,12.4974,41.8935,-1,1,Autovettura privata,In marcia / fermata / arresto,Passeggero,F,Illeso,0,,Non accertato,Inesploso,,
3913500,1,10/07/2018 21:30:00,Strada Urbana,VIA DELLE TERME DI TRAIANO,all'intersezione con,VIALE DEL MONTE OPPIO,VIALE DEL MONTE OPPIO,,,Scontro frontale/laterale DX fra veicoli in marcia,Incrocio,Una carreggiata a doppio senso,Asciutto,Asfaltata,Verticale ed orizzontale,Sereno,Normale,Sufficiente,Sufficiente,0,0,0,4,12.4974,41.8935,-1,2,Autovettura privata,In marcia / fermata / arresto,Conducente,M,Illeso,0,,Non accertato,Inesploso,,
3913500,1,10/07/2018 21:30:00,Strada Urbana,VIA DELLE TERME DI TRAIANO,all'intersezione con,VIALE DEL MONTE OPPIO,VIALE DEL MONTE OPPIO,,,Scontro frontale/laterale DX fra veicoli in marcia,Incrocio,Una carreggiata a doppio senso,Asciutto,Asfaltata,Verticale ed orizzontale,Sereno,Normale,Sufficiente,Sufficiente,0,0,0,4,12.4974,41.8935,-1,2,Autovettura privata,In marcia / fermata / arresto,Passeggero,F,Illeso,0,,,Inesploso,,
3913512,18,11/07/2018 14:30:00,Strada Urbana,PIAZZA PIO IX,all'intersezione con,VIA CARDINAL PASSIONEI,VIA CARDINAL PASSIONEI,,,Scontro frontale fra veicoli in marcia,Intersezione stradale segnalata,Una carreggiata a senso unico di marcia,Asciutto,Asfaltata,Verticale ed orizzontale,Sereno,Intenso,Buona,Ore Diurne,0,0,0,1,12.4225,41.9104,-1,1,Autovettura privata,In marcia / fermata / arresto,Conducente,M,Illeso,0,,Non accertato,Inesploso,,
3913545,12,11/07/2018 12:45:00,Strada Urbana,VIA DI TRIGORIA,da specificare,,,,prossimit� alberi di pino n. 50 -51,Fuoriuscita dalla sede stradale,Rettilineo,Una carreggiata a doppio senso,Asciutto,Strada pavimentata dissestata,Verticale,Sereno,Normale,Buona,Ore Diurne,1,0,0,0,12.4578,41.724,-1,1,Motociclo a solo,In marcia / fermata / arresto,Conducente,M,Rimandato,0,NON DECEDUTO,Utilizzato,,,
3913547,12,10/07/2018 11:30:00,Provinciale entro l'abitato,VIA OSTIENSE,da specificare,,,,direzione OSTIA altezza km 9,800,Tamponamento,Rettilineo,Una carreggiata a doppio senso,Asciutto,Asfaltata,Verticale ed orizzontale,Sereno,Normale,Buona,Ore Diurne,0,0,0,2,12.4398,41.8223,-1,1,Autovettura privata,In marcia / fermata / arresto,Conducente,M,Illeso,0,,,,
3913547,12,10/07/2018 11:30:00,Provinciale entro l'abitato,VIA OSTIENSE,da specificare,,,,direzione OSTIA altezza km 9,800,Tamponamento,Rettilineo,Una carreggiata a doppio senso,Asciutto,Asfaltata,Verticale ed orizzontale,Sereno,Normale,Buona,Ore Diurne,0,0,0,2,12.4398,41.8223,-1,2,Autovettura privata,In marcia / fermata / arresto,Conducente,F,Illeso,0,,,,
3913590,15,11/07/2018 09:00:00,Strada Urbana,LUNGOTEVERE DEGLI INVENTORI,in corrispondenza,,del civico n.,69/A,,Veicolo in marcia contro veicolo in sosta,Rettilineo,Una carreggiata a doppio senso,Asciutto,Asfaltata,Orizzontale,Sereno,Normale,Buona,Ore Diurne,0,0,0,1,12.4667,41.8609,-1,1,Autovettura privata,In marcia / fermata / arresto,Conducente,F,Illeso,0,,Utilizzato,Inesploso,,
3913713,1,10/07/2018 01:15:00,Strada Urbana,VIA GIOBERTI,all'intersezione semaforizzata con,VIA GIOVANNI AMENDOLA,VIA GIOVANNI AMENDOLA,,,Scontro frontale/laterale SX fra veicoli in marcia,Intersezione semaforizzata,Una carreggiata a senso unico di marcia,Asciutto,Asfaltata,Verticale ed orizzontale,Sereno,Scarso,Sufficiente,Sufficiente,0,0,0,3,12.5005,41.8988,-1,1,Autovettura pubblica,In marcia / fermata / arresto,Conducente,M,Illeso,0,,Non accertato,Inesploso,,
3913713,1,10/07/2018 01:15:00,Strada Urbana,VIA GIOBERTI,all'intersezione semaforizzata con,VIA GIOVANNI AMENDOLA,VIA GIOVANNI AMENDOLA,,,Scontro frontale/laterale SX fra veicoli in marcia,Intersezione semaforizzata,Una carreggiata a senso unico di marcia,Asciutto,Asfaltata,Verticale ed orizzontale,Sereno,Scarso,Sufficiente,Sufficiente,0,0,0,3,12.5005,41.8988,-1,2,Autovettura privata,In marcia / fermata / arresto,Conducente,M,Illeso,0,,Non accertato,Inesploso,,
3913713,1,10/07/2018 01:15:00,Strada Urbana,VIA GIOBERTI,all'intersezione semaforizzata con,VIA GIOVANNI AMENDOLA,VIA GIOVANNI AMENDOLA,,,Scontro frontale/laterale SX fra veicoli in marcia,Intersezione semaforizzata,Una carreggiata a senso unico di marcia,Asciutto,Asfaltata,Verticale ed orizzontale,Sereno,Scarso,Sufficiente,Sufficiente,0,0,0,3,12.5005,41.8988,-1,2,Autovettura privata,In marcia / fermata / arresto,Passeggero,F,Illeso,0,,,,,
3913720,9,11/07/2018 16:00:00,Strada Urbana,VIA GALLIA,all'intersezione con,VIA SATURNIA,VIA SATURNIA,,,Scontro frontale/laterale SX fra veicoli in marcia,Incrocio,Una carreggiata a senso unico di marcia,Asciutto,Asfaltata,Verticale ed orizzontale,Sereno,Normale,Buona,Ore Diurne,0,0,0,2,12.5064,41.8806,-1,1,Autovettura privata,In marcia / fermata / arresto,Conducente,M,Illeso,0,,Utilizzato,Inesploso,,
3913720,9,11/07/2018 16:00:00,Strada Urbana,VIA GALLIA,all'intersezione con,VIA SATURNIA,VIA SATURNIA,,,Scontro frontale/laterale SX fra veicoli in marcia,Incrocio,Una carreggiata a senso unico di marcia,Asciutto,Asfaltata,Verticale ed orizzontale,Sereno,Normale,Buona,Ore Diurne,0,0,0,2,12.5064,41.8806,-1,2,Motociclo a solo,In marcia / fermata / arresto,Conducente,M,Illeso,0,,Utilizzato,,,
3913733,10,11/07/2018 16:30:00,Strada Urbana,VIA DELLE CAPANNELLE,all'intersezione con,VIA DEL CALICE,VIA DEL CALICE,,,Scontro frontale/laterale DX fra veicoli in marcia,Incrocio,Due carreggiate,Asciutto,Asfaltata,Verticale ed orizzontale,Sereno,Normale,Buona,Ore Diurne,0,0,0,2,12.566,41.8289,-1,1,Autovettura privata,In marcia / fermata / arresto,Conducente,F,Illeso,0,,Non accertato,Inesploso,,
3913733,10,11/07/2018 16:30:00,Strada Urbana,VIA DELLE CAPANNELLE,all'intersezione con,VIA DEL CALICE,VIA DEL CALICE,,,Scontro frontale/laterale DX fra veicoli in marcia,Incrocio,Due carreggiate,Asciutto,Asfaltata,Verticale ed orizzontale,Sereno,Normale,Buona,Ore Diurne,0,0,0,2,12.566,41.8289,-1,2,Autovettura privata,In marcia / fermata / arresto,Conducente,F,Illeso,0,,Non accertato,Inesploso,,
3913781,1,10/07/2018 14:00:00,Strada Urbana,VIA DI S. GREGORIO,in prossimit�,,del palo luce n.,29,,Veicolo in marcia contro ostacolo accidentale,Rettilineo,Una carreggiata a senso unico di marcia,Viscido da liquidi oleosi,In cubetti di porfido,Verticale ed orizzontale,Sereno,Normale,Buona,Ore Diurne,1,0,0,0,12.4899,41.8867,-1,1,Motociclo a solo,In marcia / fermata / arresto,Conducente,M,Rimandato,0,NON DECEDUTO,Non accertato,,,
3913811,1,10/07/2018 18:40:00,Strada Urbana,VIA EMANUELE FILIBERTO,all'intersezione con,VIA DOMENICO FONTANA,VIA DOMENICO FONTANA,,,Scontro frontale/laterale SX fra veicoli in marcia,Intersezione stradale segnalata,Una carreggiata a doppio senso,Asciutto,Asfaltata,Verticale ed orizzontale,Sereno,Scarso,Buona,Ore Diurne,0,0,0,3,12.5079,41.8881,0,1,Autovettura privata,In marcia / fermata / arresto,Conducente,M,Illeso,0,,Non accertato,Inesploso,,
3913811,1,10/07/2018 18:40:00,Strada Urbana,VIA EMANUELE FILIBERTO,all'intersezione con,VIA DOMENICO FONTANA,VIA DOMENICO FONTANA,,,Scontro frontale/laterale SX fra veicoli in marcia,Intersezione stradale segnalata,Una carreggiata a doppio senso,Asciutto,Asfaltata,Verticale ed orizzontale,Sereno,Scarso,Buona,Ore Diurne,0,0,0,3,12.5079,41.8881,0,1,Autovettura privata,In marcia / fermata / arresto,Passeggero,M,Illeso,0,,,,,
3913811,1,10/07/2018 18:40:00,Strada Urbana,VIA EMANUELE FILIBERTO,all'intersezione con,VIA DOMENICO FONTANA,VIA DOMENICO FONTANA,,,Scontro frontale/laterale SX fra veicoli in marcia,Intersezione stradale segnalata,Una carreggiata a doppio senso,Asciutto,Asfaltata,Verticale ed orizzontale,Sereno,Scarso,Buona,Ore Diurne,0,0,0,3,12.5079,41.8881,0,1,Autovettura privata,In marcia / fermata / arresto,Passeggero,M,Illeso,0,,,,,
3913831,1,10/07/2018 10:30:00,Strada Urbana,VIA D'ARACOELI,all'intersezione semaforizzata con,VIA DELLE BOTTEGHE OSCURE,VIA DELLE BOTTEGHE OSCURE,,,Tamponamento,Intersezione semaforizzata,Una carreggiata a senso unico di marcia,Asciutto,Asfaltata,Verticale ed orizzontale,Sereno,Normale,Buona,Ore Diurne,0,0,0,2,12.4801,41.895,-1,1,Autovettura privata,In marcia / fermata / arresto,Conducente,M,Illeso,0,,Non accertato,Inesploso,,
3913831,1,10/07/2018 10:30:00,Strada Urbana,VIA D'ARACOELI,all'intersezione semaforizzata con,VIA DELLE BOTTEGHE OSCURE,VIA DELLE BOTTEGHE OSCURE,,,Tamponamento,Intersezione semaforizzata,Una carreggiata a senso unico di marcia,Asciutto,Asfaltata,Verticale ed orizzontale,Sereno,Normale,Buona,Ore Diurne,0,0,0,2,12.4801,41.895,-1,2,Autovettura pubblica,In marcia / fermata / arresto,Conducente,M,Illeso,0,,Non accertato,Inesploso,,
3913839,17,11/07/2018 13:25:00,Strada Urbana,PONTE REGINA MARGHERITA,da specificare,,,,indicativamente a met� dello stesso ,Scontro laterale fra veicoli in marcia,Rettilineo,Una carreggiata a doppio senso,Asciutto,Asfaltata,Orizzontale,Sereno,Intenso,Buona,Ore Diurne,0,0,0,2,12.4724,41.9097,-1,1,Autovettura privata,In marcia / fermata / arresto,Conducente,M,Illeso,0,,,,,
3913839,17,11/07/2018 13:25:00,Strada Urbana,PONTE REGINA MARGHERITA,da specificare,,,,indicativamente a met� dello stesso ,Scontro laterale fra veicoli in marcia,Rettilineo,Una carreggiata a doppio senso,Asciutto,Asfaltata,Orizzontale,Sereno,Intenso,Buona,Ore Diurne,0,0,0,2,12.4724,41.9097,-1,2,Motociclo a solo,In marcia / fermata / arresto,Conducente,M,Illeso,0,,,,,
3913845,12,11/07/2018 18:30:00,Provinciale entro l'abitato,VIA LAURENTINA,da specificare,,,,direz. G.R.A. altezza via Acqua acetosa Ostiense,Tamponamento Multiplo,Rettilineo,Due carreggiate,Asciutto,Asfaltata,Verticale ed orizzontale,Sereno,Intenso,Buona,Ore Diurne,1,0,0,5,12.4812,41.8018,-1,1,Autovettura privata,In marcia / fermata / arresto,Conducente,M,Illeso,0,,Non accertato,Inesploso,,
3913845,12,11/07/2018 18:30:00,Provinciale entro l'abitato,VIA LAURENTINA,da specificare,,,,direz. G.R.A. altezza via Acqua acetosa Ostiense,Tamponamento Multiplo,Rettilineo,Due carreggiate,Asciutto,Asfaltata,Verticale ed orizzontale,Sereno,Intenso,Buona,Ore Diurne,1,0,0,5,12.4812,41.8018,-1,1,Autovettura privata,In marcia / fermata / arresto,Passeggero,M,Illeso,0,,Non accertato,Inesploso,,
3913845,12,11/07/2018 18:30:00,Provinciale entro l'abitato,VIA LAURENTINA,da specificare,,,,direz. G.R.A. altezza via Acqua acetosa Ostiense,Tamponamento Multiplo,Rettilineo,Due carreggiate,Asciutto,Asfaltata,Verticale ed orizzontale,Sereno,Intenso,Buona,Ore Diurne,1,0,0,5,12.4812,41.8018,-1,2,Autovettura privata,In marcia / fermata / arresto,Conducente,F,Illeso,0,,Utilizzato,Inesploso,,
3913845,12,11/07/2018 18:30:00,Provinciale entro l'abitato,VIA LAURENTINA,da specificare,,,,direz. G.R.A. altezza via Acqua acetosa Ostiense,Tamponamento Multiplo,Rettilineo,Due carreggiate,Asciutto,Asfaltata,Verticale ed orizzontale,Sereno,Intenso,Buona,Ore Diurne,1,0,0,5,12.4812,41.8018,-1,2,Autovettura privata,In marcia / fermata / arresto,Passeggero,M,Illeso,0,,Non accertato,Inesploso,,
3913845,12,11/07/2018 18:30:00,Provinciale entro l'abitato,VIA LAURENTINA,da specificare,,,,direz. G.R.A. altezza via Acqua acetosa Ostiense,Tamponamento Multiplo,Rettilineo,Due carreggiate,Asciutto,Asfaltata,Verticale ed orizzontale,Sereno,Intenso,Buona,Ore Diurne,1,0,0,5,12.4812,41.8018,-1,2,Autovettura privata,In marcia / fermata / arresto,Passeggero,M,Rimandato,0,NON DECEDUTO,Non accertato,Inesploso,,
3913845,12,11/07/2018 18:30:00,Provinciale entro l'abitato,VIA LAURENTINA,da specificare,,,,direz. G.R.A. altezza via Acqua acetosa Ostiense,Tamponamento Multiplo,Rettilineo,Due carreggiate,Asciutto,Asfaltata,Verticale ed orizzontale,Sereno,Intenso,Buona,Ore Diurne,1,0,0,5,12.4812,41.8018,-1,3,Autovettura privata,In marcia / fermata / arresto,Conducente,F,Illeso,0,,Non accertato,Inesploso,,
3913856,1,10/07/2018 16:55:00,Strada Urbana,LUNGOTEVERE DE' CENCI,in prossimit�,,del civico n.,fr. 7,,Veicolo in marcia contro veicolo in sosta,Rettilineo,Una carreggiata a senso unico di marcia,Asciutto,Asfaltata,Verticale ed orizzontale,Sereno,Normale,Buona,Ore Diurne,0,0,0,1,12.4761,41.8919,-1,2,Autovettura privata,In marcia / fermata / arresto,Conducente,F,Illeso,0,,Non accertato,Inesploso,,
3913860,6,11/07/2018 17:45:00,Strada Urbana,VIA ROBERTO MALATESTA,in prossimit�,,del civico n.,73,,Veicolo in marcia contro veicolo fermo,Rettilineo,Due carreggiate,Asciutto,Asfaltata,Orizzontale,Sereno,Normale,Buona,Ore Diurne,0,0,0,2,12.5381,41.8877,-1,1,Autovettura privata,In marcia / fermata / arresto,Conducente,F,Illeso,0,,Non accertato,Inesploso,,
3913860,6,11/07/2018 17:45:00,Strada Urbana,VIA ROBERTO MALATESTA,in prossimit�,,del civico n.,73,,Veicolo in marcia contro veicolo fermo,Rettilineo,Due carreggiate,Asciutto,Asfaltata,Orizzontale,Sereno,Normale,Buona,Ore Diurne,0,0,0,2,12.5381,41.8877,-1,2,Autobus di linea,In marcia / fermata / arresto,Conducente,M,Illeso,0,,Esente,Inesploso,,
3913875,1,10/07/2018 12:00:00,Strada Urbana,LUNGOTEVERE DEI PIERLEONI,in corrispondenza,,del civico n.,1,,Veicolo in marcia contro veicoli fermi,Rettilineo,Una carreggiata a senso unico di marcia,Asciutto,Asfaltata,Verticale ed orizzontale,Sereno,Normale,Buona,Ore Diurne,0,0,0,5,12.4788,41.8914,-1,2,Autovettura pubblica,In marcia / fermata / arresto,Conducente,M,Illeso,0,,Non accertato,Inesploso,,
3913875,1,10/07/2018 12:00:00,Strada Urbana,LUNGOTEVERE DEI PIERLEONI,in corrispondenza,,del civico n.,1,,Veicolo in marcia contro veicoli fermi,Rettilineo,Una carreggiata a senso unico di marcia,Asciutto,Asfaltata,Verticale ed orizzontale,Sereno,Normale,Buona,Ore Diurne,0,0,0,5,12.4788,41.8914,-1,2,Autovettura pubblica,In marcia / fermata / arresto,Passeggero,M,Illeso,0,,,,,
3913875,1,10/07/2018 12:00:00,Strada Urbana,LUNGOTEVERE DEI PIERLEONI,in corrispondenza,,del civico n.,1,,Veicolo in marcia contro veicoli fermi,Rettilineo,Una carreggiata a senso unico di marcia,Asciutto,Asfaltata,Verticale ed orizzontale,Sereno,Normale,Buona,Ore Diurne,0,0,0,5,12.4788,41.8914,-1,2,Autovettura pubblica,In marcia / fermata / arresto,Passeggero,F,Illeso,0,,,,,
3913875,1,10/07/2018 12:00:00,Strada Urbana,LUNGOTEVERE DEI PIERLEONI,in corrispondenza,,del civico n.,1,,Veicolo in marcia contro veicoli fermi,Rettilineo,Una carreggiata a senso unico di marcia,Asciutto,Asfaltata,Verticale ed orizzontale,Sereno,Normale,Buona,Ore Diurne,0,0,0,5,12.4788,41.8914,-1,3,Autovettura privata,In marcia / fermata / arresto,Conducente,F,Illeso,0,,Non accertato,Inesploso,,
3913875,1,10/07/2018 12:00:00,Strada Urbana,LUNGOTEVERE DEI PIERLEONI,in corrispondenza,,del civico n.,1,,Veicolo in marcia contro veicoli fermi,Rettilineo,Una carreggiata a senso unico di marcia,Asciutto,Asfaltata,Verticale ed orizzontale,Sereno,Normale,Buona,Ore Diurne,0,0,0,5,12.4788,41.8914,-1,4,Autovettura privata,In marcia / fermata / arresto,Conducente,M,Illeso,0,,Non accertato,Inesploso,,
3913909,1,11/07/2018 09:00:00,Strada Urbana,PIAZZA DI SPAGNA,in corrispondenza,,del civico n.,fr. 15,,Veicolo in marcia contro ostacolo fisso,Rettilineo,Una carreggiata a senso unico di marcia,Asciutto,In cubetti di porfido,Verticale ed orizzontale,Sereno,Scarso,Buona,Ore Diurne,0,0,0,1,12.4822,41.9065,-1,1,Macchina operatrice,In marcia / fermata / arresto,Conducente,M,Illeso,0,,Non accertato,,,
3913916,15,11/07/2018 16:40:00,Strada Urbana,VIA LEONARDO GREPPI,all'intersezione con,VIA GAETANO ASTOLFI,VIA GAETANO ASTOLFI,,,Scontro frontale/laterale DX fra veicoli in marcia,Intersezione stradale segnalata,Una carreggiata a doppio senso,Asciutto,Asfaltata,Verticale ed orizzontale,Sereno,Scarso,Buona,Ore Diurne,0,0,0,3,12.4588,41.8628,-1,1,Autovettura privata,In marcia / fermata / arresto,Conducente,M,Illeso,0,,Utilizzato,Inesploso,,
3913916,15,11/07/2018 16:40:00,Strada Urbana,VIA LEONARDO GREPPI,all'intersezione con,VIA GAETANO ASTOLFI,VIA GAETANO ASTOLFI,,,Scontro frontale/laterale DX fra veicoli in marcia,Intersezione stradale segnalata,Una carreggiata a doppio senso,Asciutto,Asfaltata,Verticale ed orizzontale,Sereno,Scarso,Buona,Ore Diurne,0,0,0,3,12.4588,41.8628,-1,2,Autovettura privata,In marcia / fermata / arresto,Conducente,M,Illeso,0,,Utilizzato,Inesploso,,
3913916,15,11/07/2018 16:40:00,Strada Urbana,VIA LEONARDO GREPPI,all'intersezione con,VIA GAETANO ASTOLFI,VIA GAETANO ASTOLFI,,,Scontro frontale/laterale DX fra veicoli in marcia,Intersezione stradale segnalata,Una carreggiata a doppio senso,Asciutto,Asfaltata,Verticale ed orizzontale,Sereno,Scarso,Buona,Ore Diurne,0,0,0,3,12.4588,41.8628,-1,2,Autovettura privata,In marcia / fermata / arresto,Passeggero,M,Illeso,0,,Utilizzato,Inesploso,,
3913932,15,11/07/2018 16:50:00,Strada Urbana,VIA ANTONIO PACINOTTI,all'intersezione con,VIA ALFREDO NOBEL,VIA ALFREDO NOBEL,,,Scontro laterale fra veicoli in marcia,Intersezione non regolata/non segnalata,Una carreggiata a doppio senso,Asciutto,Asfaltata,Verticale ed orizzontale,Sereno,Normale,Buona,Ore Diurne,1,0,0,2,12.4681,41.8711,-1,1,Autovettura privata,In marcia / fermata / arresto,Conducente,M,Illeso,0,,Non accertato,Inesploso,,
3913932,15,11/07/2018 16:50:00,Strada Urbana,VIA ANTONIO PACINOTTI,all'intersezione con,VIA ALFREDO NOBEL,VIA ALFREDO NOBEL,,,Scontro laterale fra veicoli in marcia,Intersezione non regolata/non segnalata,Una carreggiata a doppio senso,Asciutto,Asfaltata,Verticale ed orizzontale,Sereno,Normale,Buona,Ore Diurne,1,0,0,2,12.4681,41.8711,-1,1,Autovettura privata,In marcia / fermata / arresto,Passeggero,F,Illeso,0,,Non accertato,Inesploso,,
3913932,15,11/07/2018 16:50:00,Strada Urbana,VIA ANTONIO PACINOTTI,all'intersezione con,VIA ALFREDO NOBEL,VIA ALFREDO NOBEL,,,Scontro laterale fra veicoli in marcia,Intersezione non regolata/non segnalata,Una carreggiata a doppio senso,Asciutto,Asfaltata,Verticale ed orizzontale,Sereno,Normale,Buona,Ore Diurne,1,0,0,2,12.4681,41.8711,-1,2,Motociclo a solo,In marcia / fermata / arresto,Conducente,F,Rimandato,0,NON DECEDUTO,Utilizzato,,,
3913943,15,11/07/2018 18:10:00,Strada Urbana,PIAZZA AUGUSTO RIGHI,da specificare,,,,prossimit� civ.1,Scontro frontale/laterale DX fra veicoli in marcia,Rettilineo,Due carreggiate,Asciutto,Asfaltata,Assente,Sereno,Normale,Buona,Ore Diurne,1,0,0,1,12.4701,41.8618,-1,1,Motociclo a solo,In marcia / fermata / arresto,Conducente,M,Rifiuta cure immediate,0,NON DECEDUTO,,,,
3913943,15,11/07/2018 18:10:00,Strada Urbana,PIAZZA AUGUSTO RIGHI,da specificare,,,,prossimit� civ.1,Scontro frontale/laterale DX fra veicoli in marcia,Rettilineo,Due carreggiate,Asciutto,Asfaltata,Assente,Sereno,Normale,Buona,Ore Diurne,1,0,0,1,12.4701,41.8618,-1,2,Autovettura privata,In marcia / fermata / arresto,Conducente,F,Illeso,0,,,,,
3914247,9,11/07/2018 15:40:00,Strada Urbana,PIAZZALE LABICANO,da specificare,,,,alt. Scalo San Lorenzo,Scontro laterale fra veicoli in marcia,Curva a visuale libera,Una carreggiata a senso unico di marcia,Asciutto,Asfaltata,Assente,Sereno,Normale,Buona,Ore Diurne,0,0,0,3,12.5156,41.8912,-1,1,Autocarro superiore 35 q.,In marcia / fermata / arresto,Conducente,M,Illeso,0,,Non accertato,Inesploso,,
3914247,9,11/07/2018 15:40:00,Strada Urbana,PIAZZALE LABICANO,da specificare,,,,alt. Scalo San Lorenzo,Scontro laterale fra veicoli in marcia,Curva a visuale libera,Una carreggiata a senso unico di marcia,Asciutto,Asfaltata,Assente,Sereno,Normale,Buona,Ore Diurne,0,0,0,3,12.5156,41.8912,-1,2,Autovettura privata,In marcia / fermata / arresto,Conducente,M,Illeso,0,,Non accertato,Inesploso,,
3914247,9,11/07/2018 15:40:00,Strada Urbana,PIAZZALE LABICANO,da specificare,,,,alt. Scalo San Lorenzo,Scontro laterale fra veicoli in marcia,Curva a visuale libera,Una carreggiata a senso unico di marcia,Asciutto,Asfaltata,Assente,Sereno,Normale,Buona,Ore Diurne,0,0,0,3,12.5156,41.8912,-1,2,Autovettura privata,In marcia / fermata / arresto,Passeggero,F,Illeso,0,,Non accertato,Inesploso,,
3914271,11,11/07/2018 09:55:00,Strada Urbana,VIA DI GROTTA PERFETTA,all'intersezione con,VIA PRIMO CARNERA,VIA PRIMO CARNERA,,,Scontro laterale fra veicoli in marcia,Incrocio,Una carreggiata a doppio senso,Asciutto,Asfaltata,Verticale,Sereno,Normale,Buona,Ore Diurne,1,0,0,1,12.513,41.8345,-1,1,Autovettura privata,In marcia / fermata / arresto,Conducente,M,Illeso,0,,,,,
3914271,11,11/07/2018 09:55:00,Strada Urbana,VIA DI GROTTA PERFETTA,all'intersezione con,VIA PRIMO CARNERA,VIA PRIMO CARNERA,,,Scontro laterale fra veicoli in marcia,Incrocio,Una carreggiata a doppio senso,Asciutto,Asfaltata,Verticale,Sereno,Normale,Buona,Ore Diurne,1,0,0,1,12.513,41.8345,-1,2,Motociclo a solo,In marcia / fermata / arresto,Conducente,M,Rimandato,0,NON DECEDUTO,,,,
3914275,9,11/07/2018 21:50:00,Strada Urbana,PIAZZA ZAMA,da specificare,,,,FRONTE VIA CONCORDIA,Scontro frontale/laterale SX fra veicoli in marcia,Rotatoria,Una carreggiata a senso unico di marcia,Asciutto,Asfaltata,Verticale ed orizzontale,Sereno,Scarso,Buona,Sufficiente,0,0,0,2,12.5098,41.8764,-1,1,Autovettura privata,In marcia / fermata / arresto,Conducente,M,Illeso,0,,Non accertato,Inesploso,,
3914275,9,11/07/2018 21:50:00,Strada Urbana,PIAZZA ZAMA,da specificare,,,,FRONTE VIA CONCORDIA,Scontro frontale/laterale SX fra veicoli in marcia,Rotatoria,Una carreggiata a senso unico di marcia,Asciutto,Asfaltata,Verticale ed orizzontale,Sereno,Scarso,Buona,Sufficiente,0,0,0,2,12.5098,41.8764,-1,2,Autovettura privata,In marcia / fermata / arresto,Conducente,F,Illeso,0,,Non accertato,Inesploso,,
3914282,13,11/07/2018 08:10:00,Strada Urbana,VIA FEDERICO PAOLINI,in corrispondenza,,del civico n.,181,,Scontro frontale/laterale DX fra veicoli in marcia,Rettilineo,Una carreggiata a senso unico di marcia,Asciutto,Asfaltata,Assente,Sereno,Normale,Buona,Ore Diurne,0,0,0,2,12.2906,41.7374,-1,1,Autovettura privata,In marcia / fermata / arresto,Conducente,M,Illeso,0,,Non accertato,Inesploso,,
3914282,13,11/07/2018 08:10:00,Strada Urbana,VIA FEDERICO PAOLINI,in corrispondenza,,del civico n.,181,,Scontro frontale/laterale DX fra veicoli in marcia,Rettilineo,Una carreggiata a senso unico di marcia,Asciutto,Asfaltata,Assente,Sereno,Normale,Buona,Ore Diurne,0,0,0,2,12.2906,41.7374,-1,2,Autovettura privata,In marcia / fermata / arresto,Conducente,M,Illeso,0,,Non accertato,Inesploso,,
3914283,11,10/07/2018 23:45:00,Strada Urbana,VIA LIDO DI CASTEL PORZIANO,da specificare,,,,200m prima di VIA MAREBBE,Scontro laterale fra veicoli in marcia,Rettilineo,Una carreggiata a doppio senso,Asciutto,Asfaltata,Verticale ed orizzontale,Sereno,Scarso,Buona,Sufficiente,0,0,0,2,12.3537,41.7157,-1,1,Autovettura privata,In marcia / fermata / arresto,Conducente,M,Illeso,0,,,,,
3914283,11,10/07/2018 23:45:00,Strada Urbana,VIA LIDO DI CASTEL PORZIANO,da specificare,,,,200m prima di VIA MAREBBE,Scontro laterale fra veicoli in marcia,Rettilineo,Una carreggiata a doppio senso,Asciutto,Asfaltata,Verticale ed orizzontale,Sereno,Scarso,Buona,Sufficiente,0,0,0,2,12.3537,41.7157,-1,2,Autovettura privata,In marcia / fermata / arresto,Conducente,M,Illeso,0,,,,,