Protocollo,Gruppo,DataOraIncidente,Localizzazione1,STRADA1,Localizzazione2,STRADA2,Strada02,Chilometrica,DaSpecificare,NaturaIncidente,particolaritastrade,TipoStrada,FondoStradale,Pavimentazione,Segnaletica,CondizioneAtmosferica,Traffico,Visibilita,Illuminazione,NUM_FERITI,NUM_RISERVATA,NUM_MORTI,NUM_ILLESI,Longitudine,Latitudine,Confermato,Progressivo,TipoVeicolo,StatoVeicolo,TipoPersona,Sesso,Tipolesione,Deceduto,DecedutoDopo,CinturaCascoUtilizzato,Airbag,,
3914286,13,11/07/2018 11:20:00,Strada Urbana,VIA LITORANEA,in corrispondenza,,del civico n.,26,,Scontro frontale fra veicoli in marcia,Rettilineo,Una carreggiata a doppio senso,Asciutto,Asfaltata,Verticale ed orizzontale,Sereno,Normale,Buona,Ore Diurne,1,0,0,1,12.3257,41.712,-1,1,Autovettura privata,In marcia / fermata / arresto,Conducente,M,Illeso,0,,Non accertato,Inesploso,,
3914286,13,11/07/2018 11:20:00,Strada Urbana,VIA LITORANEA,in corrispondenza,,del civico n.,26,,Scontro frontale fra veicoli in marcia,Rettilineo,Una carreggiata a doppio senso,Asciutto,Asfaltata,Verticale ed orizzontale,Sereno,Normale,Buona,Ore Diurne,1,0,0,1,12.3257,41.712,-1,2,Autovettura privata,In marcia / fermata / arresto,Conducente,M,Rimandato,0,NON DECEDUTO,Non accertato,Inesploso,,
3914287,13,11/07/2018 13:10:00,Strada Urbana,VIA CARLO BOSIO,all'intersezione con,VIA COSTANZO CASANA,VIA COSTANZO CASANA,,,Scontro frontale/laterale SX fra veicoli in marcia,Incrocio,Una carreggiata a doppio senso,Asciutto,Asfaltata,Verticale,Sereno,Scarso,Buona,Ore Diurne,0,0,0,2,12.2726,41.7385,-1,1,Autovettura privata,In marcia / fermata / arresto,Conducente,F,Illeso,0,,Non accertato,Inesploso,,
3914287,13,11/07/2018 13:10:00,Strada Urbana,VIA CARLO BOSIO,all'intersezione con,VIA COSTANZO CASANA,VIA COSTANZO CASANA,,,Scontro frontale/laterale SX fra veicoli in marcia,Incrocio,Una carreggiata a doppio senso,Asciutto,Asfaltata,Verticale,Sereno,Scarso,Buona,Ore Diurne,0,0,0,2,12.2726,41.7385,-1,2,Autovettura privata,In marcia / fermata / arresto,Conducente,M,Illeso,0,,Non accertato,Inesploso,,
3914288,13,11/07/2018 15:10:00,Strada Urbana,VIA OSTIENSE,in corrispondenza,,del civico n.,1773/b,,Tamponamento,Rettilineo,Una carreggiata a senso unico di marcia,Asciutto,Asfaltata,Verticale,Sereno,Normale,Buona,Ore Diurne,1,0,0,1,12.3646,41.7852,-1,1,Autovettura privata,In marcia / fermata / arresto,Conducente,M,Illeso,0,,Non accertato,Inesploso,,
3914288,13,11/07/2018 15:10:00,Strada Urbana,VIA OSTIENSE,in corrispondenza,,del civico n.,1773/b,,Tamponamento,Rettilineo,Una carreggiata a senso unico di marcia,Asciutto,Asfaltata,Verticale,Sereno,Normale,Buona,Ore Diurne,1,0,0,1,12.3646,41.7852,-1,2,Velocipede,In marcia / fermata / arresto,Conducente,M,Rimandato,0,NON DECEDUTO,Esente,,,
3914293,13,11/07/2018 16:00:00,Strada Urbana,VIA POGGIO DI VENACO,all'intersezione con,VIALE DESIDERATO PIETRI,VIALE DESIDERATO PIETRI,,,Scontro frontale/laterale SX fra veicoli in marcia,Incrocio,Una carreggiata a doppio senso,Asciutto,Asfaltata,Verticale ed orizzontale,Sereno,Normale,Buona,Ore Diurne,1,0,0,2,12.2913,41.7272,-1,1,Autovettura privata,In marcia / fermata / arresto,Conducente,F,Illeso,0,,Non accertato,Inesploso,,
3914293,13,11/07/2018 16:00:00,Strada Urbana,VIA POGGIO DI VENACO,all'intersezione con,VIALE DESIDERATO PIETRI,VIALE DESIDERATO PIETRI,,,Scontro frontale/laterale SX fra veicoli in marcia,Incrocio,Una carreggiata a doppio senso,Asciutto,Asfaltata,Verticale ed orizzontale,Sereno,Normale,Buona,Ore Diurne,1,0,0,2,12.2913,41.7272,-1,1,Autovettura privata,In marcia / fermata / arresto,Passeggero,F,Rimandato,0,NON DECEDUTO,,,,
3914293,13,11/07/2018 16:00:00,Strada Urbana,VIA POGGIO DI VENACO,all'intersezione con,VIALE DESIDERATO PIETRI,VIALE DESIDERATO PIETRI,,,Scontro frontale/laterale SX fra veicoli in marcia,Incrocio,Una carreggiata a doppio senso,Asciutto,Asfaltata,Verticale ed orizzontale,Sereno,Normale,Buona,Ore Diurne,1,0,0,2,12.2913,41.7272,-1,2,Autovettura privata,In marcia / fermata / arresto,Conducente,F,Illeso,0,,Non accertato,Inesploso,,
3914320,5,11/07/2018 08:25:00,Strada Urbana,VIA TIBURTINA,in prossimit�,,del civico n.,1210,,Scontro laterale fra veicoli in marcia,Rettilineo,Due carreggiate,Asciutto,Asfaltata,Verticale ed orizzontale,Sereno,Intenso,Buona,Ore Diurne,0,0,0,2,12.6034,41.9337,-1,1,Autocarro inferiore 35 q.,In marcia / fermata / arresto,Conducente,M,Illeso,0,,Non accertato,,,
3914320,5,11/07/2018 08:25:00,Strada Urbana,VIA TIBURTINA,in prossimit�,,del civico n.,1210,,Scontro laterale fra veicoli in marcia,Rettilineo,Due carreggiate,Asciutto,Asfaltata,Verticale ed orizzontale,Sereno,Intenso,Buona,Ore Diurne,0,0,0,2,12.6034,41.9337,-1,2,Autovettura privata,In marcia / fermata / arresto,Conducente,F,Illeso,0,,Non accertato,,,
3914325,5,11/07/2018 11:30:00,Strada Urbana,VIA DEI MONTI TIBURTINI,da specificare,,,,(DIREZIONE TIBURTINA) IN PROSSIMITA' VIA DURANTINI,Scontro laterale fra veicoli in marcia,Rettilineo,Due carreggiate,Asciutto,Asfaltata,Verticale ed orizzontale,Sereno,Intenso,Buona,Ore Diurne,1,0,0,2,12.5427,41.9172,-1,1,Autovettura privata,In marcia / fermata / arresto,Conducente,M,Illeso,0,,Non accertato,Inesploso,,
3914325,5,11/07/2018 11:30:00,Strada Urbana,VIA DEI MONTI TIBURTINI,da specificare,,,,(DIREZIONE TIBURTINA) IN PROSSIMITA' VIA DURANTINI,Scontro laterale fra veicoli in marcia,Rettilineo,Due carreggiate,Asciutto,Asfaltata,Verticale ed orizzontale,Sereno,Intenso,Buona,Ore Diurne,1,0,0,2,12.5427,41.9172,-1,1,Autovettura privata,In marcia / fermata / arresto,Passeggero,F,Illeso,0,,,,,
3914325,5,11/07/2018 11:30:00,Strada Urbana,VIA DEI MONTI TIBURTINI,da specificare,,,,(DIREZIONE TIBURTINA) IN PROSSIMITA' VIA DURANTINI,Scontro laterale fra veicoli in marcia,Rettilineo,Due carreggiate,Asciutto,Asfaltata,Verticale ed orizzontale,Sereno,Intenso,Buona,Ore Diurne,1,0,0,2,12.5427,41.9172,-1,2,Motociclo a solo,In marcia / fermata / arresto,Conducente,M,Rimandato,0,NON DECEDUTO,Non accertato,,,
3914339,8,11/07/2018 07:10:00,Strada Urbana,VIALE MARIO PASTORE,da specificare,,,,direz. GRA alt. centro commerciale Domus,Scontro frontale/laterale DX fra veicoli in marcia,Rettilineo,Una carreggiata a senso unico di marcia,Asciutto,Asfaltata,Orizzontale,Sereno,Normale,Buona,Ore Diurne,1,0,0,1,12.6131,41.8478,-1,1,Autovettura privata,In marcia / fermata / arresto,Conducente,M,Rimandato,0,NON DECEDUTO,Non accertato,Inesploso,,
3914339,8,11/07/2018 07:10:00,Strada Urbana,VIALE MARIO PASTORE,da specificare,,,,direz. GRA alt. centro commerciale Domus,Scontro frontale/laterale DX fra veicoli in marcia,Rettilineo,Una carreggiata a senso unico di marcia,Asciutto,Asfaltata,Orizzontale,Sereno,Normale,Buona,Ore Diurne,1,0,0,1,12.6131,41.8478,-1,2,Autovettura privata,In marcia / fermata / arresto,Conducente,F,Illeso,0,,Non accertato,Inesploso,,
3914354,8,11/07/2018 08:50:00,Strada Urbana,VIA BUSACHI,all'intersezione con,VIA MODOLO,VIA MODOLO,,,Scontro frontale/laterale DX fra veicoli in marcia,Intersezione non regolata/non segnalata,Una carreggiata a doppio senso,Asciutto,Asfaltata,Verticale ed orizzontale,Sereno,Scarso,Buona,Ore Diurne,0,0,0,2,12.6862,41.8902,-1,1,Autocarro inferiore 35 q.,In marcia / fermata / arresto,Conducente,M,Illeso,0,,Non accertato,Inesploso,,
3914354,8,11/07/2018 08:50:00,Strada Urbana,VIA BUSACHI,all'intersezione con,VIA MODOLO,VIA MODOLO,,,Scontro frontale/laterale DX fra veicoli in marcia,Intersezione non regolata/non segnalata,Una carreggiata a doppio senso,Asciutto,Asfaltata,Verticale ed orizzontale,Sereno,Scarso,Buona,Ore Diurne,0,0,0,2,12.6862,41.8902,-1,2,Autovettura privata,In marcia / fermata / arresto,Conducente,F,Illeso,0,,Non accertato,Inesploso,,
3914356,8,11/07/2018 12:30:00,Strada Urbana,VIA DI TORRE SPACCATA,all'intersezione semaforizzata con,VIALE DI TORRE MAURA,VIALE DI TORRE MAURA,,,Scontro frontale fra veicoli in marcia,Incrocio,Una carreggiata a doppio senso,Asciutto,Asfaltata,Assente,Sereno,Normale,Buona,Ore Diurne,1,0,0,2,12.5858,41.8582,-1,1,Autovettura privata,In marcia / fermata / arresto,Conducente,F,Illeso,0,,Non accertato,Inesploso,,
3914356,8,11/07/2018 12:30:00,Strada Urbana,VIA DI TORRE SPACCATA,all'intersezione semaforizzata con,VIALE DI TORRE MAURA,VIALE DI TORRE MAURA,,,Scontro frontale fra veicoli in marcia,Incrocio,Una carreggiata a doppio senso,Asciutto,Asfaltata,Assente,Sereno,Normale,Buona,Ore Diurne,1,0,0,2,12.5858,41.8582,-1,1,Autovettura privata,In marcia / fermata / arresto,Passeggero,F,Illeso,0,,Non accertato,Inesploso,,
3914356,8,11/07/2018 12:30:00,Strada Urbana,VIA DI TORRE SPACCATA,all'intersezione semaforizzata con,VIALE DI TORRE MAURA,VIALE DI TORRE MAURA,,,Scontro frontale fra veicoli in marcia,Incrocio,Una carreggiata a doppio senso,Asciutto,Asfaltata,Assente,Sereno,Normale,Buona,Ore Diurne,1,0,0,2,12.5858,41.8582,-1,2,Motociclo a solo,In marcia / fermata / arresto,Conducente,M,Rimandato,0,NON DECEDUTO,Non accertato,,,
3914357,8,11/07/2018 19:45:00,Strada Urbana,VIA CASILINA,in prossimit�,,del civico n.,1842,,Scontro laterale fra veicoli in marcia,Rettilineo,Una carreggiata a doppio senso,Asciutto,Asfaltata,Orizzontale,Sereno,Normale,Buona,Ore Diurne,0,0,0,3,12.6847,41.8626,-1,1,Autovettura privata,In marcia / fermata / arresto,Conducente,M,Illeso,0,,Non accertato,Inesploso,,
3914357,8,11/07/2018 19:45:00,Strada Urbana,VIA CASILINA,in prossimit�,,del civico n.,1842,,Scontro laterale fra veicoli in marcia,Rettilineo,Una carreggiata a doppio senso,Asciutto,Asfaltata,Orizzontale,Sereno,Normale,Buona,Ore Diurne,0,0,0,3,12.6847,41.8626,-1,1,Autovettura privata,In marcia / fermata / arresto,Passeggero,M,Illeso,0,,Non accertato,Inesploso,,
3914357,8,11/07/2018 19:45:00,Strada Urbana,VIA CASILINA,in prossimit�,,del civico n.,1842,,Scontro laterale fra veicoli in marcia,Rettilineo,Una carreggiata a doppio senso,Asciutto,Asfaltata,Orizzontale,Sereno,Normale,Buona,Ore Diurne,0,0,0,3,12.6847,41.8626,-1,2,Autobus di linea,In marcia / fermata / arresto,Conducente,M,Illeso,0,,Non accertato,Inesploso,,
3914359,8,11/07/2018 18:40:00,Strada Urbana,VIALE OXFORD,da specificare,,,,alt. palo Acea 24 pross. Viale Heidelberg,Scontro laterale fra veicoli in marcia,Rotatoria,Una carreggiata a senso unico di marcia,Asciutto,Asfaltata,Verticale ed orizzontale,Sereno,Normale,Buona,Ore Diurne,0,0,0,4,12.6262,41.857,-1,1,Autocarro inferiore 35 q.,In marcia / fermata / arresto,Conducente,M,Illeso,0,,Non accertato,Inesploso,,
3914359,8,11/07/2018 18:40:00,Strada Urbana,VIALE OXFORD,da specificare,,,,alt. palo Acea 24 pross. Viale Heidelberg,Scontro laterale fra veicoli in marcia,Rotatoria,Una carreggiata a senso unico di marcia,Asciutto,Asfaltata,Verticale ed orizzontale,Sereno,Normale,Buona,Ore Diurne,0,0,0,4,12.6262,41.857,-1,1,Autocarro inferiore 35 q.,In marcia / fermata / arresto,Passeggero,M,Illeso,0,,Non accertato,Inesploso,,
3914359,8,11/07/2018 18:40:00,Strada Urbana,VIALE OXFORD,da specificare,,,,alt. palo Acea 24 pross. Viale Heidelberg,Scontro laterale fra veicoli in marcia,Rotatoria,Una carreggiata a senso unico di marcia,Asciutto,Asfaltata,Verticale ed orizzontale,Sereno,Normale,Buona,Ore Diurne,0,0,0,4,12.6262,41.857,-1,2,Autovettura privata,In marcia / fermata / arresto,Conducente,F,Illeso,0,,Non accertato,Inesploso,,
3914359,8,11/07/2018 18:40:00,Strada Urbana,VIALE OXFORD,da specificare,,,,alt. palo Acea 24 pross. Viale Heidelberg,Scontro laterale fra veicoli in marcia,Rotatoria,Una carreggiata a senso unico di marcia,Asciutto,Asfaltata,Verticale ed orizzontale,Sereno,Normale,Buona,Ore Diurne,0,0,0,4,12.6262,41.857,-1,2,Autovettura privata,In marcia / fermata / arresto,Passeggero,F,Illeso,0,,Non accertato,Inesploso,,
3914362,8,11/07/2018 16:45:00,Strada Urbana,VIALE DEI ROMANISTI,in prossimit�,,del civico n.,6,,Tamponamento,Rettilineo,Due carreggiate,Asciutto,Asfaltata,Verticale ed orizzontale,Sereno,Normale,Buona,Ore Diurne,1,0,0,1,12.586,41.8655,-1,1,Autovettura privata,In marcia / fermata / arresto,Conducente,M,Illeso,0,,Non accertato,Inesploso,,
3914362,8,11/07/2018 16:45:00,Strada Urbana,VIALE DEI ROMANISTI,in prossimit�,,del civico n.,6,,Tamponamento,Rettilineo,Due carreggiate,Asciutto,Asfaltata,Verticale ed orizzontale,Sereno,Normale,Buona,Ore Diurne,1,0,0,1,12.586,41.8655,-1,2,Autovettura privata,In marcia / fermata / arresto,Conducente,M,Rifiuta cure immediate,0,NON DECEDUTO,Non accertato,Inesploso,,
3914367,8,11/07/2018 14:00:00,,VIA DON TONINO BELLO,all'intersezione con,VIA MONSIGNOR PIETRO ORSI,VIA MONSIGNOR PIETRO ORSI,,,Tamponamento,,,,,,,,,,1,0,0,1,12.6682,41.9057,0,1,Autovettura privata,In marcia / fermata / arresto,Conducente,F,Rimandato,0,NON DECEDUTO,Non accertato,Inesploso,,
3914367,8,11/07/2018 14:00:00,,VIA DON TONINO BELLO,all'intersezione con,VIA MONSIGNOR PIETRO ORSI,VIA MONSIGNOR PIETRO ORSI,,,Tamponamento,,,,,,,,,,1,0,0,1,12.6682,41.9057,0,2,Autovettura privata,In marcia / fermata / arresto,Conducente,M,Illeso,0,,Non accertato,Inesploso,,
3914383,20,11/07/2018 14:00:00,Strada Urbana,VIALE DELLE GALLINE BIANCHE,in corrispondenza,,del civico n.,105,,Veicolo in marcia contro ostacolo fisso,Rettilineo,Due carreggiate,Asciutto,Asfaltata,Assente,Sereno,Scarso,Buona,Ore Diurne,0,0,0,1,12.4859,41.9957,-1,1,Autovettura privata,In marcia / fermata / arresto,Conducente,M,Illeso,0,,Non accertato,Inesploso,,
3914406,10,11/07/2018 09:30:00,Strada Urbana,VIA DI CASAL MORENA,in corrispondenza,,del civico n.,73/75,,Tamponamento,Rettilineo,Una carreggiata a doppio senso,Asciutto,Asfaltata,Assente,Sereno,Normale,Buona,Ore Diurne,0,0,0,3,12.618,41.8253,-1,1,Autovettura privata,In marcia / fermata / arresto,Conducente,M,Illeso,0,,Non accertato,Inesploso,,
3914406,10,11/07/2018 09:30:00,Strada Urbana,VIA DI CASAL MORENA,in corrispondenza,,del civico n.,73/75,,Tamponamento,Rettilineo,Una carreggiata a doppio senso,Asciutto,Asfaltata,Assente,Sereno,Normale,Buona,Ore Diurne,0,0,0,3,12.618,41.8253,-1,1,Autovettura privata,In marcia / fermata / arresto,Passeggero,F,Illeso,0,,Non accertato,Inesploso,,
3914406,10,11/07/2018 09:30:00,Strada Urbana,VIA DI CASAL MORENA,in corrispondenza,,del civico n.,73/75,,Tamponamento,Rettilineo,Una carreggiata a doppio senso,Asciutto,Asfaltata,Assente,Sereno,Normale,Buona,Ore Diurne,0,0,0,3,12.618,41.8253,-1,2,Autovettura privata,In marcia / fermata / arresto,Conducente,M,Illeso,0,,Non accertato,Inesploso,,
3914410,10,11/07/2018 22:40:00,Strada Urbana,VIA TUSCOLANA,in corrispondenza,,del civico n.,1874/b,,Scontro laterale fra veicoli in marcia,Rettilineo,Una carreggiata a senso unico di marcia,Asciutto,Asfaltata,Verticale ed orizzontale,Sereno,Scarso,Sufficiente,Sufficiente,2,0,0,0,12.5907,41.8396,-1,1,Autovettura privata,In marcia / fermata / arresto,Conducente,F,Rimandato,0,NON DECEDUTO,Non accertato,Inesploso,,
3914410,10,11/07/2018 22:40:00,Strada Urbana,VIA TUSCOLANA,in corrispondenza,,del civico n.,1874/b,,Scontro laterale fra veicoli in marcia,Rettilineo,Una carreggiata a senso unico di marcia,Asciutto,Asfaltata,Verticale ed orizzontale,Sereno,Scarso,Sufficiente,Sufficiente,2,0,0,0,12.5907,41.8396,-1,1,Autovettura privata,In marcia / fermata / arresto,Passeggero,F,Rimandato,0,NON DECEDUTO,Non accertato,Inesploso,,
3914417,5,11/07/2018 17:10:00,Strada Urbana,VIALE PALMIRO TOGLIATTI,da specificare,,,,alt. parcheggio Metro Ponte Mammolo,Veicolo in marcia contro veicolo in sosta,Rettilineo,Una carreggiata a senso unico di marcia,Asciutto,Asfaltata,Assente,Sereno,Normale,Buona,Ore Diurne,0,0,0,1,12.5663,41.9219,-1,2,Autovettura privata,In marcia / fermata / arresto,Conducente,F,Illeso,0,,Non accertato,Inesploso,,
3914422,5,11/07/2018 17:35:00,Strada Urbana,VIALE PALMIRO TOGLIATTI,da specificare,,,,DIR. PRENESTINA ALT. PONTE INVERSIONE DI MARCIA,Tamponamento,Rettilineo,Due carreggiate,Asciutto,Asfaltata,Orizzontale,Nebbia,Intenso,Buona,Ore Diurne,0,0,0,2,12.5727,41.9079,-1,1,Autovettura privata,In marcia / fermata / arresto,Conducente,M,Illeso,0,,Non accertato,Inesploso,,
3914422,5,11/07/2018 17:35:00,Strada Urbana,VIALE PALMIRO TOGLIATTI,da specificare,,,,DIR. PRENESTINA ALT. PONTE INVERSIONE DI MARCIA,Tamponamento,Rettilineo,Due carreggiate,Asciutto,Asfaltata,Orizzontale,Nebbia,Intenso,Buona,Ore Diurne,0,0,0,2,12.5727,41.9079,-1,2,Autovettura privata,In marcia / fermata / arresto,Conducente,M,Illeso,0,,Non accertato,Inesploso,,
3914435,5,11/07/2018 20:00:00,Strada Urbana,VIA TIBURTINA,in prossimit�,,del civico n.,755,,Scontro laterale fra veicoli in marcia,Rettilineo,Pi� di due carreggiate,Asciutto,Asfaltata,Verticale ed orizzontale,Sereno,Normale,Buona,Ore Diurne,0,0,0,5,12.5539,41.9125,-1,1,Autovettura privata,In marcia / fermata / arresto,Conducente,M,Illeso,0,,Non accertato,,,
3914435,5,11/07/2018 20:00:00,Strada Urbana,VIA TIBURTINA,in prossimit�,,del civico n.,755,,Scontro laterale fra veicoli in marcia,Rettilineo,Pi� di due carreggiate,Asciutto,Asfaltata,Verticale ed orizzontale,Sereno,Normale,Buona,Ore Diurne,0,0,0,5,12.5539,41.9125,-1,1,Autovettura privata,In marcia / fermata / arresto,Passeggero,F,Illeso,0,,Non accertato,,,
3914435,5,11/07/2018 20:00:00,Strada Urbana,VIA TIBURTINA,in prossimit�,,del civico n.,755,,Scontro laterale fra veicoli in marcia,Rettilineo,Pi� di due carreggiate,Asciutto,Asfaltata,Verticale ed orizzontale,Sereno,Normale,Buona,Ore Diurne,0,0,0,5,12.5539,41.9125,-1,2,Autovettura privata,In marcia / fermata / arresto,Conducente,M,Illeso,0,,Non accertato,,,
3914435,5,11/07/2018 20:00:00,Strada Urbana,VIA TIBURTINA,in prossimit�,,del civico n.,755,,Scontro laterale fra veicoli in marcia,Rettilineo,Pi� di due carreggiate,Asciutto,Asfaltata,Verticale ed orizzontale,Sereno,Normale,Buona,Ore Diurne,0,0,0,5,12.5539,41.9125,-1,2,Autovettura privata,In marcia / fermata / arresto,Passeggero,M,Illeso,0,,Non accertato,,,
3914435,5,11/07/2018 20:00:00,Strada Urbana,VIA TIBURTINA,in prossimit�,,del civico n.,755,,Scontro laterale fra veicoli in marcia,Rettilineo,Pi� di due carreggiate,Asciutto,Asfaltata,Verticale ed orizzontale,Sereno,Normale,Buona,Ore Diurne,0,0,0,5,12.5539,41.9125,-1,2,Autovettura privata,In marcia / fermata / arresto,Passeggero,F,Illeso,0,,Non accertato,,,
3914436,5,11/07/2018 17:50:00,Strada Urbana,VIA CARLO MEZZACAPO,in corrispondenza,,del civico n.,61,,Scontro laterale fra veicoli in marcia,Rettilineo,Una carreggiata a senso unico di marcia,Asciutto,Asfaltata,Orizzontale,Sereno,Scarso,Buona,Ore Diurne,0,0,0,2,12.5343,41.8991,-1,1,Autovettura privata,In marcia / fermata / arresto,Conducente,M,Illeso,0,,Non accertato,Inesploso,,
3914436,5,11/07/2018 17:50:00,Strada Urbana,VIA CARLO MEZZACAPO,in corrispondenza,,del civico n.,61,,Scontro laterale fra veicoli in marcia,Rettilineo,Una carreggiata a senso unico di marcia,Asciutto,Asfaltata,Orizzontale,Sereno,Scarso,Buona,Ore Diurne,0,0,0,2,12.5343,41.8991,-1,2,Autovettura privata,In marcia / fermata / arresto,Conducente,M,Illeso,0,,Non accertato,Inesploso,,
3914440,5,12/07/2018 01:00:00,Strada Urbana,VIA MONTEGIORGIO,all'intersezione con,VIA FABRIANO,VIA FABRIANO,,,Scontro frontale/laterale DX fra veicoli in marcia,Incrocio,Una carreggiata a doppio senso,Asciutto,Asfaltata,Verticale ed orizzontale,Sereno,Normale,Sufficiente,Sufficiente,1,0,0,1,12.5856,41.9418,-1,1,Autovettura privata,In marcia / fermata / arresto,Conducente,M,Illeso,0,,Non accertato,Inesploso,,
3914440,5,12/07/2018 01:00:00,Strada Urbana,VIA MONTEGIORGIO,all'intersezione con,VIA FABRIANO,VIA FABRIANO,,,Scontro frontale/laterale DX fra veicoli in marcia,Incrocio,Una carreggiata a doppio senso,Asciutto,Asfaltata,Verticale ed orizzontale,Sereno,Normale,Sufficiente,Sufficiente,1,0,0,1,12.5856,41.9418,-1,2,Autovettura privata,In marcia / fermata / arresto,Conducente,F,Rimandato,0,NON DECEDUTO,Non accertato,Inesploso,,
3914449,10,11/07/2018 18:50:00,Strada Urbana,VIA VINCENZO LAMARO,all'intersezione con,VIA UMBERTO QUINTAVALLE,VIA UMBERTO QUINTAVALLE,,,Scontro frontale/laterale SX fra veicoli in marcia,Intersezione stradale segnalata,Una carreggiata a doppio senso,Asciutto,Asfaltata,Verticale ed orizzontale,Sereno,Normale,Buona,Ore Diurne,1,0,0,3,12.5745,41.853,-1,1,Autovettura privata,In marcia / fermata / arresto,Conducente,M,Illeso,0,,Non accertato,Inesploso,,
3914449,10,11/07/2018 18:50:00,Strada Urbana,VIA VINCENZO LAMARO,all'intersezione con,VIA UMBERTO QUINTAVALLE,VIA UMBERTO QUINTAVALLE,,,Scontro frontale/laterale SX fra veicoli in marcia,Intersezione stradale segnalata,Una carreggiata a doppio senso,Asciutto,Asfaltata,Verticale ed orizzontale,Sereno,Normale,Buona,Ore Diurne,1,0,0,3,12.5745,41.853,-1,1,Autovettura privata,In marcia / fermata / arresto,Passeggero,F,Illeso,0,,Non accertato,Inesploso,,
3914449,10,11/07/2018 18:50:00,Strada Urbana,VIA VINCENZO LAMARO,all'intersezione con,VIA UMBERTO QUINTAVALLE,VIA UMBERTO QUINTAVALLE,,,Scontro frontale/laterale SX fra veicoli in marcia,Intersezione stradale segnalata,Una carreggiata a doppio senso,Asciutto,Asfaltata,Verticale ed orizzontale,Sereno,Normale,Buona,Ore Diurne,1,0,0,3,12.5745,41.853,-1,1,Autovettura privata,In marcia / fermata / arresto,Passeggero,M,Illeso,0,,Non accertato,Inesploso,,
3914449,10,11/07/2018 18:50:00,Strada Urbana,VIA VINCENZO LAMARO,all'intersezione con,VIA UMBERTO QUINTAVALLE,VIA UMBERTO QUINTAVALLE,,,Scontro frontale/laterale SX fra veicoli in marcia,Intersezione stradale segnalata,Una carreggiata a doppio senso,Asciutto,Asfaltata,Verticale ed orizzontale,Sereno,Normale,Buona,Ore Diurne,1,0,0,3,12.5745,41.853,-1,2,Autovettura privata,In marcia / fermata / arresto,Conducente,F,Rimandato,0,NON DECEDUTO,Non accertato,Inesploso,,
3914456,12,12/07/2018 08:20:00,Strada Urbana,VIA CRISTOFORO COLOMBO,all'intersezione con,VIALE DELL'UMANESIMO,VIALE DELL'UMANESIMO,,,Tamponamento,Intersezione semaforizzata,Una carreggiata a senso unico di marcia,Asciutto,Asfaltata,Verticale ed orizzontale,Sereno,Normale,Buona,Ore Diurne,0,0,0,2,12.4676,41.8236,-1,1,Motociclo a solo,In marcia / fermata / arresto,Conducente,M,Illeso,0,,Non accertato,,,
3914456,12,12/07/2018 08:20:00,Strada Urbana,VIA CRISTOFORO COLOMBO,all'intersezione con,VIALE DELL'UMANESIMO,VIALE DELL'UMANESIMO,,,Tamponamento,Intersezione semaforizzata,Una carreggiata a senso unico di marcia,Asciutto,Asfaltata,Verticale ed orizzontale,Sereno,Normale,Buona,Ore Diurne,0,0,0,2,12.4676,41.8236,-1,2,Autovettura privata,In marcia / fermata / arresto,Conducente,M,Illeso,0,,Utilizzato,Inesploso,,
3914458,7,12/07/2018 08:00:00,Strada Urbana,VIALE GIORGIO DE CHIRICO,in prossimit�,,del palo luce n.,16,,Tamponamento,Rettilineo,Due carreggiate,Asciutto,Asfaltata,Verticale ed orizzontale,Sereno,Normale,Buona,Ore Diurne,0,0,0,2,12.5874,41.8987,-1,1,Autovettura privata,In marcia / fermata / arresto,Conducente,M,Illeso,0,,Non accertato,Inesploso,,
3914458,7,12/07/2018 08:00:00,Strada Urbana,VIALE GIORGIO DE CHIRICO,in prossimit�,,del palo luce n.,16,,Tamponamento,Rettilineo,Due carreggiate,Asciutto,Asfaltata,Verticale ed orizzontale,Sereno,Normale,Buona,Ore Diurne,0,0,0,2,12.5874,41.8987,-1,2,Autovettura privata,In marcia / fermata / arresto,Conducente,F,Illeso,0,,Non accertato,Inesploso,,
3914479,7,12/07/2018 01:10:00,Strada Urbana,VIA TIBURTINA,all'intersezione con,VIA GALLA PLACIDIA,VIA GALLA PLACIDIA,,,Scontro laterale fra veicoli in marcia,Intersezione semaforizzata,Due carreggiate,Asciutto,Asfaltata,Verticale ed orizzontale,Sereno,Scarso,Sufficiente,Sufficiente,0,0,0,3,12.5427,41.9085,-1,1,Autovettura privata,In marcia / fermata / arresto,Conducente,F,Illeso,0,,Non accertato,Inesploso,,
3914479,7,12/07/2018 01:10:00,Strada Urbana,VIA TIBURTINA,all'intersezione con,VIA GALLA PLACIDIA,VIA GALLA PLACIDIA,,,Scontro laterale fra veicoli in marcia,Intersezione semaforizzata,Due carreggiate,Asciutto,Asfaltata,Verticale ed orizzontale,Sereno,Scarso,Sufficiente,Sufficiente,0,0,0,3,12.5427,41.9085,-1,2,Autovettura privata,In marcia / fermata / arresto,Conducente,F,Illeso,0,,Non accertato,Inesploso,,