Protocollo,Gruppo,DataOraIncidente,Localizzazione1,STRADA1,Localizzazione2,STRADA2,Strada02,Chilometrica,DaSpecificare,NaturaIncidente,particolaritastrade,TipoStrada,FondoStradale,Pavimentazione,Segnaletica,CondizioneAtmosferica,Traffico,Visibilita,Illuminazione,NUM_FERITI,NUM_RISERVATA,NUM_MORTI,NUM_ILLESI,Longitudine,Latitudine,Confermato,Progressivo,TipoVeicolo,StatoVeicolo,TipoPersona,Sesso,Tipolesione,Deceduto,DecedutoDopo,CinturaCascoUtilizzato,Airbag,,
3914479,7,12/07/2018 01:10:00,Strada Urbana,VIA TIBURTINA,all'intersezione con,VIA GALLA PLACIDIA,VIA GALLA PLACIDIA,,,Scontro laterale fra veicoli in marcia,Intersezione semaforizzata,Due carreggiate,Asciutto,Asfaltata,Verticale ed orizzontale,Sereno,Scarso,Sufficiente,Sufficiente,0,0,0,3,12.5427,41.9085,-1,2,Autovettura privata,In marcia / fermata / arresto,Passeggero,F,Illeso,0,,Non accertato,Inesploso,,
3914527,10,12/07/2018 08:30:00,Strada Urbana,VIA TUSCOLANA,in corrispondenza,,del civico n.,619,,Tamponamento,Rettilineo,Due carreggiate,Asciutto,Asfaltata,Verticale ed orizzontale,Sereno,Normale,Buona,Ore Diurne,0,0,0,3,12.551,41.863,-1,1,Autovettura di polizia,In marcia / fermata / arresto,Conducente,M,Illeso,0,,Non accertato,Inesploso,,
3914527,10,12/07/2018 08:30:00,Strada Urbana,VIA TUSCOLANA,in corrispondenza,,del civico n.,619,,Tamponamento,Rettilineo,Due carreggiate,Asciutto,Asfaltata,Verticale ed orizzontale,Sereno,Normale,Buona,Ore Diurne,0,0,0,3,12.551,41.863,-1,1,Autovettura di polizia,In marcia / fermata / arresto,Passeggero,M,Illeso,0,,Non accertato,Inesploso,,
3914527,10,12/07/2018 08:30:00,Strada Urbana,VIA TUSCOLANA,in corrispondenza,,del civico n.,619,,Tamponamento,Rettilineo,Due carreggiate,Asciutto,Asfaltata,Verticale ed orizzontale,Sereno,Normale,Buona,Ore Diurne,0,0,0,3,12.551,41.863,-1,2,Motociclo a solo,In marcia / fermata / arresto,Conducente,M,Illeso,0,,Non accertato,,,
3914534,10,12/07/2018 01:10:00,Strada Urbana,VIA DEI SETTE METRI,all'intersezione con,VIA DI TORRE MORENA,VIA DI TORRE MORENA,,,Scontro laterale fra veicoli in marcia,Incrocio,Una carreggiata a doppio senso,Asciutto,Asfaltata,Verticale ed orizzontale,Sereno,Scarso,Sufficiente,Sufficiente,2,0,0,1,12.6069,41.8154,-1,1,Autovettura privata,In marcia / fermata / arresto,Conducente,M,Illeso,0,,Non accertato,Esploso,,
3914534,10,12/07/2018 01:10:00,Strada Urbana,VIA DEI SETTE METRI,all'intersezione con,VIA DI TORRE MORENA,VIA DI TORRE MORENA,,,Scontro laterale fra veicoli in marcia,Incrocio,Una carreggiata a doppio senso,Asciutto,Asfaltata,Verticale ed orizzontale,Sereno,Scarso,Sufficiente,Sufficiente,2,0,0,1,12.6069,41.8154,-1,2,Autovettura privata,In marcia / fermata / arresto,Conducente,F,Rimandato,0,NON DECEDUTO,Non accertato,Esploso,,
3914534,10,12/07/2018 01:10:00,Strada Urbana,VIA DEI SETTE METRI,all'intersezione con,VIA DI TORRE MORENA,VIA DI TORRE MORENA,,,Scontro laterale fra veicoli in marcia,Incrocio,Una carreggiata a doppio senso,Asciutto,Asfaltata,Verticale ed orizzontale,Sereno,Scarso,Sufficiente,Sufficiente,2,0,0,1,12.6069,41.8154,-1,2,Autovettura privata,In marcia / fermata / arresto,Passeggero,M,Rimandato,0,NON DECEDUTO,Non accertato,Esploso,,
3914539,19,12/07/2018 08:20:00,Strada Urbana,VIA TRIONFALE,in prossimit�,,del civico n.,11060,,Tamponamento,Rettilineo,Una carreggiata a doppio senso,Asciutto,Asfaltata,Orizzontale,Sereno,Intenso,Buona,Ore Diurne,0,0,0,2,12.4132,41.9586,-1,1,Autovettura privata,In marcia / fermata / arresto,Conducente,M,Illeso,0,,Non accertato,Inesploso,,
3914539,19,12/07/2018 08:20:00,Strada Urbana,VIA TRIONFALE,in prossimit�,,del civico n.,11060,,Tamponamento,Rettilineo,Una carreggiata a doppio senso,Asciutto,Asfaltata,Orizzontale,Sereno,Intenso,Buona,Ore Diurne,0,0,0,2,12.4132,41.9586,-1,2,Autovettura privata,In marcia / fermata / arresto,Conducente,F,Illeso,0,,,,,
3914545,7,12/07/2018 08:40:00,Strada Urbana,VIALE PALMIRO TOGLIATTI,all'intersezione con,VIA PRENESTINA,VIA PRENESTINA,,,Scontro frontale/laterale DX fra veicoli in marcia,Intersezione semaforizzata,Una carreggiata a doppio senso,Asciutto,Asfaltata,Verticale ed orizzontale,Sereno,Intenso,Buona,Ore Diurne,1,0,0,1,12.5755,41.8949,-1,1,Motociclo a solo,In marcia / fermata / arresto,Conducente,M,Rimandato,0,NON DECEDUTO,Non accertato,,,
3914545,7,12/07/2018 08:40:00,Strada Urbana,VIALE PALMIRO TOGLIATTI,all'intersezione con,VIA PRENESTINA,VIA PRENESTINA,,,Scontro frontale/laterale DX fra veicoli in marcia,Intersezione semaforizzata,Una carreggiata a doppio senso,Asciutto,Asfaltata,Verticale ed orizzontale,Sereno,Intenso,Buona,Ore Diurne,1,0,0,1,12.5755,41.8949,-1,2,Autovettura privata,In marcia / fermata / arresto,Conducente,M,Illeso,0,,Non accertato,Inesploso,,
3914554,19,11/07/2018 11:15:00,Strada Urbana,VIA DI CASAL DEL MARMO,in prossimit�,,del civico n.,397,,Scontro frontale/laterale SX fra veicoli in marcia,Rettilineo,Una carreggiata a doppio senso,Asciutto,Asfaltata,Verticale ed orizzontale,Sereno,Normale,Buona,Ore Diurne,0,0,0,3,12.3905,41.9441,-1,1,Autovettura privata,In marcia / fermata / arresto,Conducente,F,Illeso,0,,Non accertato,Inesploso,,
3914554,19,11/07/2018 11:15:00,Strada Urbana,VIA DI CASAL DEL MARMO,in prossimit�,,del civico n.,397,,Scontro frontale/laterale SX fra veicoli in marcia,Rettilineo,Una carreggiata a doppio senso,Asciutto,Asfaltata,Verticale ed orizzontale,Sereno,Normale,Buona,Ore Diurne,0,0,0,3,12.3905,41.9441,-1,2,Autovettura privata,In marcia / fermata / arresto,Conducente,F,Illeso,0,,Non accertato,Inesploso,,
3914554,19,11/07/2018 11:15:00,Strada Urbana,VIA DI CASAL DEL MARMO,in prossimit�,,del civico n.,397,,Scontro frontale/laterale SX fra veicoli in marcia,Rettilineo,Una carreggiata a doppio senso,Asciutto,Asfaltata,Verticale ed orizzontale,Sereno,Normale,Buona,Ore Diurne,0,0,0,3,12.3905,41.9441,-1,2,Autovettura privata,In marcia / fermata / arresto,Passeggero,F,Illeso,0,,Non accertato,Inesploso,,
3914562,1,07/07/2018 15:30:00,Strada Urbana,LUNGOTEVERE DEGLI ALTOVITI,in prossimit�,,del civico n.,14,,Investimento di pedone,Rettilineo,Una carreggiata a senso unico di marcia,Asciutto,Asfaltata,Verticale ed orizzontale,Sereno,Scarso,Buona,Ore Diurne,0,0,0,2,12.4652,41.9009,0,,,,Pedone sconosciuto,,Illeso,0,,,,,
3914562,1,07/07/2018 15:30:00,Strada Urbana,LUNGOTEVERE DEGLI ALTOVITI,in prossimit�,,del civico n.,14,,Investimento di pedone,Rettilineo,Una carreggiata a senso unico di marcia,Asciutto,Asfaltata,Verticale ed orizzontale,Sereno,Scarso,Buona,Ore Diurne,0,0,0,2,12.4652,41.9009,0,1,Autovettura privata,In marcia / fermata / arresto,Conducente,M,Illeso,0,,Utilizzato,Inesploso,,
3914574,12,12/07/2018 08:45:00,Strada Urbana,VIA LAURENTINA,in prossimit�,,del civico n.,760,,Scontro laterale fra veicoli in marcia,Rettilineo,Due carreggiate,Asciutto,Asfaltata,Verticale ed orizzontale,Sereno,Normale,Buona,Ore Diurne,0,0,0,2,12.486,41.8103,-1,1,Autovettura privata,In marcia / fermata / arresto,Conducente,M,Illeso,0,,Utilizzato,Inesploso,,
3914574,12,12/07/2018 08:45:00,Strada Urbana,VIA LAURENTINA,in prossimit�,,del civico n.,760,,Scontro laterale fra veicoli in marcia,Rettilineo,Due carreggiate,Asciutto,Asfaltata,Verticale ed orizzontale,Sereno,Normale,Buona,Ore Diurne,0,0,0,2,12.486,41.8103,-1,2,Autocarro inferiore 35 q.,In marcia / fermata / arresto,Conducente,M,Illeso,0,,Non accertato,Inesploso,,
3914577,4,11/07/2018 10:15:00,Strada Urbana,VIA VIRGILIO TALLI,all'intersezione semaforizzata con,VIA AMALIA BETTINI,VIA AMALIA BETTINI,,,Scontro laterale fra veicoli in marcia,Intersezione semaforizzata,Due carreggiate,Asciutto,Asfaltata,Verticale ed orizzontale,Sereno,Normale,Buona,Ore Diurne,0,0,0,2,12.5245,41.9643,-1,1,Autovettura privata,In marcia / fermata / arresto,Conducente,M,Illeso,0,,Non accertato,Inesploso,,
3914577,4,11/07/2018 10:15:00,Strada Urbana,VIA VIRGILIO TALLI,all'intersezione semaforizzata con,VIA AMALIA BETTINI,VIA AMALIA BETTINI,,,Scontro laterale fra veicoli in marcia,Intersezione semaforizzata,Due carreggiate,Asciutto,Asfaltata,Verticale ed orizzontale,Sereno,Normale,Buona,Ore Diurne,0,0,0,2,12.5245,41.9643,-1,2,Autovettura privata,In marcia / fermata / arresto,Conducente,M,Illeso,0,,Non accertato,Inesploso,,
3914588,1,11/07/2018 19:25:00,Strada Urbana,VIA DELLA GRECA,in prossimit�,,del civico n.,5,,Scontro laterale fra veicoli in marcia,Rettilineo,Una carreggiata a doppio senso,Asciutto,Asfaltata,Assente,Sereno,Normale,Buona,Ore Diurne,2,0,0,1,12.4819,41.8875,-1,1,Motociclo con passeggero,In marcia / fermata / arresto,Conducente,M,Rifiuta cure immediate,0,NON DECEDUTO,Non accertato,,,
3914588,1,11/07/2018 19:25:00,Strada Urbana,VIA DELLA GRECA,in prossimit�,,del civico n.,5,,Scontro laterale fra veicoli in marcia,Rettilineo,Una carreggiata a doppio senso,Asciutto,Asfaltata,Assente,Sereno,Normale,Buona,Ore Diurne,2,0,0,1,12.4819,41.8875,-1,1,Motociclo con passeggero,In marcia / fermata / arresto,Passeggero,F,Rimandato,0,NON DECEDUTO,Non accertato,,,
3914588,1,11/07/2018 19:25:00,Strada Urbana,VIA DELLA GRECA,in prossimit�,,del civico n.,5,,Scontro laterale fra veicoli in marcia,Rettilineo,Una carreggiata a doppio senso,Asciutto,Asfaltata,Assente,Sereno,Normale,Buona,Ore Diurne,2,0,0,1,12.4819,41.8875,-1,2,Autovettura privata,In marcia / fermata / arresto,Conducente,M,Illeso,0,,Non accertato,Inesploso,,
3914589,19,11/07/2018 11:45:00,Strada Urbana,VIA DELLA PINETA SACCHETTI,all'intersezione semaforizzata con,VIA DI S. CLETO PAPA,VIA DI S. CLETO PAPA,,,Scontro frontale/laterale SX fra veicoli in marcia,Intersezione semaforizzata,Due carreggiate,Asciutto,Asfaltata,Verticale ed orizzontale,Sereno,Normale,Buona,Ore Diurne,0,0,0,3,12.4244,41.9231,-1,1,Autovettura privata,In marcia / fermata / arresto,Conducente,F,Illeso,0,,Non accertato,Inesploso,,
3914589,19,11/07/2018 11:45:00,Strada Urbana,VIA DELLA PINETA SACCHETTI,all'intersezione semaforizzata con,VIA DI S. CLETO PAPA,VIA DI S. CLETO PAPA,,,Scontro frontale/laterale SX fra veicoli in marcia,Intersezione semaforizzata,Due carreggiate,Asciutto,Asfaltata,Verticale ed orizzontale,Sereno,Normale,Buona,Ore Diurne,0,0,0,3,12.4244,41.9231,-1,1,Autovettura privata,In marcia / fermata / arresto,Passeggero,F,Illeso,0,,Non accertato,Inesploso,,
3914589,19,11/07/2018 11:45:00,Strada Urbana,VIA DELLA PINETA SACCHETTI,all'intersezione semaforizzata con,VIA DI S. CLETO PAPA,VIA DI S. CLETO PAPA,,,Scontro frontale/laterale SX fra veicoli in marcia,Intersezione semaforizzata,Due carreggiate,Asciutto,Asfaltata,Verticale ed orizzontale,Sereno,Normale,Buona,Ore Diurne,0,0,0,3,12.4244,41.9231,-1,2,Autocarro inferiore 35 q.,In marcia / fermata / arresto,Conducente,M,Illeso,0,,Non accertato,Inesploso,,
3914595,11,12/07/2018 09:00:00,Strada Urbana,VIA OSTIENSE,in corrispondenza,,del civico n.,129,,Scontro laterale fra veicoli in marcia,Rettilineo,Pi� di due carreggiate,Asciutto,Asfaltata,Verticale,Nuvoloso,Normale,Buona,Ore Diurne,0,0,0,2,12.4795,41.8665,-1,1,Autocarro inferiore 35 q.,In marcia / fermata / arresto,Conducente,M,Illeso,0,,Non accertato,Inesploso,,
3914595,11,12/07/2018 09:00:00,Strada Urbana,VIA OSTIENSE,in corrispondenza,,del civico n.,129,,Scontro laterale fra veicoli in marcia,Rettilineo,Pi� di due carreggiate,Asciutto,Asfaltata,Verticale,Nuvoloso,Normale,Buona,Ore Diurne,0,0,0,2,12.4795,41.8665,-1,2,Autovettura privata,In marcia / fermata / arresto,Conducente,F,Illeso,0,,Non accertato,Inesploso,,
3914620,19,11/07/2018 12:00:00,Strada Urbana,VIA DELLA VALLE DEI FONTANILI,all'intersezione con,VIA FRATELLI GRIMM,VIA FRATELLI GRIMM,,,Scontro laterale fra veicoli in marcia,Incrocio,Una carreggiata a doppio senso,Asciutto,Asfaltata,Verticale ed orizzontale,Sereno,Intenso,Buona,Ore Diurne,1,0,0,1,12.4068,41.928,-1,1,Autocarro inferiore 35 q.,In marcia / fermata / arresto,Conducente,M,Illeso,0,,Non accertato,Inesploso,,
3914620,19,11/07/2018 12:00:00,Strada Urbana,VIA DELLA VALLE DEI FONTANILI,all'intersezione con,VIA FRATELLI GRIMM,VIA FRATELLI GRIMM,,,Scontro laterale fra veicoli in marcia,Incrocio,Una carreggiata a doppio senso,Asciutto,Asfaltata,Verticale ed orizzontale,Sereno,Intenso,Buona,Ore Diurne,1,0,0,1,12.4068,41.928,-1,2,Motociclo a solo,In marcia / fermata / arresto,Conducente,M,Rimandato,0,NON DECEDUTO,Non accertato,,,
3914638,1,11/07/2018 02:30:00,Strada Urbana,VIA CAVOUR,in prossimit�,,del civico n.,207/209,,Scontro frontale/laterale SX fra veicoli in marcia,Rettilineo,Una carreggiata a doppio senso,Asciutto,Asfaltata,Verticale ed orizzontale,Sereno,Scarso,Sufficiente,Sufficiente,1,0,0,1,12.4918,41.8943,-1,1,Motociclo a solo,In marcia / fermata / arresto,Conducente,M,Rimandato,0,NON DECEDUTO,Non accertato,,,
3914638,1,11/07/2018 02:30:00,Strada Urbana,VIA CAVOUR,in prossimit�,,del civico n.,207/209,,Scontro frontale/laterale SX fra veicoli in marcia,Rettilineo,Una carreggiata a doppio senso,Asciutto,Asfaltata,Verticale ed orizzontale,Sereno,Scarso,Sufficiente,Sufficiente,1,0,0,1,12.4918,41.8943,-1,2,Motociclo a solo,In marcia / fermata / arresto,Conducente,M,Illeso,0,,Non accertato,,,
3914666,16,11/07/2018 16:30:00,Strada Urbana,PIAZZA IPPOLITO NIEVO,all'intersezione con,VIA IPPOLITO NIEVO,VIA IPPOLITO NIEVO,,,Scontro frontale/laterale DX fra veicoli in marcia,Intersezione semaforizzata,Pi� di due carreggiate,Asciutto,Asfaltata,Verticale ed orizzontale,Sereno,Normale,Buona,Ore Diurne,2,0,0,1,12.4668,41.8804,-1,1,Autovettura privata,In marcia / fermata / arresto,Conducente,M,Rimandato,0,NON DECEDUTO,Non accertato,Esploso,,
3914666,16,11/07/2018 16:30:00,Strada Urbana,PIAZZA IPPOLITO NIEVO,all'intersezione con,VIA IPPOLITO NIEVO,VIA IPPOLITO NIEVO,,,Scontro frontale/laterale DX fra veicoli in marcia,Intersezione semaforizzata,Pi� di due carreggiate,Asciutto,Asfaltata,Verticale ed orizzontale,Sereno,Normale,Buona,Ore Diurne,2,0,0,1,12.4668,41.8804,-1,1,Autovettura privata,In marcia / fermata / arresto,Passeggero,F,Illeso,0,,Non accertato,Inesploso,,
3914666,16,11/07/2018 16:30:00,Strada Urbana,PIAZZA IPPOLITO NIEVO,all'intersezione con,VIA IPPOLITO NIEVO,VIA IPPOLITO NIEVO,,,Scontro frontale/laterale DX fra veicoli in marcia,Intersezione semaforizzata,Pi� di due carreggiate,Asciutto,Asfaltata,Verticale ed orizzontale,Sereno,Normale,Buona,Ore Diurne,2,0,0,1,12.4668,41.8804,-1,2,Motociclo a solo,In marcia / fermata / arresto,Conducente,M,Ricoverato,0,NON DECEDUTO,Non accertato,,,
3914669,1,11/07/2018 12:15:00,Strada Urbana,VIA FRATTINA,in corrispondenza,,del civico n.,36,,Veicolo in marcia contro ostacolo fisso,Rettilineo,Una carreggiata a senso unico di marcia,Asciutto,Acciotolata,Verticale ed orizzontale,Sereno,Scarso,Buona,Ore Diurne,0,0,0,1,,,0,1,Autovettura pubblica,In marcia / fermata / arresto,Conducente,M,Illeso,0,,,,,
3914679,16,11/07/2018 08:00:00,Strada Urbana,VIALE DELLE MURA PORTUENSI,da specificare,,,,PROSSIMITA' FRONTE PALO ACEA 5,Veicolo in marcia contro ostacolo accidentale,Rettilineo,Una carreggiata a doppio senso,Asciutto,Asfaltata,Verticale ed orizzontale,Sereno,Normale,Buona,Ore Diurne,1,0,0,0,12.4721,41.8841,-1,1,Motociclo a solo,In marcia / fermata / arresto,Conducente,M,Rimandato,0,NON DECEDUTO,Non accertato,,,
3914684,19,12/07/2018 10:00:00,Strada Urbana,VIA GIUSEPPE BARELLAI,da specificare,,,,altezza ingresso parcehggio a pagamento S.F. Neri,Scontro laterale fra veicoli in marcia,Rettilineo,Una carreggiata a doppio senso,Asciutto,Asfaltata,Orizzontale,Sereno,Normale,Buona,Ore Diurne,0,0,0,2,12.4112,41.9424,-1,1,Autovettura privata,In marcia / fermata / arresto,Conducente,F,Illeso,0,,Non accertato,Inesploso,,
3914684,19,12/07/2018 10:00:00,Strada Urbana,VIA GIUSEPPE BARELLAI,da specificare,,,,altezza ingresso parcehggio a pagamento S.F. Neri,Scontro laterale fra veicoli in marcia,Rettilineo,Una carreggiata a doppio senso,Asciutto,Asfaltata,Orizzontale,Sereno,Normale,Buona,Ore Diurne,0,0,0,2,12.4112,41.9424,-1,2,Autovettura privata,In marcia / fermata / arresto,Conducente,M,Illeso,0,,,,,
3914693,1,11/07/2018 10:35:00,Strada Urbana,VIA ROMA LIBERA,in prossimit�,,del civico n.,76,,Scontro frontale/laterale DX fra veicoli in marcia,Rettilineo,Una carreggiata a senso unico di marcia,Asciutto,Acciotolata,Verticale ed orizzontale,Sereno,Normale,Buona,Ore Diurne,0,0,0,1,,,0,1,Autovettura privata,In marcia / fermata / arresto,Conducente,M,Illeso,0,,Non accertato,Inesploso,,
3914696,11,12/07/2018 09:00:00,Strada Urbana,LARGO BEATO PLACIDO RICCARDI,da specificare,,,,fr. paolo acea  n. 119,Scontro laterale fra veicoli in marcia,Rettilineo,Una carreggiata a senso unico di marcia,Asciutto,Asfaltata,Orizzontale,Sereno,Normale,Buona,Ore Diurne,0,0,0,4,12.4766,41.8561,-1,1,Autovettura privata,In marcia / fermata / arresto,Conducente,M,Illeso,0,,Non accertato,Inesploso,,
3914696,11,12/07/2018 09:00:00,Strada Urbana,LARGO BEATO PLACIDO RICCARDI,da specificare,,,,fr. paolo acea  n. 119,Scontro laterale fra veicoli in marcia,Rettilineo,Una carreggiata a senso unico di marcia,Asciutto,Asfaltata,Orizzontale,Sereno,Normale,Buona,Ore Diurne,0,0,0,4,12.4766,41.8561,-1,2,Autovettura privata,In marcia / fermata / arresto,Conducente,M,Illeso,0,,Non accertato,Inesploso,,
3914696,11,12/07/2018 09:00:00,Strada Urbana,LARGO BEATO PLACIDO RICCARDI,da specificare,,,,fr. paolo acea  n. 119,Scontro laterale fra veicoli in marcia,Rettilineo,Una carreggiata a senso unico di marcia,Asciutto,Asfaltata,Orizzontale,Sereno,Normale,Buona,Ore Diurne,0,0,0,4,12.4766,41.8561,-1,2,Autovettura privata,In marcia / fermata / arresto,Passeggero,M,Illeso,0,,Non accertato,Inesploso,,
3914696,11,12/07/2018 09:00:00,Strada Urbana,LARGO BEATO PLACIDO RICCARDI,da specificare,,,,fr. paolo acea  n. 119,Scontro laterale fra veicoli in marcia,Rettilineo,Una carreggiata a senso unico di marcia,Asciutto,Asfaltata,Orizzontale,Sereno,Normale,Buona,Ore Diurne,0,0,0,4,12.4766,41.8561,-1,2,Autovettura privata,In marcia / fermata / arresto,Passeggero,F,Illeso,0,,Non accertato,Inesploso,,
3914698,19,11/07/2018 17:10:00,Strada Urbana,VIA INZAGO,in prossimit�,,del civico n.,58,,Tamponamento,Curva senza visuale libera,Una carreggiata a doppio senso,Asciutto,Asfaltata,Orizzontale,Sereno,Normale,Buona,Ore Diurne,0,0,0,3,12.3888,41.9472,-1,1,Autovettura privata,In marcia / fermata / arresto,Conducente,F,Illeso,0,,Non accertato,Inesploso,,
3914698,19,11/07/2018 17:10:00,Strada Urbana,VIA INZAGO,in prossimit�,,del civico n.,58,,Tamponamento,Curva senza visuale libera,Una carreggiata a doppio senso,Asciutto,Asfaltata,Orizzontale,Sereno,Normale,Buona,Ore Diurne,0,0,0,3,12.3888,41.9472,-1,1,Autovettura privata,In marcia / fermata / arresto,Passeggero,F,Illeso,0,,Non accertato,Inesploso,,
3914698,19,11/07/2018 17:10:00,Strada Urbana,VIA INZAGO,in prossimit�,,del civico n.,58,,Tamponamento,Curva senza visuale libera,Una carreggiata a doppio senso,Asciutto,Asfaltata,Orizzontale,Sereno,Normale,Buona,Ore Diurne,0,0,0,3,12.3888,41.9472,-1,2,Autobus di linea,In marcia / fermata / arresto,Conducente,M,Illeso,0,,Non accertato,Inesploso,,
3914699,2,12/07/2018 03:50:00,Strada Urbana,CIRCONVALLAZIONE SALARIA,da specificare,,,,(dir. S. Giovanni) alt. uscita Etiopia, Valli, Nom,Veicolo in marcia contro ostacolo accidentale,Rettilineo,Pi� di due carreggiate,Asciutto,Asfaltata,Verticale ed orizzontale,Sereno,Scarso,Buona,Sufficiente,0,0,0,1,12.5208,41.9345,-1,1,Autovettura privata,In marcia / fermata / arresto,Conducente,M,Illeso,0,,Non accertato,Inesploso
3914704,2,11/07/2018 12:35:00,Strada Urbana,VIALE PARIOLI,all'intersezione con,VIA DELLA FONTE DELL'ACQUA ACETOSA,VIA DELLA FONTE DELL'ACQUA ACETOSA,,,Scontro frontale/laterale DX fra veicoli in marcia,Incrocio,Pi� di due carreggiate,Asciutto,Asfaltata,Verticale ed orizzontale,Sereno,Normale,Buona,Ore Diurne,0,0,0,2,12.4875,41.9263,-1,1,Autovettura privata,In marcia / fermata / arresto,Conducente,M,Illeso,0,,Non accertato,Inesploso,,
3914704,2,11/07/2018 12:35:00,Strada Urbana,VIALE PARIOLI,all'intersezione con,VIA DELLA FONTE DELL'ACQUA ACETOSA,VIA DELLA FONTE DELL'ACQUA ACETOSA,,,Scontro frontale/laterale DX fra veicoli in marcia,Incrocio,Pi� di due carreggiate,Asciutto,Asfaltata,Verticale ed orizzontale,Sereno,Normale,Buona,Ore Diurne,0,0,0,2,12.4875,41.9263,-1,2,Motociclo a solo,In marcia / fermata / arresto,Conducente,M,Illeso,0,,Non accertato,,,
3914706,2,11/07/2018 12:00:00,Strada Urbana,VIA ALFREDO CATALANI,in prossimit�,,del civico n.,9,,Veicolo in marcia contro veicoli in sosta,Rettilineo,Una carreggiata a senso unico di marcia,Asciutto,Asfaltata,Verticale ed orizzontale,Sereno,Normale,Buona,Ore Diurne,0,0,0,1,12.5092,41.9365,-1,1,Autovettura privata,In marcia / fermata / arresto,Conducente,F,Illeso,0,,,,,
3914710,2,11/07/2018 16:15:00,Strada Urbana,VIA FRANCESCO SIACCI,in prossimit�,,del civico n.,14,,Veicolo in marcia contro veicolo fermo,Rettilineo,Una carreggiata a doppio senso,Asciutto,Asfaltata,Verticale ed orizzontale,Sereno,Normale,Buona,Ore Diurne,0,0,0,3,12.4881,41.9223,-1,1,Autovettura privata,In marcia / fermata / arresto,Conducente,M,Illeso,0,,,,,
3914710,2,11/07/2018 16:15:00,Strada Urbana,VIA FRANCESCO SIACCI,in prossimit�,,del civico n.,14,,Veicolo in marcia contro veicolo fermo,Rettilineo,Una carreggiata a doppio senso,Asciutto,Asfaltata,Verticale ed orizzontale,Sereno,Normale,Buona,Ore Diurne,0,0,0,3,12.4881,41.9223,-1,1,Autovettura privata,In marcia / fermata / arresto,Passeggero,F,Illeso,0,,,,,
3914710,2,11/07/2018 16:15:00,Strada Urbana,VIA FRANCESCO SIACCI,in prossimit�,,del civico n.,14,,Veicolo in marcia contro veicolo fermo,Rettilineo,Una carreggiata a doppio senso,Asciutto,Asfaltata,Verticale ed orizzontale,Sereno,Normale,Buona,Ore Diurne,0,0,0,3,12.4881,41.9223,-1,2,Autovettura privata,In marcia / fermata / arresto,Conducente,F,Illeso,0,,,,,
3914712,12,10/07/2018 19:20:00,Strada Urbana,VIA DI CASTEL DI LEVA,all'intersezione con,VIA DEL CASALE RADICELLI,VIA DEL CASALE RADICELLI,,,Scontro frontale/laterale SX fra veicoli in marcia,Intersezione stradale segnalata,Una carreggiata a doppio senso,Asciutto,Asfaltata,Verticale,Sereno,Normale,Buona,Ore Diurne,1,0,0,1,12.5151,41.7869,-1,1,Autovettura privata,In marcia / fermata / arresto,Conducente,M,Rimandato,0,NON DECEDUTO,Utilizzato,Esploso,,
3914712,12,10/07/2018 19:20:00,Strada Urbana,VIA DI CASTEL DI LEVA,all'intersezione con,VIA DEL CASALE RADICELLI,VIA DEL CASALE RADICELLI,,,Scontro frontale/laterale SX fra veicoli in marcia,Intersezione stradale segnalata,Una carreggiata a doppio senso,Asciutto,Asfaltata,Verticale,Sereno,Normale,Buona,Ore Diurne,1,0,0,1,12.5151,41.7869,-1,2,Autovettura privata,In marcia / fermata / arresto,Conducente,M,Illeso,0,,Utilizzato,Inesploso,,
3914713,2,11/07/2018 18:30:00,Strada Urbana,PIAZZA DI S. EMERENZIANA,in prossimit�,,del civico n.,Fr. 35,,Tamponamento Multiplo,Rettilineo,Una carreggiata a senso unico di marcia,Asciutto,Asfaltata,Verticale ed orizzontale,Sereno,Normale,Buona,Ore Diurne,0,0,0,4,12.5156,41.9293,-1,1,Motociclo a solo,In marcia / fermata / arresto,Conducente,M,Illeso,0,,Non accertato,,,
3914713,2,11/07/2018 18:30:00,Strada Urbana,PIAZZA DI S. EMERENZIANA,in prossimit�,,del civico n.,Fr. 35,,Tamponamento Multiplo,Rettilineo,Una carreggiata a senso unico di marcia,Asciutto,Asfaltata,Verticale ed orizzontale,Sereno,Normale,Buona,Ore Diurne,0,0,0,4,12.5156,41.9293,-1,2,Autovettura privata,In marcia / fermata / arresto,Conducente,M,Illeso,0,,Non accertato,Inesploso,,
3914713,2,11/07/2018 18:30:00,Strada Urbana,PIAZZA DI S. EMERENZIANA,in prossimit�,,del civico n.,Fr. 35,,Tamponamento Multiplo,Rettilineo,Una carreggiata a senso unico di marcia,Asciutto,Asfaltata,Verticale ed orizzontale,Sereno,Normale,Buona,Ore Diurne,0,0,0,4,12.5156,41.9293,-1,2,Autovettura privata,In marcia / fermata / arresto,Passeggero,F,Illeso,0,,Non accertato,Inesploso,,
3914713,2,11/07/2018 18:30:00,Strada Urbana,PIAZZA DI S. EMERENZIANA,in prossimit�,,del civico n.,Fr. 35,,Tamponamento Multiplo,Rettilineo,Una carreggiata a senso unico di marcia,Asciutto,Asfaltata,Verticale ed orizzontale,Sereno,Normale,Buona,Ore Diurne,0,0,0,4,12.5156,41.9293,-1,3,Autovettura privata,In marcia / fermata / arresto,Conducente,M,Illeso,0,,Non accertato,Inesploso,,
3914715,7,12/07/2018 08:30:00,Strada Urbana,VIA ANTONIO SEBASTIANI,all'intersezione con,VIA DELLE MIMOSE,VIA DELLE MIMOSE,,,Scontro frontale/laterale SX fra veicoli in marcia,Incrocio,Una carreggiata a senso unico di marcia,Asciutto,Asfaltata,Verticale ed orizzontale,Nuvoloso,Normale,Buona,Ore Diurne,1,0,0,1,12.5697,41.8753,-1,1,Autovettura privata,In marcia / fermata / arresto,Conducente,M,Illeso,0,,Non accertato,Inesploso,,