Protocollo,Gruppo,DataOraIncidente,Localizzazione1,STRADA1,Localizzazione2,STRADA2,Strada02,Chilometrica,DaSpecificare,NaturaIncidente,particolaritastrade,TipoStrada,FondoStradale,Pavimentazione,Segnaletica,CondizioneAtmosferica,Traffico,Visibilita,Illuminazione,NUM_FERITI,NUM_RISERVATA,NUM_MORTI,NUM_ILLESI,Longitudine,Latitudine,Confermato,Progressivo,TipoVeicolo,StatoVeicolo,TipoPersona,Sesso,Tipolesione,Deceduto,DecedutoDopo,CinturaCascoUtilizzato,Airbag,,
3914715,7,12/07/2018 08:30:00,Strada Urbana,VIA ANTONIO SEBASTIANI,all'intersezione con,VIA DELLE MIMOSE,VIA DELLE MIMOSE,,,Scontro frontale/laterale SX fra veicoli in marcia,Incrocio,Una carreggiata a senso unico di marcia,Asciutto,Asfaltata,Verticale ed orizzontale,Nuvoloso,Normale,Buona,Ore Diurne,1,0,0,1,12.5697,41.8753,-1,2,Autovettura privata,In marcia / fermata / arresto,Conducente,F,Rimandato,0,NON DECEDUTO,Non accertato,Esploso,,
3914717,2,11/07/2018 19:10:00,Strada Urbana,VIA DEL FORO ITALICO,da specificare,,,,alt. Corso di Francia dir. Salaria,Scontro frontale/laterale DX fra veicoli in marcia,Rettilineo,Una carreggiata a senso unico di marcia,Asciutto,Asfaltata,Orizzontale,Sereno,Intenso,Buona,Ore Diurne,0,0,0,2,12.4838,41.9399,-1,1,Autovettura privata,In marcia / fermata / arresto,Conducente,M,Illeso,0,,Non accertato,Inesploso,,
3914717,2,11/07/2018 19:10:00,Strada Urbana,VIA DEL FORO ITALICO,da specificare,,,,alt. Corso di Francia dir. Salaria,Scontro frontale/laterale DX fra veicoli in marcia,Rettilineo,Una carreggiata a senso unico di marcia,Asciutto,Asfaltata,Orizzontale,Sereno,Intenso,Buona,Ore Diurne,0,0,0,2,12.4838,41.9399,-1,2,Motociclo a solo,In marcia / fermata / arresto,Conducente,M,Illeso,0,,Non accertato,,,
3914721,2,11/07/2018 08:30:00,Strada Urbana,VIA FRANCESCO SIACCI,in prossimit�,,del civico n.,4,,Scontro frontale/laterale SX fra veicoli in marcia,Rettilineo,Una carreggiata a doppio senso,Asciutto,Asfaltata,Verticale ed orizzontale,Sereno,Intenso,Buona,Ore Diurne,1,0,0,1,12.4888,41.9223,-1,1,Motociclo a solo,In marcia / fermata / arresto,Conducente,M,Rimandato,0,NON DECEDUTO,Non accertato,,,
3914721,2,11/07/2018 08:30:00,Strada Urbana,VIA FRANCESCO SIACCI,in prossimit�,,del civico n.,4,,Scontro frontale/laterale SX fra veicoli in marcia,Rettilineo,Una carreggiata a doppio senso,Asciutto,Asfaltata,Verticale ed orizzontale,Sereno,Intenso,Buona,Ore Diurne,1,0,0,1,12.4888,41.9223,-1,2,Autovettura privata,In marcia / fermata / arresto,Conducente,M,Illeso,0,,Non accertato,Inesploso,,
3914726,16,11/07/2018 11:45:00,Strada Urbana,PIAZZALE ENRICO DUNANT,in prossimit�,,del civico n.,14,,Scontro laterale fra veicoli in marcia,Rettilineo,Due carreggiate,Asciutto,Asfaltata,Verticale ed orizzontale,Sereno,Normale,Buona,Ore Diurne,0,0,0,5,12.4584,41.8724,-1,1,Autovettura privata,In marcia / fermata / arresto,Conducente,M,Illeso,0,,Non accertato,Inesploso,,
3914726,16,11/07/2018 11:45:00,Strada Urbana,PIAZZALE ENRICO DUNANT,in prossimit�,,del civico n.,14,,Scontro laterale fra veicoli in marcia,Rettilineo,Due carreggiate,Asciutto,Asfaltata,Verticale ed orizzontale,Sereno,Normale,Buona,Ore Diurne,0,0,0,5,12.4584,41.8724,-1,1,Autovettura privata,In marcia / fermata / arresto,Passeggero,M,Illeso,0,,Non accertato,Inesploso,,
3914726,16,11/07/2018 11:45:00,Strada Urbana,PIAZZALE ENRICO DUNANT,in prossimit�,,del civico n.,14,,Scontro laterale fra veicoli in marcia,Rettilineo,Due carreggiate,Asciutto,Asfaltata,Verticale ed orizzontale,Sereno,Normale,Buona,Ore Diurne,0,0,0,5,12.4584,41.8724,-1,1,Autovettura privata,In marcia / fermata / arresto,Passeggero,F,Illeso,0,,Non accertato,Inesploso,,
3914726,16,11/07/2018 11:45:00,Strada Urbana,PIAZZALE ENRICO DUNANT,in prossimit�,,del civico n.,14,,Scontro laterale fra veicoli in marcia,Rettilineo,Due carreggiate,Asciutto,Asfaltata,Verticale ed orizzontale,Sereno,Normale,Buona,Ore Diurne,0,0,0,5,12.4584,41.8724,-1,1,Autovettura privata,In marcia / fermata / arresto,Passeggero,M,Illeso,0,,Non accertato,Inesploso,,
3914726,16,11/07/2018 11:45:00,Strada Urbana,PIAZZALE ENRICO DUNANT,in prossimit�,,del civico n.,14,,Scontro laterale fra veicoli in marcia,Rettilineo,Due carreggiate,Asciutto,Asfaltata,Verticale ed orizzontale,Sereno,Normale,Buona,Ore Diurne,0,0,0,5,12.4584,41.8724,-1,2,Autovettura privata,In marcia / fermata / arresto,Conducente,M,Illeso,0,,Non accertato,Inesploso,,
3914728,23,11/07/2018 19:00:00,Comunale extraurbana,VIA CESARE PASCUCCI,all'intersezione con,VIA ALESSANDRO STRADELLA,VIA ALESSANDRO STRADELLA,,,Scontro frontale/laterale DX fra veicoli in marcia,Incrocio,Una carreggiata a doppio senso,Asciutto,Asfaltata,Verticale,Sereno,Scarso,Buona,Ore Diurne,1,0,0,2,12.3557,41.7402,-1,1,Autovettura privata,In marcia / fermata / arresto,Conducente,M,Rimandato,0,NON DECEDUTO,Utilizzato,Esploso,,
3914728,23,11/07/2018 19:00:00,Comunale extraurbana,VIA CESARE PASCUCCI,all'intersezione con,VIA ALESSANDRO STRADELLA,VIA ALESSANDRO STRADELLA,,,Scontro frontale/laterale DX fra veicoli in marcia,Incrocio,Una carreggiata a doppio senso,Asciutto,Asfaltata,Verticale,Sereno,Scarso,Buona,Ore Diurne,1,0,0,2,12.3557,41.7402,-1,1,Autovettura privata,In marcia / fermata / arresto,Passeggero,M,Illeso,0,,Utilizzato,Esploso,,
3914728,23,11/07/2018 19:00:00,Comunale extraurbana,VIA CESARE PASCUCCI,all'intersezione con,VIA ALESSANDRO STRADELLA,VIA ALESSANDRO STRADELLA,,,Scontro frontale/laterale DX fra veicoli in marcia,Incrocio,Una carreggiata a doppio senso,Asciutto,Asfaltata,Verticale,Sereno,Scarso,Buona,Ore Diurne,1,0,0,2,12.3557,41.7402,-1,2,Autovettura privata,In marcia / fermata / arresto,Conducente,M,Illeso,0,,Utilizzato,Esploso,,
3914732,1,11/07/2018 11:20:00,Strada Urbana,VIA MERULANA,in prossimit�,,del civico n.,143/A,,Scontro laterale fra veicoli in marcia,Rettilineo,Una carreggiata a doppio senso,Asciutto,Asfaltata,Verticale ed orizzontale,Sereno,Normale,Buona,Ore Diurne,0,0,0,3,12.5042,41.8877,-1,1,Autovettura privata,In marcia / fermata / arresto,Conducente,F,Illeso,0,,Non accertato,Inesploso,,
3914732,1,11/07/2018 11:20:00,Strada Urbana,VIA MERULANA,in prossimit�,,del civico n.,143/A,,Scontro laterale fra veicoli in marcia,Rettilineo,Una carreggiata a doppio senso,Asciutto,Asfaltata,Verticale ed orizzontale,Sereno,Normale,Buona,Ore Diurne,0,0,0,3,12.5042,41.8877,-1,2,Autovettura privata,In marcia / fermata / arresto,Conducente,F,Illeso,0,,Non accertato,Inesploso,,
3914732,1,11/07/2018 11:20:00,Strada Urbana,VIA MERULANA,in prossimit�,,del civico n.,143/A,,Scontro laterale fra veicoli in marcia,Rettilineo,Una carreggiata a doppio senso,Asciutto,Asfaltata,Verticale ed orizzontale,Sereno,Normale,Buona,Ore Diurne,0,0,0,3,12.5042,41.8877,-1,2,Autovettura privata,In marcia / fermata / arresto,Passeggero,F,Illeso,0,,Non accertato,Inesistente,,
3914734,23,11/07/2018 08:00:00,Comunale extraurbana,VIA CRISTOFORO COLOMBO,all'intersezione semaforizzata con,VIA DI MALAFEDE,VIA DI MALAFEDE,,,Tamponamento,Intersezione semaforizzata,Pi� di due carreggiate,Asciutto,Asfaltata,Verticale ed orizzontale,Sereno,Intenso,Buona,Ore Diurne,1,0,0,1,12.3969,41.7756,-1,1,Autovettura privata,In marcia / fermata / arresto,Conducente,M,Illeso,0,,Non accertato,Inesploso,,
3914734,23,11/07/2018 08:00:00,Comunale extraurbana,VIA CRISTOFORO COLOMBO,all'intersezione semaforizzata con,VIA DI MALAFEDE,VIA DI MALAFEDE,,,Tamponamento,Intersezione semaforizzata,Pi� di due carreggiate,Asciutto,Asfaltata,Verticale ed orizzontale,Sereno,Intenso,Buona,Ore Diurne,1,0,0,1,12.3969,41.7756,-1,2,Motociclo a solo,In marcia / fermata / arresto,Conducente,F,Rimandato,0,NON DECEDUTO,Utilizzato,,,
3914735,16,11/07/2018 14:30:00,Strada Urbana,VIA DI BRAVA,in prossimit�,,del civico n.,36,,Scontro frontale/laterale SX fra veicoli in marcia,Rettilineo,Una carreggiata a doppio senso,Asciutto,Asfaltata,Assente,Sereno,Normale,Buona,Ore Diurne,2,0,0,0,12.3826,41.8829,-1,1,Autovettura privata,In marcia / fermata / arresto,Conducente,F,Rimandato,0,NON DECEDUTO,Non accertato,Inesploso,,
3914735,16,11/07/2018 14:30:00,Strada Urbana,VIA DI BRAVA,in prossimit�,,del civico n.,36,,Scontro frontale/laterale SX fra veicoli in marcia,Rettilineo,Una carreggiata a doppio senso,Asciutto,Asfaltata,Assente,Sereno,Normale,Buona,Ore Diurne,2,0,0,0,12.3826,41.8829,-1,2,Autovettura privata,In marcia / fermata / arresto,Conducente,F,Rimandato,0,NON DECEDUTO,Non accertato,Esploso,,
3914737,2,12/07/2018 03:00:00,Strada Urbana,VIA PANAMA,in prossimit�,,del civico n.,90,,Veicolo in marcia contro veicoli in sosta,Rettilineo,Una carreggiata a doppio senso,Asciutto,Asfaltata,Verticale ed orizzontale,Sereno,Scarso,Buona,Sufficiente,0,0,0,1,12.4988,41.9244,-1,1,Autovettura privata,In marcia / fermata / arresto,Conducente,M,Illeso,0,,,Esploso,,
3914751,10,12/07/2018 08:10:00,Strada Urbana,VIA GIUSTO FONTANINI,in corrispondenza,,del civico n.,7/b,,Scontro frontale/laterale SX fra veicoli in marcia,Rettilineo,Una carreggiata a doppio senso,Asciutto,Asfaltata,Assente,Sereno,Normale,Buona,Ore Diurne,0,0,0,3,12.5861,41.83,-1,1,Autovettura privata,In marcia / fermata / arresto,Conducente,M,Illeso,0,,Non accertato,Inesploso,,
3914751,10,12/07/2018 08:10:00,Strada Urbana,VIA GIUSTO FONTANINI,in corrispondenza,,del civico n.,7/b,,Scontro frontale/laterale SX fra veicoli in marcia,Rettilineo,Una carreggiata a doppio senso,Asciutto,Asfaltata,Assente,Sereno,Normale,Buona,Ore Diurne,0,0,0,3,12.5861,41.83,-1,1,Autovettura privata,In marcia / fermata / arresto,Passeggero,F,Illeso,0,,Non accertato,Inesploso,,
3914751,10,12/07/2018 08:10:00,Strada Urbana,VIA GIUSTO FONTANINI,in corrispondenza,,del civico n.,7/b,,Scontro frontale/laterale SX fra veicoli in marcia,Rettilineo,Una carreggiata a doppio senso,Asciutto,Asfaltata,Assente,Sereno,Normale,Buona,Ore Diurne,0,0,0,3,12.5861,41.83,-1,2,Autovettura privata,In marcia / fermata / arresto,Conducente,M,Illeso,0,,Non accertato,Inesploso,,
3914778,16,11/07/2018 16:45:00,,VIA DEI MATTEINI,in corrispondenza,,del palo luce n.,3,,Veicolo in marcia contro ostacolo fisso,,,,,,,,,,1,0,0,0,,,0,1,Autovettura privata,In marcia / fermata / arresto,Conducente,F,Ricoverato,0,NON DECEDUTO,,,,
3914779,1,11/07/2018 18:30:00,Strada Urbana,VIA MARMORATA,in prossimit�,,del civico n.,92,,Veicolo in marcia contro veicolo in sosta,Rettilineo,Una carreggiata a doppio senso,Asciutto,Asfaltata,Verticale ed orizzontale,Sereno,Normale,Buona,Ore Diurne,0,0,0,1,12.478,41.88,0,2,Autovettura privata,In marcia / fermata / arresto,Conducente,F,Illeso,0,,Non accertato,Inesploso,,
3914803,1,11/07/2018 18:30:00,Strada Urbana,PIAZZALE OSTIENSE,in prossimit�,,del palo luce n.,26,,Scontro laterale fra veicoli in marcia,Rotatoria,Una carreggiata a senso unico di marcia,Asciutto,Asfaltata,Verticale ed orizzontale,Sereno,Normale,Buona,Ore Diurne,0,0,0,2,12.4821,41.8764,-1,1,Autovettura privata,In marcia / fermata / arresto,Conducente,F,Illeso,0,,Non accertato,Inesploso,,
3914803,1,11/07/2018 18:30:00,Strada Urbana,PIAZZALE OSTIENSE,in prossimit�,,del palo luce n.,26,,Scontro laterale fra veicoli in marcia,Rotatoria,Una carreggiata a senso unico di marcia,Asciutto,Asfaltata,Verticale ed orizzontale,Sereno,Normale,Buona,Ore Diurne,0,0,0,2,12.4821,41.8764,-1,2,Autovettura privata,In marcia / fermata / arresto,Conducente,M,Illeso,0,,Non accertato,Inesploso,,
3914816,12,12/07/2018 09:35:00,Statale entro l'abitato,VIADOTTO DELLA MAGLIANA,da specificare,,,,direzione Roma altezza via Ostiense,Scontro laterale fra veicoli in marcia,Curva a visuale libera,Due carreggiate,Asciutto,Asfaltata,Verticale ed orizzontale,Sereno,Normale,Buona,Ore Diurne,0,0,0,2,12.4631,41.8417,-1,1,Autovettura privata,In marcia / fermata / arresto,Conducente,F,Illeso,0,,Non accertato,Inesploso,,
3914816,12,12/07/2018 09:35:00,Statale entro l'abitato,VIADOTTO DELLA MAGLIANA,da specificare,,,,direzione Roma altezza via Ostiense,Scontro laterale fra veicoli in marcia,Curva a visuale libera,Due carreggiate,Asciutto,Asfaltata,Verticale ed orizzontale,Sereno,Normale,Buona,Ore Diurne,0,0,0,2,12.4631,41.8417,-1,2,Autovettura privata,In marcia / fermata / arresto,Conducente,F,Illeso,0,,Utilizzato,Inesploso,,
3914824,6,12/07/2018 11:00:00,Strada Urbana,VIA SAMPIERO DI BASTELICA,in prossimit�,,del civico n.,104,,Scontro laterale fra veicoli in marcia,Rettilineo,Una carreggiata a senso unico di marcia,Asciutto,Asfaltata,Orizzontale,Nuvoloso,Normale,Buona,Ore Diurne,0,0,0,2,12.5413,41.8908,-1,1,Autovettura privata,In marcia / fermata / arresto,Conducente,F,Illeso,0,,Non accertato,Inesploso,,
3914824,6,12/07/2018 11:00:00,Strada Urbana,VIA SAMPIERO DI BASTELICA,in prossimit�,,del civico n.,104,,Scontro laterale fra veicoli in marcia,Rettilineo,Una carreggiata a senso unico di marcia,Asciutto,Asfaltata,Orizzontale,Nuvoloso,Normale,Buona,Ore Diurne,0,0,0,2,12.5413,41.8908,-1,2,Autovettura privata,In marcia / fermata / arresto,Conducente,M,Illeso,0,,Non accertato,Inesploso,,
3914843,5,12/07/2018 10:45:00,Strada Urbana,VIA DI TOR CERVARA,da specificare,,,,alt. ponticello prossimit� via dei Laghi Sportivi,Scontro laterale fra veicoli in marcia,Rettilineo,Una carreggiata a doppio senso,Asciutto,Asfaltata,Verticale ed orizzontale,Sereno,Normale,Buona,Ore Diurne,0,0,0,2,12.5869,41.9283,-1,1,Autocarro inferiore 35 q.,In marcia / fermata / arresto,Conducente,M,Illeso,0,,Non accertato,Inesploso,,
3914843,5,12/07/2018 10:45:00,Strada Urbana,VIA DI TOR CERVARA,da specificare,,,,alt. ponticello prossimit� via dei Laghi Sportivi,Scontro laterale fra veicoli in marcia,Rettilineo,Una carreggiata a doppio senso,Asciutto,Asfaltata,Verticale ed orizzontale,Sereno,Normale,Buona,Ore Diurne,0,0,0,2,12.5869,41.9283,-1,2,Veicolo speciale,In marcia / fermata / arresto,Conducente,M,Illeso,0,,Non accertato,Inesploso,,
3914844,1,12/07/2018 09:25:00,Strada Urbana,LUNGOTEVERE DEI VALLATI,in prossimit�,,del civico n.,20,,Scontro laterale fra veicoli in marcia,Curva a visuale libera,Una carreggiata a senso unico di marcia,Asciutto,Asfaltata,Verticale ed orizzontale,Nuvoloso,Normale,Buona,Ore Diurne,0,0,0,3,12.4728,41.8919,-1,1,Autovettura privata,In marcia / fermata / arresto,Conducente,F,Illeso,0,,Non accertato,Inesploso,,
3914844,1,12/07/2018 09:25:00,Strada Urbana,LUNGOTEVERE DEI VALLATI,in prossimit�,,del civico n.,20,,Scontro laterale fra veicoli in marcia,Curva a visuale libera,Una carreggiata a senso unico di marcia,Asciutto,Asfaltata,Verticale ed orizzontale,Nuvoloso,Normale,Buona,Ore Diurne,0,0,0,3,12.4728,41.8919,-1,1,Autovettura privata,In marcia / fermata / arresto,Passeggero,F,Illeso,0,,Non accertato,Inesploso,,
3914844,1,12/07/2018 09:25:00,Strada Urbana,LUNGOTEVERE DEI VALLATI,in prossimit�,,del civico n.,20,,Scontro laterale fra veicoli in marcia,Curva a visuale libera,Una carreggiata a senso unico di marcia,Asciutto,Asfaltata,Verticale ed orizzontale,Nuvoloso,Normale,Buona,Ore Diurne,0,0,0,3,12.4728,41.8919,-1,2,Autocarro inferiore 35 q.,In marcia / fermata / arresto,Conducente,M,Illeso,0,,Non accertato,Inesploso,,
3914906,12,09/07/2018 19:57:00,Strada Urbana,VIALE AMERICA,in prossimit�,,del civico n.,250,,Investimento di pedone,Rettilineo,Una carreggiata a doppio senso,Asciutto,Asfaltata,Verticale ed orizzontale,Sereno,Normale,Buona,Ore Diurne,1,0,0,4,12.4675,41.8299,-1,,,,Pedone,M,Rimandato,0,NON DECEDUTO,,,,
3914906,12,09/07/2018 19:57:00,Strada Urbana,VIALE AMERICA,in prossimit�,,del civico n.,250,,Investimento di pedone,Rettilineo,Una carreggiata a doppio senso,Asciutto,Asfaltata,Verticale ed orizzontale,Sereno,Normale,Buona,Ore Diurne,1,0,0,4,12.4675,41.8299,-1,1,Autovettura privata,In marcia / fermata / arresto,Conducente,M,Illeso,0,,Utilizzato,Inesploso,,
3914906,12,09/07/2018 19:57:00,Strada Urbana,VIALE AMERICA,in prossimit�,,del civico n.,250,,Investimento di pedone,Rettilineo,Una carreggiata a doppio senso,Asciutto,Asfaltata,Verticale ed orizzontale,Sereno,Normale,Buona,Ore Diurne,1,0,0,4,12.4675,41.8299,-1,1,Autovettura privata,In marcia / fermata / arresto,Passeggero,M,Illeso,0,,Non accertato,Inesploso,,
3914906,12,09/07/2018 19:57:00,Strada Urbana,VIALE AMERICA,in prossimit�,,del civico n.,250,,Investimento di pedone,Rettilineo,Una carreggiata a doppio senso,Asciutto,Asfaltata,Verticale ed orizzontale,Sereno,Normale,Buona,Ore Diurne,1,0,0,4,12.4675,41.8299,-1,1,Autovettura privata,In marcia / fermata / arresto,Passeggero,F,Illeso,0,,Non accertato,Inesploso,,
3914906,12,09/07/2018 19:57:00,Strada Urbana,VIALE AMERICA,in prossimit�,,del civico n.,250,,Investimento di pedone,Rettilineo,Una carreggiata a doppio senso,Asciutto,Asfaltata,Verticale ed orizzontale,Sereno,Normale,Buona,Ore Diurne,1,0,0,4,12.4675,41.8299,-1,1,Autovettura privata,In marcia / fermata / arresto,Passeggero,M,Illeso,0,,Non accertato,Inesploso,,
3914909,6,12/07/2018 17:10:00,Strada Urbana,VIA DEGLI ANGELI,in prossimit�,,del civico n.,140,,Scontro frontale/laterale SX fra veicoli in marcia,Rettilineo,Una carreggiata a doppio senso,Asciutto,Asfaltata,Assente,Sereno,Normale,Buona,Ore Diurne,1,0,0,1,12.5429,41.8728,-1,1,Autovettura privata,In marcia / fermata / arresto,Conducente,M,Illeso,0,,,,,
3914909,6,12/07/2018 17:10:00,Strada Urbana,VIA DEGLI ANGELI,in prossimit�,,del civico n.,140,,Scontro frontale/laterale SX fra veicoli in marcia,Rettilineo,Una carreggiata a doppio senso,Asciutto,Asfaltata,Assente,Sereno,Normale,Buona,Ore Diurne,1,0,0,1,12.5429,41.8728,-1,2,Motociclo a solo,In marcia / fermata / arresto,Conducente,M,Ricoverato,0,NON DECEDUTO,Non accertato,,,
3914926,1,12/07/2018 12:40:00,Strada Urbana,LUNGOTEVERE DEI PIERLEONI,in prossimit�,,del civico n.,1,,Scontro laterale fra veicoli in marcia,Rettilineo,Una carreggiata a senso unico di marcia,Asciutto,Asfaltata,Assente,Sereno,Normale,Buona,Ore Diurne,0,0,0,3,12.4788,41.8912,-1,1,Autovettura privata,In marcia / fermata / arresto,Conducente,M,Illeso,0,,,,,
3914926,1,12/07/2018 12:40:00,Strada Urbana,LUNGOTEVERE DEI PIERLEONI,in prossimit�,,del civico n.,1,,Scontro laterale fra veicoli in marcia,Rettilineo,Una carreggiata a senso unico di marcia,Asciutto,Asfaltata,Assente,Sereno,Normale,Buona,Ore Diurne,0,0,0,3,12.4788,41.8912,-1,2,Autovettura privata,In marcia / fermata / arresto,Conducente,M,Illeso,0,,Non accertato,Inesploso,,
3914926,1,12/07/2018 12:40:00,Strada Urbana,LUNGOTEVERE DEI PIERLEONI,in prossimit�,,del civico n.,1,,Scontro laterale fra veicoli in marcia,Rettilineo,Una carreggiata a senso unico di marcia,Asciutto,Asfaltata,Assente,Sereno,Normale,Buona,Ore Diurne,0,0,0,3,12.4788,41.8912,-1,2,Autovettura privata,In marcia / fermata / arresto,Passeggero,F,Illeso,0,,Non accertato,Inesploso,,
3914928,12,11/07/2018 08:45:00,Provinciale,VIA DI PRATICA,da specificare,,,,prossimit� Via dei Castelli Romani dir Pontina,Scontro laterale fra veicoli in marcia,Rettilineo,Una carreggiata a doppio senso,Asciutto,Asfaltata,Verticale ed orizzontale,Sereno,Normale,Buona,Ore Diurne,1,1,0,1,12.446,41.6886,-1,1,Motociclo con passeggero,In marcia / fermata / arresto,Conducente,M,Ricoverato,0,NON DECEDUTO,Utilizzato,,,
3914928,12,11/07/2018 08:45:00,Provinciale,VIA DI PRATICA,da specificare,,,,prossimit� Via dei Castelli Romani dir Pontina,Scontro laterale fra veicoli in marcia,Rettilineo,Una carreggiata a doppio senso,Asciutto,Asfaltata,Verticale ed orizzontale,Sereno,Normale,Buona,Ore Diurne,1,1,0,1,12.446,41.6886,-1,1,Motociclo con passeggero,In marcia / fermata / arresto,Passeggero,F,Prognosi riservata,0,NON DECEDUTO,Utilizzato,,,
3914928,12,11/07/2018 08:45:00,Provinciale,VIA DI PRATICA,da specificare,,,,prossimit� Via dei Castelli Romani dir Pontina,Scontro laterale fra veicoli in marcia,Rettilineo,Una carreggiata a doppio senso,Asciutto,Asfaltata,Verticale ed orizzontale,Sereno,Normale,Buona,Ore Diurne,1,1,0,1,12.446,41.6886,-1,2,Autovettura privata,In marcia / fermata / arresto,Conducente,F,Illeso,0,,Utilizzato,Inesploso,,
3914934,2,12/07/2018 11:25:00,Strada Urbana,VIA SALARIA,da specificare,,,,direzione GRA sopra il ponte del fiume Aniene.,Scontro laterale fra veicoli in marcia,Rettilineo,Due carreggiate,Asciutto,Asfaltata,Verticale ed orizzontale,Sereno,Intenso,Buona,Ore Diurne,0,0,0,2,12.6805,42.1556,-1,1,Autovettura privata,In marcia / fermata / arresto,Conducente,M,Illeso,0,,Non accertato,Inesploso,,
3914934,2,12/07/2018 11:25:00,Strada Urbana,VIA SALARIA,da specificare,,,,direzione GRA sopra il ponte del fiume Aniene.,Scontro laterale fra veicoli in marcia,Rettilineo,Due carreggiate,Asciutto,Asfaltata,Verticale ed orizzontale,Sereno,Intenso,Buona,Ore Diurne,0,0,0,2,12.6805,42.1556,-1,2,Autovettura privata,In marcia / fermata / arresto,Conducente,M,Illeso,0,,Non accertato,Inesploso,,
3914955,1,12/07/2018 10:00:00,Strada Urbana,VIA DELLA FONTANELLA DI BORGHESE,in prossimit�,,del civico n.,19,,Veicolo in marcia contro veicolo in sosta,Rotatoria,Una carreggiata a senso unico di marcia,Asciutto,Acciotolata,Verticale ed orizzontale,Nuvoloso,Normale,Buona,Ore Diurne,0,0,0,1,12.477,41.9038,0,1,Velocipede,In marcia / fermata / arresto,Conducente,F,Illeso,0,,Esente,,,
3915008,10,12/07/2018 12:50:00,Strada Urbana,VIA DEL MONTE DEL GRANO,in corrispondenza,,del civico n.,42,,Veicolo in marcia contro veicolo fermo,Rettilineo,Una carreggiata a senso unico di marcia,Asciutto,Asfaltata,Assente,Sereno,Scarso,Buona,Ore Diurne,0,0,0,2,12.5492,41.8646,-1,1,Autovettura privata,In marcia / fermata / arresto,Conducente,F,Illeso,0,,Non accertato,Inesploso,,
3915008,10,12/07/2018 12:50:00,Strada Urbana,VIA DEL MONTE DEL GRANO,in corrispondenza,,del civico n.,42,,Veicolo in marcia contro veicolo fermo,Rettilineo,Una carreggiata a senso unico di marcia,Asciutto,Asfaltata,Assente,Sereno,Scarso,Buona,Ore Diurne,0,0,0,2,12.5492,41.8646,-1,2,Autovettura privata,In marcia / fermata / arresto,Conducente,F,Illeso,0,,Non accertato,Inesploso,,
3915021,20,12/07/2018 12:05:00,Regionale entro l'abitato,VIA FLAMINIA,all'intersezione con,VIA RAFFAELE CAPPELLI,VIA RAFFAELE CAPPELLI,,,Scontro frontale/laterale DX fra veicoli in marcia,Incrocio,Una carreggiata a doppio senso,Asciutto,Asfaltata,Temporanea di cantiere,Sereno,Normale,Buona,Ore Diurne,0,0,0,4,12.4793,41.9502,-1,1,Autovettura privata,In marcia / fermata / arresto,Conducente,M,Illeso,0,,Non accertato,Inesploso,,
3915021,20,12/07/2018 12:05:00,Regionale entro l'abitato,VIA FLAMINIA,all'intersezione con,VIA RAFFAELE CAPPELLI,VIA RAFFAELE CAPPELLI,,,Scontro frontale/laterale DX fra veicoli in marcia,Incrocio,Una carreggiata a doppio senso,Asciutto,Asfaltata,Temporanea di cantiere,Sereno,Normale,Buona,Ore Diurne,0,0,0,4,12.4793,41.9502,-1,2,Autovettura privata,In marcia / fermata / arresto,Conducente,M,Illeso,0,,Non accertato,Inesploso,,
3915021,20,12/07/2018 12:05:00,Regionale entro l'abitato,VIA FLAMINIA,all'intersezione con,VIA RAFFAELE CAPPELLI,VIA RAFFAELE CAPPELLI,,,Scontro frontale/laterale DX fra veicoli in marcia,Incrocio,Una carreggiata a doppio senso,Asciutto,Asfaltata,Temporanea di cantiere,Sereno,Normale,Buona,Ore Diurne,0,0,0,4,12.4793,41.9502,-1,2,Autovettura privata,In marcia / fermata / arresto,Passeggero,M,Illeso,0,,Non accertato,Inesploso,,
3915021,20,12/07/2018 12:05:00,Regionale entro l'abitato,VIA FLAMINIA,all'intersezione con,VIA RAFFAELE CAPPELLI,VIA RAFFAELE CAPPELLI,,,Scontro frontale/laterale DX fra veicoli in marcia,Incrocio,Una carreggiata a doppio senso,Asciutto,Asfaltata,Temporanea di cantiere,Sereno,Normale,Buona,Ore Diurne,0,0,0,4,12.4793,41.9502,-1,2,Autovettura privata,In marcia / fermata / arresto,Passeggero,M,Illeso,0,,Non accertato,Inesploso,,
3915063,26,05/07/2018 09:15:00,Strada Urbana,VIA DELLE TRE PILE,in prossimit�,,del civico n.,1,,Veicolo in marcia contro ostacolo fisso,Rettilineo,Una carreggiata a senso unico di marcia,Asciutto,Acciotolata,Assente,Sereno,Scarso,Buona,Ore Diurne,0,0,0,1,12.4822,41.8931,-1,1,Veicolo speciale,In marcia / fermata / arresto,Conducente,M,Illeso,0,,,,,