Protocollo,Gruppo,DataOraIncidente,Localizzazione1,STRADA1,Localizzazione2,STRADA2,Strada02,Chilometrica,DaSpecificare,NaturaIncidente,particolaritastrade,TipoStrada,FondoStradale,Pavimentazione,Segnaletica,CondizioneAtmosferica,Traffico,Visibilita,Illuminazione,NUM_FERITI,NUM_RISERVATA,NUM_MORTI,NUM_ILLESI,Longitudine,Latitudine,Confermato,Progressivo,TipoVeicolo,StatoVeicolo,TipoPersona,Sesso,Tipolesione,Deceduto,DecedutoDopo,CinturaCascoUtilizzato,Airbag,,
3915095,10,12/07/2018 14:35:00,Strada Urbana,VIA BERNARDINO ALIMENA,all'intersezione con,VIA FRANCESCO ANTOLISEI,VIA FRANCESCO ANTOLISEI,,,Scontro laterale fra veicoli in marcia,Rotatoria,Una carreggiata a doppio senso,Asciutto,Asfaltata,Verticale ed orizzontale,Sereno,Normale,Buona,Ore Diurne,0,0,0,2,12.606,41.8469,-1,1,Autovettura privata,In marcia / fermata / arresto,Conducente,F,Illeso,0,,Non accertato,Inesploso,,
3915095,10,12/07/2018 14:35:00,Strada Urbana,VIA BERNARDINO ALIMENA,all'intersezione con,VIA FRANCESCO ANTOLISEI,VIA FRANCESCO ANTOLISEI,,,Scontro laterale fra veicoli in marcia,Rotatoria,Una carreggiata a doppio senso,Asciutto,Asfaltata,Verticale ed orizzontale,Sereno,Normale,Buona,Ore Diurne,0,0,0,2,12.606,41.8469,-1,2,Autovettura privata,In marcia / fermata / arresto,Conducente,F,Illeso,0,,Non accertato,Inesploso,,
3915112,18,12/07/2018 14:30:00,Strada Urbana,VIA DELLA MAGLIANELLA,in corrispondenza,,del civico n.,210/D,,Tamponamento Multiplo,Rettilineo,Una carreggiata a doppio senso,Asciutto,Asfaltata,Verticale,Sereno,Normale,Buona,Ore Diurne,0,0,0,3,12.3823,41.9041,-1,1,Autovettura privata,In marcia / fermata / arresto,Conducente,F,Illeso,0,,Non accertato,Inesploso,,
3915112,18,12/07/2018 14:30:00,Strada Urbana,VIA DELLA MAGLIANELLA,in corrispondenza,,del civico n.,210/D,,Tamponamento Multiplo,Rettilineo,Una carreggiata a doppio senso,Asciutto,Asfaltata,Verticale,Sereno,Normale,Buona,Ore Diurne,0,0,0,3,12.3823,41.9041,-1,2,Autovettura privata,In marcia / fermata / arresto,Conducente,M,Illeso,0,,Non accertato,Inesploso,,
3915112,18,12/07/2018 14:30:00,Strada Urbana,VIA DELLA MAGLIANELLA,in corrispondenza,,del civico n.,210/D,,Tamponamento Multiplo,Rettilineo,Una carreggiata a doppio senso,Asciutto,Asfaltata,Verticale,Sereno,Normale,Buona,Ore Diurne,0,0,0,3,12.3823,41.9041,-1,3,Autovettura privata,In marcia / fermata / arresto,Conducente,M,Illeso,0,,Non accertato,Inesploso,,
3915115,3,10/07/2018 07:50:00,Strada Urbana,VIA DEI SABELLI,in prossimit�,,del civico n.,155,,Investimento di pedone,Rettilineo,Una carreggiata a senso unico di marcia,Asciutto,Asfaltata,Verticale ed orizzontale,Sereno,Scarso,Buona,Ore Diurne,0,0,0,3,12.5176,41.8983,-1,,,,Pedone,M,Illeso,0,,,,,
3915115,3,10/07/2018 07:50:00,Strada Urbana,VIA DEI SABELLI,in prossimit�,,del civico n.,155,,Investimento di pedone,Rettilineo,Una carreggiata a senso unico di marcia,Asciutto,Asfaltata,Verticale ed orizzontale,Sereno,Scarso,Buona,Ore Diurne,0,0,0,3,12.5176,41.8983,-1,1,Autocarro inferiore 35 q.,In marcia / fermata / arresto,Conducente,M,Illeso,0,,Non accertato,Inesploso,,
3915115,3,10/07/2018 07:50:00,Strada Urbana,VIA DEI SABELLI,in prossimit�,,del civico n.,155,,Investimento di pedone,Rettilineo,Una carreggiata a senso unico di marcia,Asciutto,Asfaltata,Verticale ed orizzontale,Sereno,Scarso,Buona,Ore Diurne,0,0,0,3,12.5176,41.8983,-1,1,Autocarro inferiore 35 q.,In marcia / fermata / arresto,Passeggero,M,Illeso,0,,Non accertato,Inesploso,,
3915118,3,11/07/2018 15:55:00,Strada Urbana,LARGO RODOLFO LANCIANI,da specificare,,,,fr civ 19,Veicolo in marcia contro ostacolo fisso,Rettilineo,Due carreggiate,Asciutto,Asfaltata,Orizzontale,Nuvoloso,Normale,Buona,Ore Diurne,0,0,0,3,12.5258,41.9213,-1,1,Autovettura privata,In marcia / fermata / arresto,Conducente,F,Illeso,0,,Non accertato,Inesploso,,
3915118,3,11/07/2018 15:55:00,Strada Urbana,LARGO RODOLFO LANCIANI,da specificare,,,,fr civ 19,Veicolo in marcia contro ostacolo fisso,Rettilineo,Due carreggiate,Asciutto,Asfaltata,Orizzontale,Nuvoloso,Normale,Buona,Ore Diurne,0,0,0,3,12.5258,41.9213,-1,2,Autocarro inferiore 35 q.,In marcia / fermata / arresto,Conducente,M,Illeso,0,,Non accertato,Inesploso,,
3915118,3,11/07/2018 15:55:00,Strada Urbana,LARGO RODOLFO LANCIANI,da specificare,,,,fr civ 19,Veicolo in marcia contro ostacolo fisso,Rettilineo,Due carreggiate,Asciutto,Asfaltata,Orizzontale,Nuvoloso,Normale,Buona,Ore Diurne,0,0,0,3,12.5258,41.9213,-1,3,Autovettura privata,In marcia / fermata / arresto,Conducente,F,Illeso,0,,Non accertato,Inesistente,,
3915119,4,11/07/2018 12:10:00,Strada Urbana,VIA FRANCESCO D'OVIDIO,in corrispondenza,,del civico n.,6d,,Veicolo in marcia contro veicolo in sosta,Rettilineo,Una carreggiata a senso unico di marcia,Asciutto,Asfaltata,Verticale ed orizzontale,Sereno,Normale,Buona,Ore Diurne,0,0,0,1,12.5482,41.9417,-1,1,Autovettura privata,In marcia / fermata / arresto,Conducente,M,Illeso,0,,Non accertato,,,
3915136,3,10/07/2018 09:50:00,Strada Urbana,VIA NOMENTANA,all'intersezione semaforizzata con,VIALE REGINA MARGHERITA,VIALE REGINA MARGHERITA,,,Investimento di pedone,Intersezione semaforizzata,Pi� di due carreggiate,Asciutto,Asfaltata,Verticale ed orizzontale,Sereno,Normale,Buona,Ore Diurne,1,0,0,1,12.5067,41.913,-1,,,,Pedone,F,Rimandato,0,NON DECEDUTO,,,,
3915136,3,10/07/2018 09:50:00,Strada Urbana,VIA NOMENTANA,all'intersezione semaforizzata con,VIALE REGINA MARGHERITA,VIALE REGINA MARGHERITA,,,Investimento di pedone,Intersezione semaforizzata,Pi� di due carreggiate,Asciutto,Asfaltata,Verticale ed orizzontale,Sereno,Normale,Buona,Ore Diurne,1,0,0,1,12.5067,41.913,-1,1,Autovettura privata,In marcia / fermata / arresto,Conducente,M,Illeso,0,,Non accertato,Inesploso,,
3915161,3,09/07/2018 18:10:00,Strada Urbana,VIALE DELLO SCALO S. LORENZO,da specificare,,,,civ 30,Scontro laterale fra veicoli in marcia,Rettilineo,Pi� di due carreggiate,Asciutto,Asfaltata,Verticale ed orizzontale,Sereno,Intenso,Buona,Ore Diurne,0,0,0,2,12.5181,41.8953,-1,1,Autovettura privata,In marcia / fermata / arresto,Conducente,M,Illeso,0,,Non accertato,Inesploso,,
3915161,3,09/07/2018 18:10:00,Strada Urbana,VIALE DELLO SCALO S. LORENZO,da specificare,,,,civ 30,Scontro laterale fra veicoli in marcia,Rettilineo,Pi� di due carreggiate,Asciutto,Asfaltata,Verticale ed orizzontale,Sereno,Intenso,Buona,Ore Diurne,0,0,0,2,12.5181,41.8953,-1,2,Autovettura privata,In marcia / fermata / arresto,Conducente,M,Illeso,0,,Non accertato,Inesploso,,
3915189,4,04/07/2018 11:20:00,Strada Urbana,VIA UGO FARULLI,in prossimit�,,del civico n.,6,,Investimento di pedone,Rettilineo,Una carreggiata a doppio senso,Asciutto,Asfaltata,Verticale,Sereno,Scarso,Buona,Ore Diurne,1,0,0,1,12.5157,41.9638,-1,,,,Pedone,F,Ricoverato,0,NON DECEDUTO,,,,
3915189,4,04/07/2018 11:20:00,Strada Urbana,VIA UGO FARULLI,in prossimit�,,del civico n.,6,,Investimento di pedone,Rettilineo,Una carreggiata a doppio senso,Asciutto,Asfaltata,Verticale,Sereno,Scarso,Buona,Ore Diurne,1,0,0,1,12.5157,41.9638,-1,1,Veicolo speciale,In marcia / fermata / arresto,Conducente,M,Illeso,0,,,,,
3915238,1,09/07/2018 09:30:00,Strada Urbana,VIALE MANZONI,all'intersezione con,VIA GIOVANNI GIOLITTI,VIA GIOVANNI GIOLITTI,,,Scontro laterale fra veicoli in marcia,Incrocio,Una carreggiata a senso unico di marcia,Asciutto,Asfaltata,Verticale ed orizzontale,Sereno,Intenso,Buona,Ore Diurne,0,0,0,2,12.5079,41.8913,-1,1,Autovettura privata,In marcia / fermata / arresto,Conducente,M,Illeso,0,,,,,
3915238,1,09/07/2018 09:30:00,Strada Urbana,VIALE MANZONI,all'intersezione con,VIA GIOVANNI GIOLITTI,VIA GIOVANNI GIOLITTI,,,Scontro laterale fra veicoli in marcia,Incrocio,Una carreggiata a senso unico di marcia,Asciutto,Asfaltata,Verticale ed orizzontale,Sereno,Intenso,Buona,Ore Diurne,0,0,0,2,12.5079,41.8913,-1,2,Autovettura privata,In marcia / fermata / arresto,Conducente,M,Illeso,0,,,,,
3915239,4,11/07/2018 16:10:00,Strada Urbana,VIA DI VALLE MELAINA,in corrispondenza,,del civico n.,11,,Tamponamento Multiplo,Rettilineo,Due carreggiate,Asciutto,Asfaltata,Verticale ed orizzontale,Sereno,Normale,Buona,Ore Diurne,1,0,0,2,12.5253,41.9467,-1,1,Autovettura privata,In marcia / fermata / arresto,Conducente,M,Illeso,0,,,,,
3915239,4,11/07/2018 16:10:00,Strada Urbana,VIA DI VALLE MELAINA,in corrispondenza,,del civico n.,11,,Tamponamento Multiplo,Rettilineo,Due carreggiate,Asciutto,Asfaltata,Verticale ed orizzontale,Sereno,Normale,Buona,Ore Diurne,1,0,0,2,12.5253,41.9467,-1,2,Autovettura privata,In marcia / fermata / arresto,Conducente,F,Rifiuta cure immediate,0,NON DECEDUTO,,,,
3915239,4,11/07/2018 16:10:00,Strada Urbana,VIA DI VALLE MELAINA,in corrispondenza,,del civico n.,11,,Tamponamento Multiplo,Rettilineo,Due carreggiate,Asciutto,Asfaltata,Verticale ed orizzontale,Sereno,Normale,Buona,Ore Diurne,1,0,0,2,12.5253,41.9467,-1,3,Autovettura privata,In marcia / fermata / arresto,Conducente,M,Illeso,0,,,,,
3915349,10,12/07/2018 16:20:00,Strada Urbana,VIA TUSCOLANA,da specificare,,,,inversione di marcia per v. Petrocelli,Scontro frontale/laterale SX fra veicoli in marcia,Rettilineo,Pi� di due carreggiate,Asciutto,Asfaltata,Verticale ed orizzontale,Sereno,Normale,Buona,Ore Diurne,3,0,0,1,12.6065,41.8344,-1,1,Autovettura privata,In marcia / fermata / arresto,Conducente,M,Illeso,0,,Non accertato,Esploso,,
3915349,10,12/07/2018 16:20:00,Strada Urbana,VIA TUSCOLANA,da specificare,,,,inversione di marcia per v. Petrocelli,Scontro frontale/laterale SX fra veicoli in marcia,Rettilineo,Pi� di due carreggiate,Asciutto,Asfaltata,Verticale ed orizzontale,Sereno,Normale,Buona,Ore Diurne,3,0,0,1,12.6065,41.8344,-1,2,Autoambulanza,In marcia / fermata / arresto,Conducente,M,Rimandato,0,NON DECEDUTO,Non accertato,Inesploso,,
3915349,10,12/07/2018 16:20:00,Strada Urbana,VIA TUSCOLANA,da specificare,,,,inversione di marcia per v. Petrocelli,Scontro frontale/laterale SX fra veicoli in marcia,Rettilineo,Pi� di due carreggiate,Asciutto,Asfaltata,Verticale ed orizzontale,Sereno,Normale,Buona,Ore Diurne,3,0,0,1,12.6065,41.8344,-1,2,Autoambulanza,In marcia / fermata / arresto,Passeggero,M,Rimandato,0,NON DECEDUTO,Non accertato,Inesploso,,
3915349,10,12/07/2018 16:20:00,Strada Urbana,VIA TUSCOLANA,da specificare,,,,inversione di marcia per v. Petrocelli,Scontro frontale/laterale SX fra veicoli in marcia,Rettilineo,Pi� di due carreggiate,Asciutto,Asfaltata,Verticale ed orizzontale,Sereno,Normale,Buona,Ore Diurne,3,0,0,1,12.6065,41.8344,-1,2,Autoambulanza,In marcia / fermata / arresto,Passeggero,M,Rimandato,0,NON DECEDUTO,Non accertato,Inesploso,,
3915441,19,12/07/2018 18:00:00,Strada Urbana,VIA VINCENZO TROYA,in corrispondenza,,del civico n.,16,,Scontro frontale/laterale DX fra veicoli in marcia,Rettilineo,Una carreggiata a senso unico di marcia,Asciutto,Asfaltata,Assente,Sereno,Normale,Buona,Ore Diurne,0,0,0,3,12.4239,41.942,-1,1,Autovettura privata,In marcia / fermata / arresto,Conducente,M,Illeso,0,,Non accertato,Inesploso,,
3915441,19,12/07/2018 18:00:00,Strada Urbana,VIA VINCENZO TROYA,in corrispondenza,,del civico n.,16,,Scontro frontale/laterale DX fra veicoli in marcia,Rettilineo,Una carreggiata a senso unico di marcia,Asciutto,Asfaltata,Assente,Sereno,Normale,Buona,Ore Diurne,0,0,0,3,12.4239,41.942,-1,1,Autovettura privata,In marcia / fermata / arresto,Passeggero,M,Illeso,0,,Non accertato,Inesploso,,
3915441,19,12/07/2018 18:00:00,Strada Urbana,VIA VINCENZO TROYA,in corrispondenza,,del civico n.,16,,Scontro frontale/laterale DX fra veicoli in marcia,Rettilineo,Una carreggiata a senso unico di marcia,Asciutto,Asfaltata,Assente,Sereno,Normale,Buona,Ore Diurne,0,0,0,3,12.4239,41.942,-1,2,Autovettura privata,In marcia / fermata / arresto,Conducente,M,Illeso,0,,Non accertato,Inesploso,,
3915451,4,11/07/2018 22:40:00,Altra strada,VIA DI MONTE S. ANDREA,da specificare,,,,PROSSIMITA' STAZIONE DI CESANO,Scontro laterale fra veicoli in marcia,Curva senza visuale libera,Una carreggiata a doppio senso,Asciutto,Asfaltata,Verticale ed orizzontale,Sereno,Scarso,Buona,Sufficiente,0,0,0,2,12.3432,42.0881,-1,1,Autovettura privata,In marcia / fermata / arresto,Conducente,M,Illeso,0,,,,,
3915451,4,11/07/2018 22:40:00,Altra strada,VIA DI MONTE S. ANDREA,da specificare,,,,PROSSIMITA' STAZIONE DI CESANO,Scontro laterale fra veicoli in marcia,Curva senza visuale libera,Una carreggiata a doppio senso,Asciutto,Asfaltata,Verticale ed orizzontale,Sereno,Scarso,Buona,Sufficiente,0,0,0,2,12.3432,42.0881,-1,2,Autovettura privata,In marcia / fermata / arresto,Conducente,M,Illeso,0,,,,,
3915456,4,11/07/2018 16:00:00,Strada Urbana,VIA GIUSEPPE DE SANTIS,in corrispondenza,,del civico n.,19,,Tamponamento Multiplo,Rettilineo,Una carreggiata a doppio senso,Asciutto,Asfaltata,Verticale ed orizzontale,Sereno,Intenso,Buona,Ore Diurne,1,0,0,3,12.5377,41.9655,-1,1,Motociclo a solo,In marcia / fermata / arresto,Conducente,M,Rifiuta cure immediate,0,NON DECEDUTO,Non accertato,,,
3915456,4,11/07/2018 16:00:00,Strada Urbana,VIA GIUSEPPE DE SANTIS,in corrispondenza,,del civico n.,19,,Tamponamento Multiplo,Rettilineo,Una carreggiata a doppio senso,Asciutto,Asfaltata,Verticale ed orizzontale,Sereno,Intenso,Buona,Ore Diurne,1,0,0,3,12.5377,41.9655,-1,2,Autovettura privata,In marcia / fermata / arresto,Conducente,M,Illeso,0,,Non accertato,Inesploso,,
3915456,4,11/07/2018 16:00:00,Strada Urbana,VIA GIUSEPPE DE SANTIS,in corrispondenza,,del civico n.,19,,Tamponamento Multiplo,Rettilineo,Una carreggiata a doppio senso,Asciutto,Asfaltata,Verticale ed orizzontale,Sereno,Intenso,Buona,Ore Diurne,1,0,0,3,12.5377,41.9655,-1,3,Autovettura privata,In marcia / fermata / arresto,Conducente,M,Illeso,0,,Non accertato,Inesploso,,
3915456,4,11/07/2018 16:00:00,Strada Urbana,VIA GIUSEPPE DE SANTIS,in corrispondenza,,del civico n.,19,,Tamponamento Multiplo,Rettilineo,Una carreggiata a doppio senso,Asciutto,Asfaltata,Verticale ed orizzontale,Sereno,Intenso,Buona,Ore Diurne,1,0,0,3,12.5377,41.9655,-1,3,Autovettura privata,In marcia / fermata / arresto,Passeggero,F,Illeso,0,,Non accertato,Inesploso,,
3915672,7,12/07/2018 09:00:00,Strada Urbana,VIA DI TOR TRE TESTE,all'intersezione con,VIA PIETRO FUMAROLI,VIA PIETRO FUMAROLI,,,Scontro frontale/laterale DX fra veicoli in marcia,Incrocio,Una carreggiata a doppio senso,Asciutto,Asfaltata,Verticale ed orizzontale,Sereno,Normale,Buona,Ore Diurne,0,0,0,2,12.5909,41.8914,-1,1,Autovettura privata,In marcia / fermata / arresto,Conducente,M,Illeso,0,,Non accertato,Inesploso,,
3915672,7,12/07/2018 09:00:00,Strada Urbana,VIA DI TOR TRE TESTE,all'intersezione con,VIA PIETRO FUMAROLI,VIA PIETRO FUMAROLI,,,Scontro frontale/laterale DX fra veicoli in marcia,Incrocio,Una carreggiata a doppio senso,Asciutto,Asfaltata,Verticale ed orizzontale,Sereno,Normale,Buona,Ore Diurne,0,0,0,2,12.5909,41.8914,-1,2,Autovettura privata,In marcia / fermata / arresto,Conducente,M,Illeso,0,,Non accertato,Inesploso,,
3915682,7,12/07/2018 11:10:00,Strada Urbana,VIA DELLE ACACIE,in corrispondenza,,del civico n.,63,,Veicolo in marcia contro veicolo in sosta,Rettilineo,Una carreggiata a senso unico di marcia,Asciutto,Strada pavimentata dissestata,Assente,Sereno,Normale,Buona,Ore Diurne,0,0,0,1,12.5686,41.8884,-1,1,Autovettura privata,In marcia / fermata / arresto,Conducente,F,Illeso,0,,Non accertato,Inesploso,,
3915687,7,12/07/2018 15:30:00,Strada Urbana,VIA DI TOR TRE TESTE,in corrispondenza,,del civico n.,65,,Tamponamento Multiplo,Rettilineo,Una carreggiata a doppio senso,Asciutto,Asfaltata,Orizzontale,Sereno,Normale,Buona,Ore Diurne,0,0,0,4,12.5864,41.8728,-1,1,Autocarro inferiore 35 q.,In marcia / fermata / arresto,Conducente,M,Illeso,0,,Non accertato,Inesploso,,
3915687,7,12/07/2018 15:30:00,Strada Urbana,VIA DI TOR TRE TESTE,in corrispondenza,,del civico n.,65,,Tamponamento Multiplo,Rettilineo,Una carreggiata a doppio senso,Asciutto,Asfaltata,Orizzontale,Sereno,Normale,Buona,Ore Diurne,0,0,0,4,12.5864,41.8728,-1,2,Autovettura privata,In marcia / fermata / arresto,Conducente,M,Illeso,0,,Non accertato,Inesploso,,
3915687,7,12/07/2018 15:30:00,Strada Urbana,VIA DI TOR TRE TESTE,in corrispondenza,,del civico n.,65,,Tamponamento Multiplo,Rettilineo,Una carreggiata a doppio senso,Asciutto,Asfaltata,Orizzontale,Sereno,Normale,Buona,Ore Diurne,0,0,0,4,12.5864,41.8728,-1,3,Autovettura privata,In marcia / fermata / arresto,Conducente,M,Illeso,0,,Non accertato,Inesploso,,
3915687,7,12/07/2018 15:30:00,Strada Urbana,VIA DI TOR TRE TESTE,in corrispondenza,,del civico n.,65,,Tamponamento Multiplo,Rettilineo,Una carreggiata a doppio senso,Asciutto,Asfaltata,Orizzontale,Sereno,Normale,Buona,Ore Diurne,0,0,0,4,12.5864,41.8728,-1,3,Autovettura privata,In marcia / fermata / arresto,Passeggero,F,Illeso,0,,Non accertato,Inesploso,,
3915726,7,12/07/2018 23:40:00,Strada Urbana,VIA PRENESTINA,all'intersezione con,VIALE DELLA STAZIONE PRENESTINA,VIALE DELLA STAZIONE PRENESTINA,,,Scontro frontale/laterale SX fra veicoli in marcia,Intersezione semaforizzata,Pi� di due carreggiate,Asciutto,Asfaltata,Verticale ed orizzontale,Sereno,Normale,Buona,Sufficiente,1,0,0,1,12.5469,41.8933,-1,1,Autovettura privata,In marcia / fermata / arresto,Conducente,M,Illeso,0,,Non accertato,Inesploso,,
3915726,7,12/07/2018 23:40:00,Strada Urbana,VIA PRENESTINA,all'intersezione con,VIALE DELLA STAZIONE PRENESTINA,VIALE DELLA STAZIONE PRENESTINA,,,Scontro frontale/laterale SX fra veicoli in marcia,Intersezione semaforizzata,Pi� di due carreggiate,Asciutto,Asfaltata,Verticale ed orizzontale,Sereno,Normale,Buona,Sufficiente,1,0,0,1,12.5469,41.8933,-1,2,Motociclo a solo,In marcia / fermata / arresto,Conducente,M,Ricoverato,0,NON DECEDUTO,Non accertato,,,
3915757,9,12/07/2018 19:15:00,Strada Urbana,VIA APPIA NUOVA,da specificare,,,,in prossimit� PALO A.C.E.A. 276,Tamponamento Multiplo,Rettilineo,Una carreggiata a senso unico di marcia,Asciutto,Asfaltata,Verticale ed orizzontale,Sereno,Intenso,Buona,Ore Diurne,0,0,0,3,12.5599,41.8264,-1,1,Autovettura privata,In marcia / fermata / arresto,Conducente,M,Illeso,0,,Non accertato,Inesploso,,
3915757,9,12/07/2018 19:15:00,Strada Urbana,VIA APPIA NUOVA,da specificare,,,,in prossimit� PALO A.C.E.A. 276,Tamponamento Multiplo,Rettilineo,Una carreggiata a senso unico di marcia,Asciutto,Asfaltata,Verticale ed orizzontale,Sereno,Intenso,Buona,Ore Diurne,0,0,0,3,12.5599,41.8264,-1,2,Autovettura pubblica,In marcia / fermata / arresto,Conducente,M,Illeso,0,,Non accertato,Inesploso,,
3915757,9,12/07/2018 19:15:00,Strada Urbana,VIA APPIA NUOVA,da specificare,,,,in prossimit� PALO A.C.E.A. 276,Tamponamento Multiplo,Rettilineo,Una carreggiata a senso unico di marcia,Asciutto,Asfaltata,Verticale ed orizzontale,Sereno,Intenso,Buona,Ore Diurne,0,0,0,3,12.5599,41.8264,-1,3,Autovettura privata,In marcia / fermata / arresto,Conducente,F,Illeso,0,,Non accertato,Inesploso,,
3915902,16,12/07/2018 10:15:00,Strada Urbana,CIRCONVALLAZIONE GIANICOLENSE,in prossimit�,,del civico n.,87,,Scontro laterale fra veicoli in marcia,Rettilineo,Pi� di due carreggiate,Asciutto,Asfaltata,Verticale ed orizzontale,Sereno,Normale,Buona,Ore Diurne,0,0,0,3,12.4555,41.8704,-1,1,Autovettura privata,In marcia / fermata / arresto,Conducente,F,Illeso,0,,Non accertato,Inesploso,,
3915902,16,12/07/2018 10:15:00,Strada Urbana,CIRCONVALLAZIONE GIANICOLENSE,in prossimit�,,del civico n.,87,,Scontro laterale fra veicoli in marcia,Rettilineo,Pi� di due carreggiate,Asciutto,Asfaltata,Verticale ed orizzontale,Sereno,Normale,Buona,Ore Diurne,0,0,0,3,12.4555,41.8704,-1,2,Autovettura privata,In marcia / fermata / arresto,Conducente,M,Illeso,0,,Non accertato,Inesploso,,
3915902,16,12/07/2018 10:15:00,Strada Urbana,CIRCONVALLAZIONE GIANICOLENSE,in prossimit�,,del civico n.,87,,Scontro laterale fra veicoli in marcia,Rettilineo,Pi� di due carreggiate,Asciutto,Asfaltata,Verticale ed orizzontale,Sereno,Normale,Buona,Ore Diurne,0,0,0,3,12.4555,41.8704,-1,2,Autovettura privata,In marcia / fermata / arresto,Passeggero,F,Illeso,0,,Non accertato,Inesploso,,
3915921,16,12/07/2018 11:40:00,Strada Urbana,VIA ADOLFO GANDIGLIO,in prossimit�,,del civico n.,135,,Investimento di pedone,Rotatoria,Due carreggiate,Asciutto,Asfaltata,Verticale ed orizzontale,Sereno,Normale,Buona,Ore Diurne,1,0,0,1,12.4432,41.863,-1,,,,Pedone,F,Rimandato,0,NON DECEDUTO,,,,
3915921,16,12/07/2018 11:40:00,Strada Urbana,VIA ADOLFO GANDIGLIO,in prossimit�,,del civico n.,135,,Investimento di pedone,Rotatoria,Due carreggiate,Asciutto,Asfaltata,Verticale ed orizzontale,Sereno,Normale,Buona,Ore Diurne,1,0,0,1,12.4432,41.863,-1,1,Autovettura privata,In marcia / fermata / arresto,Conducente,F,Illeso,0,,Non accertato,Inesploso,,
3915931,11,12/07/2018 23:00:00,Strada Urbana,LARGO LEONARDO DA VINCI,in corrispondenza,,del civico n.,19,,Investimento di pedone,Rettilineo,Una carreggiata a senso unico di marcia,Asciutto,Asfaltata,Verticale ed orizzontale,Sereno,Normale,Sufficiente,Sufficiente,3,0,0,3,12.4808,41.8568,-1,,,,Pedone,M,Rimandato,0,NON DECEDUTO,,,,
3915931,11,12/07/2018 23:00:00,Strada Urbana,LARGO LEONARDO DA VINCI,in corrispondenza,,del civico n.,19,,Investimento di pedone,Rettilineo,Una carreggiata a senso unico di marcia,Asciutto,Asfaltata,Verticale ed orizzontale,Sereno,Normale,Sufficiente,Sufficiente,3,0,0,3,12.4808,41.8568,-1,,,,Pedone,M,Rimandato,0,NON DECEDUTO,,,,
3915931,11,12/07/2018 23:00:00,Strada Urbana,LARGO LEONARDO DA VINCI,in corrispondenza,,del civico n.,19,,Investimento di pedone,Rettilineo,Una carreggiata a senso unico di marcia,Asciutto,Asfaltata,Verticale ed orizzontale,Sereno,Normale,Sufficiente,Sufficiente,3,0,0,3,12.4808,41.8568,-1,,,,Pedone,F,Rimandato,0,NON DECEDUTO,,,,
3915931,11,12/07/2018 23:00:00,Strada Urbana,LARGO LEONARDO DA VINCI,in corrispondenza,,del civico n.,19,,Investimento di pedone,Rettilineo,Una carreggiata a senso unico di marcia,Asciutto,Asfaltata,Verticale ed orizzontale,Sereno,Normale,Sufficiente,Sufficiente,3,0,0,3,12.4808,41.8568,-1,1,Autovettura privata,In marcia / fermata / arresto,Conducente,M,Illeso,0,,,,,
3915931,11,12/07/2018 23:00:00,Strada Urbana,LARGO LEONARDO DA VINCI,in corrispondenza,,del civico n.,19,,Investimento di pedone,Rettilineo,Una carreggiata a senso unico di marcia,Asciutto,Asfaltata,Verticale ed orizzontale,Sereno,Normale,Sufficiente,Sufficiente,3,0,0,3,12.4808,41.8568,-1,1,Autovettura privata,In marcia / fermata / arresto,Passeggero,F,Illeso,0,,,,,
3915931,11,12/07/2018 23:00:00,Strada Urbana,LARGO LEONARDO DA VINCI,in corrispondenza,,del civico n.,19,,Investimento di pedone,Rettilineo,Una carreggiata a senso unico di marcia,Asciutto,Asfaltata,Verticale ed orizzontale,Sereno,Normale,Sufficiente,Sufficiente,3,0,0,3,12.4808,41.8568,-1,2,Autovettura privata,In marcia / fermata / arresto,Conducente,M,Illeso,0,,,,,
3915942,13,12/07/2018 12:10:00,Strada Urbana,VIA ESCHILO,all'intersezione con,VIA ALCEO,VIA ALCEO,,,Scontro frontale/laterale SX fra veicoli in marcia,Incrocio,Una carreggiata a doppio senso,Asciutto,Asfaltata,Verticale ed orizzontale,Sereno,Scarso,Buona,Ore Diurne,0,0,0,2,12.3721,41.762,-1,1,Autocarro inferiore 35 q.,In marcia / fermata / arresto,Conducente,M,Illeso,0,,Non accertato,,,
3915942,13,12/07/2018 12:10:00,Strada Urbana,VIA ESCHILO,all'intersezione con,VIA ALCEO,VIA ALCEO,,,Scontro frontale/laterale SX fra veicoli in marcia,Incrocio,Una carreggiata a doppio senso,Asciutto,Asfaltata,Verticale ed orizzontale,Sereno,Scarso,Buona,Ore Diurne,0,0,0,2,12.3721,41.762,-1,2,Autovettura privata,In marcia / fermata / arresto,Conducente,F,Illeso,0,,Non accertato,,,
3915943,6,12/07/2018 23:30:00,Strada Urbana,VIA TUSCOLANA,in prossimit�,,del civico n.,1520,,Scontro laterale fra veicoli in marcia,Rettilineo,Due carreggiate,Asciutto,Asfaltata,Orizzontale,Sereno,Scarso,Buona,Sufficiente,0,0,0,3,12.5702,41.852,-1,1,Autovettura pubblica,In marcia / fermata / arresto,Conducente,M,Illeso,0,,,,,
3915943,6,12/07/2018 23:30:00,Strada Urbana,VIA TUSCOLANA,in prossimit�,,del civico n.,1520,,Scontro laterale fra veicoli in marcia,Rettilineo,Due carreggiate,Asciutto,Asfaltata,Orizzontale,Sereno,Scarso,Buona,Sufficiente,0,0,0,3,12.5702,41.852,-1,2,Autovettura privata,In marcia / fermata / arresto,Conducente,F,Illeso,0,,,,,
3915943,6,12/07/2018 23:30:00,Strada Urbana,VIA TUSCOLANA,in prossimit�,,del civico n.,1520,,Scontro laterale fra veicoli in marcia,Rettilineo,Due carreggiate,Asciutto,Asfaltata,Orizzontale,Sereno,Scarso,Buona,Sufficiente,0,0,0,3,12.5702,41.852,-1,2,Autovettura privata,In marcia / fermata / arresto,Passeggero,F,Illeso,0,,Non accertato,,,