Protocollo,Gruppo,DataOraIncidente,Localizzazione1,STRADA1,Localizzazione2,STRADA2,Strada02,Chilometrica,DaSpecificare,NaturaIncidente,particolaritastrade,TipoStrada,FondoStradale,Pavimentazione,Segnaletica,CondizioneAtmosferica,Traffico,Visibilita,Illuminazione,NUM_FERITI,NUM_RISERVATA,NUM_MORTI,NUM_ILLESI,Longitudine,Latitudine,Confermato,Progressivo,TipoVeicolo,StatoVeicolo,TipoPersona,Sesso,Tipolesione,Deceduto,DecedutoDopo,CinturaCascoUtilizzato,Airbag,,
3915956,13,12/07/2018 09:30:00,Strada Urbana,VIA MAIERATO,in prossimit�,,del civico n.,97,,Veicolo in marcia contro ostacolo fisso,Rettilineo,Una carreggiata a doppio senso,Asciutto,Asfaltata,Verticale ed orizzontale,Sereno,Scarso,Buona,Ore Diurne,0,0,0,1,12.3754,41.7936,-1,1,Autovettura privata,In marcia / fermata / arresto,Conducente,M,Illeso,0,,Non accertato,Esploso,,
3915969,8,12/07/2018 10:00:00,Strada Urbana,VIALE DEI ROMANISTI,da specificare,,,,altezza VIA BERNERI,Tamponamento,Rettilineo,Due carreggiate,Asciutto,Asfaltata,Verticale ed orizzontale,Sereno,Normale,Buona,Ore Diurne,1,0,0,2,12.5774,41.8675,-1,1,Autovettura privata,In marcia / fermata / arresto,Conducente,M,Illeso,0,,Non accertato,Inesploso,,
3915969,8,12/07/2018 10:00:00,Strada Urbana,VIALE DEI ROMANISTI,da specificare,,,,altezza VIA BERNERI,Tamponamento,Rettilineo,Due carreggiate,Asciutto,Asfaltata,Verticale ed orizzontale,Sereno,Normale,Buona,Ore Diurne,1,0,0,2,12.5774,41.8675,-1,2,Autovettura privata,In marcia / fermata / arresto,Conducente,F,Illeso,0,,Non accertato,Inesploso,,
3915969,8,12/07/2018 10:00:00,Strada Urbana,VIALE DEI ROMANISTI,da specificare,,,,altezza VIA BERNERI,Tamponamento,Rettilineo,Due carreggiate,Asciutto,Asfaltata,Verticale ed orizzontale,Sereno,Normale,Buona,Ore Diurne,1,0,0,2,12.5774,41.8675,-1,2,Autovettura privata,In marcia / fermata / arresto,Passeggero,F,Rifiuta cure immediate,0,NON DECEDUTO,Non accertato,Inesploso,,
3915972,6,12/07/2018 19:35:00,Strada Urbana,VIA DI CENTOCELLE,in prossimit�,,del civico n.,238,,Scontro frontale fra veicoli in marcia,Rettilineo,Una carreggiata a doppio senso,Asciutto,Asfaltata,Verticale ed orizzontale,Sereno,Normale,Buona,Ore Diurne,2,1,0,0,12.5504,41.8687,-1,1,Autovettura privata,In marcia / fermata / arresto,Conducente,F,Ricoverato,0,NON DECEDUTO,Non accertato,Esploso,,
3915972,6,12/07/2018 19:35:00,Strada Urbana,VIA DI CENTOCELLE,in prossimit�,,del civico n.,238,,Scontro frontale fra veicoli in marcia,Rettilineo,Una carreggiata a doppio senso,Asciutto,Asfaltata,Verticale ed orizzontale,Sereno,Normale,Buona,Ore Diurne,2,1,0,0,12.5504,41.8687,-1,1,Autovettura privata,In marcia / fermata / arresto,Passeggero,F,Rimandato,0,NON DECEDUTO,Non accertato,Esploso,,
3915972,6,12/07/2018 19:35:00,Strada Urbana,VIA DI CENTOCELLE,in prossimit�,,del civico n.,238,,Scontro frontale fra veicoli in marcia,Rettilineo,Una carreggiata a doppio senso,Asciutto,Asfaltata,Verticale ed orizzontale,Sereno,Normale,Buona,Ore Diurne,2,1,0,0,12.5504,41.8687,-1,2,Autovettura privata,In marcia / fermata / arresto,Conducente,M,Prognosi riservata,0,NON DECEDUTO,,,,
3915975,8,12/07/2018 10:20:00,Strada Urbana,VIA SAN MICHELE DI GANZARIA,all'intersezione con,VIA SANT'ALFIO,VIA SANT'ALFIO,,,Scontro frontale/laterale DX fra veicoli in marcia,Incrocio,Una carreggiata a doppio senso,Asciutto,Asfaltata,Verticale,Sereno,Scarso,Buona,Ore Diurne,2,0,0,0,12.6488,41.8756,-1,1,Autocarro inferiore 35 q.,In marcia / fermata / arresto,Conducente,M,Rifiuta cure immediate,0,NON DECEDUTO,Non accertato,Inesploso,,
3915975,8,12/07/2018 10:20:00,Strada Urbana,VIA SAN MICHELE DI GANZARIA,all'intersezione con,VIA SANT'ALFIO,VIA SANT'ALFIO,,,Scontro frontale/laterale DX fra veicoli in marcia,Incrocio,Una carreggiata a doppio senso,Asciutto,Asfaltata,Verticale,Sereno,Scarso,Buona,Ore Diurne,2,0,0,0,12.6488,41.8756,-1,2,Autocarro inferiore 35 q.,In marcia / fermata / arresto,Conducente,M,Ricoverato,0,NON DECEDUTO,Non accertato,Esploso,,
3915977,8,12/07/2018 10:45:00,Provinciale entro l'abitato,VIA POLENSE,in prossimit�,,del civico n.,12A,,Scontro frontale fra veicoli in marcia,Rettilineo,Una carreggiata a doppio senso,Asciutto,Asfaltata,Orizzontale,Sereno,Scarso,Buona,Ore Diurne,0,0,0,2,12.7007,41.8918,-1,1,Autocarro inferiore 35 q.,In marcia / fermata / arresto,Conducente,M,Illeso,0,,Non accertato,Inesploso,,
3915977,8,12/07/2018 10:45:00,Provinciale entro l'abitato,VIA POLENSE,in prossimit�,,del civico n.,12A,,Scontro frontale fra veicoli in marcia,Rettilineo,Una carreggiata a doppio senso,Asciutto,Asfaltata,Orizzontale,Sereno,Scarso,Buona,Ore Diurne,0,0,0,2,12.7007,41.8918,-1,2,Autovettura privata,In marcia / fermata / arresto,Conducente,M,Illeso,0,,Non accertato,Esploso,,
3915978,1,12/07/2018 22:20:00,Strada Urbana,PIAZZA DELLA REPUBBLICA,da specificare,,,,0,Investimento di pedone,Rotatoria,Una carreggiata a senso unico di marcia,Asciutto,In cubetti di porfido,Verticale ed orizzontale,Sereno,Scarso,Sufficiente,Sufficiente,1,0,0,1,12.4965,41.9029,-1,,,,Pedone,M,Rimandato,0,NON DECEDUTO,,,,
3915978,1,12/07/2018 22:20:00,Strada Urbana,PIAZZA DELLA REPUBBLICA,da specificare,,,,0,Investimento di pedone,Rotatoria,Una carreggiata a senso unico di marcia,Asciutto,In cubetti di porfido,Verticale ed orizzontale,Sereno,Scarso,Sufficiente,Sufficiente,1,0,0,1,12.4965,41.9029,-1,1,Autovettura pubblica,In marcia / fermata / arresto,Conducente,M,Illeso,0,,Non accertato,Inesploso,,
3915982,8,12/07/2018 11:30:00,Strada Urbana,VIA BORGHESIANA,all'intersezione con,VIA MESORACA,VIA MESORACA,,,Scontro frontale/laterale SX fra veicoli in marcia,Incrocio,Una carreggiata a doppio senso,Asciutto,Asfaltata,Verticale ed orizzontale,Sereno,Scarso,Buona,Ore Diurne,0,0,0,2,12.6738,41.8695,-1,1,Autovettura privata,In marcia / fermata / arresto,Conducente,M,Illeso,0,,Non accertato,Inesploso,,
3915982,8,12/07/2018 11:30:00,Strada Urbana,VIA BORGHESIANA,all'intersezione con,VIA MESORACA,VIA MESORACA,,,Scontro frontale/laterale SX fra veicoli in marcia,Incrocio,Una carreggiata a doppio senso,Asciutto,Asfaltata,Verticale ed orizzontale,Sereno,Scarso,Buona,Ore Diurne,0,0,0,2,12.6738,41.8695,-1,2,Autovettura privata,Allontanatosi,Conducente,M,Illeso,0,,,,,
3915990,15,12/07/2018 08:45:00,Strada Urbana,VIA GEROLAMO CARDANO,da specificare,,,,fronte civico 83,Scontro laterale fra veicoli in marcia,Rettilineo,Una carreggiata a doppio senso,Asciutto,Asfaltata,Assente,Sereno,Normale,Buona,Ore Diurne,0,0,0,2,12.467,41.8631,-1,1,Autovettura privata,In marcia / fermata / arresto,Conducente,F,Illeso,0,,Non accertato,Inesploso,,
3915990,15,12/07/2018 08:45:00,Strada Urbana,VIA GEROLAMO CARDANO,da specificare,,,,fronte civico 83,Scontro laterale fra veicoli in marcia,Rettilineo,Una carreggiata a doppio senso,Asciutto,Asfaltata,Assente,Sereno,Normale,Buona,Ore Diurne,0,0,0,2,12.467,41.8631,-1,2,Autovettura privata,In marcia / fermata / arresto,Conducente,M,Illeso,0,,Non accertato,Inesploso,,
3915991,8,12/07/2018 12:35:00,Strada Urbana,VIALE DELLA SORBONA,all'intersezione con,VIA COLUMBIA,VIA COLUMBIA,,,Tamponamento,Rotatoria,Una carreggiata a senso unico di marcia,Asciutto,Asfaltata,Verticale ed orizzontale,Sereno,Scarso,Buona,Ore Diurne,0,0,0,4,12.6171,41.8556,-1,1,Autovettura privata,In marcia / fermata / arresto,Conducente,F,Illeso,0,,Non accertato,Inesploso,,
3915991,8,12/07/2018 12:35:00,Strada Urbana,VIALE DELLA SORBONA,all'intersezione con,VIA COLUMBIA,VIA COLUMBIA,,,Tamponamento,Rotatoria,Una carreggiata a senso unico di marcia,Asciutto,Asfaltata,Verticale ed orizzontale,Sereno,Scarso,Buona,Ore Diurne,0,0,0,4,12.6171,41.8556,-1,1,Autovettura privata,In marcia / fermata / arresto,Passeggero,F,Illeso,0,,Non accertato,Inesploso,,
3915991,8,12/07/2018 12:35:00,Strada Urbana,VIALE DELLA SORBONA,all'intersezione con,VIA COLUMBIA,VIA COLUMBIA,,,Tamponamento,Rotatoria,Una carreggiata a senso unico di marcia,Asciutto,Asfaltata,Verticale ed orizzontale,Sereno,Scarso,Buona,Ore Diurne,0,0,0,4,12.6171,41.8556,-1,2,Autovettura privata,In marcia / fermata / arresto,Conducente,F,Illeso,0,,Non accertato,Inesploso,,
3915991,8,12/07/2018 12:35:00,Strada Urbana,VIALE DELLA SORBONA,all'intersezione con,VIA COLUMBIA,VIA COLUMBIA,,,Tamponamento,Rotatoria,Una carreggiata a senso unico di marcia,Asciutto,Asfaltata,Verticale ed orizzontale,Sereno,Scarso,Buona,Ore Diurne,0,0,0,4,12.6171,41.8556,-1,2,Autovettura privata,In marcia / fermata / arresto,Passeggero,F,Illeso,0,,Non accertato,Inesploso,,
3915993,5,12/07/2018 17:00:00,Strada Urbana,VIA GIUSEPPE ANTONIO ANDRIULLI,da specificare,,,,direzione via della Serenissima prossimit� A24,Tamponamento,Rettilineo,Due carreggiate,Asciutto,Asfaltata,Verticale ed orizzontale,Sereno,Normale,Buona,Ore Diurne,0,0,0,3,12.5569,41.9031,-1,1,Autovettura privata,In marcia / fermata / arresto,Conducente,M,Illeso,0,,Non accertato,Inesploso,,
3915993,5,12/07/2018 17:00:00,Strada Urbana,VIA GIUSEPPE ANTONIO ANDRIULLI,da specificare,,,,direzione via della Serenissima prossimit� A24,Tamponamento,Rettilineo,Due carreggiate,Asciutto,Asfaltata,Verticale ed orizzontale,Sereno,Normale,Buona,Ore Diurne,0,0,0,3,12.5569,41.9031,-1,1,Autovettura privata,In marcia / fermata / arresto,Passeggero,M,Illeso,0,,Non accertato,Inesploso,,
3915993,5,12/07/2018 17:00:00,Strada Urbana,VIA GIUSEPPE ANTONIO ANDRIULLI,da specificare,,,,direzione via della Serenissima prossimit� A24,Tamponamento,Rettilineo,Due carreggiate,Asciutto,Asfaltata,Verticale ed orizzontale,Sereno,Normale,Buona,Ore Diurne,0,0,0,3,12.5569,41.9031,-1,2,Autovettura privata,In marcia / fermata / arresto,Conducente,M,Illeso,0,,Non accertato,Inesploso,,
3915998,20,12/07/2018 08:30:00,Strada Urbana,VIALE DELLA VALLE DEL BAGNATORE,da specificare,,,,interno cimitero Flaminio,Veicolo in marcia contro ostacolo accidentale,Rettilineo,Una carreggiata a doppio senso,Asciutto,Asfaltata,Assente,Sereno,Scarso,Buona,Ore Diurne,0,0,0,2,12.4988,42.0186,-1,1,Autovettura privata,In marcia / fermata / arresto,Conducente,M,Illeso,0,,Non accertato,,,
3915998,20,12/07/2018 08:30:00,Strada Urbana,VIALE DELLA VALLE DEL BAGNATORE,da specificare,,,,interno cimitero Flaminio,Veicolo in marcia contro ostacolo accidentale,Rettilineo,Una carreggiata a doppio senso,Asciutto,Asfaltata,Assente,Sereno,Scarso,Buona,Ore Diurne,0,0,0,2,12.4988,42.0186,-1,1,Autovettura privata,In marcia / fermata / arresto,Passeggero,F,Illeso,0,,Non accertato,,,
3916000,8,12/07/2018 14:56:00,Strada Urbana,VIALE DEI ROMANISTI,all'intersezione con,VIA GIOVANNI CAMILLO PERESIO,VIA GIOVANNI CAMILLO PERESIO,,,Scontro frontale/laterale DX fra veicoli in marcia,Incrocio,Una carreggiata a senso unico di marcia,Asciutto,Asfaltata,Verticale ed orizzontale,Sereno,Normale,Buona,Ore Diurne,0,0,0,2,12.5835,41.8655,-1,1,Autovettura privata,In marcia / fermata / arresto,Conducente,M,Illeso,0,,Utilizzato,Inesploso,,
3916000,8,12/07/2018 14:56:00,Strada Urbana,VIALE DEI ROMANISTI,all'intersezione con,VIA GIOVANNI CAMILLO PERESIO,VIA GIOVANNI CAMILLO PERESIO,,,Scontro frontale/laterale DX fra veicoli in marcia,Incrocio,Una carreggiata a senso unico di marcia,Asciutto,Asfaltata,Verticale ed orizzontale,Sereno,Normale,Buona,Ore Diurne,0,0,0,2,12.5835,41.8655,-1,2,Autovettura privata,In marcia / fermata / arresto,Conducente,F,Illeso,0,,Non accertato,Inesploso,,
3916001,5,12/07/2018 17:20:00,Strada Urbana,VIA ALBERTO POLLIO,all'intersezione con,VIA MOROZZO DELLA ROCCA,VIA MOROZZO DELLA ROCCA,,,Tamponamento,Incrocio,Una carreggiata a senso unico di marcia,Asciutto,Asfaltata,Verticale,Sereno,Normale,Buona,Ore Diurne,0,0,0,4,12.5329,41.8993,-1,1,Autovettura privata,In marcia / fermata / arresto,Conducente,M,Illeso,0,,Non accertato,Inesploso,,
3916001,5,12/07/2018 17:20:00,Strada Urbana,VIA ALBERTO POLLIO,all'intersezione con,VIA MOROZZO DELLA ROCCA,VIA MOROZZO DELLA ROCCA,,,Tamponamento,Incrocio,Una carreggiata a senso unico di marcia,Asciutto,Asfaltata,Verticale,Sereno,Normale,Buona,Ore Diurne,0,0,0,4,12.5329,41.8993,-1,1,Autovettura privata,In marcia / fermata / arresto,Passeggero,M,Illeso,0,,Non accertato,Inesploso,,
3916001,5,12/07/2018 17:20:00,Strada Urbana,VIA ALBERTO POLLIO,all'intersezione con,VIA MOROZZO DELLA ROCCA,VIA MOROZZO DELLA ROCCA,,,Tamponamento,Incrocio,Una carreggiata a senso unico di marcia,Asciutto,Asfaltata,Verticale,Sereno,Normale,Buona,Ore Diurne,0,0,0,4,12.5329,41.8993,-1,2,Autovettura privata,In marcia / fermata / arresto,Conducente,F,Illeso,0,,Non accertato,Inesploso,,
3916001,5,12/07/2018 17:20:00,Strada Urbana,VIA ALBERTO POLLIO,all'intersezione con,VIA MOROZZO DELLA ROCCA,VIA MOROZZO DELLA ROCCA,,,Tamponamento,Incrocio,Una carreggiata a senso unico di marcia,Asciutto,Asfaltata,Verticale,Sereno,Normale,Buona,Ore Diurne,0,0,0,4,12.5329,41.8993,-1,2,Autovettura privata,In marcia / fermata / arresto,Passeggero,F,Illeso,0,,Non accertato,Inesploso,,
3916003,13,12/07/2018 18:00:00,Strada Urbana,VIA ADOLFO GREGORETTI,in prossimit�,,del civico n.,82,,Veicolo in marcia contro veicolo in sosta,Rettilineo,Una carreggiata a senso unico di marcia,Asciutto,Asfaltata,Assente,Sereno,Scarso,Buona,Ore Diurne,0,0,0,1,12.2932,41.7286,-1,2,Autovettura privata,In marcia / fermata / arresto,Conducente,M,Illeso,0,,Non accertato,Inesploso,,
3916004,8,12/07/2018 15:00:00,Strada Urbana,VIA DI PASSOLOMBARDO,all'intersezione con,VIA BERKELEY,VIA BERKELEY,,,Scontro frontale/laterale DX fra veicoli in marcia,Intersezione stradale segnalata,Una carreggiata a doppio senso,Asciutto,Asfaltata,Verticale ed orizzontale,Sereno,Scarso,Buona,Ore Diurne,1,0,0,2,12.6278,41.849,-1,1,Autovettura privata,In marcia / fermata / arresto,Conducente,F,Illeso,0,,Non accertato,Inesploso,,
3916004,8,12/07/2018 15:00:00,Strada Urbana,VIA DI PASSOLOMBARDO,all'intersezione con,VIA BERKELEY,VIA BERKELEY,,,Scontro frontale/laterale DX fra veicoli in marcia,Intersezione stradale segnalata,Una carreggiata a doppio senso,Asciutto,Asfaltata,Verticale ed orizzontale,Sereno,Scarso,Buona,Ore Diurne,1,0,0,2,12.6278,41.849,-1,2,Autovettura privata,In marcia / fermata / arresto,Conducente,F,Illeso,0,,Non accertato,Inesploso,,
3916004,8,12/07/2018 15:00:00,Strada Urbana,VIA DI PASSOLOMBARDO,all'intersezione con,VIA BERKELEY,VIA BERKELEY,,,Scontro frontale/laterale DX fra veicoli in marcia,Intersezione stradale segnalata,Una carreggiata a doppio senso,Asciutto,Asfaltata,Verticale ed orizzontale,Sereno,Scarso,Buona,Ore Diurne,1,0,0,2,12.6278,41.849,-1,3,Autovettura privata,In marcia / fermata / arresto,Conducente,M,Ricoverato,0,NON DECEDUTO,Non accertato,Inesploso,,
3916009,10,12/07/2018 18:15:00,Strada Urbana,VIALE APPIO CLAUDIO,all'intersezione con,VIA SIDERNO,VIA SIDERNO,,,Scontro frontale/laterale DX fra veicoli in marcia,Incrocio,Una carreggiata a doppio senso,Asciutto,Asfaltata,Verticale ed orizzontale,Sereno,Normale,Buona,Ore Diurne,0,0,0,3,12.5531,41.8373,-1,1,Autovettura privata,In marcia / fermata / arresto,Conducente,M,Illeso,0,,Non accertato,Inesploso,,
3916009,10,12/07/2018 18:15:00,Strada Urbana,VIALE APPIO CLAUDIO,all'intersezione con,VIA SIDERNO,VIA SIDERNO,,,Scontro frontale/laterale DX fra veicoli in marcia,Incrocio,Una carreggiata a doppio senso,Asciutto,Asfaltata,Verticale ed orizzontale,Sereno,Normale,Buona,Ore Diurne,0,0,0,3,12.5531,41.8373,-1,2,Motociclo a solo,In marcia / fermata / arresto,Conducente,M,Illeso,0,,Non accertato,,,
3916009,10,12/07/2018 18:15:00,Strada Urbana,VIALE APPIO CLAUDIO,all'intersezione con,VIA SIDERNO,VIA SIDERNO,,,Scontro frontale/laterale DX fra veicoli in marcia,Incrocio,Una carreggiata a doppio senso,Asciutto,Asfaltata,Verticale ed orizzontale,Sereno,Normale,Buona,Ore Diurne,0,0,0,3,12.5531,41.8373,-1,2,Motociclo a solo,In marcia / fermata / arresto,Passeggero,M,Illeso,0,,Non accertato,,,
3916010,13,12/07/2018 14:40:00,Strada Urbana,VIA DOMENICO MODUGNO,in corrispondenza,,del civico n.,130,,Veicolo in marcia contro veicoli in sosta,Rettilineo,Una carreggiata a doppio senso,Asciutto,Asfaltata,Orizzontale,Sereno,Normale,Buona,Ore Diurne,0,0,0,1,12.3933,41.7902,-1,1,Autovettura privata,In marcia / fermata / arresto,Conducente,F,Illeso,0,,Non accertato,Inesploso,,
3916011,8,12/07/2018 18:50:00,Strada Urbana,VIA DI PRATAPORCI,all'intersezione con,VIA CAMPO BRUNO,VIA CAMPO BRUNO,,,Scontro frontale/laterale DX fra veicoli in marcia,Incrocio,Una carreggiata a doppio senso,Asciutto,Asfaltata,Verticale ed orizzontale,Sereno,Normale,Buona,Ore Diurne,2,0,0,2,12.6842,41.8471,-1,1,Autovettura privata,In marcia / fermata / arresto,Conducente,F,Illeso,0,,Non accertato,Inesploso,,
3916011,8,12/07/2018 18:50:00,Strada Urbana,VIA DI PRATAPORCI,all'intersezione con,VIA CAMPO BRUNO,VIA CAMPO BRUNO,,,Scontro frontale/laterale DX fra veicoli in marcia,Incrocio,Una carreggiata a doppio senso,Asciutto,Asfaltata,Verticale ed orizzontale,Sereno,Normale,Buona,Ore Diurne,2,0,0,2,12.6842,41.8471,-1,1,Autovettura privata,In marcia / fermata / arresto,Passeggero,F,Illeso,0,,Non accertato,Inesploso,,
3916011,8,12/07/2018 18:50:00,Strada Urbana,VIA DI PRATAPORCI,all'intersezione con,VIA CAMPO BRUNO,VIA CAMPO BRUNO,,,Scontro frontale/laterale DX fra veicoli in marcia,Incrocio,Una carreggiata a doppio senso,Asciutto,Asfaltata,Verticale ed orizzontale,Sereno,Normale,Buona,Ore Diurne,2,0,0,2,12.6842,41.8471,-1,2,Motociclo con passeggero,In marcia / fermata / arresto,Conducente,M,Rimandato,0,NON DECEDUTO,Non accertato,,,
3916011,8,12/07/2018 18:50:00,Strada Urbana,VIA DI PRATAPORCI,all'intersezione con,VIA CAMPO BRUNO,VIA CAMPO BRUNO,,,Scontro frontale/laterale DX fra veicoli in marcia,Incrocio,Una carreggiata a doppio senso,Asciutto,Asfaltata,Verticale ed orizzontale,Sereno,Normale,Buona,Ore Diurne,2,0,0,2,12.6842,41.8471,-1,2,Motociclo con passeggero,In marcia / fermata / arresto,Passeggero,M,Rimandato,0,NON DECEDUTO,Non accertato,,,
3916012,15,12/07/2018 14:50:00,Strada Urbana,VIA PORTUENSE,in prossimit�,,del civico n.,720,,Scontro laterale fra veicoli in marcia,Rettilineo,Una carreggiata a doppio senso,Asciutto,Asfaltata,Assente,Sereno,Normale,Buona,Ore Diurne,0,0,0,5,12.4324,41.8519,-1,1,Autovettura privata,In marcia / fermata / arresto,Conducente,M,Illeso,0,,Utilizzato,Inesploso,,
3916012,15,12/07/2018 14:50:00,Strada Urbana,VIA PORTUENSE,in prossimit�,,del civico n.,720,,Scontro laterale fra veicoli in marcia,Rettilineo,Una carreggiata a doppio senso,Asciutto,Asfaltata,Assente,Sereno,Normale,Buona,Ore Diurne,0,0,0,5,12.4324,41.8519,-1,1,Autovettura privata,In marcia / fermata / arresto,Passeggero,F,Illeso,0,,Utilizzato,Inesploso,,
3916012,15,12/07/2018 14:50:00,Strada Urbana,VIA PORTUENSE,in prossimit�,,del civico n.,720,,Scontro laterale fra veicoli in marcia,Rettilineo,Una carreggiata a doppio senso,Asciutto,Asfaltata,Assente,Sereno,Normale,Buona,Ore Diurne,0,0,0,5,12.4324,41.8519,-1,1,Autovettura privata,In marcia / fermata / arresto,Passeggero,M,Illeso,0,,Non accertato,Inesploso,,
3916012,15,12/07/2018 14:50:00,Strada Urbana,VIA PORTUENSE,in prossimit�,,del civico n.,720,,Scontro laterale fra veicoli in marcia,Rettilineo,Una carreggiata a doppio senso,Asciutto,Asfaltata,Assente,Sereno,Normale,Buona,Ore Diurne,0,0,0,5,12.4324,41.8519,-1,1,Autovettura privata,In marcia / fermata / arresto,Passeggero,F,Illeso,0,,Non accertato,Inesploso,,
3916012,15,12/07/2018 14:50:00,Strada Urbana,VIA PORTUENSE,in prossimit�,,del civico n.,720,,Scontro laterale fra veicoli in marcia,Rettilineo,Una carreggiata a doppio senso,Asciutto,Asfaltata,Assente,Sereno,Normale,Buona,Ore Diurne,0,0,0,5,12.4324,41.8519,-1,2,Autovettura privata,In marcia / fermata / arresto,Conducente,M,Illeso,0,,Utilizzato,Inesploso,,
3916013,5,12/07/2018 17:40:00,Strada Urbana,VIA TIBURTINA,da specificare,,,,prossimit� via di Portonaccio,Scontro laterale fra veicoli in marcia,Rettilineo,Una carreggiata a doppio senso,Asciutto,Asfaltata,Verticale ed orizzontale,Sereno,Intenso,Buona,Ore Diurne,0,0,0,2,12.5341,41.9082,-1,1,Autovettura privata,In marcia / fermata / arresto,Conducente,F,Illeso,0,,Non accertato,Inesploso,,
3916013,5,12/07/2018 17:40:00,Strada Urbana,VIA TIBURTINA,da specificare,,,,prossimit� via di Portonaccio,Scontro laterale fra veicoli in marcia,Rettilineo,Una carreggiata a doppio senso,Asciutto,Asfaltata,Verticale ed orizzontale,Sereno,Intenso,Buona,Ore Diurne,0,0,0,2,12.5341,41.9082,-1,2,Autovettura privata,In marcia / fermata / arresto,Conducente,M,Illeso,0,,Non accertato,Inesploso,,
3916018,15,12/07/2018 07:30:00,Strada Urbana,VIA DELLA MAGLIANA,in prossimit�,,del civico n.,1090,,Scontro frontale/laterale DX fra veicoli in marcia,Rettilineo,Una carreggiata a doppio senso,Asciutto,Asfaltata,Verticale ed orizzontale,Sereno,Normale,Buona,Ore Diurne,0,0,0,3,12.3785,41.8261,-1,1,Autovettura privata,In marcia / fermata / arresto,Conducente,M,Illeso,0,,Utilizzato,,,
3916018,15,12/07/2018 07:30:00,Strada Urbana,VIA DELLA MAGLIANA,in prossimit�,,del civico n.,1090,,Scontro frontale/laterale DX fra veicoli in marcia,Rettilineo,Una carreggiata a doppio senso,Asciutto,Asfaltata,Verticale ed orizzontale,Sereno,Normale,Buona,Ore Diurne,0,0,0,3,12.3785,41.8261,-1,2,Autocarro inferiore 35 q.,In marcia / fermata / arresto,Conducente,M,Illeso,0,,Utilizzato,,,
3916018,15,12/07/2018 07:30:00,Strada Urbana,VIA DELLA MAGLIANA,in prossimit�,,del civico n.,1090,,Scontro frontale/laterale DX fra veicoli in marcia,Rettilineo,Una carreggiata a doppio senso,Asciutto,Asfaltata,Verticale ed orizzontale,Sereno,Normale,Buona,Ore Diurne,0,0,0,3,12.3785,41.8261,-1,2,Autocarro inferiore 35 q.,In marcia / fermata / arresto,Passeggero,M,Illeso,0,,Utilizzato,,,
3916020,1,12/07/2018 19:00:00,Strada Urbana,VIA FERDINANDO DI SAVOIA,all'intersezione con,VIA MARIA ADELAIDE,VIA MARIA ADELAIDE,,,Scontro laterale fra veicoli in marcia,Incrocio,Una carreggiata a senso unico di marcia,Asciutto,Asfaltata,Verticale ed orizzontale,Sereno,Normale,Buona,Ore Diurne,0,0,0,2,12.4746,41.9103,-1,1,Autobus turistico,In marcia / fermata / arresto,Conducente,M,Illeso,0,,Non accertato,Inesploso,,
3916020,1,12/07/2018 19:00:00,Strada Urbana,VIA FERDINANDO DI SAVOIA,all'intersezione con,VIA MARIA ADELAIDE,VIA MARIA ADELAIDE,,,Scontro laterale fra veicoli in marcia,Incrocio,Una carreggiata a senso unico di marcia,Asciutto,Asfaltata,Verticale ed orizzontale,Sereno,Normale,Buona,Ore Diurne,0,0,0,2,12.4746,41.9103,-1,2,Autovettura privata,In marcia / fermata / arresto,Conducente,M,Illeso,0,,Non accertato,Inesploso,,
3916023,5,12/07/2018 20:00:00,Strada Urbana,VIALE PALMIRO TOGLIATTI,all'intersezione semaforizzata con,VIALE BATTISTA BARDANZELLU,VIALE BATTISTA BARDANZELLU,,,Scontro laterale fra veicoli in marcia,Incrocio,Due carreggiate,Asciutto,Asfaltata,Verticale ed orizzontale,Sereno,Normale,Buona,Ore Diurne,0,0,0,3,12.5706,41.914,-1,1,Autovettura privata,In marcia / fermata / arresto,Conducente,M,Illeso,0,,Non accertato,,,
3916023,5,12/07/2018 20:00:00,Strada Urbana,VIALE PALMIRO TOGLIATTI,all'intersezione semaforizzata con,VIALE BATTISTA BARDANZELLU,VIALE BATTISTA BARDANZELLU,,,Scontro laterale fra veicoli in marcia,Incrocio,Due carreggiate,Asciutto,Asfaltata,Verticale ed orizzontale,Sereno,Normale,Buona,Ore Diurne,0,0,0,3,12.5706,41.914,-1,1,Autovettura privata,In marcia / fermata / arresto,Passeggero,M,Illeso,0,,Non accertato,,,
3916023,5,12/07/2018 20:00:00,Strada Urbana,VIALE PALMIRO TOGLIATTI,all'intersezione semaforizzata con,VIALE BATTISTA BARDANZELLU,VIALE BATTISTA BARDANZELLU,,,Scontro laterale fra veicoli in marcia,Incrocio,Due carreggiate,Asciutto,Asfaltata,Verticale ed orizzontale,Sereno,Normale,Buona,Ore Diurne,0,0,0,3,12.5706,41.914,-1,2,Motociclo a solo,In marcia / fermata / arresto,Conducente,M,Illeso,0,,Non accertato,,,
3916024,5,13/07/2018 06:45:00,Strada Urbana,VIA DEI CRISPOLTI,all'intersezione con,VIA LUIGI CESANA,VIA LUIGI CESANA,,,Scontro frontale/laterale DX fra veicoli in marcia,Incrocio,Una carreggiata a doppio senso,Asciutto,Asfaltata,Verticale,Sereno,Scarso,Buona,Ore Diurne,0,0,0,2,12.5524,41.9104,-1,1,Autovettura privata,In marcia / fermata / arresto,Conducente,M,Illeso,0,,Non accertato,Inesploso,,