Protocollo,Gruppo,DataOraIncidente,Localizzazione1,STRADA1,Localizzazione2,STRADA2,Strada02,Chilometrica,DaSpecificare,NaturaIncidente,particolaritastrade,TipoStrada,FondoStradale,Pavimentazione,Segnaletica,CondizioneAtmosferica,Traffico,Visibilita,Illuminazione,NUM_FERITI,NUM_RISERVATA,NUM_MORTI,NUM_ILLESI,Longitudine,Latitudine,Confermato,Progressivo,TipoVeicolo,StatoVeicolo,TipoPersona,Sesso,Tipolesione,Deceduto,DecedutoDopo,CinturaCascoUtilizzato,Airbag,,
3916024,5,13/07/2018 06:45:00,Strada Urbana,VIA DEI CRISPOLTI,all'intersezione con,VIA LUIGI CESANA,VIA LUIGI CESANA,,,Scontro frontale/laterale DX fra veicoli in marcia,Incrocio,Una carreggiata a doppio senso,Asciutto,Asfaltata,Verticale,Sereno,Scarso,Buona,Ore Diurne,0,0,0,2,12.5524,41.9104,-1,4,Autovettura privata,In marcia / fermata / arresto,Conducente,M,Illeso,0,,Non accertato,,,
3916065,20,13/07/2018 08:25:00,Strada Urbana,VIA CASSIA NUOVA,all'intersezione semaforizzata con,VIA ORIOLO ROMANO,VIA ORIOLO ROMANO,,,Scontro frontale/laterale SX fra veicoli in marcia,Intersezione semaforizzata,Una carreggiata a doppio senso,Asciutto,Asfaltata,Verticale ed orizzontale,Sereno,Intenso,Buona,Ore Diurne,1,0,0,1,12.4571,41.9574,-1,1,Motociclo a solo,In marcia / fermata / arresto,Conducente,M,Rimandato,0,NON DECEDUTO,Utilizzato,,,
3916065,20,13/07/2018 08:25:00,Strada Urbana,VIA CASSIA NUOVA,all'intersezione semaforizzata con,VIA ORIOLO ROMANO,VIA ORIOLO ROMANO,,,Scontro frontale/laterale SX fra veicoli in marcia,Intersezione semaforizzata,Una carreggiata a doppio senso,Asciutto,Asfaltata,Verticale ed orizzontale,Sereno,Intenso,Buona,Ore Diurne,1,0,0,1,12.4571,41.9574,-1,2,Autovettura privata,In marcia / fermata / arresto,Conducente,M,Illeso,0,,Non accertato,Inesploso,,
3916098,7,13/07/2018 08:20:00,Strada Urbana,VIA DI TOR CERVARA,all'intersezione con,VIA ALESSANDRO MAGNASCO,VIA ALESSANDRO MAGNASCO,,,Scontro laterale fra veicoli in marcia,Incrocio,Due carreggiate,Asciutto,Asfaltata,Orizzontale,Sereno,Normale,Buona,Ore Diurne,0,0,0,2,12.5884,41.9092,-1,1,Autovettura privata,In marcia / fermata / arresto,Conducente,M,Illeso,0,,Non accertato,Inesploso,,
3916098,7,13/07/2018 08:20:00,Strada Urbana,VIA DI TOR CERVARA,all'intersezione con,VIA ALESSANDRO MAGNASCO,VIA ALESSANDRO MAGNASCO,,,Scontro laterale fra veicoli in marcia,Incrocio,Due carreggiate,Asciutto,Asfaltata,Orizzontale,Sereno,Normale,Buona,Ore Diurne,0,0,0,2,12.5884,41.9092,-1,2,Motociclo a solo,In marcia / fermata / arresto,Conducente,M,Illeso,0,,,,,
3916101,1,12/07/2018 19:30:00,Strada Urbana,VIA SICILIA,all'intersezione con,VIA PUGLIE,VIA PUGLIE,,,Scontro frontale/laterale DX fra veicoli in marcia,Incrocio,Una carreggiata a senso unico di marcia,Asciutto,Asfaltata,Verticale ed orizzontale,Sereno,Normale,Buona,Ore Diurne,1,0,0,2,12.4955,41.9097,-1,1,Motociclo a solo,In marcia / fermata / arresto,Conducente,M,Rifiuta cure immediate,0,NON DECEDUTO,Non accertato,,,
3916101,1,12/07/2018 19:30:00,Strada Urbana,VIA SICILIA,all'intersezione con,VIA PUGLIE,VIA PUGLIE,,,Scontro frontale/laterale DX fra veicoli in marcia,Incrocio,Una carreggiata a senso unico di marcia,Asciutto,Asfaltata,Verticale ed orizzontale,Sereno,Normale,Buona,Ore Diurne,1,0,0,2,12.4955,41.9097,-1,2,Autovettura privata,In marcia / fermata / arresto,Conducente,M,Illeso,0,,Non accertato,Inesploso,,
3916101,1,12/07/2018 19:30:00,Strada Urbana,VIA SICILIA,all'intersezione con,VIA PUGLIE,VIA PUGLIE,,,Scontro frontale/laterale DX fra veicoli in marcia,Incrocio,Una carreggiata a senso unico di marcia,Asciutto,Asfaltata,Verticale ed orizzontale,Sereno,Normale,Buona,Ore Diurne,1,0,0,2,12.4955,41.9097,-1,2,Autovettura privata,In marcia / fermata / arresto,Passeggero,F,Illeso,0,,,,,
3916104,17,12/07/2018 20:55:00,Strada Urbana,VIALE DELLE MILIZIE,all'intersezione con,VIA OTRANTO,VIA OTRANTO,,,Scontro laterale fra veicoli in marcia,Incrocio,Pi� di due carreggiate,Asciutto,Asfaltata,Verticale ed orizzontale,Nebbia,Intenso,Buona,Sufficiente,1,0,0,2,12.4569,41.911,0,1,Autovettura privata,In marcia / fermata / arresto,Conducente,M,Illeso,0,,,,,
3916104,17,12/07/2018 20:55:00,Strada Urbana,VIALE DELLE MILIZIE,all'intersezione con,VIA OTRANTO,VIA OTRANTO,,,Scontro laterale fra veicoli in marcia,Incrocio,Pi� di due carreggiate,Asciutto,Asfaltata,Verticale ed orizzontale,Nebbia,Intenso,Buona,Sufficiente,1,0,0,2,12.4569,41.911,0,1,Autovettura privata,In marcia / fermata / arresto,Passeggero,F,Illeso,0,,,,,
3916104,17,12/07/2018 20:55:00,Strada Urbana,VIALE DELLE MILIZIE,all'intersezione con,VIA OTRANTO,VIA OTRANTO,,,Scontro laterale fra veicoli in marcia,Incrocio,Pi� di due carreggiate,Asciutto,Asfaltata,Verticale ed orizzontale,Nebbia,Intenso,Buona,Sufficiente,1,0,0,2,12.4569,41.911,0,2,Autovettura privata,In marcia / fermata / arresto,Conducente,M,Rimandato,0,NON DECEDUTO,,,,
3916134,13,12/07/2018 16:10:00,Strada Urbana,VIA DELLA VERBENA,all'intersezione con,VIA DELLA SALVIA,VIA DELLA SALVIA,,,Scontro frontale/laterale SX fra veicoli in marcia,Incrocio,Una carreggiata a senso unico di marcia,Asciutto,Asfaltata,Verticale ed orizzontale,Sereno,Normale,Buona,Ore Diurne,2,0,0,0,12.3622,41.7856,-1,1,Autovettura privata,In marcia / fermata / arresto,Conducente,M,Rifiuta cure immediate,0,NON DECEDUTO,Non accertato,Esploso,,
3916134,13,12/07/2018 16:10:00,Strada Urbana,VIA DELLA VERBENA,all'intersezione con,VIA DELLA SALVIA,VIA DELLA SALVIA,,,Scontro frontale/laterale SX fra veicoli in marcia,Incrocio,Una carreggiata a senso unico di marcia,Asciutto,Asfaltata,Verticale ed orizzontale,Sereno,Normale,Buona,Ore Diurne,2,0,0,0,12.3622,41.7856,-1,2,Autovettura privata,In marcia / fermata / arresto,Conducente,M,Rimandato,0,NON DECEDUTO,Non accertato,Inesploso,,
3916143,23,11/07/2018 14:30:00,Strada Urbana,VIA CELIO VIBENNA,da specificare,,,,nei pressi di via San Gregorio,Scontro laterale fra veicoli in marcia,Curva a visuale libera,Due carreggiate,Asciutto,Asfaltata,Verticale ed orizzontale,Sereno,Normale,Buona,Ore Diurne,0,0,0,2,12.4919,41.8892,-1,1,Autobus turistico,In marcia / fermata / arresto,Conducente,M,Illeso,0,,Non accertato,Inesploso,,
3916143,23,11/07/2018 14:30:00,Strada Urbana,VIA CELIO VIBENNA,da specificare,,,,nei pressi di via San Gregorio,Scontro laterale fra veicoli in marcia,Curva a visuale libera,Due carreggiate,Asciutto,Asfaltata,Verticale ed orizzontale,Sereno,Normale,Buona,Ore Diurne,0,0,0,2,12.4919,41.8892,-1,2,Autovettura privata,In marcia / fermata / arresto,Conducente,M,Illeso,0,,Non accertato,Inesploso,,
3916154,1,12/07/2018 18:10:00,Strada Urbana,PIAZZA DI PORTA S. PAOLO,all'intersezione con,VIALE GIOTTO,VIALE GIOTTO,,,Scontro laterale fra veicoli in marcia,Incrocio,Una carreggiata a senso unico di marcia,Asciutto,Asfaltata,Verticale ed orizzontale,Sereno,Normale,Buona,Ore Diurne,2,0,0,0,12.4819,41.877,-1,1,Motociclo a solo,In marcia / fermata / arresto,Conducente,M,Rimandato,0,NON DECEDUTO,Non accertato,,,
3916154,1,12/07/2018 18:10:00,Strada Urbana,PIAZZA DI PORTA S. PAOLO,all'intersezione con,VIALE GIOTTO,VIALE GIOTTO,,,Scontro laterale fra veicoli in marcia,Incrocio,Una carreggiata a senso unico di marcia,Asciutto,Asfaltata,Verticale ed orizzontale,Sereno,Normale,Buona,Ore Diurne,2,0,0,0,12.4819,41.877,-1,2,Ciclomotore,In marcia / fermata / arresto,Conducente,M,Rimandato,0,NON DECEDUTO,Non accertato,,,
3916181,23,12/07/2018 23:50:00,Strada Urbana,VIA DI ACILIA,all'intersezione con,VIA ANGELO CANEVARI,VIA ANGELO CANEVARI,,,Scontro frontale/laterale SX fra veicoli in marcia,Intersezione non regolata/non segnalata,Una carreggiata a doppio senso,Asciutto,Asfaltata,Verticale ed orizzontale,Sereno,Scarso,Buona,Sufficiente,1,0,0,3,12.3713,41.7734,-1,1,Autovettura privata,In marcia / fermata / arresto,Conducente,F,Rimandato,0,NON DECEDUTO,Non accertato,Inesploso,,
3916181,23,12/07/2018 23:50:00,Strada Urbana,VIA DI ACILIA,all'intersezione con,VIA ANGELO CANEVARI,VIA ANGELO CANEVARI,,,Scontro frontale/laterale SX fra veicoli in marcia,Intersezione non regolata/non segnalata,Una carreggiata a doppio senso,Asciutto,Asfaltata,Verticale ed orizzontale,Sereno,Scarso,Buona,Sufficiente,1,0,0,3,12.3713,41.7734,-1,2,Autovettura privata,In marcia / fermata / arresto,Conducente,M,Illeso,0,,Non accertato,Inesploso,,
3916181,23,12/07/2018 23:50:00,Strada Urbana,VIA DI ACILIA,all'intersezione con,VIA ANGELO CANEVARI,VIA ANGELO CANEVARI,,,Scontro frontale/laterale SX fra veicoli in marcia,Intersezione non regolata/non segnalata,Una carreggiata a doppio senso,Asciutto,Asfaltata,Verticale ed orizzontale,Sereno,Scarso,Buona,Sufficiente,1,0,0,3,12.3713,41.7734,-1,2,Autovettura privata,In marcia / fermata / arresto,Passeggero,F,Illeso,0,,Non accertato,Inesploso,,
3916181,23,12/07/2018 23:50:00,Strada Urbana,VIA DI ACILIA,all'intersezione con,VIA ANGELO CANEVARI,VIA ANGELO CANEVARI,,,Scontro frontale/laterale SX fra veicoli in marcia,Intersezione non regolata/non segnalata,Una carreggiata a doppio senso,Asciutto,Asfaltata,Verticale ed orizzontale,Sereno,Scarso,Buona,Sufficiente,1,0,0,3,12.3713,41.7734,-1,2,Autovettura privata,In marcia / fermata / arresto,Passeggero,F,Illeso,0,,Non accertato,Inesploso,,
3916194,1,12/07/2018 15:00:00,Strada Urbana,CORSO VITTORIO EMANUELE II,in prossimit�,,del civico n.,314,,Scontro laterale fra veicoli in marcia,Rotatoria,Una carreggiata a doppio senso,Asciutto,Asfaltata,Verticale ed orizzontale,Sereno,Normale,Buona,Ore Diurne,0,0,0,1,12.4661,41.8997,0,1,Autovettura pubblica,In marcia / fermata / arresto,Conducente,M,Illeso,0,,Non accertato,Inesploso,,
3916197,19,13/07/2018 08:55:00,Strada Urbana,VIA DI CASAL DEL MARMO,in corrispondenza,,del civico n.,fc189,,Infortunio per caduta del veicolo,Rettilineo,Una carreggiata a doppio senso,Asciutto,Asfaltata,Verticale,Sereno,Normale,Buona,Ore Diurne,2,0,0,1,12.389,41.9421,-1,,,,Pedone,F,Rifiuta cure immediate,0,NON DECEDUTO,,,,
3916197,19,13/07/2018 08:55:00,Strada Urbana,VIA DI CASAL DEL MARMO,in corrispondenza,,del civico n.,fc189,,Infortunio per caduta del veicolo,Rettilineo,Una carreggiata a doppio senso,Asciutto,Asfaltata,Verticale,Sereno,Normale,Buona,Ore Diurne,2,0,0,1,12.389,41.9421,-1,1,Autovettura privata,In marcia / fermata / arresto,Conducente,F,Illeso,0,,Non accertato,Inesploso,,
3916197,19,13/07/2018 08:55:00,Strada Urbana,VIA DI CASAL DEL MARMO,in corrispondenza,,del civico n.,fc189,,Infortunio per caduta del veicolo,Rettilineo,Una carreggiata a doppio senso,Asciutto,Asfaltata,Verticale,Sereno,Normale,Buona,Ore Diurne,2,0,0,1,12.389,41.9421,-1,2,Motociclo a solo,In marcia / fermata / arresto,Conducente,M,Rimandato,0,NON DECEDUTO,Non accertato,,,
3916204,4,12/07/2018 15:40:00,Strada Urbana,VIA UGO OJETTI,all'intersezione con,VIA ARRIGO CAJUMI,VIA ARRIGO CAJUMI,,,Scontro laterale fra veicoli in marcia,Rotatoria,Una carreggiata a senso unico di marcia,Asciutto,Asfaltata,Verticale,Sereno,Scarso,Buona,Ore Diurne,0,0,0,2,12.5548,41.9474,-1,1,Autovettura privata,In marcia / fermata / arresto,Conducente,M,Illeso,0,,,,,
3916204,4,12/07/2018 15:40:00,Strada Urbana,VIA UGO OJETTI,all'intersezione con,VIA ARRIGO CAJUMI,VIA ARRIGO CAJUMI,,,Scontro laterale fra veicoli in marcia,Rotatoria,Una carreggiata a senso unico di marcia,Asciutto,Asfaltata,Verticale,Sereno,Scarso,Buona,Ore Diurne,0,0,0,2,12.5548,41.9474,-1,2,Autovettura privata,In marcia / fermata / arresto,Conducente,M,Illeso,0,,Non accertato,Inesploso,,
3916205,4,12/07/2018 09:30:00,Strada Urbana,VIA DELLA BUFALOTTA,in corrispondenza,,del civico n.,545,,Scontro frontale/laterale DX fra veicoli in marcia,Rettilineo,Una carreggiata a doppio senso,Asciutto,Asfaltata,Verticale ed orizzontale,Sereno,Normale,Buona,Ore Diurne,1,0,0,1,12.546,41.9597,-1,1,Motociclo a solo,In marcia / fermata / arresto,Conducente,M,Rifiuta cure immediate,0,NON DECEDUTO,Non accertato,,,
3916205,4,12/07/2018 09:30:00,Strada Urbana,VIA DELLA BUFALOTTA,in corrispondenza,,del civico n.,545,,Scontro frontale/laterale DX fra veicoli in marcia,Rettilineo,Una carreggiata a doppio senso,Asciutto,Asfaltata,Verticale ed orizzontale,Sereno,Normale,Buona,Ore Diurne,1,0,0,1,12.546,41.9597,-1,2,Autovettura privata,In marcia / fermata / arresto,Conducente,F,Illeso,0,,Non accertato,,,
3916209,18,11/07/2018 09:15:00,Strada Urbana,VIA DI ACQUAFREDDA,da specificare,,,,SVINCOLO AURELIA,Tamponamento,Cavalcavia,Una carreggiata a doppio senso,Asciutto,Asfaltata,Orizzontale,Sereno,Normale,Buona,Ore Diurne,0,0,0,2,12.3956,41.8939,-1,1,Autocarro inferiore 35 q.,In marcia / fermata / arresto,Conducente,M,Illeso,0,,Non accertato,Inesploso,,
3916209,18,11/07/2018 09:15:00,Strada Urbana,VIA DI ACQUAFREDDA,da specificare,,,,SVINCOLO AURELIA,Tamponamento,Cavalcavia,Una carreggiata a doppio senso,Asciutto,Asfaltata,Orizzontale,Sereno,Normale,Buona,Ore Diurne,0,0,0,2,12.3956,41.8939,-1,2,Autovettura privata,In marcia / fermata / arresto,Conducente,M,Illeso,0,,Non accertato,Inesploso,,
3916214,4,12/07/2018 08:30:00,Strada Urbana,VIA MARIO DEL MONACO,in prossimit�,,del civico n.,42,,Scontro laterale fra veicoli in marcia,Rettilineo,Una carreggiata a senso unico di marcia,Asciutto,Asfaltata,Verticale ed orizzontale,Sereno,Scarso,Buona,Ore Diurne,0,0,0,2,12.5196,41.9724,-1,1,Autovettura privata,In marcia / fermata / arresto,Conducente,M,Illeso,0,,,,,
3916214,4,12/07/2018 08:30:00,Strada Urbana,VIA MARIO DEL MONACO,in prossimit�,,del civico n.,42,,Scontro laterale fra veicoli in marcia,Rettilineo,Una carreggiata a senso unico di marcia,Asciutto,Asfaltata,Verticale ed orizzontale,Sereno,Scarso,Buona,Ore Diurne,0,0,0,2,12.5196,41.9724,-1,2,Autovettura privata,In marcia / fermata / arresto,Conducente,M,Illeso,0,,,,,
3916235,4,12/07/2018 13:00:00,Statale,VIA SALARIA,da specificare,,,,ALTEZZA via di valle ricca,Tamponamento Multiplo,Rettilineo,Una carreggiata a doppio senso,Asciutto,Asfaltata,Verticale ed orizzontale,Sereno,Normale,Buona,Ore Diurne,2,0,0,4,12.5589,42.039,-1,1,Autovettura privata,In marcia / fermata / arresto,Conducente,M,Illeso,0,,,,,
3916235,4,12/07/2018 13:00:00,Statale,VIA SALARIA,da specificare,,,,ALTEZZA via di valle ricca,Tamponamento Multiplo,Rettilineo,Una carreggiata a doppio senso,Asciutto,Asfaltata,Verticale ed orizzontale,Sereno,Normale,Buona,Ore Diurne,2,0,0,4,12.5589,42.039,-1,2,Autocarro inferiore 35 q.,In marcia / fermata / arresto,Conducente,F,Illeso,0,,Non accertato,,,
3916235,4,12/07/2018 13:00:00,Statale,VIA SALARIA,da specificare,,,,ALTEZZA via di valle ricca,Tamponamento Multiplo,Rettilineo,Una carreggiata a doppio senso,Asciutto,Asfaltata,Verticale ed orizzontale,Sereno,Normale,Buona,Ore Diurne,2,0,0,4,12.5589,42.039,-1,2,Autocarro inferiore 35 q.,In marcia / fermata / arresto,Passeggero,M,Rifiuta cure immediate,0,NON DECEDUTO,Non accertato,,,
3916235,4,12/07/2018 13:00:00,Statale,VIA SALARIA,da specificare,,,,ALTEZZA via di valle ricca,Tamponamento Multiplo,Rettilineo,Una carreggiata a doppio senso,Asciutto,Asfaltata,Verticale ed orizzontale,Sereno,Normale,Buona,Ore Diurne,2,0,0,4,12.5589,42.039,-1,3,Autovettura privata,In marcia / fermata / arresto,Conducente,M,Illeso,0,,Non accertato,,,
3916235,4,12/07/2018 13:00:00,Statale,VIA SALARIA,da specificare,,,,ALTEZZA via di valle ricca,Tamponamento Multiplo,Rettilineo,Una carreggiata a doppio senso,Asciutto,Asfaltata,Verticale ed orizzontale,Sereno,Normale,Buona,Ore Diurne,2,0,0,4,12.5589,42.039,-1,3,Autovettura privata,In marcia / fermata / arresto,Passeggero,F,Rimandato,0,NON DECEDUTO,Non accertato,,,
3916235,4,12/07/2018 13:00:00,Statale,VIA SALARIA,da specificare,,,,ALTEZZA via di valle ricca,Tamponamento Multiplo,Rettilineo,Una carreggiata a doppio senso,Asciutto,Asfaltata,Verticale ed orizzontale,Sereno,Normale,Buona,Ore Diurne,2,0,0,4,12.5589,42.039,-1,3,Autovettura privata,In marcia / fermata / arresto,Passeggero,F,Illeso,0,,Non accertato,,,
3916241,1,11/07/2018 19:10:00,Strada Urbana,PIAZZA DEL COLOSSEO,da specificare,,,,0,Veicolo in marcia contro ostacolo fisso,Rettilineo,Una carreggiata a doppio senso,Asciutto,Asfaltata,Verticale ed orizzontale,Sereno,Scarso,Buona,Ore Diurne,0,0,0,1,12.4931,41.8907,-1,1,Autovettura privata,In marcia / fermata / arresto,Conducente,F,Illeso,0,,Non accertato,Inesploso,,
3916247,4,12/07/2018 19:45:00,Strada Urbana,PARCO TOR DI QUINTO,in corrispondenza,,del civico n.,111,,Tamponamento,Rettilineo,Due carreggiate,Asciutto,Asfaltata,Orizzontale,Sereno,Normale,Buona,Ore Diurne,0,0,0,2,12.4811,41.9383,-1,1,Autovettura privata,In marcia / fermata / arresto,Conducente,M,Illeso,0,,,,,
3916247,4,12/07/2018 19:45:00,Strada Urbana,PARCO TOR DI QUINTO,in corrispondenza,,del civico n.,111,,Tamponamento,Rettilineo,Due carreggiate,Asciutto,Asfaltata,Orizzontale,Sereno,Normale,Buona,Ore Diurne,0,0,0,2,12.4811,41.9383,-1,2,Autovettura privata,In marcia / fermata / arresto,Conducente,M,Illeso,0,,,,,
3916249,2,13/07/2018 00:35:00,Strada Urbana,CORSO DI FRANCIA,in prossimit�,,del civico n.,253,,Scontro frontale/laterale SX fra veicoli in marcia,Rettilineo,Due carreggiate,Asciutto,Asfaltata,Verticale ed orizzontale,Sereno,Scarso,Buona,Sufficiente,0,0,0,2,12.4694,41.9465,-1,1,Autovettura privata,In marcia / fermata / arresto,Conducente,M,Illeso,0,,,,,
3916249,2,13/07/2018 00:35:00,Strada Urbana,CORSO DI FRANCIA,in prossimit�,,del civico n.,253,,Scontro frontale/laterale SX fra veicoli in marcia,Rettilineo,Due carreggiate,Asciutto,Asfaltata,Verticale ed orizzontale,Sereno,Scarso,Buona,Sufficiente,0,0,0,2,12.4694,41.9465,-1,2,Autovettura di polizia,In marcia / fermata / arresto,Conducente,M,Illeso,0,,,,,
3916250,17,13/07/2018 07:00:00,Strada Urbana,VIA VITTOR PISANI,in prossimit�,,del civico n.,26,,Investimento di pedone,Rettilineo,Una carreggiata a doppio senso,Asciutto,Asfaltata,Verticale ed orizzontale,Sereno,Normale,Buona,Ore Diurne,1,0,0,1,12.4491,41.9083,-1,,,,Pedone,F,Ricoverato,0,NON DECEDUTO,,,,
3916250,17,13/07/2018 07:00:00,Strada Urbana,VIA VITTOR PISANI,in prossimit�,,del civico n.,26,,Investimento di pedone,Rettilineo,Una carreggiata a doppio senso,Asciutto,Asfaltata,Verticale ed orizzontale,Sereno,Normale,Buona,Ore Diurne,1,0,0,1,12.4491,41.9083,-1,1,Autovettura privata,In marcia / fermata / arresto,Conducente,F,Illeso,0,,Non accertato,Inesploso,,
3916253,17,12/07/2018 13:40:00,Strada Urbana,VIA S. PIO X,in corrispondenza,,del civico n.,FR 1,,Scontro laterale fra veicoli in marcia,Rettilineo,Una carreggiata a doppio senso,Asciutto,In cubetti di porfido,Verticale ed orizzontale,Sereno,Normale,Buona,Ore Diurne,1,0,0,1,12.4404,41.9203,-1,1,Autovettura privata,In marcia / fermata / arresto,Conducente,F,Illeso,0,,,,,
3916253,17,12/07/2018 13:40:00,Strada Urbana,VIA S. PIO X,in corrispondenza,,del civico n.,FR 1,,Scontro laterale fra veicoli in marcia,Rettilineo,Una carreggiata a doppio senso,Asciutto,In cubetti di porfido,Verticale ed orizzontale,Sereno,Normale,Buona,Ore Diurne,1,0,0,1,12.4404,41.9203,-1,2,Ciclomotore,In marcia / fermata / arresto,Conducente,F,Rimandato,0,NON DECEDUTO,,,,
3916255,5,13/07/2018 10:25:00,Strada Urbana,LARGO GIOVANNI PITTALUGA,all'intersezione con,VIA ALFONSO TORELLI,VIA ALFONSO TORELLI,,,Scontro frontale/laterale DX fra veicoli in marcia,Intersezione semaforizzata,Due carreggiate,Asciutto,Asfaltata,Verticale ed orizzontale,Sereno,Intenso,Buona,Ore Diurne,0,0,0,2,12.5377,41.8991,-1,1,Autovettura privata,In marcia / fermata / arresto,Conducente,M,Illeso,0,,Non accertato,Inesploso,,
3916255,5,13/07/2018 10:25:00,Strada Urbana,LARGO GIOVANNI PITTALUGA,all'intersezione con,VIA ALFONSO TORELLI,VIA ALFONSO TORELLI,,,Scontro frontale/laterale DX fra veicoli in marcia,Intersezione semaforizzata,Due carreggiate,Asciutto,Asfaltata,Verticale ed orizzontale,Sereno,Intenso,Buona,Ore Diurne,0,0,0,2,12.5377,41.8991,-1,2,Autocarro superiore 35 q.,In marcia / fermata / arresto,Conducente,M,Illeso,0,,Non accertato,Inesploso,,
3916258,1,12/07/2018 21:30:00,Strada Urbana,PIAZZALE DI PONTE MILVIO,all'intersezione semaforizzata con,LARGO MARESCIALLO DIAZ,LARGO MARESCIALLO DIAZ,,,Scontro laterale fra veicoli in marcia,Intersezione semaforizzata,Una carreggiata a senso unico di marcia,Asciutto,Asfaltata,Verticale ed orizzontale,Sereno,Normale,Buona,Sufficiente,0,0,0,4,12.4661,41.9372,-1,1,Autovettura privata,In marcia / fermata / arresto,Conducente,F,Illeso,0,,Non accertato,Inesploso,,
3916258,1,12/07/2018 21:30:00,Strada Urbana,PIAZZALE DI PONTE MILVIO,all'intersezione semaforizzata con,LARGO MARESCIALLO DIAZ,LARGO MARESCIALLO DIAZ,,,Scontro laterale fra veicoli in marcia,Intersezione semaforizzata,Una carreggiata a senso unico di marcia,Asciutto,Asfaltata,Verticale ed orizzontale,Sereno,Normale,Buona,Sufficiente,0,0,0,4,12.4661,41.9372,-1,1,Autovettura privata,In marcia / fermata / arresto,Passeggero,F,Illeso,0,,Non accertato,Inesploso,,
3916258,1,12/07/2018 21:30:00,Strada Urbana,PIAZZALE DI PONTE MILVIO,all'intersezione semaforizzata con,LARGO MARESCIALLO DIAZ,LARGO MARESCIALLO DIAZ,,,Scontro laterale fra veicoli in marcia,Intersezione semaforizzata,Una carreggiata a senso unico di marcia,Asciutto,Asfaltata,Verticale ed orizzontale,Sereno,Normale,Buona,Sufficiente,0,0,0,4,12.4661,41.9372,-1,2,Autocarro inferiore 35 q.,In marcia / fermata / arresto,Conducente,M,Illeso,0,,Non accertato,Inesploso,,
3916262,2,12/07/2018 16:30:00,Strada Urbana,LARGO SOMALIA,all'intersezione con,VIA FELICE ANERIO,VIA FELICE ANERIO,,,Scontro frontale/laterale DX fra veicoli in marcia,Incrocio,Una carreggiata a doppio senso,Asciutto,Asfaltata,Verticale ed orizzontale,Sereno,Normale,Buona,Ore Diurne,0,0,0,2,12.5158,41.9359,-1,1,Autovettura privata,In marcia / fermata / arresto,Conducente,F,Illeso,0,,,,,
3916262,2,12/07/2018 16:30:00,Strada Urbana,LARGO SOMALIA,all'intersezione con,VIA FELICE ANERIO,VIA FELICE ANERIO,,,Scontro frontale/laterale DX fra veicoli in marcia,Incrocio,Una carreggiata a doppio senso,Asciutto,Asfaltata,Verticale ed orizzontale,Sereno,Normale,Buona,Ore Diurne,0,0,0,2,12.5158,41.9359,-1,2,Autovettura privata,In marcia / fermata / arresto,Conducente,F,Illeso,0,,,,,
3916265,2,12/07/2018 18:20:00,Strada Urbana,VIA DI PONTE SALARIO,in prossimit�,,del civico n.,11,,Ribaltamento senza urto contro ostacolo fisso,Rettilineo,Una carreggiata a doppio senso,Asciutto,Asfaltata,Verticale ed orizzontale,Sereno,Normale,Buona,Ore Diurne,2,0,0,1,12.509,41.9331,-1,1,Autovettura privata,In marcia / fermata / arresto,Conducente,M,Illeso,0,,Non accertato,Inesploso,,
3916265,2,12/07/2018 18:20:00,Strada Urbana,VIA DI PONTE SALARIO,in prossimit�,,del civico n.,11,,Ribaltamento senza urto contro ostacolo fisso,Rettilineo,Una carreggiata a doppio senso,Asciutto,Asfaltata,Verticale ed orizzontale,Sereno,Normale,Buona,Ore Diurne,2,0,0,1,12.509,41.9331,-1,2,Motociclo con passeggero,In marcia / fermata / arresto,Conducente,M,Rifiuta cure immediate,0,NON DECEDUTO,Non accertato,,,
3916265,2,12/07/2018 18:20:00,Strada Urbana,VIA DI PONTE SALARIO,in prossimit�,,del civico n.,11,,Ribaltamento senza urto contro ostacolo fisso,Rettilineo,Una carreggiata a doppio senso,Asciutto,Asfaltata,Verticale ed orizzontale,Sereno,Normale,Buona,Ore Diurne,2,0,0,1,12.509,41.9331,-1,2,Motociclo con passeggero,In marcia / fermata / arresto,Passeggero,M,Rifiuta cure immediate,0,NON DECEDUTO,Non accertato,,,
3916274,1,12/07/2018 23:00:00,Strada Urbana,VIA CAVOUR,all'intersezione con,LARGO VISCONTI VENOSTA,LARGO VISCONTI VENOSTA,,,Scontro frontale/laterale SX fra veicoli in marcia,Incrocio,Una carreggiata a doppio senso,Asciutto,Asfaltata,Verticale ed orizzontale,Sereno,Scarso,Sufficiente,Sufficiente,0,0,0,3,12.4935,41.895,-1,1,Autovettura privata,In marcia / fermata / arresto,Conducente,M,Illeso,0,,Non accertato,Inesploso,,
3916274,1,12/07/2018 23:00:00,Strada Urbana,VIA CAVOUR,all'intersezione con,LARGO VISCONTI VENOSTA,LARGO VISCONTI VENOSTA,,,Scontro frontale/laterale SX fra veicoli in marcia,Incrocio,Una carreggiata a doppio senso,Asciutto,Asfaltata,Verticale ed orizzontale,Sereno,Scarso,Sufficiente,Sufficiente,0,0,0,3,12.4935,41.895,-1,1,Autovettura privata,In marcia / fermata / arresto,Passeggero,F,Illeso,0,,Non accertato,Inesploso,,