Protocollo,Gruppo,DataOraIncidente,Localizzazione1,STRADA1,Localizzazione2,STRADA2,Strada02,Chilometrica,DaSpecificare,NaturaIncidente,particolaritastrade,TipoStrada,FondoStradale,Pavimentazione,Segnaletica,CondizioneAtmosferica,Traffico,Visibilita,Illuminazione,NUM_FERITI,NUM_RISERVATA,NUM_MORTI,NUM_ILLESI,Longitudine,Latitudine,Confermato,Progressivo,TipoVeicolo,StatoVeicolo,TipoPersona,Sesso,Tipolesione,Deceduto,DecedutoDopo,CinturaCascoUtilizzato,Airbag,,
3916274,1,12/07/2018 23:00:00,Strada Urbana,VIA CAVOUR,all'intersezione con,LARGO VISCONTI VENOSTA,LARGO VISCONTI VENOSTA,,,Scontro frontale/laterale SX fra veicoli in marcia,Incrocio,Una carreggiata a doppio senso,Asciutto,Asfaltata,Verticale ed orizzontale,Sereno,Scarso,Sufficiente,Sufficiente,0,0,0,3,12.4935,41.895,-1,2,Autovettura pubblica,In marcia / fermata / arresto,Conducente,M,Illeso,0,,Non accertato,Inesploso,,
3916276,18,11/07/2018 20:00:00,Strada Urbana,PIAZZALE GREGORIO VII,in prossimit�,,del civico n.,7,,Scontro laterale fra veicoli in marcia,Rettilineo,Pi� di due carreggiate,Asciutto,Asfaltata,Verticale ed orizzontale,Sereno,Normale,Buona,Ore Diurne,0,0,0,2,12.4511,41.898,-1,1,Autovettura privata,In marcia / fermata / arresto,Conducente,M,Illeso,0,,,,,
3916276,18,11/07/2018 20:00:00,Strada Urbana,PIAZZALE GREGORIO VII,in prossimit�,,del civico n.,7,,Scontro laterale fra veicoli in marcia,Rettilineo,Pi� di due carreggiate,Asciutto,Asfaltata,Verticale ed orizzontale,Sereno,Normale,Buona,Ore Diurne,0,0,0,2,12.4511,41.898,-1,2,Autocarro inferiore 35 q.,In marcia / fermata / arresto,Conducente,M,Illeso,0,,,,,
3916291,18,12/07/2018 09:15:00,Statale,VIA AURELIA,in prossimit�,,della chilometrica,14.7,,Tamponamento,Rettilineo,Due carreggiate,Asciutto,Asfaltata,Verticale ed orizzontale,Sereno,Intenso,Buona,Ore Diurne,0,0,0,2,12.3737,41.8864,-1,1,Autovettura privata,In marcia / fermata / arresto,Conducente,F,Illeso,0,,,,,
3916291,18,12/07/2018 09:15:00,Statale,VIA AURELIA,in prossimit�,,della chilometrica,14.7,,Tamponamento,Rettilineo,Due carreggiate,Asciutto,Asfaltata,Verticale ed orizzontale,Sereno,Intenso,Buona,Ore Diurne,0,0,0,2,12.3737,41.8864,-1,2,Autovettura privata,In marcia / fermata / arresto,Conducente,F,Illeso,0,,,,,
3916310,18,12/07/2018 10:30:00,Strada Urbana,VIA PIETRO UBALDO ANGELETTI,all'intersezione con,VIA ERCOLE COVA,VIA ERCOLE COVA,,,Scontro frontale/laterale SX fra veicoli in marcia,Incrocio,Due carreggiate,Asciutto,Asfaltata,Verticale ed orizzontale,Sereno,Scarso,Buona,Ore Diurne,1,0,0,2,12.3875,41.9095,-1,1,Autocarro inferiore 35 q.,In marcia / fermata / arresto,Conducente,M,Illeso,0,,,,,
3916310,18,12/07/2018 10:30:00,Strada Urbana,VIA PIETRO UBALDO ANGELETTI,all'intersezione con,VIA ERCOLE COVA,VIA ERCOLE COVA,,,Scontro frontale/laterale SX fra veicoli in marcia,Incrocio,Due carreggiate,Asciutto,Asfaltata,Verticale ed orizzontale,Sereno,Scarso,Buona,Ore Diurne,1,0,0,2,12.3875,41.9095,-1,2,Autovettura privata,In marcia / fermata / arresto,Conducente,M,Illeso,0,,,,,
3916310,18,12/07/2018 10:30:00,Strada Urbana,VIA PIETRO UBALDO ANGELETTI,all'intersezione con,VIA ERCOLE COVA,VIA ERCOLE COVA,,,Scontro frontale/laterale SX fra veicoli in marcia,Incrocio,Due carreggiate,Asciutto,Asfaltata,Verticale ed orizzontale,Sereno,Scarso,Buona,Ore Diurne,1,0,0,2,12.3875,41.9095,-1,2,Autovettura privata,In marcia / fermata / arresto,Passeggero,F,Rimandato,0,NON DECEDUTO,,,,
3916314,4,12/07/2018 23:10:00,Strada Urbana,VIALE CARMELO BENE,in corrispondenza,,del civico n.,271b,,Veicolo in marcia contro veicolo in sosta,Curva a visuale libera,Pi� di due carreggiate,Asciutto,Asfaltata,Verticale ed orizzontale,Sereno,Scarso,Buona,Sufficiente,0,0,0,1,12.5323,41.9777,-1,1,Autovettura privata,In marcia / fermata / arresto,Conducente,M,Illeso,0,,Non accertato,Esploso,,
3916315,17,12/07/2018 14:30:00,Strada Urbana,VIALE GIUSEPPE MAZZINI,all'intersezione con,VIA TOMMASO GULLI,VIA TOMMASO GULLI,,,Scontro laterale fra veicoli in marcia,Intersezione stradale segnalata,Due carreggiate,Asciutto,Asfaltata,Verticale ed orizzontale,Sereno,Intenso,Buona,Ore Diurne,0,0,0,2,12.4577,41.9151,-1,1,Autovettura privata,In marcia / fermata / arresto,Conducente,F,Illeso,0,,,,,
3916315,17,12/07/2018 14:30:00,Strada Urbana,VIALE GIUSEPPE MAZZINI,all'intersezione con,VIA TOMMASO GULLI,VIA TOMMASO GULLI,,,Scontro laterale fra veicoli in marcia,Intersezione stradale segnalata,Due carreggiate,Asciutto,Asfaltata,Verticale ed orizzontale,Sereno,Intenso,Buona,Ore Diurne,0,0,0,2,12.4577,41.9151,-1,2,Motociclo a solo,In marcia / fermata / arresto,Conducente,M,Illeso,0,,,,,
3916334,18,12/07/2018 11:20:00,Comunale extraurbana,VIA DI CASTEL DI GUIDO,da specificare,,,,PROSSIMITA' CAVALCAVIA AURELIA,Scontro frontale/laterale DX fra veicoli in marcia,Rettilineo,Una carreggiata a doppio senso,Asciutto,Asfaltata,Verticale ed orizzontale,Sereno,Scarso,Buona,Ore Diurne,1,0,0,1,12.305,41.9018,-1,1,Autovettura privata,In marcia / fermata / arresto,Conducente,M,Illeso,0,,,,,
3916334,18,12/07/2018 11:20:00,Comunale extraurbana,VIA DI CASTEL DI GUIDO,da specificare,,,,PROSSIMITA' CAVALCAVIA AURELIA,Scontro frontale/laterale DX fra veicoli in marcia,Rettilineo,Una carreggiata a doppio senso,Asciutto,Asfaltata,Verticale ed orizzontale,Sereno,Scarso,Buona,Ore Diurne,1,0,0,1,12.305,41.9018,-1,2,Autovettura privata,In marcia / fermata / arresto,Conducente,M,Rimandato,0,NON DECEDUTO,,,,
3916376,18,13/07/2018 11:20:00,Strada Urbana,VIA AURELIA,da specificare,,,,altezza camping aurelia,Scontro laterale fra veicoli in marcia,Rettilineo,Due carreggiate,Asciutto,Asfaltata,Verticale ed orizzontale,Sereno,Normale,Buona,Ore Diurne,0,0,0,3,12.4038,41.8873,-1,1,Autovettura privata,In marcia / fermata / arresto,Conducente,M,Illeso,0,,Non accertato,Inesploso,,
3916376,18,13/07/2018 11:20:00,Strada Urbana,VIA AURELIA,da specificare,,,,altezza camping aurelia,Scontro laterale fra veicoli in marcia,Rettilineo,Due carreggiate,Asciutto,Asfaltata,Verticale ed orizzontale,Sereno,Normale,Buona,Ore Diurne,0,0,0,3,12.4038,41.8873,-1,1,Autovettura privata,In marcia / fermata / arresto,Passeggero,F,Illeso,0,,Non accertato,Inesploso,,
3916376,18,13/07/2018 11:20:00,Strada Urbana,VIA AURELIA,da specificare,,,,altezza camping aurelia,Scontro laterale fra veicoli in marcia,Rettilineo,Due carreggiate,Asciutto,Asfaltata,Verticale ed orizzontale,Sereno,Normale,Buona,Ore Diurne,0,0,0,3,12.4038,41.8873,-1,2,Autocarro inferiore 35 q.,In marcia / fermata / arresto,Conducente,M,Illeso,0,,Non accertato,Inesploso,,
3916389,7,13/07/2018 11:50:00,Strada Urbana,VIA COLLATINA,all'intersezione semaforizzata con,VIA DEGLI ARMENTI,VIA DEGLI ARMENTI,,,Scontro frontale/laterale SX fra veicoli in marcia,Intersezione semaforizzata,Una carreggiata a doppio senso,Asciutto,Asfaltata,Verticale ed orizzontale,Sereno,Intenso,Buona,Ore Diurne,0,0,0,3,12.5855,41.9035,-1,1,Autovettura privata,In marcia / fermata / arresto,Conducente,M,Illeso,0,,Non accertato,Inesploso,,
3916389,7,13/07/2018 11:50:00,Strada Urbana,VIA COLLATINA,all'intersezione semaforizzata con,VIA DEGLI ARMENTI,VIA DEGLI ARMENTI,,,Scontro frontale/laterale SX fra veicoli in marcia,Intersezione semaforizzata,Una carreggiata a doppio senso,Asciutto,Asfaltata,Verticale ed orizzontale,Sereno,Intenso,Buona,Ore Diurne,0,0,0,3,12.5855,41.9035,-1,1,Autovettura privata,In marcia / fermata / arresto,Passeggero,M,Illeso,0,,Non accertato,Inesploso,,
3916389,7,13/07/2018 11:50:00,Strada Urbana,VIA COLLATINA,all'intersezione semaforizzata con,VIA DEGLI ARMENTI,VIA DEGLI ARMENTI,,,Scontro frontale/laterale SX fra veicoli in marcia,Intersezione semaforizzata,Una carreggiata a doppio senso,Asciutto,Asfaltata,Verticale ed orizzontale,Sereno,Intenso,Buona,Ore Diurne,0,0,0,3,12.5855,41.9035,-1,2,Autovettura privata,In marcia / fermata / arresto,Conducente,M,Illeso,0,,Non accertato,Inesploso,,
3916449,20,13/07/2018 10:30:00,Strada Urbana,VIA DELLA GIUSTINIANA,in corrispondenza,,del civico n.,100/B,,Veicolo in marcia contro veicolo fermo,Curva a visuale libera,Una carreggiata a doppio senso,Asciutto,Asfaltata,Verticale ed orizzontale,Sereno,Normale,Buona,Ore Diurne,0,0,0,3,12.4835,42.0038,-1,1,Autovettura privata,In marcia / fermata / arresto,Conducente,M,Illeso,0,,Non accertato,Inesploso,,
3916449,20,13/07/2018 10:30:00,Strada Urbana,VIA DELLA GIUSTINIANA,in corrispondenza,,del civico n.,100/B,,Veicolo in marcia contro veicolo fermo,Curva a visuale libera,Una carreggiata a doppio senso,Asciutto,Asfaltata,Verticale ed orizzontale,Sereno,Normale,Buona,Ore Diurne,0,0,0,3,12.4835,42.0038,-1,2,Autovettura privata,In marcia / fermata / arresto,Conducente,M,Illeso,0,,Non accertato,Inesploso,,
3916449,20,13/07/2018 10:30:00,Strada Urbana,VIA DELLA GIUSTINIANA,in corrispondenza,,del civico n.,100/B,,Veicolo in marcia contro veicolo fermo,Curva a visuale libera,Una carreggiata a doppio senso,Asciutto,Asfaltata,Verticale ed orizzontale,Sereno,Normale,Buona,Ore Diurne,0,0,0,3,12.4835,42.0038,-1,2,Autovettura privata,In marcia / fermata / arresto,Passeggero,M,Illeso,0,,Non accertato,Inesploso,,
3916459,5,13/07/2018 12:35:00,Strada Urbana,VIA IGNAZIO PETTINENGO,in prossimit�,,del civico n.,39,,Tamponamento,Rettilineo,Una carreggiata a senso unico di marcia,Asciutto,Asfaltata,Assente,Sereno,Scarso,Buona,Ore Diurne,0,0,0,2,12.5383,41.9016,-1,1,Autovettura privata,In marcia / fermata / arresto,Conducente,F,Illeso,0,,Non accertato,Inesistente,,
3916459,5,13/07/2018 12:35:00,Strada Urbana,VIA IGNAZIO PETTINENGO,in prossimit�,,del civico n.,39,,Tamponamento,Rettilineo,Una carreggiata a senso unico di marcia,Asciutto,Asfaltata,Assente,Sereno,Scarso,Buona,Ore Diurne,0,0,0,2,12.5383,41.9016,-1,2,Motociclo a solo,In marcia / fermata / arresto,Conducente,M,Illeso,0,,Non accertato,,,
3916540,18,12/07/2018 14:50:00,Statale entro l'abitato,VIA AURELIA,in prossimit�,,del civico n.,465,,Tamponamento,Rettilineo,Due carreggiate,Asciutto,Asfaltata,Assente,Sereno,Intenso,Buona,Ore Diurne,0,0,0,2,12.4282,41.8984,-1,1,Autovettura privata,In marcia / fermata / arresto,Conducente,F,Illeso,0,,Non accertato,Inesploso,,
3916540,18,12/07/2018 14:50:00,Statale entro l'abitato,VIA AURELIA,in prossimit�,,del civico n.,465,,Tamponamento,Rettilineo,Due carreggiate,Asciutto,Asfaltata,Assente,Sereno,Intenso,Buona,Ore Diurne,0,0,0,2,12.4282,41.8984,-1,2,Autovettura privata,In marcia / fermata / arresto,Conducente,M,Illeso,0,,Non accertato,Inesploso,,
3916558,10,13/07/2018 07:35:00,Statale,VIA APPIA NUOVA,in prossimit�,,del civico n.,1269,,Scontro laterale fra veicoli in marcia,Rettilineo,Due carreggiate,Asciutto,Asfaltata,Verticale ed orizzontale,Sereno,Intenso,Buona,Ore Diurne,2,0,0,2,12.5725,41.8147,-1,1,Autovettura privata,In marcia / fermata / arresto,Conducente,M,Illeso,0,,Non accertato,Inesploso,,
3916558,10,13/07/2018 07:35:00,Statale,VIA APPIA NUOVA,in prossimit�,,del civico n.,1269,,Scontro laterale fra veicoli in marcia,Rettilineo,Due carreggiate,Asciutto,Asfaltata,Verticale ed orizzontale,Sereno,Intenso,Buona,Ore Diurne,2,0,0,2,12.5725,41.8147,-1,1,Autovettura privata,In marcia / fermata / arresto,Passeggero,F,Illeso,0,,Non accertato,Inesploso,,
3916558,10,13/07/2018 07:35:00,Statale,VIA APPIA NUOVA,in prossimit�,,del civico n.,1269,,Scontro laterale fra veicoli in marcia,Rettilineo,Due carreggiate,Asciutto,Asfaltata,Verticale ed orizzontale,Sereno,Intenso,Buona,Ore Diurne,2,0,0,2,12.5725,41.8147,-1,2,Motociclo con passeggero,In marcia / fermata / arresto,Conducente,M,Rimandato,0,NON DECEDUTO,,,,
3916558,10,13/07/2018 07:35:00,Statale,VIA APPIA NUOVA,in prossimit�,,del civico n.,1269,,Scontro laterale fra veicoli in marcia,Rettilineo,Due carreggiate,Asciutto,Asfaltata,Verticale ed orizzontale,Sereno,Intenso,Buona,Ore Diurne,2,0,0,2,12.5725,41.8147,-1,2,Motociclo con passeggero,In marcia / fermata / arresto,Passeggero,F,Rimandato,0,NON DECEDUTO,Non accertato,,,
3916570,18,12/07/2018 19:10:00,Strada Urbana,VIA DI BOCCEA,in corrispondenza,,del civico n.,480,,Scontro laterale fra veicoli in marcia,Curva a visuale libera,Una carreggiata a doppio senso,Asciutto,Asfaltata,Verticale ed orizzontale,Sereno,Normale,Buona,Ore Diurne,1,0,0,1,12.3963,41.9115,-1,1,Autovettura privata,In marcia / fermata / arresto,Conducente,M,Illeso,0,,Non accertato,Inesploso,,
3916570,18,12/07/2018 19:10:00,Strada Urbana,VIA DI BOCCEA,in corrispondenza,,del civico n.,480,,Scontro laterale fra veicoli in marcia,Curva a visuale libera,Una carreggiata a doppio senso,Asciutto,Asfaltata,Verticale ed orizzontale,Sereno,Normale,Buona,Ore Diurne,1,0,0,1,12.3963,41.9115,-1,2,Motociclo a solo,In marcia / fermata / arresto,Conducente,M,Rimandato,0,NON DECEDUTO,Non accertato,,,
3916594,18,13/07/2018 01:00:00,Strada Urbana,LUNGOTEVERE PRATI,da specificare,,,,SOTTOPASSO PROSSIMITA' VIA ULPIANO,Ribaltamento senza urto contro ostacolo fisso,Curva a visuale libera,Una carreggiata a senso unico di marcia,Asciutto,Asfaltata,Verticale ed orizzontale,Sereno,Scarso,Buona,Sufficiente,1,0,0,0,12.4731,41.9074,-1,1,Motociclo a solo,In marcia / fermata / arresto,Conducente,F,Rimandato,0,NON DECEDUTO,Non accertato,,,
3916614,3,13/07/2018 04:45:00,Strada Urbana,VIA DEI RAMNI,da specificare,,,,fronte civico 14,Veicolo in marcia contro veicolo in sosta,Rettilineo,Due carreggiate,Asciutto,Asfaltata,Verticale ed orizzontale,Sereno,Scarso,Buona,Sufficiente,0,0,0,2,12.5106,41.899,-1,1,Autovettura privata,In marcia / fermata / arresto,Conducente,M,Illeso,0,,Non accertato,,,
3916614,3,13/07/2018 04:45:00,Strada Urbana,VIA DEI RAMNI,da specificare,,,,fronte civico 14,Veicolo in marcia contro veicolo in sosta,Rettilineo,Due carreggiate,Asciutto,Asfaltata,Verticale ed orizzontale,Sereno,Scarso,Buona,Sufficiente,0,0,0,2,12.5106,41.899,-1,1,Autovettura privata,In marcia / fermata / arresto,Passeggero,F,Illeso,0,,Non accertato,,,
3916620,3,12/07/2018 21:30:00,Strada Urbana,VIALE REGINA ELENA,all'intersezione semaforizzata con,VIALE DELL'UNIVERSITA',VIALE DELL'UNIVERSITA',,,Scontro laterale fra veicoli in marcia,Intersezione semaforizzata,Una carreggiata a doppio senso,Asciutto,Asfaltata,Verticale ed orizzontale,Sereno,Scarso,Buona,Sufficiente,2,0,0,1,12.5156,41.9056,-1,1,Autovettura privata,In marcia / fermata / arresto,Conducente,M,Illeso,0,,Non accertato,Inesploso,,
3916620,3,12/07/2018 21:30:00,Strada Urbana,VIALE REGINA ELENA,all'intersezione semaforizzata con,VIALE DELL'UNIVERSITA',VIALE DELL'UNIVERSITA',,,Scontro laterale fra veicoli in marcia,Intersezione semaforizzata,Una carreggiata a doppio senso,Asciutto,Asfaltata,Verticale ed orizzontale,Sereno,Scarso,Buona,Sufficiente,2,0,0,1,12.5156,41.9056,-1,2,Motociclo con passeggero,In marcia / fermata / arresto,Conducente,M,Rimandato,0,NON DECEDUTO,Non accertato,,,
3916620,3,12/07/2018 21:30:00,Strada Urbana,VIALE REGINA ELENA,all'intersezione semaforizzata con,VIALE DELL'UNIVERSITA',VIALE DELL'UNIVERSITA',,,Scontro laterale fra veicoli in marcia,Intersezione semaforizzata,Una carreggiata a doppio senso,Asciutto,Asfaltata,Verticale ed orizzontale,Sereno,Scarso,Buona,Sufficiente,2,0,0,1,12.5156,41.9056,-1,2,Motociclo con passeggero,In marcia / fermata / arresto,Passeggero,M,Rifiuta cure immediate,0,NON DECEDUTO,Non accertato,,,
3916647,3,12/07/2018 21:05:00,Strada Urbana,VIA NOMENTANA,all'intersezione semaforizzata con,VIALE REGINA MARGHERITA,VIALE REGINA MARGHERITA,,,Scontro laterale fra veicoli in marcia,Intersezione semaforizzata,Pi� di due carreggiate,Asciutto,Asfaltata,Verticale ed orizzontale,Sereno,Normale,Buona,Sufficiente,1,0,0,2,12.5066,41.913,-1,1,Autovettura privata,In marcia / fermata / arresto,Conducente,M,Illeso,0,,Non accertato,Inesploso,,
3916647,3,12/07/2018 21:05:00,Strada Urbana,VIA NOMENTANA,all'intersezione semaforizzata con,VIALE REGINA MARGHERITA,VIALE REGINA MARGHERITA,,,Scontro laterale fra veicoli in marcia,Intersezione semaforizzata,Pi� di due carreggiate,Asciutto,Asfaltata,Verticale ed orizzontale,Sereno,Normale,Buona,Sufficiente,1,0,0,2,12.5066,41.913,-1,1,Autovettura privata,In marcia / fermata / arresto,Passeggero,F,Illeso,0,,Non accertato,Inesploso,,
3916647,3,12/07/2018 21:05:00,Strada Urbana,VIA NOMENTANA,all'intersezione semaforizzata con,VIALE REGINA MARGHERITA,VIALE REGINA MARGHERITA,,,Scontro laterale fra veicoli in marcia,Intersezione semaforizzata,Pi� di due carreggiate,Asciutto,Asfaltata,Verticale ed orizzontale,Sereno,Normale,Buona,Sufficiente,1,0,0,2,12.5066,41.913,-1,2,Motociclo a solo,In marcia / fermata / arresto,Conducente,M,Rimandato,0,NON DECEDUTO,Non accertato,,,
3916648,9,13/07/2018 12:30:00,Strada Urbana,VIA ACAIA,all'intersezione semaforizzata con,VIA SATRICO,VIA SATRICO,,,Scontro laterale fra veicoli in marcia,Intersezione semaforizzata,Una carreggiata a doppio senso,Asciutto,Asfaltata,Verticale ed orizzontale,Sereno,Normale,Buona,Ore Diurne,1,0,0,1,12.5082,41.8768,-1,1,Autovettura privata,In marcia / fermata / arresto,Conducente,M,Illeso,0,,Utilizzato,Inesploso,,
3916648,9,13/07/2018 12:30:00,Strada Urbana,VIA ACAIA,all'intersezione semaforizzata con,VIA SATRICO,VIA SATRICO,,,Scontro laterale fra veicoli in marcia,Intersezione semaforizzata,Una carreggiata a doppio senso,Asciutto,Asfaltata,Verticale ed orizzontale,Sereno,Normale,Buona,Ore Diurne,1,0,0,1,12.5082,41.8768,-1,2,Motociclo a solo,In marcia / fermata / arresto,Conducente,M,Rimandato,0,NON DECEDUTO,Utilizzato,,,
3916691,2,13/07/2018 09:45:00,Strada Urbana,VIA GEROLAMO FRESCOBALDI,in corrispondenza,,del civico n.,1,,Veicolo in marcia contro veicolo in sosta,Rettilineo,Una carreggiata a senso unico di marcia,Asciutto,Asfaltata,Verticale,Sereno,Scarso,Buona,Ore Diurne,0,0,0,1,12.4915,41.9178,-1,2,Autovettura privata,In marcia / fermata / arresto,Conducente,M,Illeso,0,,,,,
3916729,3,12/07/2018 16:50:00,Strada Urbana,VIALE DELLO SCALO S. LORENZO,in corrispondenza,,del civico n.,43,,Tamponamento Multiplo,Rettilineo,Pi� di due carreggiate,Asciutto,Asfaltata,Verticale ed orizzontale,Sereno,Normale,Buona,Ore Diurne,1,0,0,3,12.5173,41.895,-1,1,Autovettura privata,In marcia / fermata / arresto,Conducente,M,Illeso,0,,Non accertato,Inesploso,,
3916729,3,12/07/2018 16:50:00,Strada Urbana,VIALE DELLO SCALO S. LORENZO,in corrispondenza,,del civico n.,43,,Tamponamento Multiplo,Rettilineo,Pi� di due carreggiate,Asciutto,Asfaltata,Verticale ed orizzontale,Sereno,Normale,Buona,Ore Diurne,1,0,0,3,12.5173,41.895,-1,2,Autovettura privata,In marcia / fermata / arresto,Conducente,M,Illeso,0,,Non accertato,Inesploso,,
3916729,3,12/07/2018 16:50:00,Strada Urbana,VIALE DELLO SCALO S. LORENZO,in corrispondenza,,del civico n.,43,,Tamponamento Multiplo,Rettilineo,Pi� di due carreggiate,Asciutto,Asfaltata,Verticale ed orizzontale,Sereno,Normale,Buona,Ore Diurne,1,0,0,3,12.5173,41.895,-1,2,Autovettura privata,In marcia / fermata / arresto,Passeggero,F,Rimandato,0,NON DECEDUTO,Non accertato,Inesploso,,
3916729,3,12/07/2018 16:50:00,Strada Urbana,VIALE DELLO SCALO S. LORENZO,in corrispondenza,,del civico n.,43,,Tamponamento Multiplo,Rettilineo,Pi� di due carreggiate,Asciutto,Asfaltata,Verticale ed orizzontale,Sereno,Normale,Buona,Ore Diurne,1,0,0,3,12.5173,41.895,-1,3,Autovettura privata,In marcia / fermata / arresto,Conducente,M,Illeso,0,,Non accertato,Inesploso,,
3916741,3,13/07/2018 09:00:00,Strada Urbana,VIA NOMENTANA,da specificare,,,,civ 147,Scontro laterale fra veicoli in marcia,Rettilineo,Pi� di due carreggiate,Asciutto,Asfaltata,Verticale ed orizzontale,Sereno,Normale,Buona,Ore Diurne,0,0,0,3,12.5728,41.9579,-1,1,Autovettura di polizia,In marcia / fermata / arresto,Conducente,M,Illeso,0,,Non accertato,Inesploso,,
3916741,3,13/07/2018 09:00:00,Strada Urbana,VIA NOMENTANA,da specificare,,,,civ 147,Scontro laterale fra veicoli in marcia,Rettilineo,Pi� di due carreggiate,Asciutto,Asfaltata,Verticale ed orizzontale,Sereno,Normale,Buona,Ore Diurne,0,0,0,3,12.5728,41.9579,-1,1,Autovettura di polizia,In marcia / fermata / arresto,Passeggero,M,Illeso,0,,Non accertato,Inesploso,,
3916741,3,13/07/2018 09:00:00,Strada Urbana,VIA NOMENTANA,da specificare,,,,civ 147,Scontro laterale fra veicoli in marcia,Rettilineo,Pi� di due carreggiate,Asciutto,Asfaltata,Verticale ed orizzontale,Sereno,Normale,Buona,Ore Diurne,0,0,0,3,12.5728,41.9579,-1,2,Autovettura privata,In marcia / fermata / arresto,Conducente,M,Illeso,0,,Non accertato,Inesploso,,
3916761,3,13/07/2018 10:40:00,Strada Urbana,VIA TIBURTINA,in corrispondenza,,del civico n.,62,,Veicolo in marcia contro veicolo in sosta,Rettilineo,Due carreggiate,Asciutto,Asfaltata,Verticale ed orizzontale,Sereno,Scarso,Buona,Ore Diurne,0,0,0,1,12.5738,41.9256,-1,2,Autovettura privata,In marcia / fermata / arresto,Conducente,M,Illeso,0,,Non accertato,Inesploso,,
3916781,1,13/07/2018 09:40:00,Strada Urbana,VIA CAVOUR,in corrispondenza,,del civico n.,249,,Veicolo in marcia contro veicolo in sosta,Rettilineo,Una carreggiata a doppio senso,Asciutto,Asfaltata,Verticale ed orizzontale,Sereno,Normale,Buona,Ore Diurne,0,0,0,1,12.4912,41.8943,-1,1,Autogru,In marcia / fermata / arresto,Conducente,M,Illeso,0,,Utilizzato,Inesploso,,
3916877,12,13/07/2018 15:45:00,Provinciale entro l'abitato,VIA DEL MARE,in prossimit�,,della chilometrica,10.1,,Veicolo in marcia contro ostacolo accidentale,Rettilineo,Una carreggiata a doppio senso,Asciutto,Asfaltata,Verticale ed orizzontale,Sereno,Normale,Buona,Ore Diurne,0,0,0,1,12.4632,41.8403,-1,1,Autovettura privata,In marcia / fermata / arresto,Conducente,M,Illeso,0,,Utilizzato,Inesploso,,
3916997,12,13/07/2018 14:15:00,Strada Urbana,VIA NAIROBI,in prossimit�,,del palo luce n.,5,,Veicolo in marcia contro ostacolo accidentale,Curva a visuale libera,Una carreggiata a doppio senso,Asciutto,Asfaltata,Verticale ed orizzontale,Sereno,Normale,Buona,Ore Diurne,0,0,0,2,12.4733,41.8241,-1,1,Autovettura privata,In marcia / fermata / arresto,Conducente,F,Illeso,0,,Utilizzato,Inesploso,,
3916997,12,13/07/2018 14:15:00,Strada Urbana,VIA NAIROBI,in prossimit�,,del palo luce n.,5,,Veicolo in marcia contro ostacolo accidentale,Curva a visuale libera,Una carreggiata a doppio senso,Asciutto,Asfaltata,Verticale ed orizzontale,Sereno,Normale,Buona,Ore Diurne,0,0,0,2,12.4733,41.8241,-1,1,Autovettura privata,In marcia / fermata / arresto,Passeggero,F,Illeso,0,,Utilizzato,Inesploso,,
3917032,10,13/07/2018 12:30:00,Strada Urbana,VIA TUSCOLANA,all'intersezione semaforizzata con,VIALE PALMIRO TOGLIATTI,VIALE PALMIRO TOGLIATTI,,,Scontro frontale/laterale DX fra veicoli in marcia,Intersezione semaforizzata,Due carreggiate,Asciutto,Asfaltata,Verticale ed orizzontale,Sereno,Normale,Buona,Ore Diurne,0,0,0,2,12.5702,41.8525,-1,1,Autovettura privata,In marcia / fermata / arresto,Conducente,M,Illeso,0,,Non accertato,Inesploso,,
3917032,10,13/07/2018 12:30:00,Strada Urbana,VIA TUSCOLANA,all'intersezione semaforizzata con,VIALE PALMIRO TOGLIATTI,VIALE PALMIRO TOGLIATTI,,,Scontro frontale/laterale DX fra veicoli in marcia,Intersezione semaforizzata,Due carreggiate,Asciutto,Asfaltata,Verticale ed orizzontale,Sereno,Normale,Buona,Ore Diurne,0,0,0,2,12.5702,41.8525,-1,1,Autovettura privata,In marcia / fermata / arresto,Passeggero,F,Illeso,0,,Non accertato,Inesploso,,
3917047,10,13/07/2018 11:00:00,Strada Urbana,VIA FILIPPO SERAFINI,all'intersezione con,VIALE BRUNO PELIZZI,VIALE BRUNO PELIZZI,,,Scontro frontale/laterale SX fra veicoli in marcia,Incrocio,Due carreggiate,Asciutto,Asfaltata,Verticale ed orizzontale,Sereno,Normale,Buona,Ore Diurne,0,0,0,3,12.5753,41.8617,-1,1,Autovettura privata,In marcia / fermata / arresto,Conducente,M,Illeso,0,,Non accertato,Inesploso,,
3917047,10,13/07/2018 11:00:00,Strada Urbana,VIA FILIPPO SERAFINI,all'intersezione con,VIALE BRUNO PELIZZI,VIALE BRUNO PELIZZI,,,Scontro frontale/laterale SX fra veicoli in marcia,Incrocio,Due carreggiate,Asciutto,Asfaltata,Verticale ed orizzontale,Sereno,Normale,Buona,Ore Diurne,0,0,0,3,12.5753,41.8617,-1,2,Autovettura privata,In marcia / fermata / arresto,Conducente,F,Illeso,0,,Non accertato,Inesploso,,
3917047,10,13/07/2018 11:00:00,Strada Urbana,VIA FILIPPO SERAFINI,all'intersezione con,VIALE BRUNO PELIZZI,VIALE BRUNO PELIZZI,,,Scontro frontale/laterale SX fra veicoli in marcia,Incrocio,Due carreggiate,Asciutto,Asfaltata,Verticale ed orizzontale,Sereno,Normale,Buona,Ore Diurne,0,0,0,3,12.5753,41.8617,-1,2,Autovettura privata,In marcia / fermata / arresto,Passeggero,F,Illeso,0,,Non accertato,Inesploso,,