Protocollo,Gruppo,DataOraIncidente,Localizzazione1,STRADA1,Localizzazione2,STRADA2,Strada02,Chilometrica,DaSpecificare,NaturaIncidente,particolaritastrade,TipoStrada,FondoStradale,Pavimentazione,Segnaletica,CondizioneAtmosferica,Traffico,Visibilita,Illuminazione,NUM_FERITI,NUM_RISERVATA,NUM_MORTI,NUM_ILLESI,Longitudine,Latitudine,Confermato,Progressivo,TipoVeicolo,StatoVeicolo,TipoPersona,Sesso,Tipolesione,Deceduto,DecedutoDopo,CinturaCascoUtilizzato,Airbag,,
3917480,13,13/07/2018 08:30:00,Strada Urbana,VIA FEDERICO BAZZINI,all'intersezione con,VIA AGOSTINO CHIGI,VIA AGOSTINO CHIGI,,,Scontro laterale fra veicoli in marcia,Incrocio,Una carreggiata a doppio senso,Asciutto,Asfaltata,Verticale,Sereno,Normale,Buona,Ore Diurne,0,0,0,2,12.3083,41.7603,-1,1,Autovettura privata,In marcia / fermata / arresto,Conducente,F,Illeso,0,,,,,
3917480,13,13/07/2018 08:30:00,Strada Urbana,VIA FEDERICO BAZZINI,all'intersezione con,VIA AGOSTINO CHIGI,VIA AGOSTINO CHIGI,,,Scontro laterale fra veicoli in marcia,Incrocio,Una carreggiata a doppio senso,Asciutto,Asfaltata,Verticale,Sereno,Normale,Buona,Ore Diurne,0,0,0,2,12.3083,41.7603,-1,2,Autovettura privata,In marcia / fermata / arresto,Conducente,F,Illeso,0,,,,,
3917481,13,13/07/2018 06:45:00,Strada Urbana,VIA TANCREDI CHIARALUCE,in corrispondenza,,del civico n.,415,,Infortunio per caduta del veicolo,Curva a visuale libera,Una carreggiata a doppio senso,Asciutto,Asfaltata,Verticale,Sereno,Normale,Buona,Ore Diurne,1,0,0,0,12.2774,41.7524,-1,1,Motociclo a solo,In marcia / fermata / arresto,Conducente,M,Rimandato,0,NON DECEDUTO,,,,
3917483,13,13/07/2018 16:00:00,Strada Urbana,VIA TELEMACO SIGNORINI,all'intersezione con,VIA CESARE MACCARI,VIA CESARE MACCARI,,,Scontro frontale/laterale DX fra veicoli in marcia,Incrocio,Una carreggiata a doppio senso,Asciutto,Asfaltata,Verticale ed orizzontale,Sereno,Normale,Buona,Ore Diurne,0,0,0,3,12.3568,41.7757,-1,1,Autovettura privata,In marcia / fermata / arresto,Conducente,M,Illeso,0,,,,,
3917483,13,13/07/2018 16:00:00,Strada Urbana,VIA TELEMACO SIGNORINI,all'intersezione con,VIA CESARE MACCARI,VIA CESARE MACCARI,,,Scontro frontale/laterale DX fra veicoli in marcia,Incrocio,Una carreggiata a doppio senso,Asciutto,Asfaltata,Verticale ed orizzontale,Sereno,Normale,Buona,Ore Diurne,0,0,0,3,12.3568,41.7757,-1,2,Autovettura privata,In marcia / fermata / arresto,Conducente,M,Illeso,0,,,,,
3917483,13,13/07/2018 16:00:00,Strada Urbana,VIA TELEMACO SIGNORINI,all'intersezione con,VIA CESARE MACCARI,VIA CESARE MACCARI,,,Scontro frontale/laterale DX fra veicoli in marcia,Incrocio,Una carreggiata a doppio senso,Asciutto,Asfaltata,Verticale ed orizzontale,Sereno,Normale,Buona,Ore Diurne,0,0,0,3,12.3568,41.7757,-1,3,Autovettura privata,In marcia / fermata / arresto,Conducente,F,Illeso,0,,,,,
3917484,13,13/07/2018 10:30:00,Strada Urbana,VIALE CHARLES LENORMANT,all'intersezione con,VIALE DEI ROMAGNOLI,VIALE DEI ROMAGNOLI,,,Fuoriuscita dalla sede stradale,Incrocio,Una carreggiata a doppio senso,Asciutto,Asfaltata,Verticale ed orizzontale,Sereno,Normale,Buona,Ore Diurne,1,0,0,3,12.3293,41.7728,-1,1,Autovettura privata,In marcia / fermata / arresto,Conducente,M,Illeso,0,,Non accertato,Inesploso,,
3917484,13,13/07/2018 10:30:00,Strada Urbana,VIALE CHARLES LENORMANT,all'intersezione con,VIALE DEI ROMAGNOLI,VIALE DEI ROMAGNOLI,,,Fuoriuscita dalla sede stradale,Incrocio,Una carreggiata a doppio senso,Asciutto,Asfaltata,Verticale ed orizzontale,Sereno,Normale,Buona,Ore Diurne,1,0,0,3,12.3293,41.7728,-1,1,Autovettura privata,In marcia / fermata / arresto,Passeggero,M,Illeso,0,,Non accertato,Inesploso,,
3917484,13,13/07/2018 10:30:00,Strada Urbana,VIALE CHARLES LENORMANT,all'intersezione con,VIALE DEI ROMAGNOLI,VIALE DEI ROMAGNOLI,,,Fuoriuscita dalla sede stradale,Incrocio,Una carreggiata a doppio senso,Asciutto,Asfaltata,Verticale ed orizzontale,Sereno,Normale,Buona,Ore Diurne,1,0,0,3,12.3293,41.7728,-1,1,Autovettura privata,In marcia / fermata / arresto,Passeggero,F,Illeso,0,,Non accertato,Inesploso,,
3917484,13,13/07/2018 10:30:00,Strada Urbana,VIALE CHARLES LENORMANT,all'intersezione con,VIALE DEI ROMAGNOLI,VIALE DEI ROMAGNOLI,,,Fuoriuscita dalla sede stradale,Incrocio,Una carreggiata a doppio senso,Asciutto,Asfaltata,Verticale ed orizzontale,Sereno,Normale,Buona,Ore Diurne,1,0,0,3,12.3293,41.7728,-1,2,Motociclo a solo,In marcia / fermata / arresto,Conducente,M,Rimandato,0,NON DECEDUTO,Non accertato,,,
3917487,13,13/07/2018 16:50:00,Strada Urbana,VIA LITORANEA,da specificare,,,,altezza cancello n. 3,Tamponamento,Rettilineo,Una carreggiata a doppio senso,Asciutto,Asfaltata,Verticale ed orizzontale,Sereno,Normale,Buona,Ore Diurne,2,0,0,1,12.3734,41.6877,-1,1,Autovettura privata,In marcia / fermata / arresto,Conducente,M,Illeso,0,,Non accertato,Inesploso,,
3917487,13,13/07/2018 16:50:00,Strada Urbana,VIA LITORANEA,da specificare,,,,altezza cancello n. 3,Tamponamento,Rettilineo,Una carreggiata a doppio senso,Asciutto,Asfaltata,Verticale ed orizzontale,Sereno,Normale,Buona,Ore Diurne,2,0,0,1,12.3734,41.6877,-1,2,Autovettura privata,In marcia / fermata / arresto,Conducente,M,Rimandato,0,NON DECEDUTO,Non accertato,Inesploso,,
3917487,13,13/07/2018 16:50:00,Strada Urbana,VIA LITORANEA,da specificare,,,,altezza cancello n. 3,Tamponamento,Rettilineo,Una carreggiata a doppio senso,Asciutto,Asfaltata,Verticale ed orizzontale,Sereno,Normale,Buona,Ore Diurne,2,0,0,1,12.3734,41.6877,-1,2,Autovettura privata,In marcia / fermata / arresto,Passeggero,F,Rimandato,0,NON DECEDUTO,Non accertato,Inesploso,,
3917493,13,13/07/2018 14:45:00,Strada Urbana,VIALE CAPITAN CONSALVO,da specificare,,,,in corrispondenza Via A. Saracini,Tamponamento Multiplo,Rettilineo,Una carreggiata a doppio senso,Asciutto,Asfaltata,Verticale ed orizzontale,Sereno,Normale,Buona,Ore Diurne,2,0,0,6,12.2784,41.7325,-1,1,Autovettura privata,In marcia / fermata / arresto,Conducente,M,Illeso,0,,,,,
3917493,13,13/07/2018 14:45:00,Strada Urbana,VIALE CAPITAN CONSALVO,da specificare,,,,in corrispondenza Via A. Saracini,Tamponamento Multiplo,Rettilineo,Una carreggiata a doppio senso,Asciutto,Asfaltata,Verticale ed orizzontale,Sereno,Normale,Buona,Ore Diurne,2,0,0,6,12.2784,41.7325,-1,1,Autovettura privata,In marcia / fermata / arresto,Passeggero,M,Illeso,0,,,,,
3917493,13,13/07/2018 14:45:00,Strada Urbana,VIALE CAPITAN CONSALVO,da specificare,,,,in corrispondenza Via A. Saracini,Tamponamento Multiplo,Rettilineo,Una carreggiata a doppio senso,Asciutto,Asfaltata,Verticale ed orizzontale,Sereno,Normale,Buona,Ore Diurne,2,0,0,6,12.2784,41.7325,-1,1,Autovettura privata,In marcia / fermata / arresto,Passeggero,M,Illeso,0,,,,,
3917493,13,13/07/2018 14:45:00,Strada Urbana,VIALE CAPITAN CONSALVO,da specificare,,,,in corrispondenza Via A. Saracini,Tamponamento Multiplo,Rettilineo,Una carreggiata a doppio senso,Asciutto,Asfaltata,Verticale ed orizzontale,Sereno,Normale,Buona,Ore Diurne,2,0,0,6,12.2784,41.7325,-1,1,Autovettura privata,In marcia / fermata / arresto,Passeggero,M,Illeso,0,,,,,
3917493,13,13/07/2018 14:45:00,Strada Urbana,VIALE CAPITAN CONSALVO,da specificare,,,,in corrispondenza Via A. Saracini,Tamponamento Multiplo,Rettilineo,Una carreggiata a doppio senso,Asciutto,Asfaltata,Verticale ed orizzontale,Sereno,Normale,Buona,Ore Diurne,2,0,0,6,12.2784,41.7325,-1,1,Autovettura privata,In marcia / fermata / arresto,Passeggero,M,Rimandato,0,NON DECEDUTO,,,,
3917493,13,13/07/2018 14:45:00,Strada Urbana,VIALE CAPITAN CONSALVO,da specificare,,,,in corrispondenza Via A. Saracini,Tamponamento Multiplo,Rettilineo,Una carreggiata a doppio senso,Asciutto,Asfaltata,Verticale ed orizzontale,Sereno,Normale,Buona,Ore Diurne,2,0,0,6,12.2784,41.7325,-1,2,Autovettura privata,In marcia / fermata / arresto,Conducente,F,Illeso,0,,,,,
3917493,13,13/07/2018 14:45:00,Strada Urbana,VIALE CAPITAN CONSALVO,da specificare,,,,in corrispondenza Via A. Saracini,Tamponamento Multiplo,Rettilineo,Una carreggiata a doppio senso,Asciutto,Asfaltata,Verticale ed orizzontale,Sereno,Normale,Buona,Ore Diurne,2,0,0,6,12.2784,41.7325,-1,2,Autovettura privata,In marcia / fermata / arresto,Passeggero,F,Rimandato,0,NON DECEDUTO,,,,
3917493,13,13/07/2018 14:45:00,Strada Urbana,VIALE CAPITAN CONSALVO,da specificare,,,,in corrispondenza Via A. Saracini,Tamponamento Multiplo,Rettilineo,Una carreggiata a doppio senso,Asciutto,Asfaltata,Verticale ed orizzontale,Sereno,Normale,Buona,Ore Diurne,2,0,0,6,12.2784,41.7325,-1,3,Autovettura privata,In marcia / fermata / arresto,Conducente,F,Illeso,0,,,,,
3917495,13,13/07/2018 09:15:00,Strada Urbana,VIA DELLE ALGHE,all'intersezione con,VIA GIAMPIETRO FERRARI,VIA GIAMPIETRO FERRARI,,,Scontro frontale/laterale DX fra veicoli in marcia,Intersezione stradale segnalata,Una carreggiata a doppio senso,Asciutto,Asfaltata,Assente,Sereno,Normale,Buona,Ore Diurne,0,0,0,4,12.3576,41.7846,-1,1,Autovettura privata,In marcia / fermata / arresto,Conducente,F,Illeso,0,,Non accertato,Esploso,,
3917495,13,13/07/2018 09:15:00,Strada Urbana,VIA DELLE ALGHE,all'intersezione con,VIA GIAMPIETRO FERRARI,VIA GIAMPIETRO FERRARI,,,Scontro frontale/laterale DX fra veicoli in marcia,Intersezione stradale segnalata,Una carreggiata a doppio senso,Asciutto,Asfaltata,Assente,Sereno,Normale,Buona,Ore Diurne,0,0,0,4,12.3576,41.7846,-1,2,Autovettura privata,In marcia / fermata / arresto,Conducente,M,Illeso,0,,Non accertato,Inesploso,,
3917495,13,13/07/2018 09:15:00,Strada Urbana,VIA DELLE ALGHE,all'intersezione con,VIA GIAMPIETRO FERRARI,VIA GIAMPIETRO FERRARI,,,Scontro frontale/laterale DX fra veicoli in marcia,Intersezione stradale segnalata,Una carreggiata a doppio senso,Asciutto,Asfaltata,Assente,Sereno,Normale,Buona,Ore Diurne,0,0,0,4,12.3576,41.7846,-1,2,Autovettura privata,In marcia / fermata / arresto,Passeggero,M,Illeso,0,,,,,
3917495,13,13/07/2018 09:15:00,Strada Urbana,VIA DELLE ALGHE,all'intersezione con,VIA GIAMPIETRO FERRARI,VIA GIAMPIETRO FERRARI,,,Scontro frontale/laterale DX fra veicoli in marcia,Intersezione stradale segnalata,Una carreggiata a doppio senso,Asciutto,Asfaltata,Assente,Sereno,Normale,Buona,Ore Diurne,0,0,0,4,12.3576,41.7846,-1,2,Autovettura privata,In marcia / fermata / arresto,Passeggero,F,Illeso,0,,,Inesploso,,
3917513,19,13/07/2018 16:30:00,Strada Urbana,VIA TRIONFALE,in corrispondenza,,del civico n.,7146,,Veicolo in marcia contro veicolo in sosta,Rettilineo,Una carreggiata a doppio senso,Asciutto,Asfaltata,Verticale ed orizzontale,Sereno,Normale,Buona,Ore Diurne,0,0,0,1,12.4381,41.9355,-1,1,Autocarro inferiore 35 q.,In marcia / fermata / arresto,Conducente,M,Illeso,0,,,,,
3917521,19,13/07/2018 19:10:00,Strada Urbana,VIA TRIONFALE,all'intersezione con,VIA PIER PAOLO PASOLINI,VIA PIER PAOLO PASOLINI,,,Tamponamento Multiplo,Intersezione stradale segnalata,Una carreggiata a doppio senso,Asciutto,Asfaltata,Verticale ed orizzontale,Sereno,Normale,Buona,Ore Diurne,3,0,0,2,12.4186,41.9443,-1,1,Autovettura privata,In marcia / fermata / arresto,Conducente,F,Rifiuta cure immediate,0,NON DECEDUTO,Non accertato,Inesploso,,
3917521,19,13/07/2018 19:10:00,Strada Urbana,VIA TRIONFALE,all'intersezione con,VIA PIER PAOLO PASOLINI,VIA PIER PAOLO PASOLINI,,,Tamponamento Multiplo,Intersezione stradale segnalata,Una carreggiata a doppio senso,Asciutto,Asfaltata,Verticale ed orizzontale,Sereno,Normale,Buona,Ore Diurne,3,0,0,2,12.4186,41.9443,-1,1,Autovettura privata,In marcia / fermata / arresto,Passeggero,F,Illeso,0,,Non accertato,Inesploso,,
3917521,19,13/07/2018 19:10:00,Strada Urbana,VIA TRIONFALE,all'intersezione con,VIA PIER PAOLO PASOLINI,VIA PIER PAOLO PASOLINI,,,Tamponamento Multiplo,Intersezione stradale segnalata,Una carreggiata a doppio senso,Asciutto,Asfaltata,Verticale ed orizzontale,Sereno,Normale,Buona,Ore Diurne,3,0,0,2,12.4186,41.9443,-1,2,Autovettura privata,In marcia / fermata / arresto,Conducente,M,Rifiuta cure immediate,0,NON DECEDUTO,Non accertato,Inesploso,,
3917521,19,13/07/2018 19:10:00,Strada Urbana,VIA TRIONFALE,all'intersezione con,VIA PIER PAOLO PASOLINI,VIA PIER PAOLO PASOLINI,,,Tamponamento Multiplo,Intersezione stradale segnalata,Una carreggiata a doppio senso,Asciutto,Asfaltata,Verticale ed orizzontale,Sereno,Normale,Buona,Ore Diurne,3,0,0,2,12.4186,41.9443,-1,2,Autovettura privata,In marcia / fermata / arresto,Passeggero,F,Illeso,0,,Non accertato,Inesploso,,
3917521,19,13/07/2018 19:10:00,Strada Urbana,VIA TRIONFALE,all'intersezione con,VIA PIER PAOLO PASOLINI,VIA PIER PAOLO PASOLINI,,,Tamponamento Multiplo,Intersezione stradale segnalata,Una carreggiata a doppio senso,Asciutto,Asfaltata,Verticale ed orizzontale,Sereno,Normale,Buona,Ore Diurne,3,0,0,2,12.4186,41.9443,-1,3,Autovettura privata,In marcia / fermata / arresto,Conducente,F,Rifiuta cure immediate,0,NON DECEDUTO,Non accertato,Inesploso,,
3917536,11,14/07/2018 02:20:00,Strada Urbana,VIALE DEL TINTORETTO,all'intersezione semaforizzata con,VIA ALESSIO BALDOVINETTI,VIA ALESSIO BALDOVINETTI,,,Scontro frontale/laterale DX fra veicoli in marcia,Incrocio,Due carreggiate,Asciutto,Asfaltata,Verticale ed orizzontale,Sereno,Scarso,Buona,Sufficiente,1,0,0,3,12.4948,41.8334,-1,1,Autovettura privata,In marcia / fermata / arresto,Conducente,M,Illeso,0,,Non accertato,Esploso,,
3917536,11,14/07/2018 02:20:00,Strada Urbana,VIALE DEL TINTORETTO,all'intersezione semaforizzata con,VIA ALESSIO BALDOVINETTI,VIA ALESSIO BALDOVINETTI,,,Scontro frontale/laterale DX fra veicoli in marcia,Incrocio,Due carreggiate,Asciutto,Asfaltata,Verticale ed orizzontale,Sereno,Scarso,Buona,Sufficiente,1,0,0,3,12.4948,41.8334,-1,1,Autovettura privata,In marcia / fermata / arresto,Passeggero,F,Illeso,0,,Non accertato,Inesploso,,
3917536,11,14/07/2018 02:20:00,Strada Urbana,VIALE DEL TINTORETTO,all'intersezione semaforizzata con,VIA ALESSIO BALDOVINETTI,VIA ALESSIO BALDOVINETTI,,,Scontro frontale/laterale DX fra veicoli in marcia,Incrocio,Due carreggiate,Asciutto,Asfaltata,Verticale ed orizzontale,Sereno,Scarso,Buona,Sufficiente,1,0,0,3,12.4948,41.8334,-1,2,Autovettura privata,In marcia / fermata / arresto,Conducente,M,Rimandato,0,NON DECEDUTO,Non accertato,Inesploso,,
3917536,11,14/07/2018 02:20:00,Strada Urbana,VIALE DEL TINTORETTO,all'intersezione semaforizzata con,VIA ALESSIO BALDOVINETTI,VIA ALESSIO BALDOVINETTI,,,Scontro frontale/laterale DX fra veicoli in marcia,Incrocio,Due carreggiate,Asciutto,Asfaltata,Verticale ed orizzontale,Sereno,Scarso,Buona,Sufficiente,1,0,0,3,12.4948,41.8334,-1,2,Autovettura privata,In marcia / fermata / arresto,Passeggero,M,Illeso,0,,Non accertato,Esploso,,
3917542,6,13/07/2018 09:30:00,Strada Urbana,VIA GUGLIELMO DEGLI UBERTINI,da specificare,,,,altezza scuola direzione via Roberto Malatesta,Scontro frontale/laterale SX fra veicoli in marcia,Rettilineo,Due carreggiate,Asciutto,Asfaltata,Assente,Sereno,Scarso,Buona,Ore Diurne,0,0,0,2,12.54,41.8893,-1,1,Autovettura privata,In marcia / fermata / arresto,Conducente,M,Illeso,0,,,,,
3917542,6,13/07/2018 09:30:00,Strada Urbana,VIA GUGLIELMO DEGLI UBERTINI,da specificare,,,,altezza scuola direzione via Roberto Malatesta,Scontro frontale/laterale SX fra veicoli in marcia,Rettilineo,Due carreggiate,Asciutto,Asfaltata,Assente,Sereno,Scarso,Buona,Ore Diurne,0,0,0,2,12.54,41.8893,-1,2,Motociclo a solo,In marcia / fermata / arresto,Conducente,M,Illeso,0,,,,,
3917545,6,13/07/2018 22:50:00,Strada Urbana,VIA GALEAZZO ALESSI,da specificare,,,,all'altezza di via BARTOLOMEO GENGA,Veicolo in marcia contro ostacolo accidentale,Rettilineo,Una carreggiata a doppio senso,Asciutto,Asfaltata,Assente,Sereno,Scarso,Sufficiente,Sufficiente,0,0,0,1,12.5349,41.8811,-1,1,Autovettura privata,In marcia / fermata / arresto,Conducente,M,Illeso,0,,,,,
3917549,6,14/07/2018 04:10:00,Strada Urbana,VIA ACHILLE BENEDETTI,in corrispondenza,,del civico n.,12,,Veicolo in marcia contro veicoli in sosta,Rettilineo,Una carreggiata a doppio senso,Asciutto,Asfaltata,Assente,Sereno,Scarso,Sufficiente,Sufficiente,0,0,0,1,12.5437,41.913,-1,2,Autovettura privata,In marcia / fermata / arresto,Conducente,M,Illeso,0,,,,,
3917569,4,13/07/2018 05:40:00,Statale,VIA SALARIA,in corrispondenza,,della chilometrica,20,,Scontro laterale fra veicoli in marcia,Rettilineo,Una carreggiata a doppio senso,Asciutto,Asfaltata,Verticale ed orizzontale,Sereno,Scarso,Sufficiente,Sufficiente,0,0,0,2,12.5637,42.0411,-1,1,Autovettura privata,In marcia / fermata / arresto,Conducente,M,Illeso,0,,,,,
3917569,4,13/07/2018 05:40:00,Statale,VIA SALARIA,in corrispondenza,,della chilometrica,20,,Scontro laterale fra veicoli in marcia,Rettilineo,Una carreggiata a doppio senso,Asciutto,Asfaltata,Verticale ed orizzontale,Sereno,Scarso,Sufficiente,Sufficiente,0,0,0,2,12.5637,42.0411,-1,2,Autovettura privata,In marcia / fermata / arresto,Conducente,M,Illeso,0,,,,,
3917607,10,14/07/2018 09:00:00,Strada Urbana,VIA ANAGNINA,in prossimit�,,del civico n.,203,,Veicolo in marcia contro ostacolo fisso,Rettilineo,Una carreggiata a senso unico di marcia,Asciutto,Asfaltata,Orizzontale,Sereno,Scarso,Buona,Ore Diurne,0,0,0,1,12.6032,41.8259,-1,1,Autovettura privata,In marcia / fermata / arresto,Conducente,F,Illeso,0,,Non accertato,Inesploso,,
3917625,4,13/07/2018 09:20:00,Strada Urbana,VIA LUDOVICO DI BREME,da specificare,,,,area di parcheggio pross f.c. 21,Veicolo in marcia contro veicolo in sosta,Rettilineo,Una carreggiata a doppio senso,Asciutto,Asfaltata,Assente,Sereno,Normale,Buona,Ore Diurne,0,0,0,1,12.5493,41.9468,-1,1,Autovettura privata,In marcia / fermata / arresto,Conducente,F,Illeso,0,,,,,
3917637,16,12/07/2018 07:20:00,,VIA DI BRAVETTA,in prossimit�,,del civico n.,142,,Scontro frontale/laterale DX fra veicoli in marcia,,,,,,,,,,0,0,0,2,,,0,1,Autovettura privata,In marcia / fermata / arresto,Conducente,M,Illeso,0,,,,,
3917637,16,12/07/2018 07:20:00,,VIA DI BRAVETTA,in prossimit�,,del civico n.,142,,Scontro frontale/laterale DX fra veicoli in marcia,,,,,,,,,,0,0,0,2,,,0,2,Autovettura privata,In marcia / fermata / arresto,Conducente,M,Illeso,0,,,,,
3917646,16,12/07/2018 13:40:00,Strada Urbana,VIA ALESSANDRO SANTINI,all'intersezione con,VIA GIUSEPPE VANNI,VIA GIUSEPPE VANNI,,,Scontro laterale fra veicoli in marcia,Incrocio,Una carreggiata a doppio senso,Asciutto,Asfaltata,Verticale ed orizzontale,Sereno,Normale,Buona,Ore Diurne,0,0,0,3,12.3575,41.877,-1,1,Autovettura privata,In marcia / fermata / arresto,Conducente,M,Illeso,0,,Non accertato,Inesploso,,
3917646,16,12/07/2018 13:40:00,Strada Urbana,VIA ALESSANDRO SANTINI,all'intersezione con,VIA GIUSEPPE VANNI,VIA GIUSEPPE VANNI,,,Scontro laterale fra veicoli in marcia,Incrocio,Una carreggiata a doppio senso,Asciutto,Asfaltata,Verticale ed orizzontale,Sereno,Normale,Buona,Ore Diurne,0,0,0,3,12.3575,41.877,-1,2,Autocarro inferiore 35 q.,In marcia / fermata / arresto,Conducente,M,Illeso,0,,Non accertato,Inesploso,,
3917646,16,12/07/2018 13:40:00,Strada Urbana,VIA ALESSANDRO SANTINI,all'intersezione con,VIA GIUSEPPE VANNI,VIA GIUSEPPE VANNI,,,Scontro laterale fra veicoli in marcia,Incrocio,Una carreggiata a doppio senso,Asciutto,Asfaltata,Verticale ed orizzontale,Sereno,Normale,Buona,Ore Diurne,0,0,0,3,12.3575,41.877,-1,2,Autocarro inferiore 35 q.,In marcia / fermata / arresto,Passeggero,M,Illeso,0,,Non accertato,Inesploso,,
3917657,4,13/07/2018 13:50:00,Strada Urbana,VIA DELLA CECCHINA,da specificare,,,,fronte V. F. Sacchetti,139,Scontro laterale fra veicoli in marcia,Rettilineo,Una carreggiata a doppio senso,Asciutto,Asfaltata,Assente,Sereno,Scarso,Buona,Ore Diurne,0,0,0,2,12.5421,41.9476,-1,1,Autovettura privata,In marcia / fermata / arresto,Conducente,F,Illeso,0,,,,
3917657,4,13/07/2018 13:50:00,Strada Urbana,VIA DELLA CECCHINA,da specificare,,,,fronte V. F. Sacchetti,139,Scontro laterale fra veicoli in marcia,Rettilineo,Una carreggiata a doppio senso,Asciutto,Asfaltata,Assente,Sereno,Scarso,Buona,Ore Diurne,0,0,0,2,12.5421,41.9476,-1,2,Autovettura privata,In marcia / fermata / arresto,Conducente,F,Illeso,0,,,,
3917667,16,12/07/2018 16:50:00,Strada Urbana,VIA ROMANO GUERRA,in prossimit�,,del civico n.,60,,Veicolo in marcia contro veicolo in sosta,Rettilineo,Una carreggiata a doppio senso,Asciutto,Asfaltata,Assente,Sereno,Normale,Buona,Ore Diurne,0,0,0,1,12.3514,41.8813,-1,1,Autovettura privata,In marcia / fermata / arresto,Conducente,M,Illeso,0,,Non accertato,Inesploso,,
3917704,4,14/07/2018 00:55:00,Strada Urbana,VIA ARISTIDE GABELLI,in corrispondenza,,del civico n.,30,,Veicolo in marcia contro veicoli in sosta,Rettilineo,Una carreggiata a senso unico di marcia,Asciutto,Asfaltata,Verticale,Sereno,Scarso,Sufficiente,Sufficiente,0,0,0,1,12.4229,41.9425,-1,1,Autovettura privata,In marcia / fermata / arresto,Conducente,M,Illeso,0,,Non accertato,,,
3917738,6,14/07/2018 09:15:00,Strada Urbana,VIA DI VILLA LAURICELLA,in corrispondenza,,del civico n.,6,,Veicolo in marcia contro veicolo in sosta,Rettilineo,Una carreggiata a senso unico di marcia,Asciutto,Asfaltata,Assente,Sereno,Normale,Buona,Ore Diurne,0,0,0,1,12.5368,41.8916,-1,1,Autovettura privata,In marcia / fermata / arresto,Conducente,M,Illeso,0,,Non accertato,Inesploso,,
3917766,16,13/07/2018 16:45:00,Strada Urbana,VIA VITELLIA,all'intersezione con,CLIVO RUTARIO,CLIVO RUTARIO,,,Scontro frontale/laterale SX fra veicoli in marcia,Intersezione stradale segnalata,Una carreggiata a doppio senso,Asciutto,Asfaltata,Verticale ed orizzontale,Sereno,Scarso,Buona,Ore Diurne,1,0,0,1,12.4484,41.8801,-1,1,Motociclo a solo,In marcia / fermata / arresto,Conducente,M,Rimandato,0,NON DECEDUTO,Non accertato,,,
3917766,16,13/07/2018 16:45:00,Strada Urbana,VIA VITELLIA,all'intersezione con,CLIVO RUTARIO,CLIVO RUTARIO,,,Scontro frontale/laterale SX fra veicoli in marcia,Intersezione stradale segnalata,Una carreggiata a doppio senso,Asciutto,Asfaltata,Verticale ed orizzontale,Sereno,Scarso,Buona,Ore Diurne,1,0,0,1,12.4484,41.8801,-1,2,Motociclo a solo,In marcia / fermata / arresto,Conducente,F,Illeso,0,,Non accertato,,,
3917964,20,13/07/2018 18:20:00,Strada Urbana,VIA DI VIGNA STELLUTI,in prossimit�,,del civico n.,154,,Scontro frontale/laterale DX fra veicoli in marcia,Rettilineo,Una carreggiata a doppio senso,Asciutto,Asfaltata,Orizzontale,Sereno,Normale,Buona,Ore Diurne,0,0,0,2,12.4672,41.9472,-1,1,Autovettura privata,In marcia / fermata / arresto,Conducente,M,Illeso,0,,Non accertato,,,
3917964,20,13/07/2018 18:20:00,Strada Urbana,VIA DI VIGNA STELLUTI,in prossimit�,,del civico n.,154,,Scontro frontale/laterale DX fra veicoli in marcia,Rettilineo,Una carreggiata a doppio senso,Asciutto,Asfaltata,Orizzontale,Sereno,Normale,Buona,Ore Diurne,0,0,0,2,12.4672,41.9472,-1,2,Autovettura privata,In marcia / fermata / arresto,Conducente,F,Illeso,0,,Non accertato,Inesploso,,
3918015,20,13/07/2018 13:40:00,Strada Urbana,VIALE DI TOR DI QUINTO,in prossimit�,,del civico n.,114,,Scontro laterale fra veicoli in marcia,Rettilineo,Pi� di due carreggiate,Asciutto,Asfaltata,Orizzontale,Sereno,Intenso,Buona,Ore Diurne,0,0,0,2,12.4863,41.945,-1,1,Autovettura privata,In marcia / fermata / arresto,Conducente,M,Illeso,0,,Non accertato,,,
3918015,20,13/07/2018 13:40:00,Strada Urbana,VIALE DI TOR DI QUINTO,in prossimit�,,del civico n.,114,,Scontro laterale fra veicoli in marcia,Rettilineo,Pi� di due carreggiate,Asciutto,Asfaltata,Orizzontale,Sereno,Intenso,Buona,Ore Diurne,0,0,0,2,12.4863,41.945,-1,2,Autocarro inferiore 35 q.,In marcia / fermata / arresto,Conducente,M,Illeso,0,,Non accertato,,,
3918058,17,12/07/2018 16:00:00,Strada Urbana,VIA PIETRO CAVALLINI,in corrispondenza,,del civico n.,8,,Veicolo in marcia contro veicoli in sosta,Rettilineo,Una carreggiata a senso unico di marcia,Asciutto,Asfaltata,Verticale ed orizzontale,Sereno,Normale,Buona,Ore Diurne,0,0,0,1,12.4727,41.9054,-1,3,Autovettura privata,In marcia / fermata / arresto,Conducente,M,Illeso,0,,,,,
3918069,18,13/07/2018 12:10:00,Strada Urbana,VIA LUDOVICO MICARA,in prossimit�,,del civico n.,32,,Veicolo in marcia contro veicolo in sosta,Rettilineo,Una carreggiata a senso unico di marcia,Asciutto,Asfaltata,Verticale,Sereno,Scarso,Buona,Ore Diurne,0,0,0,1,12.4382,41.8935,-1,1,Autovettura privata,In marcia / fermata / arresto,Conducente,F,Illeso,0,,,,,