Protocollo,Gruppo,DataOraIncidente,Localizzazione1,STRADA1,Localizzazione2,STRADA2,Strada02,Chilometrica,DaSpecificare,NaturaIncidente,particolaritastrade,TipoStrada,FondoStradale,Pavimentazione,Segnaletica,CondizioneAtmosferica,Traffico,Visibilita,Illuminazione,NUM_FERITI,NUM_RISERVATA,NUM_MORTI,NUM_ILLESI,Longitudine,Latitudine,Confermato,Progressivo,TipoVeicolo,StatoVeicolo,TipoPersona,Sesso,Tipolesione,Deceduto,DecedutoDopo,CinturaCascoUtilizzato,Airbag,,
3918085,17,13/07/2018 01:00:00,Strada Urbana,VIA ANASTASIO II,in prossimit�,,del civico n.,357,,Fuoriuscita dalla sede stradale,Rettilineo,Due carreggiate,Asciutto,Asfaltata,Verticale ed orizzontale,Sereno,Normale,Buona,Inesistente,1,0,0,0,12.444,41.9048,-1,1,Autovettura privata,In marcia / fermata / arresto,Conducente,M,Rifiuta cure immediate,0,NON DECEDUTO,,,,
3918091,18,13/07/2018 12:15:00,Strada Urbana,VIA MONTE DEL MARMO,da specificare,,,,ROTATORIA USCITA GRA CASAL DEL MARMO  ,Tamponamento,Rotatoria,Una carreggiata a senso unico di marcia,Asciutto,Asfaltata,Verticale ed orizzontale,Sereno,Scarso,Buona,Ore Diurne,0,0,0,7,12.382,41.9293,-1,1,Autovettura privata,In marcia / fermata / arresto,Conducente,M,Illeso,0,,,,,
3918091,18,13/07/2018 12:15:00,Strada Urbana,VIA MONTE DEL MARMO,da specificare,,,,ROTATORIA USCITA GRA CASAL DEL MARMO  ,Tamponamento,Rotatoria,Una carreggiata a senso unico di marcia,Asciutto,Asfaltata,Verticale ed orizzontale,Sereno,Scarso,Buona,Ore Diurne,0,0,0,7,12.382,41.9293,-1,1,Autovettura privata,In marcia / fermata / arresto,Passeggero,M,Illeso,0,,,,,
3918091,18,13/07/2018 12:15:00,Strada Urbana,VIA MONTE DEL MARMO,da specificare,,,,ROTATORIA USCITA GRA CASAL DEL MARMO  ,Tamponamento,Rotatoria,Una carreggiata a senso unico di marcia,Asciutto,Asfaltata,Verticale ed orizzontale,Sereno,Scarso,Buona,Ore Diurne,0,0,0,7,12.382,41.9293,-1,2,Autovettura privata,In marcia / fermata / arresto,Conducente,M,Illeso,0,,,,,
3918091,18,13/07/2018 12:15:00,Strada Urbana,VIA MONTE DEL MARMO,da specificare,,,,ROTATORIA USCITA GRA CASAL DEL MARMO  ,Tamponamento,Rotatoria,Una carreggiata a senso unico di marcia,Asciutto,Asfaltata,Verticale ed orizzontale,Sereno,Scarso,Buona,Ore Diurne,0,0,0,7,12.382,41.9293,-1,2,Autovettura privata,In marcia / fermata / arresto,Passeggero,F,Illeso,0,,,,,
3918091,18,13/07/2018 12:15:00,Strada Urbana,VIA MONTE DEL MARMO,da specificare,,,,ROTATORIA USCITA GRA CASAL DEL MARMO  ,Tamponamento,Rotatoria,Una carreggiata a senso unico di marcia,Asciutto,Asfaltata,Verticale ed orizzontale,Sereno,Scarso,Buona,Ore Diurne,0,0,0,7,12.382,41.9293,-1,2,Autovettura privata,In marcia / fermata / arresto,Passeggero,M,Illeso,0,,,,,
3918091,18,13/07/2018 12:15:00,Strada Urbana,VIA MONTE DEL MARMO,da specificare,,,,ROTATORIA USCITA GRA CASAL DEL MARMO  ,Tamponamento,Rotatoria,Una carreggiata a senso unico di marcia,Asciutto,Asfaltata,Verticale ed orizzontale,Sereno,Scarso,Buona,Ore Diurne,0,0,0,7,12.382,41.9293,-1,2,Autovettura privata,In marcia / fermata / arresto,Passeggero,F,Illeso,0,,,,,
3918091,18,13/07/2018 12:15:00,Strada Urbana,VIA MONTE DEL MARMO,da specificare,,,,ROTATORIA USCITA GRA CASAL DEL MARMO  ,Tamponamento,Rotatoria,Una carreggiata a senso unico di marcia,Asciutto,Asfaltata,Verticale ed orizzontale,Sereno,Scarso,Buona,Ore Diurne,0,0,0,7,12.382,41.9293,-1,2,Autovettura privata,In marcia / fermata / arresto,Passeggero,F,Illeso,0,,,,,
3918097,13,14/07/2018 06:15:00,Strada Urbana,VIA OSTIENSE,all'intersezione con,VIA ALBI,VIA ALBI,,,Scontro frontale/laterale SX fra veicoli in marcia,Incrocio,Una carreggiata a doppio senso,Asciutto,Asfaltata,Verticale,Sereno,Normale,Buona,Ore Diurne,1,0,0,2,12.4112,41.809,-1,1,Autovettura privata,In marcia / fermata / arresto,Conducente,M,Illeso,0,,Non accertato,Esploso,,
3918097,13,14/07/2018 06:15:00,Strada Urbana,VIA OSTIENSE,all'intersezione con,VIA ALBI,VIA ALBI,,,Scontro frontale/laterale SX fra veicoli in marcia,Incrocio,Una carreggiata a doppio senso,Asciutto,Asfaltata,Verticale,Sereno,Normale,Buona,Ore Diurne,1,0,0,2,12.4112,41.809,-1,1,Autovettura privata,In marcia / fermata / arresto,Passeggero,F,Illeso,0,,Non accertato,Inesploso,,
3918097,13,14/07/2018 06:15:00,Strada Urbana,VIA OSTIENSE,all'intersezione con,VIA ALBI,VIA ALBI,,,Scontro frontale/laterale SX fra veicoli in marcia,Incrocio,Una carreggiata a doppio senso,Asciutto,Asfaltata,Verticale,Sereno,Normale,Buona,Ore Diurne,1,0,0,2,12.4112,41.809,-1,2,Autovettura privata,In marcia / fermata / arresto,Conducente,M,Rimandato,0,NON DECEDUTO,Non accertato,Esploso,,
3918099,13,14/07/2018 07:10:00,Strada Urbana,VIA DOMENICO BAFFIGO,all'intersezione con,VIALE DEL SOMMERGIBILE,VIALE DEL SOMMERGIBILE,,,Scontro frontale/laterale SX fra veicoli in marcia,Incrocio,Una carreggiata a doppio senso,Asciutto,Asfaltata,Verticale,Sereno,Normale,Buona,Ore Diurne,2,0,0,1,12.2583,41.7382,-1,1,Autovettura privata,In marcia / fermata / arresto,Conducente,M,Rimandato,0,NON DECEDUTO,Non accertato,Inesploso,,
3918099,13,14/07/2018 07:10:00,Strada Urbana,VIA DOMENICO BAFFIGO,all'intersezione con,VIALE DEL SOMMERGIBILE,VIALE DEL SOMMERGIBILE,,,Scontro frontale/laterale SX fra veicoli in marcia,Incrocio,Una carreggiata a doppio senso,Asciutto,Asfaltata,Verticale,Sereno,Normale,Buona,Ore Diurne,2,0,0,1,12.2583,41.7382,-1,1,Autovettura privata,In marcia / fermata / arresto,Passeggero,F,Rimandato,0,NON DECEDUTO,Non accertato,Inesploso,,
3918099,13,14/07/2018 07:10:00,Strada Urbana,VIA DOMENICO BAFFIGO,all'intersezione con,VIALE DEL SOMMERGIBILE,VIALE DEL SOMMERGIBILE,,,Scontro frontale/laterale SX fra veicoli in marcia,Incrocio,Una carreggiata a doppio senso,Asciutto,Asfaltata,Verticale,Sereno,Normale,Buona,Ore Diurne,2,0,0,1,12.2583,41.7382,-1,2,Autocarro inferiore 35 q.,In marcia / fermata / arresto,Conducente,M,Illeso,0,,Non accertato,Inesploso,,
3918100,13,14/07/2018 10:13:00,Strada Urbana,PIAZZA ENER BETTICA,all'intersezione con,VIA DANILO STIEPOVICH,VIA DANILO STIEPOVICH,,,Scontro frontale/laterale DX fra veicoli in marcia,Incrocio,Una carreggiata a senso unico di marcia,Asciutto,Asfaltata,Verticale ed orizzontale,Sereno,Normale,Buona,Ore Diurne,0,0,0,2,12.2727,41.7407,-1,1,Motociclo con passeggero,In marcia / fermata / arresto,Conducente,M,Illeso,0,,Non accertato,,,
3918100,13,14/07/2018 10:13:00,Strada Urbana,PIAZZA ENER BETTICA,all'intersezione con,VIA DANILO STIEPOVICH,VIA DANILO STIEPOVICH,,,Scontro frontale/laterale DX fra veicoli in marcia,Incrocio,Una carreggiata a senso unico di marcia,Asciutto,Asfaltata,Verticale ed orizzontale,Sereno,Normale,Buona,Ore Diurne,0,0,0,2,12.2727,41.7407,-1,2,Autovettura privata,In marcia / fermata / arresto,Conducente,M,Illeso,0,,Non accertato,Inesploso,,
3918116,18,14/07/2018 11:00:00,Strada Urbana,VIA DI BOCCEA,in prossimit�,,del civico n.,271,,Veicolo in marcia contro ostacolo fisso,Rettilineo,Una carreggiata a doppio senso,Asciutto,Asfaltata,Verticale ed orizzontale,Sereno,Normale,Buona,Ore Diurne,0,0,0,1,12.4159,41.9032,-1,2,Autovettura privata,In marcia / fermata / arresto,Conducente,M,Illeso,0,,,,,
3918120,18,13/07/2018 20:30:00,Strada Urbana,VIA DI BOCCEA,da specificare,,,,in prossimit� di PIAZZA DEI GIURECONSULTI,Scontro laterale fra veicoli in marcia,Rettilineo,Una carreggiata a doppio senso,Asciutto,Asfaltata,Verticale ed orizzontale,Sereno,Scarso,Buona,Sufficiente,0,0,0,3,12.3847,41.9149,-1,1,Autocarro inferiore 35 q.,In marcia / fermata / arresto,Conducente,M,Illeso,0,,Non accertato,Inesploso,,
3918120,18,13/07/2018 20:30:00,Strada Urbana,VIA DI BOCCEA,da specificare,,,,in prossimit� di PIAZZA DEI GIURECONSULTI,Scontro laterale fra veicoli in marcia,Rettilineo,Una carreggiata a doppio senso,Asciutto,Asfaltata,Verticale ed orizzontale,Sereno,Scarso,Buona,Sufficiente,0,0,0,3,12.3847,41.9149,-1,2,Autovettura privata,In marcia / fermata / arresto,Conducente,M,Illeso,0,,Non accertato,Inesploso,,
3918120,18,13/07/2018 20:30:00,Strada Urbana,VIA DI BOCCEA,da specificare,,,,in prossimit� di PIAZZA DEI GIURECONSULTI,Scontro laterale fra veicoli in marcia,Rettilineo,Una carreggiata a doppio senso,Asciutto,Asfaltata,Verticale ed orizzontale,Sereno,Scarso,Buona,Sufficiente,0,0,0,3,12.3847,41.9149,-1,2,Autovettura privata,In marcia / fermata / arresto,Passeggero,F,Illeso,0,,Non accertato,Inesploso,,
3918134,17,13/07/2018 16:00:00,Strada Urbana,VIA CASSIODORO,all'intersezione con,VIA ORAZIO,VIA ORAZIO,,,Scontro frontale/laterale SX fra veicoli in marcia,Incrocio,Una carreggiata a senso unico di marcia,Asciutto,Asfaltata,Verticale ed orizzontale,Sereno,Normale,Buona,Ore Diurne,0,0,0,3,12.4669,41.9062,-1,1,Autovettura privata,In marcia / fermata / arresto,Conducente,F,Illeso,0,,,,,
3918134,17,13/07/2018 16:00:00,Strada Urbana,VIA CASSIODORO,all'intersezione con,VIA ORAZIO,VIA ORAZIO,,,Scontro frontale/laterale SX fra veicoli in marcia,Incrocio,Una carreggiata a senso unico di marcia,Asciutto,Asfaltata,Verticale ed orizzontale,Sereno,Normale,Buona,Ore Diurne,0,0,0,3,12.4669,41.9062,-1,2,Autovettura privata,In marcia / fermata / arresto,Conducente,M,Illeso,0,,,,,
3918134,17,13/07/2018 16:00:00,Strada Urbana,VIA CASSIODORO,all'intersezione con,VIA ORAZIO,VIA ORAZIO,,,Scontro frontale/laterale SX fra veicoli in marcia,Incrocio,Una carreggiata a senso unico di marcia,Asciutto,Asfaltata,Verticale ed orizzontale,Sereno,Normale,Buona,Ore Diurne,0,0,0,3,12.4669,41.9062,-1,2,Autovettura privata,In marcia / fermata / arresto,Passeggero,M,Illeso,0,,,,,
3918188,17,13/07/2018 17:20:00,Strada Urbana,VIA ANGELO EMO,in corrispondenza,,del civico n.,130,,Scontro laterale fra veicoli in marcia,Rettilineo,Una carreggiata a doppio senso,Asciutto,Asfaltata,Verticale ed orizzontale,Sereno,Normale,Buona,Ore Diurne,0,0,0,2,12.4449,41.9041,-1,1,Autovettura privata,In marcia / fermata / arresto,Conducente,M,Illeso,0,,,,,
3918188,17,13/07/2018 17:20:00,Strada Urbana,VIA ANGELO EMO,in corrispondenza,,del civico n.,130,,Scontro laterale fra veicoli in marcia,Rettilineo,Una carreggiata a doppio senso,Asciutto,Asfaltata,Verticale ed orizzontale,Sereno,Normale,Buona,Ore Diurne,0,0,0,2,12.4449,41.9041,-1,2,Autovettura privata,In marcia / fermata / arresto,Conducente,F,Illeso,0,,,,,
3918203,17,13/07/2018 19:00:00,Strada Urbana,VIA CASSIA,in prossimit�,,del civico n.,715,,Scontro laterale fra veicoli in marcia,Rettilineo,Una carreggiata a senso unico alternato,Asciutto,Asfaltata,Verticale ed orizzontale,Sereno,Normale,Buona,Ore Diurne,1,0,0,1,12.4449,41.9644,-1,1,Autovettura privata,In marcia / fermata / arresto,Conducente,M,Illeso,0,,,,,
3918203,17,13/07/2018 19:00:00,Strada Urbana,VIA CASSIA,in prossimit�,,del civico n.,715,,Scontro laterale fra veicoli in marcia,Rettilineo,Una carreggiata a senso unico alternato,Asciutto,Asfaltata,Verticale ed orizzontale,Sereno,Normale,Buona,Ore Diurne,1,0,0,1,12.4449,41.9644,-1,2,Motociclo a solo,In marcia / fermata / arresto,Conducente,M,Ricoverato,0,NON DECEDUTO,,,,
3918232,17,14/07/2018 04:00:00,Strada Urbana,VIA CRESCENZIO,all'intersezione con,VIA VARRONE,VIA VARRONE,,,Scontro frontale/laterale DX fra veicoli in marcia,Intersezione stradale segnalata,Una carreggiata a doppio senso,Asciutto,In cubetti di porfido,Verticale ed orizzontale,Sereno,Scarso,Buona,Ore Diurne,0,0,0,5,12.4602,41.906,-1,1,Autovettura pubblica,In marcia / fermata / arresto,Conducente,M,Illeso,0,,,,,
3918232,17,14/07/2018 04:00:00,Strada Urbana,VIA CRESCENZIO,all'intersezione con,VIA VARRONE,VIA VARRONE,,,Scontro frontale/laterale DX fra veicoli in marcia,Intersezione stradale segnalata,Una carreggiata a doppio senso,Asciutto,In cubetti di porfido,Verticale ed orizzontale,Sereno,Scarso,Buona,Ore Diurne,0,0,0,5,12.4602,41.906,-1,1,Autovettura pubblica,In marcia / fermata / arresto,Passeggero,M,Illeso,0,,,,,
3918232,17,14/07/2018 04:00:00,Strada Urbana,VIA CRESCENZIO,all'intersezione con,VIA VARRONE,VIA VARRONE,,,Scontro frontale/laterale DX fra veicoli in marcia,Intersezione stradale segnalata,Una carreggiata a doppio senso,Asciutto,In cubetti di porfido,Verticale ed orizzontale,Sereno,Scarso,Buona,Ore Diurne,0,0,0,5,12.4602,41.906,-1,1,Autovettura pubblica,In marcia / fermata / arresto,Passeggero,M,Illeso,0,,,,,
3918232,17,14/07/2018 04:00:00,Strada Urbana,VIA CRESCENZIO,all'intersezione con,VIA VARRONE,VIA VARRONE,,,Scontro frontale/laterale DX fra veicoli in marcia,Intersezione stradale segnalata,Una carreggiata a doppio senso,Asciutto,In cubetti di porfido,Verticale ed orizzontale,Sereno,Scarso,Buona,Ore Diurne,0,0,0,5,12.4602,41.906,-1,2,Autovettura privata,In marcia / fermata / arresto,Conducente,F,Illeso,0,,,,,
3918232,17,14/07/2018 04:00:00,Strada Urbana,VIA CRESCENZIO,all'intersezione con,VIA VARRONE,VIA VARRONE,,,Scontro frontale/laterale DX fra veicoli in marcia,Intersezione stradale segnalata,Una carreggiata a doppio senso,Asciutto,In cubetti di porfido,Verticale ed orizzontale,Sereno,Scarso,Buona,Ore Diurne,0,0,0,5,12.4602,41.906,-1,2,Autovettura privata,In marcia / fermata / arresto,Passeggero,F,Illeso,0,,,,,
3918362,7,13/07/2018 15:30:00,Strada Urbana,VIALE PALMIRO TOGLIATTI,all'intersezione con,VIA ANTONIO SEBASTIANI,VIA ANTONIO SEBASTIANI,,,Scontro laterale fra veicoli in marcia,Incrocio,Una carreggiata a senso unico di marcia,Asciutto,Asfaltata,Verticale ed orizzontale,Sereno,Normale,Buona,Ore Diurne,0,0,0,6,12.5727,41.88,-1,1,Autovettura privata,In marcia / fermata / arresto,Conducente,M,Illeso,0,,Non accertato,Inesploso,,
3918362,7,13/07/2018 15:30:00,Strada Urbana,VIALE PALMIRO TOGLIATTI,all'intersezione con,VIA ANTONIO SEBASTIANI,VIA ANTONIO SEBASTIANI,,,Scontro laterale fra veicoli in marcia,Incrocio,Una carreggiata a senso unico di marcia,Asciutto,Asfaltata,Verticale ed orizzontale,Sereno,Normale,Buona,Ore Diurne,0,0,0,6,12.5727,41.88,-1,1,Autovettura privata,In marcia / fermata / arresto,Passeggero,M,Illeso,0,,Non accertato,Inesploso,,
3918362,7,13/07/2018 15:30:00,Strada Urbana,VIALE PALMIRO TOGLIATTI,all'intersezione con,VIA ANTONIO SEBASTIANI,VIA ANTONIO SEBASTIANI,,,Scontro laterale fra veicoli in marcia,Incrocio,Una carreggiata a senso unico di marcia,Asciutto,Asfaltata,Verticale ed orizzontale,Sereno,Normale,Buona,Ore Diurne,0,0,0,6,12.5727,41.88,-1,1,Autovettura privata,In marcia / fermata / arresto,Passeggero,F,Illeso,0,,Non accertato,Inesploso,,
3918362,7,13/07/2018 15:30:00,Strada Urbana,VIALE PALMIRO TOGLIATTI,all'intersezione con,VIA ANTONIO SEBASTIANI,VIA ANTONIO SEBASTIANI,,,Scontro laterale fra veicoli in marcia,Incrocio,Una carreggiata a senso unico di marcia,Asciutto,Asfaltata,Verticale ed orizzontale,Sereno,Normale,Buona,Ore Diurne,0,0,0,6,12.5727,41.88,-1,2,Autovettura privata,In marcia / fermata / arresto,Conducente,M,Illeso,0,,Non accertato,Inesploso,,
3918362,7,13/07/2018 15:30:00,Strada Urbana,VIALE PALMIRO TOGLIATTI,all'intersezione con,VIA ANTONIO SEBASTIANI,VIA ANTONIO SEBASTIANI,,,Scontro laterale fra veicoli in marcia,Incrocio,Una carreggiata a senso unico di marcia,Asciutto,Asfaltata,Verticale ed orizzontale,Sereno,Normale,Buona,Ore Diurne,0,0,0,6,12.5727,41.88,-1,2,Autovettura privata,In marcia / fermata / arresto,Passeggero,F,Illeso,0,,Non accertato,Inesploso,,
3918362,7,13/07/2018 15:30:00,Strada Urbana,VIALE PALMIRO TOGLIATTI,all'intersezione con,VIA ANTONIO SEBASTIANI,VIA ANTONIO SEBASTIANI,,,Scontro laterale fra veicoli in marcia,Incrocio,Una carreggiata a senso unico di marcia,Asciutto,Asfaltata,Verticale ed orizzontale,Sereno,Normale,Buona,Ore Diurne,0,0,0,6,12.5727,41.88,-1,2,Autovettura privata,In marcia / fermata / arresto,Passeggero,F,Illeso,0,,Non accertato,Inesploso,,
3918393,5,13/07/2018 13:45:00,Strada Urbana,VIA CARLO CANEVA,in corrispondenza,,del civico n.,48,,Veicolo in marcia contro veicolo in sosta,Rettilineo,Una carreggiata a senso unico di marcia,Asciutto,Asfaltata,Orizzontale,Sereno,Scarso,Buona,Ore Diurne,0,0,0,1,12.5367,41.9069,-1,2,Autovettura privata,In marcia / fermata / arresto,Conducente,F,Illeso,0,,Non accertato,Inesploso,,
3918397,5,13/07/2018 17:30:00,Strada Urbana,VIA TIBURTINA,in corrispondenza,,del civico n.,1093,,Scontro laterale fra veicoli in marcia,Rettilineo,Una carreggiata a senso unico di marcia,Asciutto,Asfaltata,Verticale ed orizzontale,Sereno,Intenso,Buona,Ore Diurne,1,0,0,2,12.5869,41.9327,-1,1,Autovettura privata,In marcia / fermata / arresto,Conducente,F,Illeso,0,,Non accertato,,,
3918397,5,13/07/2018 17:30:00,Strada Urbana,VIA TIBURTINA,in corrispondenza,,del civico n.,1093,,Scontro laterale fra veicoli in marcia,Rettilineo,Una carreggiata a senso unico di marcia,Asciutto,Asfaltata,Verticale ed orizzontale,Sereno,Intenso,Buona,Ore Diurne,1,0,0,2,12.5869,41.9327,-1,1,Autovettura privata,In marcia / fermata / arresto,Passeggero,F,Illeso,0,,Non utilizzato,,,
3918397,5,13/07/2018 17:30:00,Strada Urbana,VIA TIBURTINA,in corrispondenza,,del civico n.,1093,,Scontro laterale fra veicoli in marcia,Rettilineo,Una carreggiata a senso unico di marcia,Asciutto,Asfaltata,Verticale ed orizzontale,Sereno,Intenso,Buona,Ore Diurne,1,0,0,2,12.5869,41.9327,-1,2,Motociclo a solo,In marcia / fermata / arresto,Conducente,M,Rimandato,0,NON DECEDUTO,Non accertato,,,
3918400,5,13/07/2018 17:40:00,Strada Urbana,VIA TIBURTINA,all'intersezione con,NUOVA CIRCONVALLAZIONE INTERNA,NUOVA CIRCONVALLAZIONE INTERNA,,,Scontro laterale fra veicoli in marcia,Intersezione stradale segnalata,Una carreggiata a doppio senso,Asciutto,Asfaltata,Verticale ed orizzontale,Sereno,Intenso,Buona,Ore Diurne,0,0,0,3,12.5322,41.9081,-1,1,Autovettura privata,In marcia / fermata / arresto,Conducente,F,Illeso,0,,Non accertato,Inesploso,,
3918400,5,13/07/2018 17:40:00,Strada Urbana,VIA TIBURTINA,all'intersezione con,NUOVA CIRCONVALLAZIONE INTERNA,NUOVA CIRCONVALLAZIONE INTERNA,,,Scontro laterale fra veicoli in marcia,Intersezione stradale segnalata,Una carreggiata a doppio senso,Asciutto,Asfaltata,Verticale ed orizzontale,Sereno,Intenso,Buona,Ore Diurne,0,0,0,3,12.5322,41.9081,-1,2,Autovettura privata,In marcia / fermata / arresto,Conducente,F,Illeso,0,,Non accertato,Inesploso,,
3918400,5,13/07/2018 17:40:00,Strada Urbana,VIA TIBURTINA,all'intersezione con,NUOVA CIRCONVALLAZIONE INTERNA,NUOVA CIRCONVALLAZIONE INTERNA,,,Scontro laterale fra veicoli in marcia,Intersezione stradale segnalata,Una carreggiata a doppio senso,Asciutto,Asfaltata,Verticale ed orizzontale,Sereno,Intenso,Buona,Ore Diurne,0,0,0,3,12.5322,41.9081,-1,2,Autovettura privata,In marcia / fermata / arresto,Passeggero,M,Illeso,0,,Non accertato,Inesploso,,
3918401,5,13/07/2018 21:50:00,Strada Urbana,VIA TIBURTINA,in prossimit�,,del civico n.,713,,Veicolo in marcia contro veicoli in sosta,Rettilineo,Due carreggiate,Asciutto,Asfaltata,Verticale ed orizzontale,Sereno,Scarso,Buona,Sufficiente,0,0,0,2,12.5472,41.9098,-1,1,Autocarro inferiore 35 q.,In marcia / fermata / arresto,Conducente,M,Illeso,0,,Non accertato,Inesploso,,
3918401,5,13/07/2018 21:50:00,Strada Urbana,VIA TIBURTINA,in prossimit�,,del civico n.,713,,Veicolo in marcia contro veicoli in sosta,Rettilineo,Due carreggiate,Asciutto,Asfaltata,Verticale ed orizzontale,Sereno,Scarso,Buona,Sufficiente,0,0,0,2,12.5472,41.9098,-1,1,Autocarro inferiore 35 q.,In marcia / fermata / arresto,Passeggero,M,Illeso,0,,Non accertato,Inesploso,,
3918403,5,14/07/2018 16:00:00,Strada Urbana,VIA VACUNA,all'intersezione con,VIA DEI MONTI DI PIETRALATA,VIA DEI MONTI DI PIETRALATA,,,Scontro frontale/laterale SX fra veicoli in marcia,Incrocio,Una carreggiata a doppio senso,Asciutto,Asfaltata,Verticale ed orizzontale,Sereno,Normale,Buona,Ore Diurne,3,0,0,5,12.5359,41.911,-1,1,Autovettura privata,In marcia / fermata / arresto,Conducente,M,Rimandato,0,NON DECEDUTO,Non accertato,Esploso,,
3918403,5,14/07/2018 16:00:00,Strada Urbana,VIA VACUNA,all'intersezione con,VIA DEI MONTI DI PIETRALATA,VIA DEI MONTI DI PIETRALATA,,,Scontro frontale/laterale SX fra veicoli in marcia,Incrocio,Una carreggiata a doppio senso,Asciutto,Asfaltata,Verticale ed orizzontale,Sereno,Normale,Buona,Ore Diurne,3,0,0,5,12.5359,41.911,-1,1,Autovettura privata,In marcia / fermata / arresto,Passeggero,M,Illeso,0,,Non accertato,Inesploso,,
3918403,5,14/07/2018 16:00:00,Strada Urbana,VIA VACUNA,all'intersezione con,VIA DEI MONTI DI PIETRALATA,VIA DEI MONTI DI PIETRALATA,,,Scontro frontale/laterale SX fra veicoli in marcia,Incrocio,Una carreggiata a doppio senso,Asciutto,Asfaltata,Verticale ed orizzontale,Sereno,Normale,Buona,Ore Diurne,3,0,0,5,12.5359,41.911,-1,1,Autovettura privata,In marcia / fermata / arresto,Passeggero,F,Rimandato,0,NON DECEDUTO,Non accertato,Inesploso,,
3918403,5,14/07/2018 16:00:00,Strada Urbana,VIA VACUNA,all'intersezione con,VIA DEI MONTI DI PIETRALATA,VIA DEI MONTI DI PIETRALATA,,,Scontro frontale/laterale SX fra veicoli in marcia,Incrocio,Una carreggiata a doppio senso,Asciutto,Asfaltata,Verticale ed orizzontale,Sereno,Normale,Buona,Ore Diurne,3,0,0,5,12.5359,41.911,-1,4,Autovettura privata,In marcia / fermata / arresto,Conducente,M,Illeso,0,,Non accertato,Esploso,,
3918403,5,14/07/2018 16:00:00,Strada Urbana,VIA VACUNA,all'intersezione con,VIA DEI MONTI DI PIETRALATA,VIA DEI MONTI DI PIETRALATA,,,Scontro frontale/laterale SX fra veicoli in marcia,Incrocio,Una carreggiata a doppio senso,Asciutto,Asfaltata,Verticale ed orizzontale,Sereno,Normale,Buona,Ore Diurne,3,0,0,5,12.5359,41.911,-1,4,Autovettura privata,In marcia / fermata / arresto,Passeggero,M,Illeso,0,,Non accertato,Inesploso,,
3918403,5,14/07/2018 16:00:00,Strada Urbana,VIA VACUNA,all'intersezione con,VIA DEI MONTI DI PIETRALATA,VIA DEI MONTI DI PIETRALATA,,,Scontro frontale/laterale SX fra veicoli in marcia,Incrocio,Una carreggiata a doppio senso,Asciutto,Asfaltata,Verticale ed orizzontale,Sereno,Normale,Buona,Ore Diurne,3,0,0,5,12.5359,41.911,-1,4,Autovettura privata,In marcia / fermata / arresto,Passeggero,F,Illeso,0,,Non accertato,Inesploso,,
3918403,5,14/07/2018 16:00:00,Strada Urbana,VIA VACUNA,all'intersezione con,VIA DEI MONTI DI PIETRALATA,VIA DEI MONTI DI PIETRALATA,,,Scontro frontale/laterale SX fra veicoli in marcia,Incrocio,Una carreggiata a doppio senso,Asciutto,Asfaltata,Verticale ed orizzontale,Sereno,Normale,Buona,Ore Diurne,3,0,0,5,12.5359,41.911,-1,4,Autovettura privata,In marcia / fermata / arresto,Passeggero,M,Rimandato,0,NON DECEDUTO,Non accertato,Inesploso,,
3918409,5,14/07/2018 18:40:00,Strada Urbana,VIA BENIAMINO DE RITIS,in prossimit�,,del civico n.,39,,Scontro laterale fra veicoli in marcia,Rettilineo,Una carreggiata a doppio senso,Asciutto,Asfaltata,Verticale ed orizzontale,Sereno,Normale,Buona,Ore Diurne,0,0,0,2,12.5382,41.9093,-1,1,Autovettura privata,In marcia / fermata / arresto,Conducente,M,Illeso,0,,Non accertato,,,
3918409,5,14/07/2018 18:40:00,Strada Urbana,VIA BENIAMINO DE RITIS,in prossimit�,,del civico n.,39,,Scontro laterale fra veicoli in marcia,Rettilineo,Una carreggiata a doppio senso,Asciutto,Asfaltata,Verticale ed orizzontale,Sereno,Normale,Buona,Ore Diurne,0,0,0,2,12.5382,41.9093,-1,2,Autovettura privata,In marcia / fermata / arresto,Conducente,M,Illeso,0,,Non accertato,,,
3918411,5,14/07/2018 07:30:00,Strada Urbana,VIA TIBURTINA,in prossimit�,,del civico n.,1240,,Scontro laterale fra veicoli in marcia,Rettilineo,Due carreggiate,Asciutto,Asfaltata,Assente,Sereno,Normale,Buona,Ore Diurne,0,0,0,3,12.6047,41.9339,-1,1,Autovettura privata,In marcia / fermata / arresto,Conducente,M,Illeso,0,,Non accertato,Inesploso,,
3918411,5,14/07/2018 07:30:00,Strada Urbana,VIA TIBURTINA,in prossimit�,,del civico n.,1240,,Scontro laterale fra veicoli in marcia,Rettilineo,Due carreggiate,Asciutto,Asfaltata,Assente,Sereno,Normale,Buona,Ore Diurne,0,0,0,3,12.6047,41.9339,-1,2,Autocarro inferiore 35 q.,In marcia / fermata / arresto,Conducente,M,Illeso,0,,Non accertato,Inesploso,,
3918411,5,14/07/2018 07:30:00,Strada Urbana,VIA TIBURTINA,in prossimit�,,del civico n.,1240,,Scontro laterale fra veicoli in marcia,Rettilineo,Due carreggiate,Asciutto,Asfaltata,Assente,Sereno,Normale,Buona,Ore Diurne,0,0,0,3,12.6047,41.9339,-1,2,Autocarro inferiore 35 q.,In marcia / fermata / arresto,Passeggero,M,Illeso,0,,Non accertato,Inesploso,,
3918413,5,14/07/2018 03:30:00,Strada Urbana,VIA TIBURTINA,da specificare,,,,fronte Via Scorticabove,Veicolo in marcia contro ostacolo fisso,Rettilineo,Due carreggiate,Asciutto,Asfaltata,Temporanea di cantiere,Sereno,Normale,Buona,Sufficiente,1,0,0,0,12.5936,41.9327,-1,1,Motociclo a solo,In marcia / fermata / arresto,Conducente,M,Rimandato,0,NON DECEDUTO,Non accertato,,,