Protocollo,Gruppo,DataOraIncidente,Localizzazione1,STRADA1,Localizzazione2,STRADA2,Strada02,Chilometrica,DaSpecificare,NaturaIncidente,particolaritastrade,TipoStrada,FondoStradale,Pavimentazione,Segnaletica,CondizioneAtmosferica,Traffico,Visibilita,Illuminazione,NUM_FERITI,NUM_RISERVATA,NUM_MORTI,NUM_ILLESI,Longitudine,Latitudine,Confermato,Progressivo,TipoVeicolo,StatoVeicolo,TipoPersona,Sesso,Tipolesione,Deceduto,DecedutoDopo,CinturaCascoUtilizzato,Airbag,,
3918440,12,13/07/2018 18:50:00,Strada Urbana,PIAZZALE VENTICINQUE MARZO 1957,all'intersezione con,VIALE DELL'OCEANO PACIFICO,VIALE DELL'OCEANO PACIFICO,,,Scontro laterale fra veicoli in marcia,Intersezione semaforizzata,Una carreggiata a doppio senso,Asciutto,Asfaltata,Verticale ed orizzontale,Sereno,Intenso,Buona,Ore Diurne,0,0,0,2,12.463,41.8185,-1,1,Autovettura privata,In marcia / fermata / arresto,Conducente,M,Illeso,0,,Non accertato,Inesploso,,
3918440,12,13/07/2018 18:50:00,Strada Urbana,PIAZZALE VENTICINQUE MARZO 1957,all'intersezione con,VIALE DELL'OCEANO PACIFICO,VIALE DELL'OCEANO PACIFICO,,,Scontro laterale fra veicoli in marcia,Intersezione semaforizzata,Una carreggiata a doppio senso,Asciutto,Asfaltata,Verticale ed orizzontale,Sereno,Intenso,Buona,Ore Diurne,0,0,0,2,12.463,41.8185,-1,2,Autovettura privata,In marcia / fermata / arresto,Conducente,M,Illeso,0,,Utilizzato,Inesploso,,
3918484,7,13/07/2018 16:15:00,Strada Urbana,VIA DI TOR TRE TESTE,all'intersezione con,VIA DI CASA CALDA,VIA DI CASA CALDA,,,Scontro frontale/laterale DX fra veicoli in marcia,Incrocio,Una carreggiata a doppio senso,Asciutto,Asfaltata,Verticale ed orizzontale,Sereno,Normale,Buona,Ore Diurne,1,0,0,1,12.5917,41.8811,-1,1,Autovettura privata,In marcia / fermata / arresto,Conducente,F,Illeso,0,,Non accertato,Inesploso,,
3918484,7,13/07/2018 16:15:00,Strada Urbana,VIA DI TOR TRE TESTE,all'intersezione con,VIA DI CASA CALDA,VIA DI CASA CALDA,,,Scontro frontale/laterale DX fra veicoli in marcia,Incrocio,Una carreggiata a doppio senso,Asciutto,Asfaltata,Verticale ed orizzontale,Sereno,Normale,Buona,Ore Diurne,1,0,0,1,12.5917,41.8811,-1,2,Motociclo con passeggero,In marcia / fermata / arresto,Conducente,M,Rimandato,0,NON DECEDUTO,Non accertato,,,
3918550,13,14/07/2018 11:00:00,Strada Urbana,VIA DELLA MARTINICA,all'intersezione con,VIA DI NOSTRA SIGNORA DI BONARIA,VIA DI NOSTRA SIGNORA DI BONARIA,,,Scontro laterale fra veicoli in marcia,Incrocio,Una carreggiata a doppio senso,Asciutto,Asfaltata,Verticale,Sereno,Normale,Buona,Ore Diurne,1,0,0,1,12.2614,41.7402,-1,1,Autovettura privata,In marcia / fermata / arresto,Conducente,M,Illeso,0,,Non accertato,Inesploso,,
3918550,13,14/07/2018 11:00:00,Strada Urbana,VIA DELLA MARTINICA,all'intersezione con,VIA DI NOSTRA SIGNORA DI BONARIA,VIA DI NOSTRA SIGNORA DI BONARIA,,,Scontro laterale fra veicoli in marcia,Incrocio,Una carreggiata a doppio senso,Asciutto,Asfaltata,Verticale,Sereno,Normale,Buona,Ore Diurne,1,0,0,1,12.2614,41.7402,-1,2,Motociclo a solo,In marcia / fermata / arresto,Conducente,M,Rimandato,0,NON DECEDUTO,Non accertato,,,
3918552,8,13/07/2018 14:40:00,Strada Urbana,VIALE PAOLO FERDINANDO QUAGLIA,in corrispondenza,,del civico n.,34,,Scontro frontale/laterale SX fra veicoli in marcia,Rettilineo,Una carreggiata a doppio senso,Asciutto,Asfaltata,Verticale,Sereno,Normale,Buona,Ore Diurne,0,0,0,2,12.6394,41.8674,-1,1,Autocarro inferiore 35 q.,In marcia / fermata / arresto,Conducente,M,Illeso,0,,Non accertato,Inesploso,,
3918552,8,13/07/2018 14:40:00,Strada Urbana,VIALE PAOLO FERDINANDO QUAGLIA,in corrispondenza,,del civico n.,34,,Scontro frontale/laterale SX fra veicoli in marcia,Rettilineo,Una carreggiata a doppio senso,Asciutto,Asfaltata,Verticale,Sereno,Normale,Buona,Ore Diurne,0,0,0,2,12.6394,41.8674,-1,2,Autovettura privata,In marcia / fermata / arresto,Conducente,M,Illeso,0,,Non accertato,Inesploso,,
3918554,8,13/07/2018 17:10:00,,VIA DI TORRENOVA,all'intersezione con,VIA SQUINZANO,VIA SQUINZANO,,,Veicolo in marcia contro ostacolo fisso,,,,,,,,,,0,0,0,1,12.6185,41.8775,0,1,Autovettura privata,In marcia / fermata / arresto,Conducente,M,Illeso,0,,Non accertato,Inesploso,,
3918556,8,13/07/2018 18:10:00,Strada Urbana,VIA DEL FOSSO DI S. MAURA,all'intersezione semaforizzata con,VIALE ANTONIO CIAMARRA,VIALE ANTONIO CIAMARRA,,,Scontro laterale fra veicoli in marcia,Intersezione semaforizzata,Una carreggiata a doppio senso,Asciutto,Asfaltata,Verticale ed orizzontale,Sereno,Normale,Buona,Ore Diurne,0,0,0,3,12.5947,41.858,-1,1,Autovettura privata,In marcia / fermata / arresto,Conducente,M,Illeso,0,,Non accertato,Inesistente,,
3918556,8,13/07/2018 18:10:00,Strada Urbana,VIA DEL FOSSO DI S. MAURA,all'intersezione semaforizzata con,VIALE ANTONIO CIAMARRA,VIALE ANTONIO CIAMARRA,,,Scontro laterale fra veicoli in marcia,Intersezione semaforizzata,Una carreggiata a doppio senso,Asciutto,Asfaltata,Verticale ed orizzontale,Sereno,Normale,Buona,Ore Diurne,0,0,0,3,12.5947,41.858,-1,2,Autovettura privata,In marcia / fermata / arresto,Conducente,M,Illeso,0,,Non accertato,Inesploso,,
3918556,8,13/07/2018 18:10:00,Strada Urbana,VIA DEL FOSSO DI S. MAURA,all'intersezione semaforizzata con,VIALE ANTONIO CIAMARRA,VIALE ANTONIO CIAMARRA,,,Scontro laterale fra veicoli in marcia,Intersezione semaforizzata,Una carreggiata a doppio senso,Asciutto,Asfaltata,Verticale ed orizzontale,Sereno,Normale,Buona,Ore Diurne,0,0,0,3,12.5947,41.858,-1,2,Autovettura privata,In marcia / fermata / arresto,Passeggero,F,Illeso,0,,Non accertato,Inesploso,,
3918558,8,14/07/2018 10:40:00,Strada Urbana,VIA DI LUNGHEZZA,in corrispondenza,,del palo luce n.,240,,Scontro frontale/laterale SX fra veicoli in marcia,Rettilineo,Una carreggiata a doppio senso,Asciutto,Asfaltata,Orizzontale,Sereno,Normale,Buona,Ore Diurne,2,0,0,3,12.6744,41.9221,-1,1,Autovettura privata,In marcia / fermata / arresto,Conducente,F,Illeso,0,,Non accertato,Esploso,,
3918558,8,14/07/2018 10:40:00,Strada Urbana,VIA DI LUNGHEZZA,in corrispondenza,,del palo luce n.,240,,Scontro frontale/laterale SX fra veicoli in marcia,Rettilineo,Una carreggiata a doppio senso,Asciutto,Asfaltata,Orizzontale,Sereno,Normale,Buona,Ore Diurne,2,0,0,3,12.6744,41.9221,-1,1,Autovettura privata,In marcia / fermata / arresto,Passeggero,M,Illeso,0,,Non accertato,Inesploso,,
3918558,8,14/07/2018 10:40:00,Strada Urbana,VIA DI LUNGHEZZA,in corrispondenza,,del palo luce n.,240,,Scontro frontale/laterale SX fra veicoli in marcia,Rettilineo,Una carreggiata a doppio senso,Asciutto,Asfaltata,Orizzontale,Sereno,Normale,Buona,Ore Diurne,2,0,0,3,12.6744,41.9221,-1,2,Autovettura privata,In marcia / fermata / arresto,Conducente,M,Illeso,0,,Non accertato,Esploso,,
3918558,8,14/07/2018 10:40:00,Strada Urbana,VIA DI LUNGHEZZA,in corrispondenza,,del palo luce n.,240,,Scontro frontale/laterale SX fra veicoli in marcia,Rettilineo,Una carreggiata a doppio senso,Asciutto,Asfaltata,Orizzontale,Sereno,Normale,Buona,Ore Diurne,2,0,0,3,12.6744,41.9221,-1,3,Autovettura privata,In marcia / fermata / arresto,Conducente,M,Rifiuta cure immediate,0,NON DECEDUTO,Non accertato,Esploso,,
3918558,8,14/07/2018 10:40:00,Strada Urbana,VIA DI LUNGHEZZA,in corrispondenza,,del palo luce n.,240,,Scontro frontale/laterale SX fra veicoli in marcia,Rettilineo,Una carreggiata a doppio senso,Asciutto,Asfaltata,Orizzontale,Sereno,Normale,Buona,Ore Diurne,2,0,0,3,12.6744,41.9221,-1,3,Autovettura privata,In marcia / fermata / arresto,Passeggero,F,Rimandato,0,NON DECEDUTO,Non accertato,Inesploso,,
3918561,8,14/07/2018 11:00:00,Strada Urbana,VIA CASILINA,all'intersezione con,VIA SICULIANA,VIA SICULIANA,,,Scontro frontale/laterale SX fra veicoli in marcia,Incrocio,Una carreggiata a doppio senso,Asciutto,Asfaltata,Verticale ed orizzontale,Sereno,Normale,Buona,Ore Diurne,1,0,0,1,12.6271,41.8632,-1,1,Autovettura privata,In marcia / fermata / arresto,Conducente,M,Illeso,0,,Non accertato,Inesploso,,
3918561,8,14/07/2018 11:00:00,Strada Urbana,VIA CASILINA,all'intersezione con,VIA SICULIANA,VIA SICULIANA,,,Scontro frontale/laterale SX fra veicoli in marcia,Incrocio,Una carreggiata a doppio senso,Asciutto,Asfaltata,Verticale ed orizzontale,Sereno,Normale,Buona,Ore Diurne,1,0,0,1,12.6271,41.8632,-1,2,Motociclo a solo,In marcia / fermata / arresto,Conducente,M,Rimandato,0,NON DECEDUTO,Non accertato,,,
3918566,8,14/07/2018 15:45:00,Strada Urbana,VIA MARTINO ROTA,all'intersezione con,VIA BERNARDO MINOZZI,VIA BERNARDO MINOZZI,,,Scontro frontale/laterale SX fra veicoli in marcia,Intersezione non regolata/non segnalata,Una carreggiata a senso unico di marcia,Asciutto,Asfaltata,Verticale ed orizzontale,Sereno,Scarso,Buona,Ore Diurne,1,0,0,1,12.6268,41.87,-1,1,Autovettura privata,In marcia / fermata / arresto,Conducente,F,Rimandato,0,NON DECEDUTO,Non accertato,Esploso,,
3918566,8,14/07/2018 15:45:00,Strada Urbana,VIA MARTINO ROTA,all'intersezione con,VIA BERNARDO MINOZZI,VIA BERNARDO MINOZZI,,,Scontro frontale/laterale SX fra veicoli in marcia,Intersezione non regolata/non segnalata,Una carreggiata a senso unico di marcia,Asciutto,Asfaltata,Verticale ed orizzontale,Sereno,Scarso,Buona,Ore Diurne,1,0,0,1,12.6268,41.87,-1,2,Autocarro inferiore 35 q.,In marcia / fermata / arresto,Conducente,M,Illeso,0,,Non accertato,Inesploso,,
3918567,8,14/07/2018 17:50:00,Strada Urbana,VIA DI TOR BELLA MONACA,in corrispondenza,,del civico n.,353,,Tamponamento,Curva senza visuale libera,Una carreggiata a senso unico di marcia,Asciutto,Asfaltata,Orizzontale,Sereno,Normale,Buona,Ore Diurne,3,0,0,0,12.6268,41.8776,-1,1,Quadriciclo,In marcia / fermata / arresto,Conducente,M,Rimandato,0,NON DECEDUTO,Non accertato,Inesploso,,
3918567,8,14/07/2018 17:50:00,Strada Urbana,VIA DI TOR BELLA MONACA,in corrispondenza,,del civico n.,353,,Tamponamento,Curva senza visuale libera,Una carreggiata a senso unico di marcia,Asciutto,Asfaltata,Orizzontale,Sereno,Normale,Buona,Ore Diurne,3,0,0,0,12.6268,41.8776,-1,1,Quadriciclo,In marcia / fermata / arresto,Passeggero,M,Rimandato,0,NON DECEDUTO,Non accertato,Inesploso,,
3918567,8,14/07/2018 17:50:00,Strada Urbana,VIA DI TOR BELLA MONACA,in corrispondenza,,del civico n.,353,,Tamponamento,Curva senza visuale libera,Una carreggiata a senso unico di marcia,Asciutto,Asfaltata,Orizzontale,Sereno,Normale,Buona,Ore Diurne,3,0,0,0,12.6268,41.8776,-1,2,Motociclo a solo,In marcia / fermata / arresto,Conducente,M,Rimandato,0,NON DECEDUTO,Non accertato,,,
3918568,8,14/07/2018 18:30:00,Strada Urbana,VIA SANT'ELPIDIO A MARE,all'intersezione con,VIA CANTIANO,VIA CANTIANO,,,Scontro frontale/laterale DX fra veicoli in marcia,Intersezione stradale segnalata,Una carreggiata a doppio senso,Asciutto,Asfaltata,Verticale ed orizzontale,Sereno,Normale,Buona,Ore Diurne,0,0,0,2,12.7302,41.9134,-1,1,Autovettura privata,In marcia / fermata / arresto,Conducente,M,Illeso,0,,,,,
3918568,8,14/07/2018 18:30:00,Strada Urbana,VIA SANT'ELPIDIO A MARE,all'intersezione con,VIA CANTIANO,VIA CANTIANO,,,Scontro frontale/laterale DX fra veicoli in marcia,Intersezione stradale segnalata,Una carreggiata a doppio senso,Asciutto,Asfaltata,Verticale ed orizzontale,Sereno,Normale,Buona,Ore Diurne,0,0,0,2,12.7302,41.9134,-1,1,Autovettura privata,In marcia / fermata / arresto,Passeggero,M,Illeso,0,,,,,
3918571,8,14/07/2018 21:30:00,Strada Urbana,VIA DI TORRENOVA,in prossimit�,,del civico n.,52,,Tamponamento,Rettilineo,Una carreggiata a doppio senso,Asciutto,Asfaltata,Verticale ed orizzontale,Sereno,Normale,Sufficiente,Sufficiente,0,0,0,2,12.6174,41.8673,-1,1,Autovettura privata,In marcia / fermata / arresto,Conducente,M,Illeso,0,,Non accertato,Inesploso,,
3918571,8,14/07/2018 21:30:00,Strada Urbana,VIA DI TORRENOVA,in prossimit�,,del civico n.,52,,Tamponamento,Rettilineo,Una carreggiata a doppio senso,Asciutto,Asfaltata,Verticale ed orizzontale,Sereno,Normale,Sufficiente,Sufficiente,0,0,0,2,12.6174,41.8673,-1,2,Autovettura privata,In marcia / fermata / arresto,Conducente,M,Illeso,0,,Non accertato,Inesploso,,
3918574,8,15/07/2018 04:40:00,Strada Urbana,VIA DEI RUDERI DI TORRENOVA,in prossimit�,,del civico n.,61,,Veicolo in marcia contro ostacolo fisso,Rettilineo,Una carreggiata a doppio senso,Asciutto,Asfaltata,Assente,Sereno,Scarso,Sufficiente,Sufficiente,0,0,0,1,12.6059,41.8699,-1,1,Autovettura privata,In marcia / fermata / arresto,Conducente,M,Illeso,0,,Non accertato,Inesploso,,
3918582,20,14/07/2018 14:50:00,Provinciale entro l'abitato,VIA DI VALLE MURICANA,in prossimit�,,del palo luce n.,144,,Fuoriuscita dalla sede stradale,Rettilineo,Una carreggiata a doppio senso,Asciutto,Asfaltata,Verticale ed orizzontale,Sereno,Scarso,Buona,Ore Diurne,1,0,0,1,12.474,42.0167,-1,1,Autovettura privata,In marcia / fermata / arresto,Conducente,M,Rimandato,0,NON DECEDUTO,Non accertato,,,
3918582,20,14/07/2018 14:50:00,Provinciale entro l'abitato,VIA DI VALLE MURICANA,in prossimit�,,del palo luce n.,144,,Fuoriuscita dalla sede stradale,Rettilineo,Una carreggiata a doppio senso,Asciutto,Asfaltata,Verticale ed orizzontale,Sereno,Scarso,Buona,Ore Diurne,1,0,0,1,12.474,42.0167,-1,1,Autovettura privata,In marcia / fermata / arresto,Passeggero,M,Illeso,0,,Utilizzato,,,
3918610,13,14/07/2018 15:00:00,Strada Urbana,VIA CRISTOFORO COLOMBO,in prossimit�,,della chilometrica,25.7,,Veicolo in marcia contro ostacolo fisso,Rettilineo,Pi� di due carreggiate,Asciutto,Asfaltata,Verticale ed orizzontale,Sereno,Normale,Buona,Ore Diurne,1,0,0,0,12.4121,41.786,-1,1,Autovettura privata,In marcia / fermata / arresto,Conducente,F,Rimandato,0,NON DECEDUTO,Non accertato,Esploso,,
3918845,9,13/07/2018 19:00:00,Strada Urbana,VIA TUSCOLANA,all'intersezione con,VICOLO TUSCOLANO,VICOLO TUSCOLANO,,,Scontro laterale fra veicoli in marcia,Intersezione stradale segnalata,Due carreggiate,Asciutto,Asfaltata,Verticale,Sereno,Intenso,Buona,Ore Diurne,1,0,0,1,12.5397,41.8679,-1,1,Autovettura privata,In marcia / fermata / arresto,Conducente,M,Illeso,0,,Non accertato,Inesploso,,
3918845,9,13/07/2018 19:00:00,Strada Urbana,VIA TUSCOLANA,all'intersezione con,VICOLO TUSCOLANO,VICOLO TUSCOLANO,,,Scontro laterale fra veicoli in marcia,Intersezione stradale segnalata,Due carreggiate,Asciutto,Asfaltata,Verticale,Sereno,Intenso,Buona,Ore Diurne,1,0,0,1,12.5397,41.8679,-1,2,Motociclo a solo,In marcia / fermata / arresto,Conducente,M,Rimandato,0,NON DECEDUTO,Non accertato,,,
3918856,9,14/07/2018 05:35:00,Strada Urbana,VIA DELLE CAVE,in corrispondenza,,del civico n.,106,,Veicolo in marcia contro veicolo in sosta,Rettilineo,Due carreggiate,Asciutto,Asfaltata,Verticale ed orizzontale,Sereno,Scarso,Buona,Sufficiente,1,0,0,1,12.5313,41.8716,-1,1,Autovettura privata,In marcia / fermata / arresto,Conducente,M,Illeso,0,,Non accertato,Esploso,,
3918856,9,14/07/2018 05:35:00,Strada Urbana,VIA DELLE CAVE,in corrispondenza,,del civico n.,106,,Veicolo in marcia contro veicolo in sosta,Rettilineo,Due carreggiate,Asciutto,Asfaltata,Verticale ed orizzontale,Sereno,Scarso,Buona,Sufficiente,1,0,0,1,12.5313,41.8716,-1,1,Autovettura privata,In marcia / fermata / arresto,Passeggero,M,Rimandato,0,NON DECEDUTO,Non accertato,Esploso,,
3918869,9,14/07/2018 20:30:00,Strada Urbana,VIA APPIA NUOVA,in corrispondenza,,del civico n.,469,,Veicolo in marcia contro veicoli in sosta,Rettilineo,Due carreggiate,Asciutto,Asfaltata,Orizzontale,Sereno,Scarso,Buona,Ore Diurne,1,0,0,0,12.5255,41.873,-1,1,Quadriciclo leggero,In marcia / fermata / arresto,Conducente,M,Rimandato,0,NON DECEDUTO,Non accertato,Inesploso,,
3919003,18,15/07/2018 12:50:00,Strada Urbana,PIAZZA DEI GIURECONSULTI,da specificare,,,,fronte civ. 19,Investimento di pedone,Rettilineo,Una carreggiata a doppio senso,Asciutto,Asfaltata,Verticale ed orizzontale,Sereno,Normale,Sufficiente,Ore Diurne,2,0,0,0,12.4257,41.9019,-1,,,,Pedone,F,Rimandato,0,NON DECEDUTO,,,,
3919003,18,15/07/2018 12:50:00,Strada Urbana,PIAZZA DEI GIURECONSULTI,da specificare,,,,fronte civ. 19,Investimento di pedone,Rettilineo,Una carreggiata a doppio senso,Asciutto,Asfaltata,Verticale ed orizzontale,Sereno,Normale,Sufficiente,Ore Diurne,2,0,0,0,12.4257,41.9019,-1,1,Motociclo a solo,In marcia / fermata / arresto,Conducente,F,Rimandato,0,NON DECEDUTO,Utilizzato,,,
3919307,7,14/07/2018 17:45:00,Strada Urbana,PIAZZA DEI PINI,all'intersezione con,VIA DELLE ACACIE,VIA DELLE ACACIE,,,Scontro laterale fra veicoli in marcia,Incrocio,Due carreggiate,Asciutto,Asfaltata,Verticale,Sereno,Scarso,Sufficiente,Ore Diurne,3,0,0,1,12.5702,41.887,-1,1,Autovettura privata,In marcia / fermata / arresto,Conducente,M,Rimandato,0,NON DECEDUTO,Non accertato,Inesploso,,
3919307,7,14/07/2018 17:45:00,Strada Urbana,PIAZZA DEI PINI,all'intersezione con,VIA DELLE ACACIE,VIA DELLE ACACIE,,,Scontro laterale fra veicoli in marcia,Incrocio,Due carreggiate,Asciutto,Asfaltata,Verticale,Sereno,Scarso,Sufficiente,Ore Diurne,3,0,0,1,12.5702,41.887,-1,2,Autovettura privata,In marcia / fermata / arresto,Conducente,F,Rimandato,0,NON DECEDUTO,Non accertato,Inesploso,,
3919307,7,14/07/2018 17:45:00,Strada Urbana,PIAZZA DEI PINI,all'intersezione con,VIA DELLE ACACIE,VIA DELLE ACACIE,,,Scontro laterale fra veicoli in marcia,Incrocio,Due carreggiate,Asciutto,Asfaltata,Verticale,Sereno,Scarso,Sufficiente,Ore Diurne,3,0,0,1,12.5702,41.887,-1,2,Autovettura privata,In marcia / fermata / arresto,Passeggero,M,Rimandato,0,NON DECEDUTO,Non accertato,Inesploso,,
3919307,7,14/07/2018 17:45:00,Strada Urbana,PIAZZA DEI PINI,all'intersezione con,VIA DELLE ACACIE,VIA DELLE ACACIE,,,Scontro laterale fra veicoli in marcia,Incrocio,Due carreggiate,Asciutto,Asfaltata,Verticale,Sereno,Scarso,Sufficiente,Ore Diurne,3,0,0,1,12.5702,41.887,-1,2,Autovettura privata,In marcia / fermata / arresto,Passeggero,M,Illeso,0,,Non accertato,Inesistente,,
3919311,11,13/07/2018 15:55:00,Strada Urbana,VIA ROSA GUARNIERI CARDUCCI,all'intersezione con,VIA ADELAIDE BONO CAIROLI,VIA ADELAIDE BONO CAIROLI,,,Scontro frontale fra veicoli in marcia,Incrocio,Pi� di due carreggiate,Asciutto,Asfaltata,Verticale ed orizzontale,Sereno,Scarso,Buona,Ore Diurne,0,0,0,2,12.4895,41.8584,-1,1,Autovettura privata,In marcia / fermata / arresto,Conducente,F,Illeso,0,,,,,
3919311,11,13/07/2018 15:55:00,Strada Urbana,VIA ROSA GUARNIERI CARDUCCI,all'intersezione con,VIA ADELAIDE BONO CAIROLI,VIA ADELAIDE BONO CAIROLI,,,Scontro frontale fra veicoli in marcia,Incrocio,Pi� di due carreggiate,Asciutto,Asfaltata,Verticale ed orizzontale,Sereno,Scarso,Buona,Ore Diurne,0,0,0,2,12.4895,41.8584,-1,2,Autovettura privata,In marcia / fermata / arresto,Conducente,F,Illeso,0,,,,,
3919312,11,13/07/2018 20:15:00,Strada Urbana,VIA APPIA PIGNATELLI,in prossimit�,,del palo luce n.,137,,Tamponamento,Rettilineo,Una carreggiata a doppio senso,Asciutto,Asfaltata,Assente,Sereno,Intenso,Insufficiente,Inesistente,1,0,0,5,12.5357,41.8461,0,1,Motociclo a solo,In marcia / fermata / arresto,Conducente,M,Rimandato,0,NON DECEDUTO,,,,
3919312,11,13/07/2018 20:15:00,Strada Urbana,VIA APPIA PIGNATELLI,in prossimit�,,del palo luce n.,137,,Tamponamento,Rettilineo,Una carreggiata a doppio senso,Asciutto,Asfaltata,Assente,Sereno,Intenso,Insufficiente,Inesistente,1,0,0,5,12.5357,41.8461,0,2,Autovettura privata,In marcia / fermata / arresto,Conducente,M,Illeso,0,,,,,
3919312,11,13/07/2018 20:15:00,Strada Urbana,VIA APPIA PIGNATELLI,in prossimit�,,del palo luce n.,137,,Tamponamento,Rettilineo,Una carreggiata a doppio senso,Asciutto,Asfaltata,Assente,Sereno,Intenso,Insufficiente,Inesistente,1,0,0,5,12.5357,41.8461,0,2,Autovettura privata,In marcia / fermata / arresto,Passeggero,F,Illeso,0,,,,,
3919312,11,13/07/2018 20:15:00,Strada Urbana,VIA APPIA PIGNATELLI,in prossimit�,,del palo luce n.,137,,Tamponamento,Rettilineo,Una carreggiata a doppio senso,Asciutto,Asfaltata,Assente,Sereno,Intenso,Insufficiente,Inesistente,1,0,0,5,12.5357,41.8461,0,2,Autovettura privata,In marcia / fermata / arresto,Passeggero,M,Illeso,0,,,,,
3919312,11,13/07/2018 20:15:00,Strada Urbana,VIA APPIA PIGNATELLI,in prossimit�,,del palo luce n.,137,,Tamponamento,Rettilineo,Una carreggiata a doppio senso,Asciutto,Asfaltata,Assente,Sereno,Intenso,Insufficiente,Inesistente,1,0,0,5,12.5357,41.8461,0,2,Autovettura privata,In marcia / fermata / arresto,Passeggero,F,Illeso,0,,,,,
3919312,11,13/07/2018 20:15:00,Strada Urbana,VIA APPIA PIGNATELLI,in prossimit�,,del palo luce n.,137,,Tamponamento,Rettilineo,Una carreggiata a doppio senso,Asciutto,Asfaltata,Assente,Sereno,Intenso,Insufficiente,Inesistente,1,0,0,5,12.5357,41.8461,0,2,Autovettura privata,In marcia / fermata / arresto,Passeggero,M,Illeso,0,,,,,
3919313,13,15/07/2018 15:30:00,Strada Urbana,VIA DI SAPONARA,all'intersezione con,VIA GINO BONICHI,VIA GINO BONICHI,,,Scontro frontale/laterale SX fra veicoli in marcia,Incrocio,Una carreggiata a doppio senso,Asciutto,Asfaltata,Verticale ed orizzontale,Sereno,Normale,Buona,Ore Diurne,1,0,0,4,12.3575,41.7786,-1,1,Autovettura privata,In marcia / fermata / arresto,Conducente,M,Illeso,0,,Non accertato,Inesploso,,
3919313,13,15/07/2018 15:30:00,Strada Urbana,VIA DI SAPONARA,all'intersezione con,VIA GINO BONICHI,VIA GINO BONICHI,,,Scontro frontale/laterale SX fra veicoli in marcia,Incrocio,Una carreggiata a doppio senso,Asciutto,Asfaltata,Verticale ed orizzontale,Sereno,Normale,Buona,Ore Diurne,1,0,0,4,12.3575,41.7786,-1,1,Autovettura privata,In marcia / fermata / arresto,Passeggero,F,Illeso,0,,Non accertato,Inesploso,,
3919313,13,15/07/2018 15:30:00,Strada Urbana,VIA DI SAPONARA,all'intersezione con,VIA GINO BONICHI,VIA GINO BONICHI,,,Scontro frontale/laterale SX fra veicoli in marcia,Incrocio,Una carreggiata a doppio senso,Asciutto,Asfaltata,Verticale ed orizzontale,Sereno,Normale,Buona,Ore Diurne,1,0,0,4,12.3575,41.7786,-1,1,Autovettura privata,In marcia / fermata / arresto,Passeggero,M,Illeso,0,,Non accertato,Inesploso,,
3919313,13,15/07/2018 15:30:00,Strada Urbana,VIA DI SAPONARA,all'intersezione con,VIA GINO BONICHI,VIA GINO BONICHI,,,Scontro frontale/laterale SX fra veicoli in marcia,Incrocio,Una carreggiata a doppio senso,Asciutto,Asfaltata,Verticale ed orizzontale,Sereno,Normale,Buona,Ore Diurne,1,0,0,4,12.3575,41.7786,-1,1,Autovettura privata,In marcia / fermata / arresto,Passeggero,F,Illeso,0,,Non accertato,Inesploso,,
3919313,13,15/07/2018 15:30:00,Strada Urbana,VIA DI SAPONARA,all'intersezione con,VIA GINO BONICHI,VIA GINO BONICHI,,,Scontro frontale/laterale SX fra veicoli in marcia,Incrocio,Una carreggiata a doppio senso,Asciutto,Asfaltata,Verticale ed orizzontale,Sereno,Normale,Buona,Ore Diurne,1,0,0,4,12.3575,41.7786,-1,2,Motociclo a solo,In marcia / fermata / arresto,Conducente,M,Rimandato,0,NON DECEDUTO,Non accertato,,,
3919315,13,16/07/2018 01:30:00,Strada Urbana,LUNGOMARE PAOLO TOSCANELLI,in corrispondenza,,del civico n.,63,,Scontro frontale/laterale SX fra veicoli in marcia,Rettilineo,Due carreggiate,Asciutto,Asfaltata,Verticale ed orizzontale,Sereno,Scarso,Buona,Sufficiente,3,0,0,0,12.2795,41.7285,-1,1,Autovettura di polizia,In marcia / fermata / arresto,Conducente,M,Rimandato,0,NON DECEDUTO,Non accertato,Inesploso,,
3919315,13,16/07/2018 01:30:00,Strada Urbana,LUNGOMARE PAOLO TOSCANELLI,in corrispondenza,,del civico n.,63,,Scontro frontale/laterale SX fra veicoli in marcia,Rettilineo,Due carreggiate,Asciutto,Asfaltata,Verticale ed orizzontale,Sereno,Scarso,Buona,Sufficiente,3,0,0,0,12.2795,41.7285,-1,1,Autovettura di polizia,In marcia / fermata / arresto,Passeggero,M,Rimandato,0,NON DECEDUTO,Non accertato,Inesploso,,
3919315,13,16/07/2018 01:30:00,Strada Urbana,LUNGOMARE PAOLO TOSCANELLI,in corrispondenza,,del civico n.,63,,Scontro frontale/laterale SX fra veicoli in marcia,Rettilineo,Due carreggiate,Asciutto,Asfaltata,Verticale ed orizzontale,Sereno,Scarso,Buona,Sufficiente,3,0,0,0,12.2795,41.7285,-1,2,Autovettura privata,In marcia / fermata / arresto,Conducente,M,Rimandato,0,NON DECEDUTO,Non accertato,Inesploso,,
3919344,5,15/07/2018 09:00:00,Strada Urbana,VIA GIOVANNI ZANARDINI,in prossimit�,,del civico n.,113,,Tamponamento,Rettilineo,Una carreggiata a senso unico di marcia,Asciutto,Asfaltata,Assente,Sereno,Scarso,Buona,Ore Diurne,0,0,0,2,12.5526,41.9363,-1,1,Autovettura privata,In marcia / fermata / arresto,Conducente,F,Illeso,0,,Non accertato,Inesploso,,