Protocollo,Gruppo,DataOraIncidente,Localizzazione1,STRADA1,Localizzazione2,STRADA2,Strada02,Chilometrica,DaSpecificare,NaturaIncidente,particolaritastrade,TipoStrada,FondoStradale,Pavimentazione,Segnaletica,CondizioneAtmosferica,Traffico,Visibilita,Illuminazione,NUM_FERITI,NUM_RISERVATA,NUM_MORTI,NUM_ILLESI,Longitudine,Latitudine,Confermato,Progressivo,TipoVeicolo,StatoVeicolo,TipoPersona,Sesso,Tipolesione,Deceduto,DecedutoDopo,CinturaCascoUtilizzato,Airbag,,
3919436,17,16/07/2018 08:00:00,Strada Urbana,PIAZZA CAVOUR,all'intersezione con,VIA CRESCENZIO,VIA CRESCENZIO,,,Scontro frontale/laterale SX fra veicoli in marcia,Incrocio,Una carreggiata a doppio senso,Asciutto,Acciotolata,Verticale ed orizzontale,Sereno,Normale,Buona,Ore Diurne,1,0,0,1,12.4683,41.9054,-1,1,Autovettura privata,In marcia / fermata / arresto,Conducente,F,Illeso,0,,Non accertato,Inesploso,,
3919436,17,16/07/2018 08:00:00,Strada Urbana,PIAZZA CAVOUR,all'intersezione con,VIA CRESCENZIO,VIA CRESCENZIO,,,Scontro frontale/laterale SX fra veicoli in marcia,Incrocio,Una carreggiata a doppio senso,Asciutto,Acciotolata,Verticale ed orizzontale,Sereno,Normale,Buona,Ore Diurne,1,0,0,1,12.4683,41.9054,-1,2,Motociclo con passeggero,In marcia / fermata / arresto,Conducente,M,Rimandato,0,NON DECEDUTO,Non accertato,,,
3919437,19,15/07/2018 19:30:00,Strada Urbana,VIA MEZZOLDO,in corrispondenza,,del civico n.,113,,Veicolo in marcia contro ostacolo accidentale,Rettilineo,Una carreggiata a doppio senso,Asciutto,Asfaltata,Assente,Sereno,Scarso,Buona,Ore Diurne,0,0,0,1,12.3828,41.9383,-1,1,Autovettura privata,In marcia / fermata / arresto,Conducente,F,Illeso,0,,Non accertato,Inesploso,,
3919439,19,14/07/2018 08:45:00,Strada Urbana,VIA CESARE LOMBROSO,in corrispondenza,,del civico n.,7,,Veicolo in marcia contro ostacolo fisso,Rettilineo,Una carreggiata a senso unico di marcia,Asciutto,Asfaltata,Orizzontale,Sereno,Scarso,Buona,Ore Diurne,0,0,0,1,12.4192,41.9344,-1,1,Autocarro inferiore 35 q.,In marcia / fermata / arresto,Conducente,M,Illeso,0,,Non accertato,Inesploso,,
3919442,7,14/07/2018 09:10:00,Strada Urbana,VIA DEGLI OLIVI,all'intersezione con,VIA DELLE PETUNIE,VIA DELLE PETUNIE,,,Scontro frontale/laterale SX fra veicoli in marcia,Incrocio,Una carreggiata a senso unico di marcia,Asciutto,Asfaltata,Verticale ed orizzontale,Sereno,Normale,Buona,Ore Diurne,1,0,0,2,12.5696,41.8875,-1,1,Autovettura privata,In marcia / fermata / arresto,Conducente,M,Rimandato,0,NON DECEDUTO,Non accertato,Inesploso,,
3919442,7,14/07/2018 09:10:00,Strada Urbana,VIA DEGLI OLIVI,all'intersezione con,VIA DELLE PETUNIE,VIA DELLE PETUNIE,,,Scontro frontale/laterale SX fra veicoli in marcia,Incrocio,Una carreggiata a senso unico di marcia,Asciutto,Asfaltata,Verticale ed orizzontale,Sereno,Normale,Buona,Ore Diurne,1,0,0,2,12.5696,41.8875,-1,1,Autovettura privata,In marcia / fermata / arresto,Passeggero,M,Illeso,0,,Non accertato,Inesploso,,
3919442,7,14/07/2018 09:10:00,Strada Urbana,VIA DEGLI OLIVI,all'intersezione con,VIA DELLE PETUNIE,VIA DELLE PETUNIE,,,Scontro frontale/laterale SX fra veicoli in marcia,Incrocio,Una carreggiata a senso unico di marcia,Asciutto,Asfaltata,Verticale ed orizzontale,Sereno,Normale,Buona,Ore Diurne,1,0,0,2,12.5696,41.8875,-1,2,Autovettura privata,In marcia / fermata / arresto,Conducente,M,Illeso,0,,Non accertato,Inesploso,,
3919443,15,15/07/2018 17:15:00,Strada Urbana,VIA DELLA CASETTA MATTEI,all'intersezione con,VIA POGGIO VERDE,VIA POGGIO VERDE,,,Scontro frontale fra veicoli in marcia,Intersezione semaforizzata,Una carreggiata a doppio senso,Asciutto,Asfaltata,Orizzontale,Sereno,Normale,Buona,Ore Diurne,0,0,0,3,12.4196,41.8579,-1,1,Autovettura privata,In marcia / fermata / arresto,Conducente,M,Illeso,0,,Utilizzato,,,
3919443,15,15/07/2018 17:15:00,Strada Urbana,VIA DELLA CASETTA MATTEI,all'intersezione con,VIA POGGIO VERDE,VIA POGGIO VERDE,,,Scontro frontale fra veicoli in marcia,Intersezione semaforizzata,Una carreggiata a doppio senso,Asciutto,Asfaltata,Orizzontale,Sereno,Normale,Buona,Ore Diurne,0,0,0,3,12.4196,41.8579,-1,2,Autovettura privata,In marcia / fermata / arresto,Conducente,M,Illeso,0,,Utilizzato,,,
3919443,15,15/07/2018 17:15:00,Strada Urbana,VIA DELLA CASETTA MATTEI,all'intersezione con,VIA POGGIO VERDE,VIA POGGIO VERDE,,,Scontro frontale fra veicoli in marcia,Intersezione semaforizzata,Una carreggiata a doppio senso,Asciutto,Asfaltata,Orizzontale,Sereno,Normale,Buona,Ore Diurne,0,0,0,3,12.4196,41.8579,-1,2,Autovettura privata,In marcia / fermata / arresto,Passeggero,M,Illeso,0,,Utilizzato,,,
3919446,17,15/07/2018 01:00:00,Strada Urbana,VIA DI BOCCEA,all'intersezione con,VIA URBANO II,VIA URBANO II,,,Scontro frontale/laterale DX fra veicoli in marcia,Incrocio,Due carreggiate,Asciutto,Asfaltata,Verticale ed orizzontale,Sereno,Scarso,Buona,Sufficiente,2,0,0,0,12.422,41.9032,-1,1,Autovettura privata,In marcia / fermata / arresto,Conducente,M,Rimandato,0,NON DECEDUTO,,,,
3919446,17,15/07/2018 01:00:00,Strada Urbana,VIA DI BOCCEA,all'intersezione con,VIA URBANO II,VIA URBANO II,,,Scontro frontale/laterale DX fra veicoli in marcia,Incrocio,Due carreggiate,Asciutto,Asfaltata,Verticale ed orizzontale,Sereno,Scarso,Buona,Sufficiente,2,0,0,0,12.422,41.9032,-1,2,Motociclo a solo,In marcia / fermata / arresto,Conducente,M,Rimandato,0,NON DECEDUTO,,,,
3919449,19,14/07/2018 08:50:00,Strada Urbana,VIA TRIONFALE,in prossimit�,,del civico n.,7300,,Scontro laterale fra veicoli in marcia,Rettilineo,Una carreggiata a doppio senso,Asciutto,Asfaltata,Orizzontale,Sereno,Normale,Buona,Ore Diurne,1,0,0,1,12.4363,41.9362,0,1,Autocarro inferiore 35 q.,In marcia / fermata / arresto,Conducente,M,Illeso,0,,Non accertato,Inesploso,,
3919449,19,14/07/2018 08:50:00,Strada Urbana,VIA TRIONFALE,in prossimit�,,del civico n.,7300,,Scontro laterale fra veicoli in marcia,Rettilineo,Una carreggiata a doppio senso,Asciutto,Asfaltata,Orizzontale,Sereno,Normale,Buona,Ore Diurne,1,0,0,1,12.4363,41.9362,0,2,Autovettura privata,In marcia / fermata / arresto,Conducente,F,Rifiuta cure immediate,0,NON DECEDUTO,Non accertato,,,
3919452,7,14/07/2018 10:20:00,Strada Urbana,VIA CASILINA,in corrispondenza,,del civico n.,1013,,Veicolo in marcia contro veicolo fermo,Pianeggiante,Una carreggiata a senso unico di marcia,Asciutto,Asfaltata,Verticale ed orizzontale,Sereno,Normale,Buona,Ore Diurne,0,0,0,2,12.5848,41.8699,-1,1,Autovettura privata,In marcia / fermata / arresto,Conducente,F,Illeso,0,,Non accertato,Inesploso,,
3919452,7,14/07/2018 10:20:00,Strada Urbana,VIA CASILINA,in corrispondenza,,del civico n.,1013,,Veicolo in marcia contro veicolo fermo,Pianeggiante,Una carreggiata a senso unico di marcia,Asciutto,Asfaltata,Verticale ed orizzontale,Sereno,Normale,Buona,Ore Diurne,0,0,0,2,12.5848,41.8699,-1,2,Autovettura privata,In marcia / fermata / arresto,Conducente,M,Illeso,0,,Non accertato,Inesploso,,
3919455,17,14/07/2018 15:00:00,Strada Urbana,VIA ANDREA DORIA,in prossimit�,,del civico n.,36,,Scontro laterale fra veicoli in marcia,Rettilineo,Una carreggiata a doppio senso,Asciutto,Asfaltata,Verticale ed orizzontale,Sereno,Scarso,Buona,Ore Diurne,0,0,0,2,12.4523,41.91,-1,1,Autovettura pubblica,In marcia / fermata / arresto,Conducente,M,Illeso,0,,,,,
3919455,17,14/07/2018 15:00:00,Strada Urbana,VIA ANDREA DORIA,in prossimit�,,del civico n.,36,,Scontro laterale fra veicoli in marcia,Rettilineo,Una carreggiata a doppio senso,Asciutto,Asfaltata,Verticale ed orizzontale,Sereno,Scarso,Buona,Ore Diurne,0,0,0,2,12.4523,41.91,-1,2,Autovettura privata,In marcia / fermata / arresto,Conducente,M,Illeso,0,,,,,
3919459,15,13/07/2018 12:40:00,Strada Urbana,LUNGOTEVERE DI PIETRA PAPA,da specificare,,,,PROSSIMITA' FRONTE CIVICO 121,Scontro laterale fra veicoli in marcia,Rettilineo,Una carreggiata a doppio senso,Asciutto,Asfaltata,Orizzontale,Sereno,Scarso,Buona,Ore Diurne,0,0,0,4,12.4743,41.8629,-1,1,Autovettura privata,In marcia / fermata / arresto,Conducente,M,Illeso,0,,Non accertato,Inesploso,,
3919459,15,13/07/2018 12:40:00,Strada Urbana,LUNGOTEVERE DI PIETRA PAPA,da specificare,,,,PROSSIMITA' FRONTE CIVICO 121,Scontro laterale fra veicoli in marcia,Rettilineo,Una carreggiata a doppio senso,Asciutto,Asfaltata,Orizzontale,Sereno,Scarso,Buona,Ore Diurne,0,0,0,4,12.4743,41.8629,-1,1,Autovettura privata,In marcia / fermata / arresto,Passeggero,F,Illeso,0,,,Inesploso,,
3919459,15,13/07/2018 12:40:00,Strada Urbana,LUNGOTEVERE DI PIETRA PAPA,da specificare,,,,PROSSIMITA' FRONTE CIVICO 121,Scontro laterale fra veicoli in marcia,Rettilineo,Una carreggiata a doppio senso,Asciutto,Asfaltata,Orizzontale,Sereno,Scarso,Buona,Ore Diurne,0,0,0,4,12.4743,41.8629,-1,1,Autovettura privata,In marcia / fermata / arresto,Passeggero,M,Illeso,0,,,,,
3919459,15,13/07/2018 12:40:00,Strada Urbana,LUNGOTEVERE DI PIETRA PAPA,da specificare,,,,PROSSIMITA' FRONTE CIVICO 121,Scontro laterale fra veicoli in marcia,Rettilineo,Una carreggiata a doppio senso,Asciutto,Asfaltata,Orizzontale,Sereno,Scarso,Buona,Ore Diurne,0,0,0,4,12.4743,41.8629,-1,2,Motociclo a solo,In marcia / fermata / arresto,Conducente,F,Illeso,0,,Utilizzato,,,
3919471,4,14/07/2018 13:45:00,Strada Urbana,VIA MONTE MASSICO,all'intersezione con,VIA MONTE RESEGONE,VIA MONTE RESEGONE,,,Scontro laterale fra veicoli in marcia,Intersezione semaforizzata,Una carreggiata a doppio senso,Asciutto,Asfaltata,Verticale ed orizzontale,Sereno,Scarso,Buona,Ore Diurne,1,0,0,0,12.532,41.9513,-1,1,Autovettura privata,In marcia / fermata / arresto,Conducente,F,Rimandato,0,NON DECEDUTO,,,,
3919474,10,14/07/2018 21:10:00,Strada Urbana,VIA DI CASAL MORENA,in corrispondenza,,del civico n.,55,,Veicolo in marcia contro ostacolo accidentale,Rettilineo,Una carreggiata a doppio senso,Asciutto,Asfaltata,Assente,Sereno,Scarso,Buona,Sufficiente,0,0,0,2,12.618,41.8267,-1,1,Autovettura privata,In marcia / fermata / arresto,Conducente,M,Illeso,0,,Non accertato,Inesploso,,
3919474,10,14/07/2018 21:10:00,Strada Urbana,VIA DI CASAL MORENA,in corrispondenza,,del civico n.,55,,Veicolo in marcia contro ostacolo accidentale,Rettilineo,Una carreggiata a doppio senso,Asciutto,Asfaltata,Assente,Sereno,Scarso,Buona,Sufficiente,0,0,0,2,12.618,41.8267,-1,1,Autovettura privata,In marcia / fermata / arresto,Passeggero,M,Illeso,0,,Non accertato,Inesploso,,
3919476,15,14/07/2018,Strada Urbana,VIALE DEI COLLI PORTUENSI,in corrispondenza,,del civico n.,328,,Veicolo in marcia contro veicolo fermo,Rettilineo,Due carreggiate,Asciutto,Asfaltata,Verticale ed orizzontale,Sereno,Normale,Sufficiente,Sufficiente,1,0,0,1,12.4437,41.8659,-1,1,Autovettura privata,In marcia / fermata / arresto,Conducente,M,Illeso,0,,Utilizzato,,,
3919476,15,14/07/2018,Strada Urbana,VIALE DEI COLLI PORTUENSI,in corrispondenza,,del civico n.,328,,Veicolo in marcia contro veicolo fermo,Rettilineo,Due carreggiate,Asciutto,Asfaltata,Verticale ed orizzontale,Sereno,Normale,Sufficiente,Sufficiente,1,0,0,1,12.4437,41.8659,-1,2,Autovettura privata,In marcia / fermata / arresto,Conducente,M,Rimandato,0,NON DECEDUTO,Utilizzato,,,
3919492,15,14/07/2018 11:30:00,Strada Urbana,VIA GIOVANNI VOLPATO,in corrispondenza,,del civico n.,12/A,,Veicolo in marcia contro veicoli in sosta,Rettilineo,Una carreggiata a doppio senso,Asciutto,Asfaltata,Verticale ed orizzontale,Sereno,Scarso,Buona,Ore Diurne,0,0,0,2,12.4672,41.8715,-1,2,Autovettura privata,In marcia / fermata / arresto,Conducente,M,Illeso,0,,,,,
3919492,15,14/07/2018 11:30:00,Strada Urbana,VIA GIOVANNI VOLPATO,in corrispondenza,,del civico n.,12/A,,Veicolo in marcia contro veicoli in sosta,Rettilineo,Una carreggiata a doppio senso,Asciutto,Asfaltata,Verticale ed orizzontale,Sereno,Scarso,Buona,Ore Diurne,0,0,0,2,12.4672,41.8715,-1,2,Autovettura privata,In marcia / fermata / arresto,Passeggero,F,Illeso,0,,,,,
3919519,15,15/07/2018 02:30:00,Comunale extraurbana,VIA OSTIENSE,da specificare,,,,PROSSIMITA' VIA DEL CAPPELLACCIO,Scontro laterale fra veicoli in marcia,Rettilineo,Una carreggiata a doppio senso,Asciutto,Asfaltata,Assente,Sereno,Scarso,Sufficiente,Insufficiente,0,0,0,3,12.4112,41.809,-1,1,Autovettura privata,In marcia / fermata / arresto,Conducente,M,Illeso,0,,Non accertato,Inesploso,,
3919519,15,15/07/2018 02:30:00,Comunale extraurbana,VIA OSTIENSE,da specificare,,,,PROSSIMITA' VIA DEL CAPPELLACCIO,Scontro laterale fra veicoli in marcia,Rettilineo,Una carreggiata a doppio senso,Asciutto,Asfaltata,Assente,Sereno,Scarso,Sufficiente,Insufficiente,0,0,0,3,12.4112,41.809,-1,1,Autovettura privata,In marcia / fermata / arresto,Passeggero,F,Illeso,0,,,,,
3919519,15,15/07/2018 02:30:00,Comunale extraurbana,VIA OSTIENSE,da specificare,,,,PROSSIMITA' VIA DEL CAPPELLACCIO,Scontro laterale fra veicoli in marcia,Rettilineo,Una carreggiata a doppio senso,Asciutto,Asfaltata,Assente,Sereno,Scarso,Sufficiente,Insufficiente,0,0,0,3,12.4112,41.809,-1,2,Autovettura privata,In marcia / fermata / arresto,Conducente,F,Illeso,0,,Non accertato,Inesploso,,
3919539,10,15/07/2018 11:45:00,Strada Urbana,VIA QUINTO PUBLICIO,all'intersezione con,VIA VINCENZO LAMARO,VIA VINCENZO LAMARO,,,Scontro frontale fra veicoli in marcia,Incrocio,Due carreggiate,Asciutto,Asfaltata,Verticale ed orizzontale,Sereno,Scarso,Buona,Ore Diurne,4,0,0,0,12.5754,41.8561,-1,1,Autovettura privata,In marcia / fermata / arresto,Conducente,M,Rimandato,0,NON DECEDUTO,Non accertato,Esploso,,
3919539,10,15/07/2018 11:45:00,Strada Urbana,VIA QUINTO PUBLICIO,all'intersezione con,VIA VINCENZO LAMARO,VIA VINCENZO LAMARO,,,Scontro frontale fra veicoli in marcia,Incrocio,Due carreggiate,Asciutto,Asfaltata,Verticale ed orizzontale,Sereno,Scarso,Buona,Ore Diurne,4,0,0,0,12.5754,41.8561,-1,2,Autovettura privata,In marcia / fermata / arresto,Conducente,M,Rifiuta cure immediate,0,NON DECEDUTO,Non accertato,Esploso,,
3919539,10,15/07/2018 11:45:00,Strada Urbana,VIA QUINTO PUBLICIO,all'intersezione con,VIA VINCENZO LAMARO,VIA VINCENZO LAMARO,,,Scontro frontale fra veicoli in marcia,Incrocio,Due carreggiate,Asciutto,Asfaltata,Verticale ed orizzontale,Sereno,Scarso,Buona,Ore Diurne,4,0,0,0,12.5754,41.8561,-1,2,Autovettura privata,In marcia / fermata / arresto,Passeggero,F,Rifiuta cure immediate,0,NON DECEDUTO,Non accertato,Inesistente,,
3919539,10,15/07/2018 11:45:00,Strada Urbana,VIA QUINTO PUBLICIO,all'intersezione con,VIA VINCENZO LAMARO,VIA VINCENZO LAMARO,,,Scontro frontale fra veicoli in marcia,Incrocio,Due carreggiate,Asciutto,Asfaltata,Verticale ed orizzontale,Sereno,Scarso,Buona,Ore Diurne,4,0,0,0,12.5754,41.8561,-1,2,Autovettura privata,In marcia / fermata / arresto,Passeggero,F,Rifiuta cure immediate,0,NON DECEDUTO,Non accertato,Esploso,,
3919550,4,15/07/2018 06:00:00,Strada Urbana,VIA CECCO ANGIOLIERI,da specificare,,,,prossimit� v. m. bandello,Veicolo in marcia contro ostacolo fisso,Rettilineo,Una carreggiata a doppio senso,Asciutto,Asfaltata,Verticale,Sereno,Scarso,Buona,Ore Diurne,0,0,0,1,12.5449,41.9452,-1,1,Autovettura privata,In marcia / fermata / arresto,Conducente,F,Illeso,0,,,,,
3919557,15,15/07/2018 06:15:00,Strada Urbana,VIA PORTUENSE,da specificare,,,,PROSSIMITA' CIV. 743,Scontro frontale fra veicoli in marcia,Rettilineo,Una carreggiata a doppio senso,Asciutto,Asfaltata,Orizzontale,Sereno,Scarso,Buona,Ore Diurne,1,0,0,1,12.414,41.847,-1,1,Autovettura privata,In marcia / fermata / arresto,Conducente,F,Rimandato,0,NON DECEDUTO,Utilizzato,Inesploso,,
3919557,15,15/07/2018 06:15:00,Strada Urbana,VIA PORTUENSE,da specificare,,,,PROSSIMITA' CIV. 743,Scontro frontale fra veicoli in marcia,Rettilineo,Una carreggiata a doppio senso,Asciutto,Asfaltata,Orizzontale,Sereno,Scarso,Buona,Ore Diurne,1,0,0,1,12.414,41.847,-1,2,Autovettura privata,In marcia / fermata / arresto,Conducente,M,Illeso,0,,Utilizzato,Inesploso,,
3919571,15,15/07/2018 18:00:00,Strada Urbana,VIA DELL'IMPRUNETA,in corrispondenza,,del civico n.,66,,Scontro laterale fra veicoli in marcia,Rettilineo,Due carreggiate,Asciutto,Asfaltata,Orizzontale,Sereno,Normale,Buona,Ore Diurne,0,0,0,4,12.4591,41.8464,-1,1,Autovettura privata,In marcia / fermata / arresto,Conducente,F,Illeso,0,,,,,
3919571,15,15/07/2018 18:00:00,Strada Urbana,VIA DELL'IMPRUNETA,in corrispondenza,,del civico n.,66,,Scontro laterale fra veicoli in marcia,Rettilineo,Due carreggiate,Asciutto,Asfaltata,Orizzontale,Sereno,Normale,Buona,Ore Diurne,0,0,0,4,12.4591,41.8464,-1,1,Autovettura privata,In marcia / fermata / arresto,Passeggero,F,Illeso,0,,,,,
3919571,15,15/07/2018 18:00:00,Strada Urbana,VIA DELL'IMPRUNETA,in corrispondenza,,del civico n.,66,,Scontro laterale fra veicoli in marcia,Rettilineo,Due carreggiate,Asciutto,Asfaltata,Orizzontale,Sereno,Normale,Buona,Ore Diurne,0,0,0,4,12.4591,41.8464,-1,1,Autovettura privata,In marcia / fermata / arresto,Passeggero,F,Illeso,0,,,,,
3919571,15,15/07/2018 18:00:00,Strada Urbana,VIA DELL'IMPRUNETA,in corrispondenza,,del civico n.,66,,Scontro laterale fra veicoli in marcia,Rettilineo,Due carreggiate,Asciutto,Asfaltata,Orizzontale,Sereno,Normale,Buona,Ore Diurne,0,0,0,4,12.4591,41.8464,-1,2,Motociclo a solo,In marcia / fermata / arresto,Conducente,F,Illeso,0,,,,,
3919586,1,15/07/2018 16:50:00,Strada Urbana,PIAZZA MANFREDO FANTI,all'intersezione con,VIA ENRICO CIALDINI,VIA ENRICO CIALDINI,,,Scontro laterale fra veicoli in marcia,Incrocio,Una carreggiata a senso unico di marcia,Asciutto,Asfaltata,Verticale ed orizzontale,Sereno,Scarso,Buona,Ore Diurne,0,0,0,4,12.503,41.8982,-1,1,Autovettura privata,In marcia / fermata / arresto,Conducente,M,Illeso,0,,Non accertato,Inesploso,,
3919586,1,15/07/2018 16:50:00,Strada Urbana,PIAZZA MANFREDO FANTI,all'intersezione con,VIA ENRICO CIALDINI,VIA ENRICO CIALDINI,,,Scontro laterale fra veicoli in marcia,Incrocio,Una carreggiata a senso unico di marcia,Asciutto,Asfaltata,Verticale ed orizzontale,Sereno,Scarso,Buona,Ore Diurne,0,0,0,4,12.503,41.8982,-1,1,Autovettura privata,In marcia / fermata / arresto,Passeggero,F,Illeso,0,,Non accertato,Inesploso,,
3919586,1,15/07/2018 16:50:00,Strada Urbana,PIAZZA MANFREDO FANTI,all'intersezione con,VIA ENRICO CIALDINI,VIA ENRICO CIALDINI,,,Scontro laterale fra veicoli in marcia,Incrocio,Una carreggiata a senso unico di marcia,Asciutto,Asfaltata,Verticale ed orizzontale,Sereno,Scarso,Buona,Ore Diurne,0,0,0,4,12.503,41.8982,-1,2,Autovettura privata,In marcia / fermata / arresto,Conducente,M,Illeso,0,,Non accertato,Inesploso,,
3919586,1,15/07/2018 16:50:00,Strada Urbana,PIAZZA MANFREDO FANTI,all'intersezione con,VIA ENRICO CIALDINI,VIA ENRICO CIALDINI,,,Scontro laterale fra veicoli in marcia,Incrocio,Una carreggiata a senso unico di marcia,Asciutto,Asfaltata,Verticale ed orizzontale,Sereno,Scarso,Buona,Ore Diurne,0,0,0,4,12.503,41.8982,-1,2,Autovettura privata,In marcia / fermata / arresto,Passeggero,M,Illeso,0,,Non accertato,Inesploso,,
3919615,18,15/07/2018 19:45:00,Strada Urbana,VIA LEONE XIII,da specificare,,,,in prossimit� intersezione con piazza PIO XI,Scontro laterale fra veicoli in marcia,Rettilineo,Due carreggiate,Asciutto,Asfaltata,Verticale ed orizzontale,Sereno,Normale,Buona,Ore Diurne,2,0,0,1,12.4404,41.8869,-1,1,Autovettura privata,In marcia / fermata / arresto,Conducente,M,Illeso,0,,,,,
3919615,18,15/07/2018 19:45:00,Strada Urbana,VIA LEONE XIII,da specificare,,,,in prossimit� intersezione con piazza PIO XI,Scontro laterale fra veicoli in marcia,Rettilineo,Due carreggiate,Asciutto,Asfaltata,Verticale ed orizzontale,Sereno,Normale,Buona,Ore Diurne,2,0,0,1,12.4404,41.8869,-1,2,Motociclo con passeggero,In marcia / fermata / arresto,Conducente,M,Rimandato,0,NON DECEDUTO,,,,
3919615,18,15/07/2018 19:45:00,Strada Urbana,VIA LEONE XIII,da specificare,,,,in prossimit� intersezione con piazza PIO XI,Scontro laterale fra veicoli in marcia,Rettilineo,Due carreggiate,Asciutto,Asfaltata,Verticale ed orizzontale,Sereno,Normale,Buona,Ore Diurne,2,0,0,1,12.4404,41.8869,-1,2,Motociclo con passeggero,In marcia / fermata / arresto,Passeggero,F,Rimandato,0,NON DECEDUTO,,,,
3919642,3,13/07/2018 13:30:00,Strada Urbana,VIA DEI RAMNI,all'intersezione con,VIA DEI LUCERI,VIA DEI LUCERI,,,Scontro frontale/laterale SX fra veicoli in marcia,Intersezione non regolata/non segnalata,Una carreggiata a senso unico di marcia,Asciutto,Asfaltata,Verticale ed orizzontale,Sereno,Normale,Buona,Ore Diurne,1,0,0,2,12.5124,41.8998,-1,1,Autovettura privata,In marcia / fermata / arresto,Conducente,F,Rimandato,0,NON DECEDUTO,Non accertato,,,
3919642,3,13/07/2018 13:30:00,Strada Urbana,VIA DEI RAMNI,all'intersezione con,VIA DEI LUCERI,VIA DEI LUCERI,,,Scontro frontale/laterale SX fra veicoli in marcia,Intersezione non regolata/non segnalata,Una carreggiata a senso unico di marcia,Asciutto,Asfaltata,Verticale ed orizzontale,Sereno,Normale,Buona,Ore Diurne,1,0,0,2,12.5124,41.8998,-1,2,Autovettura privata,In marcia / fermata / arresto,Conducente,F,Illeso,0,,Non accertato,Inesploso,,
3919642,3,13/07/2018 13:30:00,Strada Urbana,VIA DEI RAMNI,all'intersezione con,VIA DEI LUCERI,VIA DEI LUCERI,,,Scontro frontale/laterale SX fra veicoli in marcia,Intersezione non regolata/non segnalata,Una carreggiata a senso unico di marcia,Asciutto,Asfaltata,Verticale ed orizzontale,Sereno,Normale,Buona,Ore Diurne,1,0,0,2,12.5124,41.8998,-1,2,Autovettura privata,In marcia / fermata / arresto,Passeggero,M,Illeso,0,,Non accertato,Inesploso,,
3919649,18,15/07/2018 12:30:00,Strada Urbana,VIA DI BOCCEA,all'intersezione semaforizzata con,VIA MATTIA BATTISTINI,VIA MATTIA BATTISTINI,,,Veicolo in marcia contro veicolo arresto,Intersezione semaforizzata,Due carreggiate,Asciutto,Asfaltata,Verticale ed orizzontale,Sereno,Scarso,Buona,Ore Diurne,0,0,0,6,12.3847,41.9149,-1,1,Autovettura privata,In marcia / fermata / arresto,Conducente,M,Illeso,0,,,,,
3919649,18,15/07/2018 12:30:00,Strada Urbana,VIA DI BOCCEA,all'intersezione semaforizzata con,VIA MATTIA BATTISTINI,VIA MATTIA BATTISTINI,,,Veicolo in marcia contro veicolo arresto,Intersezione semaforizzata,Due carreggiate,Asciutto,Asfaltata,Verticale ed orizzontale,Sereno,Scarso,Buona,Ore Diurne,0,0,0,6,12.3847,41.9149,-1,1,Autovettura privata,In marcia / fermata / arresto,Passeggero,F,Illeso,0,,,,,
3919649,18,15/07/2018 12:30:00,Strada Urbana,VIA DI BOCCEA,all'intersezione semaforizzata con,VIA MATTIA BATTISTINI,VIA MATTIA BATTISTINI,,,Veicolo in marcia contro veicolo arresto,Intersezione semaforizzata,Due carreggiate,Asciutto,Asfaltata,Verticale ed orizzontale,Sereno,Scarso,Buona,Ore Diurne,0,0,0,6,12.3847,41.9149,-1,1,Autovettura privata,In marcia / fermata / arresto,Passeggero,F,Illeso,0,,,,,
3919649,18,15/07/2018 12:30:00,Strada Urbana,VIA DI BOCCEA,all'intersezione semaforizzata con,VIA MATTIA BATTISTINI,VIA MATTIA BATTISTINI,,,Veicolo in marcia contro veicolo arresto,Intersezione semaforizzata,Due carreggiate,Asciutto,Asfaltata,Verticale ed orizzontale,Sereno,Scarso,Buona,Ore Diurne,0,0,0,6,12.3847,41.9149,-1,1,Autovettura privata,In marcia / fermata / arresto,Passeggero,M,Illeso,0,,,,,
3919649,18,15/07/2018 12:30:00,Strada Urbana,VIA DI BOCCEA,all'intersezione semaforizzata con,VIA MATTIA BATTISTINI,VIA MATTIA BATTISTINI,,,Veicolo in marcia contro veicolo arresto,Intersezione semaforizzata,Due carreggiate,Asciutto,Asfaltata,Verticale ed orizzontale,Sereno,Scarso,Buona,Ore Diurne,0,0,0,6,12.3847,41.9149,-1,1,Autovettura privata,In marcia / fermata / arresto,Passeggero,F,Illeso,0,,,,,
3919649,18,15/07/2018 12:30:00,Strada Urbana,VIA DI BOCCEA,all'intersezione semaforizzata con,VIA MATTIA BATTISTINI,VIA MATTIA BATTISTINI,,,Veicolo in marcia contro veicolo arresto,Intersezione semaforizzata,Due carreggiate,Asciutto,Asfaltata,Verticale ed orizzontale,Sereno,Scarso,Buona,Ore Diurne,0,0,0,6,12.3847,41.9149,-1,2,Autobus turistico,In marcia / fermata / arresto,Conducente,M,Illeso,0,,,,,
3919653,17,15/07/2018 10:15:00,Strada Urbana,PIAZZA WALTER ROSSI,all'intersezione con,VIA IGEA,VIA IGEA,,,Scontro laterale fra veicoli in marcia,Rotatoria,Una carreggiata a senso unico di marcia,Asciutto,Asfaltata,Verticale ed orizzontale,Sereno,Scarso,Buona,Ore Diurne,0,0,0,2,12.4429,41.9349,-1,1,Autovettura privata,In marcia / fermata / arresto,Conducente,M,Illeso,0,,,,,