Protocollo,Gruppo,DataOraIncidente,Localizzazione1,STRADA1,Localizzazione2,STRADA2,Strada02,Chilometrica,DaSpecificare,NaturaIncidente,particolaritastrade,TipoStrada,FondoStradale,Pavimentazione,Segnaletica,CondizioneAtmosferica,Traffico,Visibilita,Illuminazione,NUM_FERITI,NUM_RISERVATA,NUM_MORTI,NUM_ILLESI,Longitudine,Latitudine,Confermato,Progressivo,TipoVeicolo,StatoVeicolo,TipoPersona,Sesso,Tipolesione,Deceduto,DecedutoDopo,CinturaCascoUtilizzato,Airbag,,
3919653,17,15/07/2018 10:15:00,Strada Urbana,PIAZZA WALTER ROSSI,all'intersezione con,VIA IGEA,VIA IGEA,,,Scontro laterale fra veicoli in marcia,Rotatoria,Una carreggiata a senso unico di marcia,Asciutto,Asfaltata,Verticale ed orizzontale,Sereno,Scarso,Buona,Ore Diurne,0,0,0,2,12.4429,41.9349,-1,2,Autovettura privata,In marcia / fermata / arresto,Conducente,M,Illeso,0,,,,,
3919664,23,15/07/2018 04:42:00,Comunale extraurbana,VIA CRISTOFORO COLOMBO,da specificare,,,,148 metri prima del Piazzale Cristoforo Colombo,Tamponamento,Rettilineo,Pi� di due carreggiate,Asciutto,Asfaltata,Verticale ed orizzontale,Sereno,Scarso,Buona,Ore Diurne,3,0,0,1,12.3197,41.7164,-1,1,Autovettura privata,In marcia / fermata / arresto,Conducente,M,Illeso,0,,Non accertato,Esploso,,
3919664,23,15/07/2018 04:42:00,Comunale extraurbana,VIA CRISTOFORO COLOMBO,da specificare,,,,148 metri prima del Piazzale Cristoforo Colombo,Tamponamento,Rettilineo,Pi� di due carreggiate,Asciutto,Asfaltata,Verticale ed orizzontale,Sereno,Scarso,Buona,Ore Diurne,3,0,0,1,12.3197,41.7164,-1,1,Autovettura privata,In marcia / fermata / arresto,Passeggero,M,Rifiuta cure immediate,0,NON DECEDUTO,Non accertato,Esploso,,
3919664,23,15/07/2018 04:42:00,Comunale extraurbana,VIA CRISTOFORO COLOMBO,da specificare,,,,148 metri prima del Piazzale Cristoforo Colombo,Tamponamento,Rettilineo,Pi� di due carreggiate,Asciutto,Asfaltata,Verticale ed orizzontale,Sereno,Scarso,Buona,Ore Diurne,3,0,0,1,12.3197,41.7164,-1,1,Autovettura privata,In marcia / fermata / arresto,Passeggero,M,Rimandato,0,NON DECEDUTO,Non accertato,Inesistente,,
3919664,23,15/07/2018 04:42:00,Comunale extraurbana,VIA CRISTOFORO COLOMBO,da specificare,,,,148 metri prima del Piazzale Cristoforo Colombo,Tamponamento,Rettilineo,Pi� di due carreggiate,Asciutto,Asfaltata,Verticale ed orizzontale,Sereno,Scarso,Buona,Ore Diurne,3,0,0,1,12.3197,41.7164,-1,2,Autovettura privata,In marcia / fermata / arresto,Conducente,M,Rimandato,0,NON DECEDUTO,Non accertato,Inesploso,,
3919704,2,15/07/2018 15:55:00,Strada Urbana,VIA ANAPO,all'intersezione con,VIA CERESIO,VIA CERESIO,,,Scontro laterale fra veicoli in marcia,Incrocio,Due carreggiate,Asciutto,Asfaltata,Verticale ed orizzontale,Sereno,Scarso,Buona,Ore Diurne,1,0,0,5,12.5078,41.9257,-1,1,Autovettura privata,In marcia / fermata / arresto,Conducente,M,Illeso,0,,Non accertato,Inesploso,,
3919704,2,15/07/2018 15:55:00,Strada Urbana,VIA ANAPO,all'intersezione con,VIA CERESIO,VIA CERESIO,,,Scontro laterale fra veicoli in marcia,Incrocio,Due carreggiate,Asciutto,Asfaltata,Verticale ed orizzontale,Sereno,Scarso,Buona,Ore Diurne,1,0,0,5,12.5078,41.9257,-1,1,Autovettura privata,In marcia / fermata / arresto,Passeggero,M,Illeso,0,,Non accertato,Inesploso,,
3919704,2,15/07/2018 15:55:00,Strada Urbana,VIA ANAPO,all'intersezione con,VIA CERESIO,VIA CERESIO,,,Scontro laterale fra veicoli in marcia,Incrocio,Due carreggiate,Asciutto,Asfaltata,Verticale ed orizzontale,Sereno,Scarso,Buona,Ore Diurne,1,0,0,5,12.5078,41.9257,-1,2,Autovettura privata,In marcia / fermata / arresto,Conducente,M,Illeso,0,,Non accertato,Inesploso,,
3919704,2,15/07/2018 15:55:00,Strada Urbana,VIA ANAPO,all'intersezione con,VIA CERESIO,VIA CERESIO,,,Scontro laterale fra veicoli in marcia,Incrocio,Due carreggiate,Asciutto,Asfaltata,Verticale ed orizzontale,Sereno,Scarso,Buona,Ore Diurne,1,0,0,5,12.5078,41.9257,-1,2,Autovettura privata,In marcia / fermata / arresto,Passeggero,F,Illeso,0,,Non accertato,Inesploso,,
3919704,2,15/07/2018 15:55:00,Strada Urbana,VIA ANAPO,all'intersezione con,VIA CERESIO,VIA CERESIO,,,Scontro laterale fra veicoli in marcia,Incrocio,Due carreggiate,Asciutto,Asfaltata,Verticale ed orizzontale,Sereno,Scarso,Buona,Ore Diurne,1,0,0,5,12.5078,41.9257,-1,2,Autovettura privata,In marcia / fermata / arresto,Passeggero,F,Illeso,0,,Non accertato,Inesploso,,
3919704,2,15/07/2018 15:55:00,Strada Urbana,VIA ANAPO,all'intersezione con,VIA CERESIO,VIA CERESIO,,,Scontro laterale fra veicoli in marcia,Incrocio,Due carreggiate,Asciutto,Asfaltata,Verticale ed orizzontale,Sereno,Scarso,Buona,Ore Diurne,1,0,0,5,12.5078,41.9257,-1,2,Autovettura privata,In marcia / fermata / arresto,Passeggero,M,Rifiuta cure immediate,0,NON DECEDUTO,Non accertato,Inesploso,,
3919707,19,16/07/2018 11:30:00,Strada Urbana,VIA DI CASAL DEL MARMO,all'intersezione con,VIA DELLA PALMAROLA,VIA DELLA PALMAROLA,,,Scontro frontale/laterale DX fra veicoli in marcia,Incrocio,Una carreggiata a doppio senso,Asciutto,Asfaltata,Verticale ed orizzontale,Nuvoloso,Normale,Buona,Ore Diurne,0,0,0,3,12.389,41.9421,-1,1,Autovettura privata,In marcia / fermata / arresto,Conducente,F,Illeso,0,,Non accertato,Inesploso,,
3919707,19,16/07/2018 11:30:00,Strada Urbana,VIA DI CASAL DEL MARMO,all'intersezione con,VIA DELLA PALMAROLA,VIA DELLA PALMAROLA,,,Scontro frontale/laterale DX fra veicoli in marcia,Incrocio,Una carreggiata a doppio senso,Asciutto,Asfaltata,Verticale ed orizzontale,Nuvoloso,Normale,Buona,Ore Diurne,0,0,0,3,12.389,41.9421,-1,2,Autovettura privata,In marcia / fermata / arresto,Conducente,M,Illeso,0,,Non accertato,Inesploso,,
3919707,19,16/07/2018 11:30:00,Strada Urbana,VIA DI CASAL DEL MARMO,all'intersezione con,VIA DELLA PALMAROLA,VIA DELLA PALMAROLA,,,Scontro frontale/laterale DX fra veicoli in marcia,Incrocio,Una carreggiata a doppio senso,Asciutto,Asfaltata,Verticale ed orizzontale,Nuvoloso,Normale,Buona,Ore Diurne,0,0,0,3,12.389,41.9421,-1,2,Autovettura privata,In marcia / fermata / arresto,Passeggero,M,Illeso,0,,Non accertato,Inesploso,,
3919709,17,15/07/2018 10:45:00,Strada Urbana,CIRCONVALLAZIONE TRIONFALE,all'intersezione con,VIA MARSILIO FICINO,VIA MARSILIO FICINO,,,Scontro frontale/laterale SX fra veicoli in marcia,Intersezione stradale segnalata,Una carreggiata a doppio senso,Asciutto,Asfaltata,Verticale ed orizzontale,Sereno,Scarso,Buona,Ore Diurne,1,0,0,1,12.4502,41.9129,-1,1,Autovettura privata,In marcia / fermata / arresto,Conducente,M,Illeso,0,,,,,
3919709,17,15/07/2018 10:45:00,Strada Urbana,CIRCONVALLAZIONE TRIONFALE,all'intersezione con,VIA MARSILIO FICINO,VIA MARSILIO FICINO,,,Scontro frontale/laterale SX fra veicoli in marcia,Intersezione stradale segnalata,Una carreggiata a doppio senso,Asciutto,Asfaltata,Verticale ed orizzontale,Sereno,Scarso,Buona,Ore Diurne,1,0,0,1,12.4502,41.9129,-1,2,Autovettura privata,In marcia / fermata / arresto,Conducente,M,Rimandato,0,NON DECEDUTO,,,,
3919717,10,16/07/2018 11:30:00,Strada Urbana,VIALE PALMIRO TOGLIATTI,in corrispondenza,,del palo luce n.,70,,Scontro laterale fra veicoli in marcia,Rettilineo,Pi� di due carreggiate,Asciutto,Asfaltata,Verticale ed orizzontale,Sereno,Normale,Buona,Ore Diurne,1,0,0,2,12.5696,41.8619,-1,1,Autovettura privata,In marcia / fermata / arresto,Conducente,M,Illeso,0,,Non accertato,Inesploso,,
3919717,10,16/07/2018 11:30:00,Strada Urbana,VIALE PALMIRO TOGLIATTI,in corrispondenza,,del palo luce n.,70,,Scontro laterale fra veicoli in marcia,Rettilineo,Pi� di due carreggiate,Asciutto,Asfaltata,Verticale ed orizzontale,Sereno,Normale,Buona,Ore Diurne,1,0,0,2,12.5696,41.8619,-1,2,Motociclo a solo,In marcia / fermata / arresto,Conducente,M,Rimandato,0,NON DECEDUTO,Non accertato,,,
3919717,10,16/07/2018 11:30:00,Strada Urbana,VIALE PALMIRO TOGLIATTI,in corrispondenza,,del palo luce n.,70,,Scontro laterale fra veicoli in marcia,Rettilineo,Pi� di due carreggiate,Asciutto,Asfaltata,Verticale ed orizzontale,Sereno,Normale,Buona,Ore Diurne,1,0,0,2,12.5696,41.8619,-1,3,Autovettura privata,In marcia / fermata / arresto,Conducente,M,Illeso,0,,Non accertato,Inesploso,,
3919739,2,14/07/2018 10:40:00,Strada Urbana,VIA SAVOIA,all'intersezione con,VIA CIVITAVECCHIA,VIA CIVITAVECCHIA,,,Scontro laterale fra veicoli in marcia,Incrocio,Una carreggiata a senso unico di marcia,Asciutto,Asfaltata,Verticale ed orizzontale,Sereno,Scarso,Buona,Ore Diurne,0,0,0,2,12.5026,41.9145,-1,1,Autovettura privata,In marcia / fermata / arresto,Conducente,M,Illeso,0,,,,,
3919739,2,14/07/2018 10:40:00,Strada Urbana,VIA SAVOIA,all'intersezione con,VIA CIVITAVECCHIA,VIA CIVITAVECCHIA,,,Scontro laterale fra veicoli in marcia,Incrocio,Una carreggiata a senso unico di marcia,Asciutto,Asfaltata,Verticale ed orizzontale,Sereno,Scarso,Buona,Ore Diurne,0,0,0,2,12.5026,41.9145,-1,2,Autovettura privata,In marcia / fermata / arresto,Conducente,M,Illeso,0,,,,,
3919749,6,16/07/2018 10:25:00,Strada Urbana,VIA ALATRI,in prossimit�,,del civico n.,123,,Scontro laterale fra veicoli in marcia,Rettilineo,Una carreggiata a senso unico di marcia,Asciutto,Asfaltata,Orizzontale,Nuvoloso,Normale,Buona,Ore Diurne,1,0,0,2,12.5559,41.8927,-1,1,Motociclo a solo,In marcia / fermata / arresto,Conducente,F,Rimandato,0,NON DECEDUTO,Non accertato,,,
3919749,6,16/07/2018 10:25:00,Strada Urbana,VIA ALATRI,in prossimit�,,del civico n.,123,,Scontro laterale fra veicoli in marcia,Rettilineo,Una carreggiata a senso unico di marcia,Asciutto,Asfaltata,Orizzontale,Nuvoloso,Normale,Buona,Ore Diurne,1,0,0,2,12.5559,41.8927,-1,2,Autovettura privata,In marcia / fermata / arresto,Conducente,F,Illeso,0,,Non accertato,Inesploso,,
3919749,6,16/07/2018 10:25:00,Strada Urbana,VIA ALATRI,in prossimit�,,del civico n.,123,,Scontro laterale fra veicoli in marcia,Rettilineo,Una carreggiata a senso unico di marcia,Asciutto,Asfaltata,Orizzontale,Nuvoloso,Normale,Buona,Ore Diurne,1,0,0,2,12.5559,41.8927,-1,2,Autovettura privata,In marcia / fermata / arresto,Passeggero,F,Illeso,0,,Non accertato,Inesploso,,
3919774,17,16/07/2018 05:40:00,Strada Urbana,VIA CRESCENZIO,all'intersezione semaforizzata con,VIA SFORZA PALLAVICINI,VIA SFORZA PALLAVICINI,,,Ribaltamento senza urto contro ostacolo fisso,Intersezione semaforizzata,Una carreggiata a doppio senso,Asciutto,In cubetti di porfido,Verticale ed orizzontale,Sereno,Normale,Sufficiente,Sufficiente,1,0,0,1,12.4634,41.9057,0,1,Motociclo a solo,In marcia / fermata / arresto,Conducente,M,Rimandato,0,NON DECEDUTO,,,,
3919774,17,16/07/2018 05:40:00,Strada Urbana,VIA CRESCENZIO,all'intersezione semaforizzata con,VIA SFORZA PALLAVICINI,VIA SFORZA PALLAVICINI,,,Ribaltamento senza urto contro ostacolo fisso,Intersezione semaforizzata,Una carreggiata a doppio senso,Asciutto,In cubetti di porfido,Verticale ed orizzontale,Sereno,Normale,Sufficiente,Sufficiente,1,0,0,1,12.4634,41.9057,0,2,Autocarro inferiore 35 q.,In marcia / fermata / arresto,Conducente,M,Illeso,0,,,,,
3919781,2,13/07/2018 18:50:00,Strada Urbana,VIALE REGINA MARGHERITA,in prossimit�,,del civico n.,7,,Investimento di pedone,Rettilineo,Una carreggiata a doppio senso,Asciutto,Asfaltata,Verticale ed orizzontale,Sereno,Normale,Buona,Ore Diurne,1,0,0,1,12.4988,41.9195,-1,,,,Pedone,M,Rimandato,0,NON DECEDUTO,,,,
3919781,2,13/07/2018 18:50:00,Strada Urbana,VIALE REGINA MARGHERITA,in prossimit�,,del civico n.,7,,Investimento di pedone,Rettilineo,Una carreggiata a doppio senso,Asciutto,Asfaltata,Verticale ed orizzontale,Sereno,Normale,Buona,Ore Diurne,1,0,0,1,12.4988,41.9195,-1,1,Motociclo a solo,In marcia / fermata / arresto,Conducente,M,Illeso,0,,Non accertato,,,
3919820,5,03/07/2018 17:50:00,Strada Urbana,PIAZZA TOMMASO DE CRISTOFORIS,all'intersezione con,VIA ALBERTO POLLIO,VIA ALBERTO POLLIO,,,Scontro frontale/laterale DX fra veicoli in marcia,Rotatoria,Due carreggiate,Asciutto,Asfaltata,Verticale ed orizzontale,Sereno,Normale,Buona,Ore Diurne,1,0,0,2,12.5347,41.9005,-1,1,Autovettura privata,In marcia / fermata / arresto,Conducente,M,Illeso,0,,Non accertato,Esploso,,
3919820,5,03/07/2018 17:50:00,Strada Urbana,PIAZZA TOMMASO DE CRISTOFORIS,all'intersezione con,VIA ALBERTO POLLIO,VIA ALBERTO POLLIO,,,Scontro frontale/laterale DX fra veicoli in marcia,Rotatoria,Due carreggiate,Asciutto,Asfaltata,Verticale ed orizzontale,Sereno,Normale,Buona,Ore Diurne,1,0,0,2,12.5347,41.9005,-1,1,Autovettura privata,In marcia / fermata / arresto,Passeggero,M,Illeso,0,,Non accertato,Inesploso,,
3919820,5,03/07/2018 17:50:00,Strada Urbana,PIAZZA TOMMASO DE CRISTOFORIS,all'intersezione con,VIA ALBERTO POLLIO,VIA ALBERTO POLLIO,,,Scontro frontale/laterale DX fra veicoli in marcia,Rotatoria,Due carreggiate,Asciutto,Asfaltata,Verticale ed orizzontale,Sereno,Normale,Buona,Ore Diurne,1,0,0,2,12.5347,41.9005,-1,2,Autovettura privata,In marcia / fermata / arresto,Conducente,F,Rimandato,0,NON DECEDUTO,Non accertato,Esploso,,
3919865,11,14/07/2018 13:25:00,Strada Urbana,VIA ANDREA MANTEGNA,in corrispondenza,,del civico n.,48,,Scontro laterale fra veicoli in marcia,Rettilineo,Due carreggiate,Asciutto,Asfaltata,Verticale ed orizzontale,Sereno,Normale,Buona,Ore Diurne,0,0,0,2,12.4943,41.8521,-1,1,Autovettura privata,In marcia / fermata / arresto,Conducente,M,Illeso,0,,,,,
3919865,11,14/07/2018 13:25:00,Strada Urbana,VIA ANDREA MANTEGNA,in corrispondenza,,del civico n.,48,,Scontro laterale fra veicoli in marcia,Rettilineo,Due carreggiate,Asciutto,Asfaltata,Verticale ed orizzontale,Sereno,Normale,Buona,Ore Diurne,0,0,0,2,12.4943,41.8521,-1,1,Autovettura privata,In marcia / fermata / arresto,Passeggero,F,Illeso,0,,,,,
3919922,2,13/07/2018 20:05:00,Strada Urbana,VIA TANARO,all'intersezione con,VIA ARNO,VIA ARNO,,,Scontro frontale/laterale DX fra veicoli in marcia,Intersezione stradale segnalata,Una carreggiata a senso unico di marcia,Asciutto,Asfaltata,Verticale ed orizzontale,Sereno,Scarso,Buona,Ore Diurne,0,0,0,4,12.5016,41.9181,-1,1,Quadriciclo leggero,In marcia / fermata / arresto,Conducente,F,Illeso,0,,,,,
3919922,2,13/07/2018 20:05:00,Strada Urbana,VIA TANARO,all'intersezione con,VIA ARNO,VIA ARNO,,,Scontro frontale/laterale DX fra veicoli in marcia,Intersezione stradale segnalata,Una carreggiata a senso unico di marcia,Asciutto,Asfaltata,Verticale ed orizzontale,Sereno,Scarso,Buona,Ore Diurne,0,0,0,4,12.5016,41.9181,-1,1,Quadriciclo leggero,In marcia / fermata / arresto,Passeggero,F,Illeso,0,,,,,
3919922,2,13/07/2018 20:05:00,Strada Urbana,VIA TANARO,all'intersezione con,VIA ARNO,VIA ARNO,,,Scontro frontale/laterale DX fra veicoli in marcia,Intersezione stradale segnalata,Una carreggiata a senso unico di marcia,Asciutto,Asfaltata,Verticale ed orizzontale,Sereno,Scarso,Buona,Ore Diurne,0,0,0,4,12.5016,41.9181,-1,2,Autovettura privata,In marcia / fermata / arresto,Conducente,M,Illeso,0,,,,,
3919922,2,13/07/2018 20:05:00,Strada Urbana,VIA TANARO,all'intersezione con,VIA ARNO,VIA ARNO,,,Scontro frontale/laterale DX fra veicoli in marcia,Intersezione stradale segnalata,Una carreggiata a senso unico di marcia,Asciutto,Asfaltata,Verticale ed orizzontale,Sereno,Scarso,Buona,Ore Diurne,0,0,0,4,12.5016,41.9181,-1,2,Autovettura privata,In marcia / fermata / arresto,Passeggero,M,Illeso,0,,,,,
3919972,3,13/07/2018 17:30:00,Strada Urbana,VIA NOMENTANA,all'intersezione con,CORSO TRIESTE,CORSO TRIESTE,,,Scontro laterale fra veicoli in marcia,Intersezione semaforizzata,Pi� di due carreggiate,Asciutto,Asfaltata,Verticale ed orizzontale,Sereno,Intenso,Buona,Ore Diurne,0,0,0,2,12.5086,41.9143,-1,1,Autovettura privata,In marcia / fermata / arresto,Conducente,M,Illeso,0,,Non accertato,,,
3919972,3,13/07/2018 17:30:00,Strada Urbana,VIA NOMENTANA,all'intersezione con,CORSO TRIESTE,CORSO TRIESTE,,,Scontro laterale fra veicoli in marcia,Intersezione semaforizzata,Pi� di due carreggiate,Asciutto,Asfaltata,Verticale ed orizzontale,Sereno,Intenso,Buona,Ore Diurne,0,0,0,2,12.5086,41.9143,-1,2,Motociclo a solo,In marcia / fermata / arresto,Conducente,M,Illeso,0,,Non accertato,,,
3919981,3,15/07/2018 00:50:00,Strada Urbana,VIA DELLA BALDUINA,all'intersezione con,VIA ATTILIO FRIGGERI,VIA ATTILIO FRIGGERI,,,Veicolo in marcia contro ostacolo fisso,Incrocio,Una carreggiata a doppio senso,Viscido da liquidi oleosi,Asfaltata,Verticale ed orizzontale,Sereno,Scarso,Buona,Sufficiente,1,0,0,1,12.4404,41.9207,-1,1,Autovettura di polizia,In marcia / fermata / arresto,Conducente,M,Illeso,0,,Non accertato,Inesploso,,
3919981,3,15/07/2018 00:50:00,Strada Urbana,VIA DELLA BALDUINA,all'intersezione con,VIA ATTILIO FRIGGERI,VIA ATTILIO FRIGGERI,,,Veicolo in marcia contro ostacolo fisso,Incrocio,Una carreggiata a doppio senso,Viscido da liquidi oleosi,Asfaltata,Verticale ed orizzontale,Sereno,Scarso,Buona,Sufficiente,1,0,0,1,12.4404,41.9207,-1,1,Autovettura di polizia,In marcia / fermata / arresto,Passeggero,M,Rimandato,0,NON DECEDUTO,Non accertato,Inesploso,,
3919987,3,15/07/2018 13:36:00,Strada Urbana,CIRCONVALLAZIONE TIBURTINA,da specificare,,,,altezza A24,Scontro frontale/laterale SX fra veicoli in marcia,Rettilineo,Una carreggiata a senso unico di marcia,Asciutto,Asfaltata,Verticale ed orizzontale,Sereno,Normale,Buona,Ore Diurne,2,0,0,1,12.5305,41.9011,-1,1,Autobus turistico,In marcia / fermata / arresto,Conducente,M,Illeso,0,,Non accertato,,,
3919987,3,15/07/2018 13:36:00,Strada Urbana,CIRCONVALLAZIONE TIBURTINA,da specificare,,,,altezza A24,Scontro frontale/laterale SX fra veicoli in marcia,Rettilineo,Una carreggiata a senso unico di marcia,Asciutto,Asfaltata,Verticale ed orizzontale,Sereno,Normale,Buona,Ore Diurne,2,0,0,1,12.5305,41.9011,-1,2,Autovettura privata,In marcia / fermata / arresto,Conducente,F,Rifiuta cure immediate,0,NON DECEDUTO,Non accertato,,,
3919987,3,15/07/2018 13:36:00,Strada Urbana,CIRCONVALLAZIONE TIBURTINA,da specificare,,,,altezza A24,Scontro frontale/laterale SX fra veicoli in marcia,Rettilineo,Una carreggiata a senso unico di marcia,Asciutto,Asfaltata,Verticale ed orizzontale,Sereno,Normale,Buona,Ore Diurne,2,0,0,1,12.5305,41.9011,-1,2,Autovettura privata,In marcia / fermata / arresto,Passeggero,F,Rifiuta cure immediate,0,NON DECEDUTO,Non accertato,,,
3919988,2,13/07/2018 10:30:00,Strada Urbana,VIALE PARIOLI,in prossimit�,,del civico n.,170,,Scontro laterale fra veicoli in marcia,Curva a visuale libera,Una carreggiata a doppio senso,Asciutto,Asfaltata,Verticale ed orizzontale,Sereno,Normale,Buona,Ore Diurne,1,0,0,1,12.4861,41.9289,-1,1,Motociclo a solo,In marcia / fermata / arresto,Conducente,M,Rifiuta cure immediate,0,NON DECEDUTO,,,,
3919988,2,13/07/2018 10:30:00,Strada Urbana,VIALE PARIOLI,in prossimit�,,del civico n.,170,,Scontro laterale fra veicoli in marcia,Curva a visuale libera,Una carreggiata a doppio senso,Asciutto,Asfaltata,Verticale ed orizzontale,Sereno,Normale,Buona,Ore Diurne,1,0,0,1,12.4861,41.9289,-1,2,Autovettura privata,In marcia / fermata / arresto,Conducente,M,Illeso,0,,,,,
3920001,3,13/07/2018 20:20:00,Strada Urbana,VIA TRIONFALE,all'intersezione semaforizzata con,PIAZZALE DELLE MEDAGLIE D'ORO,PIAZZALE DELLE MEDAGLIE D'ORO,,,Scontro laterale fra veicoli in marcia,Intersezione semaforizzata,Una carreggiata a doppio senso,Asciutto,Asfaltata,Verticale,Sereno,Normale,Buona,Ore Diurne,1,0,0,2,12.448,41.9238,-1,1,Autovettura pubblica,In marcia / fermata / arresto,Conducente,M,Illeso,0,,Non accertato,Inesploso,,
3920001,3,13/07/2018 20:20:00,Strada Urbana,VIA TRIONFALE,all'intersezione semaforizzata con,PIAZZALE DELLE MEDAGLIE D'ORO,PIAZZALE DELLE MEDAGLIE D'ORO,,,Scontro laterale fra veicoli in marcia,Intersezione semaforizzata,Una carreggiata a doppio senso,Asciutto,Asfaltata,Verticale,Sereno,Normale,Buona,Ore Diurne,1,0,0,2,12.448,41.9238,-1,1,Autovettura pubblica,In marcia / fermata / arresto,Passeggero,M,Illeso,0,,Non accertato,Inesploso,,
3920001,3,13/07/2018 20:20:00,Strada Urbana,VIA TRIONFALE,all'intersezione semaforizzata con,PIAZZALE DELLE MEDAGLIE D'ORO,PIAZZALE DELLE MEDAGLIE D'ORO,,,Scontro laterale fra veicoli in marcia,Intersezione semaforizzata,Una carreggiata a doppio senso,Asciutto,Asfaltata,Verticale,Sereno,Normale,Buona,Ore Diurne,1,0,0,2,12.448,41.9238,-1,2,Motociclo a solo,In marcia / fermata / arresto,Conducente,M,Ricoverato,0,NON DECEDUTO,Non accertato,,,
3920012,16,14/07/2018 10:45:00,Strada Urbana,VIA EDOARDO JENNER,in corrispondenza,,del civico n.,55A,,Investimento di pedone,Rettilineo,Una carreggiata a doppio senso,Asciutto,Asfaltata,Verticale ed orizzontale,Sereno,Normale,Sufficiente,Ore Diurne,0,1,0,1,12.4449,41.8729,-1,,,,Pedone,F,Prognosi riservata,0,NON DECEDUTO,,,,
3920012,16,14/07/2018 10:45:00,Strada Urbana,VIA EDOARDO JENNER,in corrispondenza,,del civico n.,55A,,Investimento di pedone,Rettilineo,Una carreggiata a doppio senso,Asciutto,Asfaltata,Verticale ed orizzontale,Sereno,Normale,Sufficiente,Ore Diurne,0,1,0,1,12.4449,41.8729,-1,1,Autocarro inferiore 35 q.,In marcia / fermata / arresto,Conducente,M,Illeso,0,,Non accertato,,,
3920020,3,13/07/2018 14:06:00,Strada Urbana,CIRCONVALLAZIONE NOMENTANA,in prossimit�,,del civico n.,271,,Scontro laterale fra veicoli in marcia,Rettilineo,Una carreggiata a senso unico di marcia,Asciutto,Asfaltata,Verticale,Sereno,Normale,Buona,Ore Diurne,0,0,0,2,12.5292,41.9112,-1,1,Motociclo a solo,In marcia / fermata / arresto,Conducente,F,Illeso,0,,,,,
3920020,3,13/07/2018 14:06:00,Strada Urbana,CIRCONVALLAZIONE NOMENTANA,in prossimit�,,del civico n.,271,,Scontro laterale fra veicoli in marcia,Rettilineo,Una carreggiata a senso unico di marcia,Asciutto,Asfaltata,Verticale,Sereno,Normale,Buona,Ore Diurne,0,0,0,2,12.5292,41.9112,-1,2,Autovettura privata,In marcia / fermata / arresto,Conducente,M,Illeso,0,,Non accertato,,,
3920036,3,14/07/2018 18:05:00,Strada Urbana,VIA NOMENTANA,all'intersezione semaforizzata con,VIALE VENTUNO APRILE,VIALE VENTUNO APRILE,,,Scontro frontale/laterale DX fra veicoli in marcia,Intersezione semaforizzata,Pi� di due carreggiate,Asciutto,Asfaltata,Verticale ed orizzontale,Sereno,Normale,Buona,Ore Diurne,2,0,0,1,12.5728,41.9579,-1,1,Autovettura privata,In marcia / fermata / arresto,Conducente,F,Rimandato,0,NON DECEDUTO,Non accertato,Inesploso,,
3920036,3,14/07/2018 18:05:00,Strada Urbana,VIA NOMENTANA,all'intersezione semaforizzata con,VIALE VENTUNO APRILE,VIALE VENTUNO APRILE,,,Scontro frontale/laterale DX fra veicoli in marcia,Intersezione semaforizzata,Pi� di due carreggiate,Asciutto,Asfaltata,Verticale ed orizzontale,Sereno,Normale,Buona,Ore Diurne,2,0,0,1,12.5728,41.9579,-1,1,Autovettura privata,In marcia / fermata / arresto,Passeggero,M,Illeso,0,,Non accertato,Inesploso,,
3920036,3,14/07/2018 18:05:00,Strada Urbana,VIA NOMENTANA,all'intersezione semaforizzata con,VIALE VENTUNO APRILE,VIALE VENTUNO APRILE,,,Scontro frontale/laterale DX fra veicoli in marcia,Intersezione semaforizzata,Pi� di due carreggiate,Asciutto,Asfaltata,Verticale ed orizzontale,Sereno,Normale,Buona,Ore Diurne,2,0,0,1,12.5728,41.9579,-1,2,Autovettura privata,In marcia / fermata / arresto,Conducente,F,Rimandato,0,NON DECEDUTO,Non accertato,Inesploso,,
3920038,2,13/07/2018 16:40:00,Strada Urbana,VIA PINCIANA,in corrispondenza,,del civico n.,35,,Veicolo in marcia contro veicolo in sosta,Rettilineo,Una carreggiata a doppio senso,Asciutto,Asfaltata,Verticale ed orizzontale,Sereno,Normale,Buona,Ore Diurne,0,0,0,2,12.4927,41.9125,-1,1,Autovettura pubblica,In marcia / fermata / arresto,Conducente,M,Illeso,0,,Non accertato,,,
3920038,2,13/07/2018 16:40:00,Strada Urbana,VIA PINCIANA,in corrispondenza,,del civico n.,35,,Veicolo in marcia contro veicolo in sosta,Rettilineo,Una carreggiata a doppio senso,Asciutto,Asfaltata,Verticale ed orizzontale,Sereno,Normale,Buona,Ore Diurne,0,0,0,2,12.4927,41.9125,-1,2,Autovettura privata,Sosta,Passeggero,M,Illeso,0,,Non accertato,,,
3920039,8,13/07/2018 15:30:00,Strada Urbana,VIA COLLATINA,all'intersezione con,VIA ACHILLE VERTUNNI,VIA ACHILLE VERTUNNI,,,Scontro laterale fra veicoli in marcia,Incrocio,Una carreggiata a doppio senso,Asciutto,Asfaltata,Verticale,Sereno,Normale,Buona,Ore Diurne,0,0,0,1,12.6661,41.9223,-1,1,Autocarro inferiore 35 q.,In marcia / fermata / arresto,Conducente,M,Illeso,0,,Non accertato,Inesploso,,
3920052,8,15/07/2018 11:00:00,Strada Urbana,VIA DI TOR VERGATA,da specificare,,,,20 m dopo rampa imm rotat v Oxford direz T. B.M.,Veicolo in marcia contro ostacolo accidentale,Curva a visuale libera,Una carreggiata a senso unico di marcia,Asciutto,Asfaltata,Verticale ed orizzontale,Sereno,Normale,Buona,Ore Diurne,0,0,0,1,,,0,1,Autocarro inferiore 35 q.,In marcia / fermata / arresto,Conducente,M,Illeso,0,,Non accertato,Inesistente,,