Protocollo,Gruppo,DataOraIncidente,Localizzazione1,STRADA1,Localizzazione2,STRADA2,Strada02,Chilometrica,DaSpecificare,NaturaIncidente,particolaritastrade,TipoStrada,FondoStradale,Pavimentazione,Segnaletica,CondizioneAtmosferica,Traffico,Visibilita,Illuminazione,NUM_FERITI,NUM_RISERVATA,NUM_MORTI,NUM_ILLESI,Longitudine,Latitudine,Confermato,Progressivo,TipoVeicolo,StatoVeicolo,TipoPersona,Sesso,Tipolesione,Deceduto,DecedutoDopo,CinturaCascoUtilizzato,Airbag,,
3920056,8,15/07/2018 12:10:00,Strada Urbana,VIA BORGHESIANA,all'intersezione con,VIA MESORACA,VIA MESORACA,,,Scontro frontale/laterale DX fra veicoli in marcia,Incrocio,Una carreggiata a doppio senso,Asciutto,Asfaltata,Verticale,Sereno,Scarso,Buona,Ore Diurne,0,0,0,1,12.6724,41.8765,-1,1,Autovettura privata,In marcia / fermata / arresto,Conducente,M,Illeso,0,,,,,
3920060,8,15/07/2018 12:40:00,Statale entro l'abitato,VIA CASILINA,all'intersezione con,VIA DEL CASALE DEL FINOCCHIO,VIA DEL CASALE DEL FINOCCHIO,,,Scontro frontale/laterale SX fra veicoli in marcia,Incrocio,Una carreggiata a doppio senso,Asciutto,Asfaltata,Verticale,Sereno,Normale,Buona,Ore Diurne,0,0,0,5,12.6271,41.8632,-1,1,Autovettura privata,In marcia / fermata / arresto,Conducente,M,Illeso,0,,Non accertato,Inesploso,,
3920060,8,15/07/2018 12:40:00,Statale entro l'abitato,VIA CASILINA,all'intersezione con,VIA DEL CASALE DEL FINOCCHIO,VIA DEL CASALE DEL FINOCCHIO,,,Scontro frontale/laterale SX fra veicoli in marcia,Incrocio,Una carreggiata a doppio senso,Asciutto,Asfaltata,Verticale,Sereno,Normale,Buona,Ore Diurne,0,0,0,5,12.6271,41.8632,-1,2,Autovettura privata,In marcia / fermata / arresto,Conducente,M,Illeso,0,,,,,
3920060,8,15/07/2018 12:40:00,Statale entro l'abitato,VIA CASILINA,all'intersezione con,VIA DEL CASALE DEL FINOCCHIO,VIA DEL CASALE DEL FINOCCHIO,,,Scontro frontale/laterale SX fra veicoli in marcia,Incrocio,Una carreggiata a doppio senso,Asciutto,Asfaltata,Verticale,Sereno,Normale,Buona,Ore Diurne,0,0,0,5,12.6271,41.8632,-1,2,Autovettura privata,In marcia / fermata / arresto,Passeggero,F,Illeso,0,,,,,
3920060,8,15/07/2018 12:40:00,Statale entro l'abitato,VIA CASILINA,all'intersezione con,VIA DEL CASALE DEL FINOCCHIO,VIA DEL CASALE DEL FINOCCHIO,,,Scontro frontale/laterale SX fra veicoli in marcia,Incrocio,Una carreggiata a doppio senso,Asciutto,Asfaltata,Verticale,Sereno,Normale,Buona,Ore Diurne,0,0,0,5,12.6271,41.8632,-1,2,Autovettura privata,In marcia / fermata / arresto,Passeggero,M,Illeso,0,,Non accertato,,,
3920060,8,15/07/2018 12:40:00,Statale entro l'abitato,VIA CASILINA,all'intersezione con,VIA DEL CASALE DEL FINOCCHIO,VIA DEL CASALE DEL FINOCCHIO,,,Scontro frontale/laterale SX fra veicoli in marcia,Incrocio,Una carreggiata a doppio senso,Asciutto,Asfaltata,Verticale,Sereno,Normale,Buona,Ore Diurne,0,0,0,5,12.6271,41.8632,-1,2,Autovettura privata,In marcia / fermata / arresto,Passeggero,F,Illeso,0,,Non accertato,,,
3920063,8,15/07/2018 21:50:00,Provinciale entro l'abitato,VIA PRENESTINA,in corrispondenza,,del civico n.,1132,,Veicolo in marcia contro ostacolo fisso,Rettilineo,Una carreggiata a doppio senso,Asciutto,Asfaltata,Verticale ed orizzontale,Sereno,Normale,Sufficiente,Sufficiente,0,0,1,1,12.6182,41.8932,0,1,Autovettura privata,In marcia / fermata / arresto,Conducente,M,Illeso,0,,Non accertato,Esploso,,
3920063,8,15/07/2018 21:50:00,Provinciale entro l'abitato,VIA PRENESTINA,in corrispondenza,,del civico n.,1132,,Veicolo in marcia contro ostacolo fisso,Rettilineo,Una carreggiata a doppio senso,Asciutto,Asfaltata,Verticale ed orizzontale,Sereno,Normale,Sufficiente,Sufficiente,0,0,1,1,12.6182,41.8932,0,1,Autovettura privata,In marcia / fermata / arresto,Passeggero,F,Prognosi riservata,0,DECEDUTO ENTRO IL QUINTO GIORNO,Non accertato,Esploso,,
3920076,6,16/07/2018 16:00:00,Provinciale entro l'abitato,VIA PRENESTINA,in prossimit�,,del civico n.,187,,Tamponamento,Rettilineo,Pi� di due carreggiate,Asciutto,Asfaltata,Verticale ed orizzontale,Sereno,Normale,Buona,Ore Diurne,0,0,0,2,12.5371,41.8925,-1,1,Autocarro inferiore 35 q.,In marcia / fermata / arresto,Conducente,M,Illeso,0,,Non accertato,Inesploso,,
3920076,6,16/07/2018 16:00:00,Provinciale entro l'abitato,VIA PRENESTINA,in prossimit�,,del civico n.,187,,Tamponamento,Rettilineo,Pi� di due carreggiate,Asciutto,Asfaltata,Verticale ed orizzontale,Sereno,Normale,Buona,Ore Diurne,0,0,0,2,12.5371,41.8925,-1,2,Autocarro inferiore 35 q.,In marcia / fermata / arresto,Conducente,M,Illeso,0,,Non accertato,Inesploso,,
3920077,11,16/07/2018 15:20:00,Strada Urbana,VIALE DI TOR MARANCIA,all'intersezione con,VIA VALERIA RUFINA,VIA VALERIA RUFINA,,,Scontro frontale/laterale DX fra veicoli in marcia,Intersezione non regolata/non segnalata,Due carreggiate,Asciutto,Asfaltata,Verticale ed orizzontale,Nuvoloso,Normale,Buona,Ore Diurne,2,0,0,1,12.4975,41.8552,-1,1,Motociclo a solo,In marcia / fermata / arresto,Conducente,M,Rimandato,0,NON DECEDUTO,Non accertato,,,
3920077,11,16/07/2018 15:20:00,Strada Urbana,VIALE DI TOR MARANCIA,all'intersezione con,VIA VALERIA RUFINA,VIA VALERIA RUFINA,,,Scontro frontale/laterale DX fra veicoli in marcia,Intersezione non regolata/non segnalata,Due carreggiate,Asciutto,Asfaltata,Verticale ed orizzontale,Nuvoloso,Normale,Buona,Ore Diurne,2,0,0,1,12.4975,41.8552,-1,1,Motociclo a solo,In marcia / fermata / arresto,Passeggero,M,Ricoverato,0,NON DECEDUTO,Non accertato,,,
3920077,11,16/07/2018 15:20:00,Strada Urbana,VIALE DI TOR MARANCIA,all'intersezione con,VIA VALERIA RUFINA,VIA VALERIA RUFINA,,,Scontro frontale/laterale DX fra veicoli in marcia,Intersezione non regolata/non segnalata,Due carreggiate,Asciutto,Asfaltata,Verticale ed orizzontale,Nuvoloso,Normale,Buona,Ore Diurne,2,0,0,1,12.4975,41.8552,-1,2,Autovettura privata,In marcia / fermata / arresto,Conducente,F,Illeso,0,,Non accertato,Inesploso,,
3920079,2,15/07/2018 10:20:00,Strada Urbana,VIALE BRUNO BUOZZI,all'intersezione semaforizzata con,VIA ANTONIO GRAMSCI,VIA ANTONIO GRAMSCI,,,Investimento di pedone,Incrocio,Una carreggiata a doppio senso,Asciutto,Asfaltata,Verticale ed orizzontale,Sereno,Scarso,Buona,Ore Diurne,2,0,0,1,12.4819,41.9205,-1,,,,Pedone,F,Rimandato,0,NON DECEDUTO,,,,
3920079,2,15/07/2018 10:20:00,Strada Urbana,VIALE BRUNO BUOZZI,all'intersezione semaforizzata con,VIA ANTONIO GRAMSCI,VIA ANTONIO GRAMSCI,,,Investimento di pedone,Incrocio,Una carreggiata a doppio senso,Asciutto,Asfaltata,Verticale ed orizzontale,Sereno,Scarso,Buona,Ore Diurne,2,0,0,1,12.4819,41.9205,-1,,,,Pedone,F,Rimandato,0,NON DECEDUTO,,,,
3920079,2,15/07/2018 10:20:00,Strada Urbana,VIALE BRUNO BUOZZI,all'intersezione semaforizzata con,VIA ANTONIO GRAMSCI,VIA ANTONIO GRAMSCI,,,Investimento di pedone,Incrocio,Una carreggiata a doppio senso,Asciutto,Asfaltata,Verticale ed orizzontale,Sereno,Scarso,Buona,Ore Diurne,2,0,0,1,12.4819,41.9205,-1,1,Autovettura privata,In marcia / fermata / arresto,Conducente,F,Illeso,0,,Non accertato,Inesploso,,
3920222,6,16/07/2018 16:50:00,Strada Urbana,VIA DI TOR PIGNATTARA,in prossimit�,,del civico n.,71,,Veicolo in marcia contro veicolo arresto,Rettilineo,Una carreggiata a doppio senso,Asciutto,Asfaltata,Verticale ed orizzontale,Sereno,Intenso,Buona,Ore Diurne,0,0,0,2,12.542,41.8785,-1,1,Autovettura privata,In marcia / fermata / arresto,Conducente,M,Illeso,0,,Non accertato,Inesploso,,
3920222,6,16/07/2018 16:50:00,Strada Urbana,VIA DI TOR PIGNATTARA,in prossimit�,,del civico n.,71,,Veicolo in marcia contro veicolo arresto,Rettilineo,Una carreggiata a doppio senso,Asciutto,Asfaltata,Verticale ed orizzontale,Sereno,Intenso,Buona,Ore Diurne,0,0,0,2,12.542,41.8785,-1,2,Autovettura privata,In marcia / fermata / arresto,Conducente,M,Illeso,0,,Non accertato,Inesploso,,
3920232,16,15/07/2018 01:50:00,Strada Urbana,VIA NICOLA ZABAGLIA,in prossimit�,,del civico n.,1,,Scontro frontale/laterale SX fra veicoli in marcia,Rettilineo,Una carreggiata a doppio senso,Asciutto,Asfaltata,Assente,Sereno,Scarso,Buona,Sufficiente,0,0,0,2,12.4746,41.8796,-1,1,Autovettura privata,In marcia / fermata / arresto,Conducente,M,Illeso,0,,Non accertato,,,
3920232,16,15/07/2018 01:50:00,Strada Urbana,VIA NICOLA ZABAGLIA,in prossimit�,,del civico n.,1,,Scontro frontale/laterale SX fra veicoli in marcia,Rettilineo,Una carreggiata a doppio senso,Asciutto,Asfaltata,Assente,Sereno,Scarso,Buona,Sufficiente,0,0,0,2,12.4746,41.8796,-1,1,Autovettura privata,In marcia / fermata / arresto,Passeggero,F,Illeso,0,,Non accertato,,,
3920237,16,15/07/2018 09:38:00,Strada Urbana,VIA DEGLI ESTENSI,all'intersezione con,VIA DEI CORRER,VIA DEI CORRER,,,Scontro frontale/laterale DX fra veicoli in marcia,Incrocio,Una carreggiata a doppio senso,Asciutto,Asfaltata,Verticale ed orizzontale,Sereno,Normale,Buona,Ore Diurne,0,0,0,2,12.4187,41.8725,-1,1,Autovettura privata,In marcia / fermata / arresto,Conducente,F,Illeso,0,,,,,
3920237,16,15/07/2018 09:38:00,Strada Urbana,VIA DEGLI ESTENSI,all'intersezione con,VIA DEI CORRER,VIA DEI CORRER,,,Scontro frontale/laterale DX fra veicoli in marcia,Incrocio,Una carreggiata a doppio senso,Asciutto,Asfaltata,Verticale ed orizzontale,Sereno,Normale,Buona,Ore Diurne,0,0,0,2,12.4187,41.8725,-1,2,Autovettura privata,In marcia / fermata / arresto,Conducente,M,Illeso,0,,,,,
3920243,16,15/07/2018 18:45:00,Strada Urbana,VIA GIOVANNI DA CASTEL BOLOGNESE,all'intersezione con,VIA BERNARDINO PASSERI,VIA BERNARDINO PASSERI,,,Scontro frontale/laterale DX fra veicoli in marcia,Incrocio,Una carreggiata a senso unico di marcia,Asciutto,Asfaltata,Verticale ed orizzontale,Sereno,Scarso,Buona,Ore Diurne,4,0,0,2,12.4688,41.8749,-1,1,Autovettura pubblica,In marcia / fermata / arresto,Conducente,M,Illeso,0,,Non accertato,Inesploso,,
3920243,16,15/07/2018 18:45:00,Strada Urbana,VIA GIOVANNI DA CASTEL BOLOGNESE,all'intersezione con,VIA BERNARDINO PASSERI,VIA BERNARDINO PASSERI,,,Scontro frontale/laterale DX fra veicoli in marcia,Incrocio,Una carreggiata a senso unico di marcia,Asciutto,Asfaltata,Verticale ed orizzontale,Sereno,Scarso,Buona,Ore Diurne,4,0,0,2,12.4688,41.8749,-1,1,Autovettura pubblica,In marcia / fermata / arresto,Passeggero,F,Rimandato,0,NON DECEDUTO,Non accertato,Inesploso,,
3920243,16,15/07/2018 18:45:00,Strada Urbana,VIA GIOVANNI DA CASTEL BOLOGNESE,all'intersezione con,VIA BERNARDINO PASSERI,VIA BERNARDINO PASSERI,,,Scontro frontale/laterale DX fra veicoli in marcia,Incrocio,Una carreggiata a senso unico di marcia,Asciutto,Asfaltata,Verticale ed orizzontale,Sereno,Scarso,Buona,Ore Diurne,4,0,0,2,12.4688,41.8749,-1,2,Autovettura privata,In marcia / fermata / arresto,Conducente,M,Illeso,0,,Non accertato,Inesploso,,
3920243,16,15/07/2018 18:45:00,Strada Urbana,VIA GIOVANNI DA CASTEL BOLOGNESE,all'intersezione con,VIA BERNARDINO PASSERI,VIA BERNARDINO PASSERI,,,Scontro frontale/laterale DX fra veicoli in marcia,Incrocio,Una carreggiata a senso unico di marcia,Asciutto,Asfaltata,Verticale ed orizzontale,Sereno,Scarso,Buona,Ore Diurne,4,0,0,2,12.4688,41.8749,-1,2,Autovettura privata,In marcia / fermata / arresto,Passeggero,M,Rimandato,0,NON DECEDUTO,Non accertato,Inesploso,,
3920243,16,15/07/2018 18:45:00,Strada Urbana,VIA GIOVANNI DA CASTEL BOLOGNESE,all'intersezione con,VIA BERNARDINO PASSERI,VIA BERNARDINO PASSERI,,,Scontro frontale/laterale DX fra veicoli in marcia,Incrocio,Una carreggiata a senso unico di marcia,Asciutto,Asfaltata,Verticale ed orizzontale,Sereno,Scarso,Buona,Ore Diurne,4,0,0,2,12.4688,41.8749,-1,2,Autovettura privata,In marcia / fermata / arresto,Passeggero,M,Rimandato,0,NON DECEDUTO,Non accertato,Inesploso,,
3920243,16,15/07/2018 18:45:00,Strada Urbana,VIA GIOVANNI DA CASTEL BOLOGNESE,all'intersezione con,VIA BERNARDINO PASSERI,VIA BERNARDINO PASSERI,,,Scontro frontale/laterale DX fra veicoli in marcia,Incrocio,Una carreggiata a senso unico di marcia,Asciutto,Asfaltata,Verticale ed orizzontale,Sereno,Scarso,Buona,Ore Diurne,4,0,0,2,12.4688,41.8749,-1,2,Autovettura privata,In marcia / fermata / arresto,Passeggero,M,Rimandato,0,NON DECEDUTO,Non accertato,Inesploso,,
3920379,9,16/07/2018 16:20:00,Strada Urbana,VIA ILLIRIA,in prossimit�,,del civico n.,15A,,Scontro frontale/laterale DX fra veicoli in marcia,Rettilineo,Una carreggiata a doppio senso,Asciutto,Asfaltata,Orizzontale,Nuvoloso,Normale,Buona,Ore Diurne,0,0,0,2,12.5027,41.8819,-1,1,Autovettura privata,In marcia / fermata / arresto,Conducente,F,Illeso,0,,Non accertato,Inesploso,,
3920379,9,16/07/2018 16:20:00,Strada Urbana,VIA ILLIRIA,in prossimit�,,del civico n.,15A,,Scontro frontale/laterale DX fra veicoli in marcia,Rettilineo,Una carreggiata a doppio senso,Asciutto,Asfaltata,Orizzontale,Nuvoloso,Normale,Buona,Ore Diurne,0,0,0,2,12.5027,41.8819,-1,2,Autovettura privata,In marcia / fermata / arresto,Conducente,M,Illeso,0,,Non accertato,Inesploso,,
3920381,9,16/07/2018 17:20:00,Strada Urbana,VIA TUSCOLANA,all'intersezione semaforizzata con,VIA GELA,VIA GELA,,,Scontro laterale fra veicoli in marcia,Intersezione semaforizzata,Una carreggiata a doppio senso,Asciutto,Asfaltata,Verticale ed orizzontale,Nuvoloso,Normale,Buona,Ore Diurne,0,0,0,2,12.5218,41.8795,-1,1,Autovettura privata,In marcia / fermata / arresto,Conducente,F,Illeso,0,,Non accertato,Inesploso,,
3920381,9,16/07/2018 17:20:00,Strada Urbana,VIA TUSCOLANA,all'intersezione semaforizzata con,VIA GELA,VIA GELA,,,Scontro laterale fra veicoli in marcia,Intersezione semaforizzata,Una carreggiata a doppio senso,Asciutto,Asfaltata,Verticale ed orizzontale,Nuvoloso,Normale,Buona,Ore Diurne,0,0,0,2,12.5218,41.8795,-1,2,Autovettura privata,In marcia / fermata / arresto,Conducente,M,Illeso,0,,Non accertato,Inesploso,,
3920399,2,16/07/2018 18:30:00,Strada Urbana,VIALE TIZIANO,in prossimit�,,del civico n.,2,,Infortunio per sola frenata improvvisa,Curva a visuale libera,Una carreggiata a senso unico di marcia,Bagnato (umidit� in atto),Asfaltata,Orizzontale,Nuvoloso,Normale,Buona,Ore Diurne,0,0,0,1,12.4738,41.9193,-1,1,Motociclo a solo,In marcia / fermata / arresto,Conducente,M,Illeso,0,,,,,
3920461,2,16/07/2018 19:30:00,Strada Urbana,VIA ALESSANDRIA,all'intersezione con,VIA REGGIO EMILIA,VIA REGGIO EMILIA,,,Scontro frontale/laterale DX fra veicoli in marcia,Incrocio,Una carreggiata a senso unico di marcia,Asciutto,Asfaltata,Verticale ed orizzontale,Nuvoloso,Normale,Buona,Ore Diurne,1,0,0,1,12.504,41.9129,-1,1,Autovettura privata,In marcia / fermata / arresto,Conducente,M,Illeso,0,,Non accertato,Inesploso,,
3920461,2,16/07/2018 19:30:00,Strada Urbana,VIA ALESSANDRIA,all'intersezione con,VIA REGGIO EMILIA,VIA REGGIO EMILIA,,,Scontro frontale/laterale DX fra veicoli in marcia,Incrocio,Una carreggiata a senso unico di marcia,Asciutto,Asfaltata,Verticale ed orizzontale,Nuvoloso,Normale,Buona,Ore Diurne,1,0,0,1,12.504,41.9129,-1,2,Ciclomotore,In marcia / fermata / arresto,Conducente,F,Rimandato,0,NON DECEDUTO,,,,
3920574,9,16/07/2018 18:45:00,Strada Urbana,Tangenziale Est,da specificare,,,,direzione VIA SALARIA sopra ferrovia,Tamponamento Multiplo,Rettilineo,Una carreggiata a senso unico di marcia,Asciutto,Asfaltata,Verticale ed orizzontale,Nuvoloso,Intenso,Buona,Ore Diurne,0,0,0,4,12.5282,41.9181,-1,1,Autovettura privata,In marcia / fermata / arresto,Conducente,M,Illeso,0,,Non accertato,Inesploso,,
3920574,9,16/07/2018 18:45:00,Strada Urbana,Tangenziale Est,da specificare,,,,direzione VIA SALARIA sopra ferrovia,Tamponamento Multiplo,Rettilineo,Una carreggiata a senso unico di marcia,Asciutto,Asfaltata,Verticale ed orizzontale,Nuvoloso,Intenso,Buona,Ore Diurne,0,0,0,4,12.5282,41.9181,-1,2,Autovettura privata,In marcia / fermata / arresto,Conducente,M,Illeso,0,,Non accertato,Inesploso,,
3920574,9,16/07/2018 18:45:00,Strada Urbana,Tangenziale Est,da specificare,,,,direzione VIA SALARIA sopra ferrovia,Tamponamento Multiplo,Rettilineo,Una carreggiata a senso unico di marcia,Asciutto,Asfaltata,Verticale ed orizzontale,Nuvoloso,Intenso,Buona,Ore Diurne,0,0,0,4,12.5282,41.9181,-1,2,Autovettura privata,In marcia / fermata / arresto,Passeggero,F,Illeso,0,,Non accertato,Inesploso,,
3920574,9,16/07/2018 18:45:00,Strada Urbana,Tangenziale Est,da specificare,,,,direzione VIA SALARIA sopra ferrovia,Tamponamento Multiplo,Rettilineo,Una carreggiata a senso unico di marcia,Asciutto,Asfaltata,Verticale ed orizzontale,Nuvoloso,Intenso,Buona,Ore Diurne,0,0,0,4,12.5282,41.9181,-1,3,Autovettura privata,In marcia / fermata / arresto,Conducente,F,Illeso,0,,Non accertato,Inesploso,,
3920575,12,13/07/2018 00:55:00,Regionale,VIA PONTINA,in prossimit�,,della chilometrica,16.7,,Tamponamento,Curva senza visuale libera,Due carreggiate,Asciutto,Asfaltata,Verticale ed orizzontale,Sereno,Normale,Buona,Inesistente,0,0,0,2,12.4437,41.7719,-1,1,Autovettura privata,In marcia / fermata / arresto,Conducente,M,Illeso,0,,Utilizzato,Inesploso,,
3920575,12,13/07/2018 00:55:00,Regionale,VIA PONTINA,in prossimit�,,della chilometrica,16.7,,Tamponamento,Curva senza visuale libera,Due carreggiate,Asciutto,Asfaltata,Verticale ed orizzontale,Sereno,Normale,Buona,Inesistente,0,0,0,2,12.4437,41.7719,-1,2,Autovettura privata,In marcia / fermata / arresto,Conducente,F,Illeso,0,,Utilizzato,Inesploso,,
3920576,9,16/07/2018 21:05:00,Strada Urbana,PIAZZALE LABICANO,da specificare,,,,prossimit� PALO A.C.E.A. 6,Tamponamento,Rettilineo,Una carreggiata a senso unico di marcia,Bagnato (pioggia),Asfaltata,Verticale,Pioggia in atto,Normale,Buona,Sufficiente,1,0,0,1,12.5156,41.8912,-1,1,Autobus di linea,In marcia / fermata / arresto,Conducente,M,Illeso,0,,Non accertato,Inesploso,,
3920576,9,16/07/2018 21:05:00,Strada Urbana,PIAZZALE LABICANO,da specificare,,,,prossimit� PALO A.C.E.A. 6,Tamponamento,Rettilineo,Una carreggiata a senso unico di marcia,Bagnato (pioggia),Asfaltata,Verticale,Pioggia in atto,Normale,Buona,Sufficiente,1,0,0,1,12.5156,41.8912,-1,2,Ciclomotore,In marcia / fermata / arresto,Conducente,M,Rimandato,0,NON DECEDUTO,Non accertato,,,
3920724,13,16/07/2018 12:30:00,Strada Urbana,VIA ERMANNO WOLF FERRARI,in corrispondenza,,del civico n.,260,,Scontro laterale fra veicoli in marcia,Rettilineo,Una carreggiata a doppio senso,Asciutto,Asfaltata,Assente,Nuvoloso,Normale,Buona,Ore Diurne,0,0,0,6,12.3733,41.7525,-1,1,Autovettura privata,In marcia / fermata / arresto,Conducente,M,Illeso,0,,Non accertato,,,
3920724,13,16/07/2018 12:30:00,Strada Urbana,VIA ERMANNO WOLF FERRARI,in corrispondenza,,del civico n.,260,,Scontro laterale fra veicoli in marcia,Rettilineo,Una carreggiata a doppio senso,Asciutto,Asfaltata,Assente,Nuvoloso,Normale,Buona,Ore Diurne,0,0,0,6,12.3733,41.7525,-1,1,Autovettura privata,In marcia / fermata / arresto,Passeggero,M,Illeso,0,,Non accertato,,,
3920724,13,16/07/2018 12:30:00,Strada Urbana,VIA ERMANNO WOLF FERRARI,in corrispondenza,,del civico n.,260,,Scontro laterale fra veicoli in marcia,Rettilineo,Una carreggiata a doppio senso,Asciutto,Asfaltata,Assente,Nuvoloso,Normale,Buona,Ore Diurne,0,0,0,6,12.3733,41.7525,-1,2,Autovettura privata,In marcia / fermata / arresto,Conducente,M,Illeso,0,,Non accertato,,,
3920724,13,16/07/2018 12:30:00,Strada Urbana,VIA ERMANNO WOLF FERRARI,in corrispondenza,,del civico n.,260,,Scontro laterale fra veicoli in marcia,Rettilineo,Una carreggiata a doppio senso,Asciutto,Asfaltata,Assente,Nuvoloso,Normale,Buona,Ore Diurne,0,0,0,6,12.3733,41.7525,-1,2,Autovettura privata,In marcia / fermata / arresto,Passeggero,F,Illeso,0,,Non accertato,,,
3920724,13,16/07/2018 12:30:00,Strada Urbana,VIA ERMANNO WOLF FERRARI,in corrispondenza,,del civico n.,260,,Scontro laterale fra veicoli in marcia,Rettilineo,Una carreggiata a doppio senso,Asciutto,Asfaltata,Assente,Nuvoloso,Normale,Buona,Ore Diurne,0,0,0,6,12.3733,41.7525,-1,2,Autovettura privata,In marcia / fermata / arresto,Passeggero,F,Illeso,0,,Non accertato,,,
3920724,13,16/07/2018 12:30:00,Strada Urbana,VIA ERMANNO WOLF FERRARI,in corrispondenza,,del civico n.,260,,Scontro laterale fra veicoli in marcia,Rettilineo,Una carreggiata a doppio senso,Asciutto,Asfaltata,Assente,Nuvoloso,Normale,Buona,Ore Diurne,0,0,0,6,12.3733,41.7525,-1,2,Autovettura privata,In marcia / fermata / arresto,Passeggero,F,Illeso,0,,Non accertato,,,
3920729,11,16/07/2018 20:45:00,Strada Urbana,VIALE PICO DELLA MIRANDOLA,da specificare,,,,fronte fermata Atac n. 74417,Veicolo in marcia contro veicolo fermo,Rettilineo,Due carreggiate,Bagnato (pioggia),Asfaltata,Verticale ed orizzontale,Pioggia in atto,Scarso,Buona,Insufficiente,1,0,0,1,12.486,41.8463,-1,1,Autovettura privata,In marcia / fermata / arresto,Conducente,M,Illeso,0,,Non accertato,,,
3920729,11,16/07/2018 20:45:00,Strada Urbana,VIALE PICO DELLA MIRANDOLA,da specificare,,,,fronte fermata Atac n. 74417,Veicolo in marcia contro veicolo fermo,Rettilineo,Due carreggiate,Bagnato (pioggia),Asfaltata,Verticale ed orizzontale,Pioggia in atto,Scarso,Buona,Insufficiente,1,0,0,1,12.486,41.8463,-1,2,Autovettura privata,In marcia / fermata / arresto,Conducente,F,Rifiuta cure immediate,0,NON DECEDUTO,Non accertato,,,
3920753,13,16/07/2018 15:20:00,Strada Urbana,VIA DEI VELIERI,da specificare,,,,prossimit� via dei Traghetti,Scontro laterale fra veicoli in marcia,Rettilineo,Una carreggiata a senso unico di marcia,Asciutto,Asfaltata,Verticale ed orizzontale,Sereno,Scarso,Buona,Ore Diurne,0,0,0,2,12.2757,41.7365,-1,1,Autovettura privata,In marcia / fermata / arresto,Conducente,F,Illeso,0,,Non accertato,Inesploso,,
3920753,13,16/07/2018 15:20:00,Strada Urbana,VIA DEI VELIERI,da specificare,,,,prossimit� via dei Traghetti,Scontro laterale fra veicoli in marcia,Rettilineo,Una carreggiata a senso unico di marcia,Asciutto,Asfaltata,Verticale ed orizzontale,Sereno,Scarso,Buona,Ore Diurne,0,0,0,2,12.2757,41.7365,-1,2,Autovettura privata,In marcia / fermata / arresto,Conducente,M,Illeso,0,,Non accertato,Inesploso,,
3920755,13,16/07/2018 17:20:00,Strada Urbana,VIA CESARE MACCARI,in prossimit�,,del civico n.,170,,Veicolo in marcia contro veicolo in sosta,Rettilineo,Una carreggiata a doppio senso,Bagnato (pioggia),Asfaltata,Verticale ed orizzontale,Nuvoloso,Scarso,Buona,Ore Diurne,0,0,0,1,12.3579,41.7737,-1,2,Autovettura privata,In marcia / fermata / arresto,Conducente,M,Illeso,0,,Non accertato,Inesploso,,
3920756,11,15/07/2018 23:45:00,Strada Urbana,VIA LAURENTINA,da specificare,,,,altezza palo Acea n. 77,Veicolo in marcia contro ostacolo fisso,Rettilineo,Due carreggiate,Asciutto,Asfaltata,Verticale ed orizzontale,Sereno,Scarso,Buona,Sufficiente,0,0,0,1,12.4808,41.8353,-1,1,Autovettura privata,In marcia / fermata / arresto,Conducente,M,Illeso,0,,,,,
3920759,19,16/07/2018 13:35:00,Strada Urbana,VIA LEZZENO,in prossimit�,,del civico n.,96,,Veicolo in marcia contro veicolo in sosta,Rettilineo,Una carreggiata a doppio senso,Asciutto,Asfaltata,Assente,Nuvoloso,Scarso,Buona,Ore Diurne,0,0,0,4,12.3851,41.9513,-1,1,Autocarro inferiore 35 q.,Sosta,Passeggero,M,Illeso,0,,Non accertato,Inesploso,,
3920759,19,16/07/2018 13:35:00,Strada Urbana,VIA LEZZENO,in prossimit�,,del civico n.,96,,Veicolo in marcia contro veicolo in sosta,Rettilineo,Una carreggiata a doppio senso,Asciutto,Asfaltata,Assente,Nuvoloso,Scarso,Buona,Ore Diurne,0,0,0,4,12.3851,41.9513,-1,2,Autovettura privata,In marcia / fermata / arresto,Conducente,M,Illeso,0,,Non accertato,Inesploso,,
3920759,19,16/07/2018 13:35:00,Strada Urbana,VIA LEZZENO,in prossimit�,,del civico n.,96,,Veicolo in marcia contro veicolo in sosta,Rettilineo,Una carreggiata a doppio senso,Asciutto,Asfaltata,Assente,Nuvoloso,Scarso,Buona,Ore Diurne,0,0,0,4,12.3851,41.9513,-1,2,Autovettura privata,In marcia / fermata / arresto,Passeggero,M,Illeso,0,,Non accertato,Inesploso,,
3920759,19,16/07/2018 13:35:00,Strada Urbana,VIA LEZZENO,in prossimit�,,del civico n.,96,,Veicolo in marcia contro veicolo in sosta,Rettilineo,Una carreggiata a doppio senso,Asciutto,Asfaltata,Assente,Nuvoloso,Scarso,Buona,Ore Diurne,0,0,0,4,12.3851,41.9513,-1,2,Autovettura privata,In marcia / fermata / arresto,Passeggero,F,Illeso,0,,Non accertato,Inesploso,,