Protocollo,Gruppo,DataOraIncidente,Localizzazione1,STRADA1,Localizzazione2,STRADA2,Strada02,Chilometrica,DaSpecificare,NaturaIncidente,particolaritastrade,TipoStrada,FondoStradale,Pavimentazione,Segnaletica,CondizioneAtmosferica,Traffico,Visibilita,Illuminazione,NUM_FERITI,NUM_RISERVATA,NUM_MORTI,NUM_ILLESI,Longitudine,Latitudine,Confermato,Progressivo,TipoVeicolo,StatoVeicolo,TipoPersona,Sesso,Tipolesione,Deceduto,DecedutoDopo,CinturaCascoUtilizzato,Airbag,,
3920768,13,16/07/2018 18:40:00,Strada Urbana,VIA CARLO DEL GRECO,in corrispondenza,,del civico n.,22,,Scontro laterale fra veicoli in marcia,Rettilineo,Una carreggiata a senso unico di marcia,Asciutto,Asfaltata,Verticale ed orizzontale,Nuvoloso,Normale,Buona,Ore Diurne,0,0,0,4,12.2905,41.7331,-1,1,Autovettura privata,In marcia / fermata / arresto,Conducente,F,Illeso,0,,Non accertato,Inesploso,,
3920768,13,16/07/2018 18:40:00,Strada Urbana,VIA CARLO DEL GRECO,in corrispondenza,,del civico n.,22,,Scontro laterale fra veicoli in marcia,Rettilineo,Una carreggiata a senso unico di marcia,Asciutto,Asfaltata,Verticale ed orizzontale,Nuvoloso,Normale,Buona,Ore Diurne,0,0,0,4,12.2905,41.7331,-1,1,Autovettura privata,In marcia / fermata / arresto,Passeggero,F,Illeso,0,,Non accertato,,,
3920768,13,16/07/2018 18:40:00,Strada Urbana,VIA CARLO DEL GRECO,in corrispondenza,,del civico n.,22,,Scontro laterale fra veicoli in marcia,Rettilineo,Una carreggiata a senso unico di marcia,Asciutto,Asfaltata,Verticale ed orizzontale,Nuvoloso,Normale,Buona,Ore Diurne,0,0,0,4,12.2905,41.7331,-1,2,Autovettura privata,In marcia / fermata / arresto,Conducente,M,Illeso,0,,Non accertato,Inesploso,,
3920768,13,16/07/2018 18:40:00,Strada Urbana,VIA CARLO DEL GRECO,in corrispondenza,,del civico n.,22,,Scontro laterale fra veicoli in marcia,Rettilineo,Una carreggiata a senso unico di marcia,Asciutto,Asfaltata,Verticale ed orizzontale,Nuvoloso,Normale,Buona,Ore Diurne,0,0,0,4,12.2905,41.7331,-1,2,Autovettura privata,In marcia / fermata / arresto,Passeggero,F,Illeso,0,,Non accertato,,,
3920772,6,16/07/2018 23:30:00,Strada Urbana,VIA DEL CALICE,da specificare,,,,altezza VIA DI CAPANELLE,Veicolo in marcia contro ostacolo accidentale,Rettilineo,Una carreggiata a doppio senso,Bagnato (pioggia),Con buche,Temporanea di cantiere,Nuvoloso,Scarso,Insufficiente,Sufficiente,0,0,0,1,12.5638,41.8324,-1,1,Autovettura privata,In marcia / fermata / arresto,Conducente,M,Illeso,0,,,,,
3920781,20,16/07/2018 12:15:00,Strada Urbana,CORSO DI FRANCIA,in corrispondenza,,del civico n.,209/A,,Veicolo in marcia contro veicolo in sosta,Rettilineo,Pi� di due carreggiate,Asciutto,Asfaltata,Verticale ed orizzontale,Nuvoloso,Normale,Buona,Ore Diurne,1,0,0,0,12.469,41.9444,-1,1,Autovettura privata,In marcia / fermata / arresto,Conducente,M,Ricoverato,0,NON DECEDUTO,,,,
3920786,1,16/07/2018 10:40:00,Strada Urbana,VIALE DI PORTA ARDEATINA,in prossimit�,,del civico n.,113,,Scontro frontale/laterale SX fra veicoli in marcia,Rettilineo,Una carreggiata a doppio senso,Asciutto,Asfaltata,Verticale ed orizzontale,Nuvoloso,Normale,Buona,Ore Diurne,1,0,0,1,12.4862,41.8761,-1,1,Autovettura privata,In marcia / fermata / arresto,Conducente,M,Illeso,0,,Non accertato,,,
3920786,1,16/07/2018 10:40:00,Strada Urbana,VIALE DI PORTA ARDEATINA,in prossimit�,,del civico n.,113,,Scontro frontale/laterale SX fra veicoli in marcia,Rettilineo,Una carreggiata a doppio senso,Asciutto,Asfaltata,Verticale ed orizzontale,Nuvoloso,Normale,Buona,Ore Diurne,1,0,0,1,12.4862,41.8761,-1,2,Motociclo a solo,In marcia / fermata / arresto,Conducente,M,Rimandato,0,NON DECEDUTO,Non accertato,,,
3920816,8,16/07/2018 15:50:00,Strada Urbana,VIA DEL CORVIO,all'intersezione con,VIA DELLA FONTANA DEL FINOCCHIO,VIA DELLA FONTANA DEL FINOCCHIO,,,Scontro frontale/laterale DX fra veicoli in marcia,Incrocio,Una carreggiata a doppio senso,Asciutto,Asfaltata,Verticale,Nuvoloso,Scarso,Buona,Ore Diurne,0,0,0,2,12.6879,41.8549,-1,1,Autovettura privata,In marcia / fermata / arresto,Conducente,M,Illeso,0,,Non accertato,Inesploso,,
3920816,8,16/07/2018 15:50:00,Strada Urbana,VIA DEL CORVIO,all'intersezione con,VIA DELLA FONTANA DEL FINOCCHIO,VIA DELLA FONTANA DEL FINOCCHIO,,,Scontro frontale/laterale DX fra veicoli in marcia,Incrocio,Una carreggiata a doppio senso,Asciutto,Asfaltata,Verticale,Nuvoloso,Scarso,Buona,Ore Diurne,0,0,0,2,12.6879,41.8549,-1,2,Autovettura privata,In marcia / fermata / arresto,Conducente,M,Illeso,0,,,,,
3920832,13,16/07/2018 18:35:00,Strada Urbana,VIALE VASCO DE GAMA,in prossimit�,,del civico n.,121,,Investimento di pedone,Rettilineo,Due carreggiate,Bagnato (pioggia),Asfaltata,Assente,Nuvoloso,Normale,Buona,Ore Diurne,1,0,0,1,12.2754,41.7342,-1,,,,Pedone,F,Rimandato,0,NON DECEDUTO,,,,
3920832,13,16/07/2018 18:35:00,Strada Urbana,VIALE VASCO DE GAMA,in prossimit�,,del civico n.,121,,Investimento di pedone,Rettilineo,Due carreggiate,Bagnato (pioggia),Asfaltata,Assente,Nuvoloso,Normale,Buona,Ore Diurne,1,0,0,1,12.2754,41.7342,-1,1,Autovettura privata,In marcia / fermata / arresto,Conducente,F,Illeso,0,,Non accertato,,,
3920840,7,16/07/2018 21:55:00,Strada Urbana,VIALE PALMIRO TOGLIATTI,all'intersezione con,VIA CASILINA,VIA CASILINA,,,Scontro frontale/laterale SX fra veicoli in marcia,Intersezione semaforizzata,Due carreggiate,Bagnato (pioggia),Asfaltata,Verticale ed orizzontale,Pioggia in atto,Normale,Sufficiente,Sufficiente,3,0,0,0,12.5733,41.8872,-1,1,Autovettura privata,In marcia / fermata / arresto,Conducente,M,Rimandato,0,NON DECEDUTO,Non accertato,Inesploso,,
3920840,7,16/07/2018 21:55:00,Strada Urbana,VIALE PALMIRO TOGLIATTI,all'intersezione con,VIA CASILINA,VIA CASILINA,,,Scontro frontale/laterale SX fra veicoli in marcia,Intersezione semaforizzata,Due carreggiate,Bagnato (pioggia),Asfaltata,Verticale ed orizzontale,Pioggia in atto,Normale,Sufficiente,Sufficiente,3,0,0,0,12.5733,41.8872,-1,1,Autovettura privata,In marcia / fermata / arresto,Passeggero,M,Rimandato,0,NON DECEDUTO,Non accertato,Inesploso,,
3920840,7,16/07/2018 21:55:00,Strada Urbana,VIALE PALMIRO TOGLIATTI,all'intersezione con,VIA CASILINA,VIA CASILINA,,,Scontro frontale/laterale SX fra veicoli in marcia,Intersezione semaforizzata,Due carreggiate,Bagnato (pioggia),Asfaltata,Verticale ed orizzontale,Pioggia in atto,Normale,Sufficiente,Sufficiente,3,0,0,0,12.5733,41.8872,-1,2,Autovettura privata,In marcia / fermata / arresto,Conducente,F,Rimandato,0,NON DECEDUTO,,,,
3920847,8,16/07/2018 17:40:00,Strada Urbana,VIA PRENESTINA,all'intersezione con,VIA BORGHESIANA,VIA BORGHESIANA,,,Scontro laterale fra veicoli in marcia,Intersezione semaforizzata,Una carreggiata a doppio senso,Asciutto,Asfaltata,Verticale ed orizzontale,Sereno,Normale,Buona,Ore Diurne,1,0,0,1,12.6153,41.8933,0,1,Autovettura privata,In marcia / fermata / arresto,Conducente,M,Illeso,0,,Non accertato,Inesploso,,
3920847,8,16/07/2018 17:40:00,Strada Urbana,VIA PRENESTINA,all'intersezione con,VIA BORGHESIANA,VIA BORGHESIANA,,,Scontro laterale fra veicoli in marcia,Intersezione semaforizzata,Una carreggiata a doppio senso,Asciutto,Asfaltata,Verticale ed orizzontale,Sereno,Normale,Buona,Ore Diurne,1,0,0,1,12.6153,41.8933,0,2,Motociclo a solo,In marcia / fermata / arresto,Conducente,M,Rifiuta cure immediate,0,NON DECEDUTO,Non accertato,,,
3920849,8,16/07/2018 16:34:00,Strada Urbana,VIA URZULEI,all'intersezione con,VIA ARZACHENA,VIA ARZACHENA,,,Scontro laterale fra veicoli in marcia,Intersezione stradale segnalata,Una carreggiata a doppio senso,Asciutto,Asfaltata,Assente,Sereno,Scarso,Buona,Ore Diurne,1,0,0,1,12.6969,41.8822,-1,1,Autovettura privata,In marcia / fermata / arresto,Conducente,M,Illeso,0,,Non accertato,Inesploso,,
3920849,8,16/07/2018 16:34:00,Strada Urbana,VIA URZULEI,all'intersezione con,VIA ARZACHENA,VIA ARZACHENA,,,Scontro laterale fra veicoli in marcia,Intersezione stradale segnalata,Una carreggiata a doppio senso,Asciutto,Asfaltata,Assente,Sereno,Scarso,Buona,Ore Diurne,1,0,0,1,12.6969,41.8822,-1,2,Motociclo a solo,In marcia / fermata / arresto,Conducente,M,Rimandato,0,NON DECEDUTO,Non accertato,,,
3920854,8,17/07/2018 00:30:00,,VIA COLLATINA,da specificare,,,,prossimit� via Longoni,Veicolo in marcia contro ostacolo accidentale,,,,,,,,,,0,0,0,1,,,0,1,Autovettura privata,In marcia / fermata / arresto,Conducente,M,Illeso,0,,Non accertato,Inesploso,,
3920855,20,17/07/2018 00:20:00,Strada Urbana,LUNGOTEVERE MARESCIALLO DIAZ,da specificare,,,,altezza River,Scontro frontale/laterale SX fra veicoli in marcia,Rettilineo,Due carreggiate,Bagnato (pioggia),Asfaltata,Verticale ed orizzontale,Nuvoloso,Scarso,Sufficiente,Sufficiente,1,0,0,2,12.462,41.9339,-1,1,Autovettura privata,In marcia / fermata / arresto,Conducente,M,Rifiuta cure immediate,0,NON DECEDUTO,Non accertato,,,
3920855,20,17/07/2018 00:20:00,Strada Urbana,LUNGOTEVERE MARESCIALLO DIAZ,da specificare,,,,altezza River,Scontro frontale/laterale SX fra veicoli in marcia,Rettilineo,Due carreggiate,Bagnato (pioggia),Asfaltata,Verticale ed orizzontale,Nuvoloso,Scarso,Sufficiente,Sufficiente,1,0,0,2,12.462,41.9339,-1,1,Autovettura privata,In marcia / fermata / arresto,Passeggero,M,Illeso,0,,Non accertato,,,
3920855,20,17/07/2018 00:20:00,Strada Urbana,LUNGOTEVERE MARESCIALLO DIAZ,da specificare,,,,altezza River,Scontro frontale/laterale SX fra veicoli in marcia,Rettilineo,Due carreggiate,Bagnato (pioggia),Asfaltata,Verticale ed orizzontale,Nuvoloso,Scarso,Sufficiente,Sufficiente,1,0,0,2,12.462,41.9339,-1,2,Autovettura privata,In marcia / fermata / arresto,Conducente,M,Illeso,0,,Non accertato,Esploso,,
3920866,5,16/07/2018 12:30:00,Strada Urbana,VIALE KANT,all'intersezione semaforizzata con,VIALE MARX,VIALE MARX,,,Tamponamento,Intersezione semaforizzata,Due carreggiate,Asciutto,Asfaltata,Verticale ed orizzontale,Nuvoloso,Normale,Buona,Ore Diurne,0,0,0,2,12.5541,41.9355,-1,1,Motociclo a solo,In marcia / fermata / arresto,Conducente,M,Illeso,0,,Non accertato,,,
3920866,5,16/07/2018 12:30:00,Strada Urbana,VIALE KANT,all'intersezione semaforizzata con,VIALE MARX,VIALE MARX,,,Tamponamento,Intersezione semaforizzata,Due carreggiate,Asciutto,Asfaltata,Verticale ed orizzontale,Nuvoloso,Normale,Buona,Ore Diurne,0,0,0,2,12.5541,41.9355,-1,2,Motociclo a solo,In marcia / fermata / arresto,Conducente,F,Illeso,0,,Non accertato,,,
3920870,4,16/07/2018 22:30:00,Strada Urbana,VIA ARCHIANO,all'intersezione con,VIA LARIANA,VIA LARIANA,,,Scontro frontale/laterale DX fra veicoli in marcia,Incrocio,Una carreggiata a senso unico di marcia,Bagnato (pioggia),Asfaltata,Verticale ed orizzontale,Nuvoloso,Scarso,Sufficiente,Sufficiente,0,0,0,2,12.5066,41.9252,-1,1,Autovettura privata,In marcia / fermata / arresto,Conducente,M,Illeso,0,,Non accertato,,,
3920870,4,16/07/2018 22:30:00,Strada Urbana,VIA ARCHIANO,all'intersezione con,VIA LARIANA,VIA LARIANA,,,Scontro frontale/laterale DX fra veicoli in marcia,Incrocio,Una carreggiata a senso unico di marcia,Bagnato (pioggia),Asfaltata,Verticale ed orizzontale,Nuvoloso,Scarso,Sufficiente,Sufficiente,0,0,0,2,12.5066,41.9252,-1,2,Autovettura privata,In marcia / fermata / arresto,Conducente,M,Illeso,0,,Non accertato,,,
3920872,5,16/07/2018 17:00:00,Strada Urbana,VIA GIUSEPPE ANTONIO ANDRIULLI,da specificare,,,,dir. Fiorentini alt. inversione di marcia,Scontro laterale fra veicoli in marcia,Rettilineo,Due carreggiate,Asciutto,Asfaltata,Verticale ed orizzontale,Sereno,Normale,Buona,Ore Diurne,0,0,0,2,12.5575,41.904,-1,1,Autovettura privata,In marcia / fermata / arresto,Conducente,F,Illeso,0,,Non accertato,Inesploso,,
3920872,5,16/07/2018 17:00:00,Strada Urbana,VIA GIUSEPPE ANTONIO ANDRIULLI,da specificare,,,,dir. Fiorentini alt. inversione di marcia,Scontro laterale fra veicoli in marcia,Rettilineo,Due carreggiate,Asciutto,Asfaltata,Verticale ed orizzontale,Sereno,Normale,Buona,Ore Diurne,0,0,0,2,12.5575,41.904,-1,2,Motociclo a solo,In marcia / fermata / arresto,Conducente,M,Illeso,0,,Non accertato,,,
3920886,10,16/07/2018 15:15:00,Strada Urbana,VIA PONZIO COMINIO,all'intersezione con,VIA CLAUDIO ASELLO,VIA CLAUDIO ASELLO,,,Scontro frontale/laterale DX fra veicoli in marcia,Rotatoria,Due carreggiate,Asciutto,Asfaltata,Verticale ed orizzontale,Nuvoloso,Normale,Buona,Ore Diurne,0,0,0,2,12.5593,41.8628,-1,1,Autovettura privata,In marcia / fermata / arresto,Conducente,F,Illeso,0,,Non accertato,Inesploso,,
3920886,10,16/07/2018 15:15:00,Strada Urbana,VIA PONZIO COMINIO,all'intersezione con,VIA CLAUDIO ASELLO,VIA CLAUDIO ASELLO,,,Scontro frontale/laterale DX fra veicoli in marcia,Rotatoria,Due carreggiate,Asciutto,Asfaltata,Verticale ed orizzontale,Nuvoloso,Normale,Buona,Ore Diurne,0,0,0,2,12.5593,41.8628,-1,2,Autovettura privata,In marcia / fermata / arresto,Conducente,M,Illeso,0,,Non accertato,Inesploso,,
3920904,4,16/07/2018 07:10:00,Statale entro l'abitato,RACCORDO SALARIO SETTEBAGNI,da specificare,,,,alt. km.15,100 direz. centro,Tamponamento,Rettilineo,Due carreggiate,Asciutto,Asfaltata,Verticale ed orizzontale,Sereno,Normale,Buona,Ore Diurne,0,0,0,2,12.556,42.038,-1,1,Autovettura privata,In marcia / fermata / arresto,Conducente,F,Illeso,0,,Non accertato,Inesploso,
3920904,4,16/07/2018 07:10:00,Statale entro l'abitato,RACCORDO SALARIO SETTEBAGNI,da specificare,,,,alt. km.15,100 direz. centro,Tamponamento,Rettilineo,Due carreggiate,Asciutto,Asfaltata,Verticale ed orizzontale,Sereno,Normale,Buona,Ore Diurne,0,0,0,2,12.556,42.038,-1,2,Autovettura privata,In marcia / fermata / arresto,Conducente,M,Illeso,0,,Non utilizzato,Inesploso,
3920924,17,16/07/2018 19:40:00,Strada Urbana,VIALE DI TOR DI QUINTO,in prossimit�,,del civico n.,171,,Veicolo in marcia contro ostacolo fisso,Curva senza visuale libera,Due carreggiate,Bagnato (pioggia),Asfaltata,Verticale ed orizzontale,Nuvoloso,Normale,Buona,Ore Diurne,0,0,0,1,12.4845,41.95,-1,1,Autovettura privata,In marcia / fermata / arresto,Conducente,F,Illeso,0,,,,,
3920929,2,13/07/2018 09:20:00,Strada Urbana,VIA TAGLIAMENTO,in corrispondenza,,del civico n.,74,,Veicolo in marcia contro veicolo in sosta,Rettilineo,Una carreggiata a doppio senso,Asciutto,Asfaltata,Verticale ed orizzontale,Sereno,Normale,Buona,Ore Diurne,0,0,0,1,12.5048,41.9212,-1,2,Autocarro inferiore 35 q.,In marcia / fermata / arresto,Conducente,M,Illeso,0,,Non accertato,Inesploso,,
3920934,15,16/07/2018 14:55:00,Strada Urbana,VIA PORTUENSE,da specificare,,,,rampa dal viadotto dir Largo la Loggia ,Veicolo in marcia contro ostacolo fisso,Curva senza visuale libera,Una carreggiata a senso unico di marcia,Viscido da liquidi oleosi,Asfaltata,Orizzontale,Nuvoloso,Normale,Buona,Ore Diurne,0,0,0,1,12.414,41.847,-1,1,Motociclo con passeggero,In marcia / fermata / arresto,Conducente,M,Illeso,0,,Utilizzato,,,
3920954,4,16/07/2018 18:30:00,Strada Urbana,PIAZZA DELL'ATENEO SALESIANO,all'intersezione con,VIA FRANCESCO COCCO ORTU,VIA FRANCESCO COCCO ORTU,,,Scontro frontale/laterale DX fra veicoli in marcia,Intersezione stradale segnalata,Una carreggiata a doppio senso,Asciutto,Asfaltata,Verticale ed orizzontale,Nuvoloso,Normale,Buona,Ore Diurne,1,0,0,1,12.5236,41.9595,-1,1,Autovettura privata,In marcia / fermata / arresto,Conducente,M,Illeso,0,,,,,
3920954,4,16/07/2018 18:30:00,Strada Urbana,PIAZZA DELL'ATENEO SALESIANO,all'intersezione con,VIA FRANCESCO COCCO ORTU,VIA FRANCESCO COCCO ORTU,,,Scontro frontale/laterale DX fra veicoli in marcia,Intersezione stradale segnalata,Una carreggiata a doppio senso,Asciutto,Asfaltata,Verticale ed orizzontale,Nuvoloso,Normale,Buona,Ore Diurne,1,0,0,1,12.5236,41.9595,-1,2,Motociclo a solo,In marcia / fermata / arresto,Conducente,M,Rimandato,0,NON DECEDUTO,,,,
3920966,7,16/07/2018 18:30:00,Strada Urbana,VIALE ALESSANDRINO,in corrispondenza,,del civico n.,275,,Scontro laterale fra veicoli in marcia,Rettilineo,Una carreggiata a senso unico di marcia,Asciutto,Asfaltata,Orizzontale,Nuvoloso,Normale,Buona,Ore Diurne,0,0,0,2,12.5785,41.8765,-1,1,Autovettura privata,In marcia / fermata / arresto,Conducente,M,Illeso,0,,,,,
3920966,7,16/07/2018 18:30:00,Strada Urbana,VIALE ALESSANDRINO,in corrispondenza,,del civico n.,275,,Scontro laterale fra veicoli in marcia,Rettilineo,Una carreggiata a senso unico di marcia,Asciutto,Asfaltata,Orizzontale,Nuvoloso,Normale,Buona,Ore Diurne,0,0,0,2,12.5785,41.8765,-1,2,Autovettura privata,In marcia / fermata / arresto,Conducente,M,Illeso,0,,,,,
3920980,2,16/07/2018 08:40:00,Strada Urbana,VIA DOMENICO CHELINI,in corrispondenza,,del civico n.,4,,Scontro frontale/laterale DX fra veicoli in marcia,Rettilineo,Una carreggiata a doppio senso,Asciutto,Asfaltata,Orizzontale,Sereno,Normale,Buona,Ore Diurne,1,0,0,2,12.4833,41.9253,-1,1,Autovettura privata,In marcia / fermata / arresto,Conducente,F,Illeso,0,,Non accertato,Inesploso,,
3920980,2,16/07/2018 08:40:00,Strada Urbana,VIA DOMENICO CHELINI,in corrispondenza,,del civico n.,4,,Scontro frontale/laterale DX fra veicoli in marcia,Rettilineo,Una carreggiata a doppio senso,Asciutto,Asfaltata,Orizzontale,Sereno,Normale,Buona,Ore Diurne,1,0,0,2,12.4833,41.9253,-1,1,Autovettura privata,In marcia / fermata / arresto,Passeggero,F,Illeso,0,,Non accertato,Inesploso,,
3920980,2,16/07/2018 08:40:00,Strada Urbana,VIA DOMENICO CHELINI,in corrispondenza,,del civico n.,4,,Scontro frontale/laterale DX fra veicoli in marcia,Rettilineo,Una carreggiata a doppio senso,Asciutto,Asfaltata,Orizzontale,Sereno,Normale,Buona,Ore Diurne,1,0,0,2,12.4833,41.9253,-1,2,Motociclo a solo,In marcia / fermata / arresto,Conducente,M,Rimandato,0,NON DECEDUTO,,,,
3920992,7,16/07/2018 16:45:00,Strada Urbana,VIALE PALMIRO TOGLIATTI,all'intersezione con,VIA PRENESTINA,VIA PRENESTINA,,,Scontro laterale fra veicoli in marcia,Incrocio,Pi� di due carreggiate,Asciutto,Asfaltata,Verticale ed orizzontale,Nuvoloso,Normale,Buona,Ore Diurne,0,0,0,2,12.5734,41.8877,-1,1,Autovettura privata,In marcia / fermata / arresto,Conducente,M,Illeso,0,,,,,
3920992,7,16/07/2018 16:45:00,Strada Urbana,VIALE PALMIRO TOGLIATTI,all'intersezione con,VIA PRENESTINA,VIA PRENESTINA,,,Scontro laterale fra veicoli in marcia,Incrocio,Pi� di due carreggiate,Asciutto,Asfaltata,Verticale ed orizzontale,Nuvoloso,Normale,Buona,Ore Diurne,0,0,0,2,12.5734,41.8877,-1,2,Autovettura privata,In marcia / fermata / arresto,Conducente,M,Illeso,0,,,,,
3920998,4,16/07/2018 15:40:00,Strada Urbana,VIA SCARPANTO,in prossimit�,,del civico n.,37,,Veicolo in marcia contro veicoli in sosta,Rettilineo,Due carreggiate,Asciutto,Asfaltata,Verticale ed orizzontale,Sereno,Normale,Buona,Ore Diurne,0,0,0,3,12.5273,41.9478,-1,1,Autovettura privata,In marcia / fermata / arresto,Conducente,M,Illeso,0,,,,,
3920998,4,16/07/2018 15:40:00,Strada Urbana,VIA SCARPANTO,in prossimit�,,del civico n.,37,,Veicolo in marcia contro veicoli in sosta,Rettilineo,Due carreggiate,Asciutto,Asfaltata,Verticale ed orizzontale,Sereno,Normale,Buona,Ore Diurne,0,0,0,3,12.5273,41.9478,-1,1,Autovettura privata,In marcia / fermata / arresto,Passeggero,F,Illeso,0,,,,,
3920998,4,16/07/2018 15:40:00,Strada Urbana,VIA SCARPANTO,in prossimit�,,del civico n.,37,,Veicolo in marcia contro veicoli in sosta,Rettilineo,Due carreggiate,Asciutto,Asfaltata,Verticale ed orizzontale,Sereno,Normale,Buona,Ore Diurne,0,0,0,3,12.5273,41.9478,-1,1,Autovettura privata,In marcia / fermata / arresto,Passeggero,M,Illeso,0,,,,,
3921002,20,17/07/2018 07:45:00,Strada Urbana,VIA DI GROTTAROSSA,in prossimit�,,del civico n.,1724,,Scontro frontale fra veicoli in marcia,Rettilineo,Una carreggiata a doppio senso,Asciutto,Asfaltata,Verticale ed orizzontale,Sereno,Scarso,Buona,Ore Diurne,0,0,0,3,12.4887,41.9726,-1,1,Autovettura privata,In marcia / fermata / arresto,Conducente,M,Illeso,0,,Non accertato,Inesploso,,
3921002,20,17/07/2018 07:45:00,Strada Urbana,VIA DI GROTTAROSSA,in prossimit�,,del civico n.,1724,,Scontro frontale fra veicoli in marcia,Rettilineo,Una carreggiata a doppio senso,Asciutto,Asfaltata,Verticale ed orizzontale,Sereno,Scarso,Buona,Ore Diurne,0,0,0,3,12.4887,41.9726,-1,2,Motociclo a solo,In marcia / fermata / arresto,Conducente,M,Illeso,0,,Non accertato,,,
3921002,20,17/07/2018 07:45:00,Strada Urbana,VIA DI GROTTAROSSA,in prossimit�,,del civico n.,1724,,Scontro frontale fra veicoli in marcia,Rettilineo,Una carreggiata a doppio senso,Asciutto,Asfaltata,Verticale ed orizzontale,Sereno,Scarso,Buona,Ore Diurne,0,0,0,3,12.4887,41.9726,-1,3,Autovettura privata,In marcia / fermata / arresto,Conducente,M,Illeso,0,,Non accertato,Inesploso,,
3921003,23,16/07/2018 13:55:00,Comunale extraurbana,VIA CRISTOFORO COLOMBO,all'intersezione semaforizzata con,VIA LIDO DI CASTEL PORZIANO,VIA LIDO DI CASTEL PORZIANO,,,Tamponamento,Intersezione semaforizzata,Pi� di due carreggiate,Asciutto,Asfaltata,Verticale ed orizzontale,Nuvoloso,Normale,Buona,Ore Diurne,1,0,0,3,12.3377,41.7302,-1,1,Autovettura privata,In marcia / fermata / arresto,Conducente,F,Rimandato,0,NON DECEDUTO,Non accertato,Inesistente,,
3921003,23,16/07/2018 13:55:00,Comunale extraurbana,VIA CRISTOFORO COLOMBO,all'intersezione semaforizzata con,VIA LIDO DI CASTEL PORZIANO,VIA LIDO DI CASTEL PORZIANO,,,Tamponamento,Intersezione semaforizzata,Pi� di due carreggiate,Asciutto,Asfaltata,Verticale ed orizzontale,Nuvoloso,Normale,Buona,Ore Diurne,1,0,0,3,12.3377,41.7302,-1,2,Autovettura privata,In marcia / fermata / arresto,Conducente,M,Illeso,0,,Non accertato,Inesploso,,
3921003,23,16/07/2018 13:55:00,Comunale extraurbana,VIA CRISTOFORO COLOMBO,all'intersezione semaforizzata con,VIA LIDO DI CASTEL PORZIANO,VIA LIDO DI CASTEL PORZIANO,,,Tamponamento,Intersezione semaforizzata,Pi� di due carreggiate,Asciutto,Asfaltata,Verticale ed orizzontale,Nuvoloso,Normale,Buona,Ore Diurne,1,0,0,3,12.3377,41.7302,-1,2,Autovettura privata,In marcia / fermata / arresto,Passeggero,F,Illeso,0,,Non accertato,Inesploso,,
3921019,2,16/07/2018 16:40:00,Strada Urbana,VIA CHIANA,all'intersezione semaforizzata con,VIA SEBINO,VIA SEBINO,,,Scontro frontale/laterale DX fra veicoli in marcia,Intersezione semaforizzata,Una carreggiata a doppio senso,Asciutto,Asfaltata,Verticale ed orizzontale,Sereno,Normale,Buona,Ore Diurne,0,0,0,2,12.5055,41.9217,-1,1,Autovettura privata,In marcia / fermata / arresto,Conducente,M,Illeso,0,,Non accertato,Inesploso,,
3921019,2,16/07/2018 16:40:00,Strada Urbana,VIA CHIANA,all'intersezione semaforizzata con,VIA SEBINO,VIA SEBINO,,,Scontro frontale/laterale DX fra veicoli in marcia,Intersezione semaforizzata,Una carreggiata a doppio senso,Asciutto,Asfaltata,Verticale ed orizzontale,Sereno,Normale,Buona,Ore Diurne,0,0,0,2,12.5055,41.9217,-1,2,Motociclo a solo,In marcia / fermata / arresto,Conducente,M,Illeso,0,,Non accertato,,,
3921045,2,16/07/2018 18:30:00,Strada Urbana,VIALE SOMALIA,all'intersezione semaforizzata con,VIA SALARIA,VIA SALARIA,,,Tamponamento Multiplo,Intersezione semaforizzata,Una carreggiata a doppio senso,Bagnato (pioggia),Asfaltata,Verticale ed orizzontale,Pioggia in atto,Normale,Buona,Ore Diurne,0,0,0,3,12.509,41.9359,-1,1,Autovettura privata,In marcia / fermata / arresto,Conducente,M,Illeso,0,,Non accertato,Inesploso,,
3921045,2,16/07/2018 18:30:00,Strada Urbana,VIALE SOMALIA,all'intersezione semaforizzata con,VIA SALARIA,VIA SALARIA,,,Tamponamento Multiplo,Intersezione semaforizzata,Una carreggiata a doppio senso,Bagnato (pioggia),Asfaltata,Verticale ed orizzontale,Pioggia in atto,Normale,Buona,Ore Diurne,0,0,0,3,12.509,41.9359,-1,2,Autovettura pubblica,In marcia / fermata / arresto,Conducente,M,Illeso,0,,Non accertato,Inesploso,,
3921045,2,16/07/2018 18:30:00,Strada Urbana,VIALE SOMALIA,all'intersezione semaforizzata con,VIA SALARIA,VIA SALARIA,,,Tamponamento Multiplo,Intersezione semaforizzata,Una carreggiata a doppio senso,Bagnato (pioggia),Asfaltata,Verticale ed orizzontale,Pioggia in atto,Normale,Buona,Ore Diurne,0,0,0,3,12.509,41.9359,-1,3,Autovettura privata,In marcia / fermata / arresto,Conducente,F,Illeso,0,,Non accertato,Inesploso,,
3921049,1,13/07/2018 10:30:00,Strada Urbana,LUNGOTEVERE AVENTINO,all'intersezione semaforizzata con,PIAZZA DELL'EMPORIO,PIAZZA DELL'EMPORIO,,,Scontro laterale fra veicoli in marcia,Intersezione semaforizzata,Una carreggiata a senso unico di marcia,Asciutto,Asfaltata,Verticale ed orizzontale,Sereno,Normale,Buona,Ore Diurne,0,0,0,2,12.479,41.8855,-1,1,Autovettura privata,In marcia / fermata / arresto,Conducente,M,Illeso,0,,Non accertato,,,