Protocollo,Gruppo,DataOraIncidente,Localizzazione1,STRADA1,Localizzazione2,STRADA2,Strada02,Chilometrica,DaSpecificare,NaturaIncidente,particolaritastrade,TipoStrada,FondoStradale,Pavimentazione,Segnaletica,CondizioneAtmosferica,Traffico,Visibilita,Illuminazione,NUM_FERITI,NUM_RISERVATA,NUM_MORTI,NUM_ILLESI,Longitudine,Latitudine,Confermato,Progressivo,TipoVeicolo,StatoVeicolo,TipoPersona,Sesso,Tipolesione,Deceduto,DecedutoDopo,CinturaCascoUtilizzato,Airbag,,
3921518,16,17/07/2018 02:30:00,Strada Urbana,VIA ETTORE ROLLI,in corrispondenza,,del palo luce n.,15,,Veicolo in marcia contro veicolo in sosta,Rettilineo,Una carreggiata a doppio senso,Bagnato (pioggia),Asfaltata,Orizzontale,Nuvoloso,Scarso,Sufficiente,Sufficiente,0,0,1,0,12.4676,41.8743,-1,1,Motociclo a solo,In marcia / fermata / arresto,Conducente,M,Prognosi riservata,0,DECEDUTO DA 25 A 48 ORE DOPO,Non utilizzato,,,
3921527,12,12/07/2018 19:30:00,Strada Urbana,VIALE DEI CADUTI NELLA GUERRA DI LIBERAZIONE,da specificare,,,,fronte civico,80,Scontro laterale fra veicoli in marcia,Rettilineo,Una carreggiata a senso unico di marcia,Asciutto,Asfaltata,Verticale ed orizzontale,Sereno,Normale,Buona,Ore Diurne,0,0,0,3,12.4457,41.7875,-1,1,Autovettura privata,In marcia / fermata / arresto,Conducente,M,Illeso,0,,,Inesistente,
3921527,12,12/07/2018 19:30:00,Strada Urbana,VIALE DEI CADUTI NELLA GUERRA DI LIBERAZIONE,da specificare,,,,fronte civico,80,Scontro laterale fra veicoli in marcia,Rettilineo,Una carreggiata a senso unico di marcia,Asciutto,Asfaltata,Verticale ed orizzontale,Sereno,Normale,Buona,Ore Diurne,0,0,0,3,12.4457,41.7875,-1,1,Autovettura privata,In marcia / fermata / arresto,Passeggero,F,Illeso,0,,,,
3921527,12,12/07/2018 19:30:00,Strada Urbana,VIALE DEI CADUTI NELLA GUERRA DI LIBERAZIONE,da specificare,,,,fronte civico,80,Scontro laterale fra veicoli in marcia,Rettilineo,Una carreggiata a senso unico di marcia,Asciutto,Asfaltata,Verticale ed orizzontale,Sereno,Normale,Buona,Ore Diurne,0,0,0,3,12.4457,41.7875,-1,2,Motociclo a solo,In marcia / fermata / arresto,Conducente,M,Illeso,0,,,,
3921544,1,16/07/2018 11:00:00,Strada Urbana,VIA DELLA FERRATELLA IN LATERANO,in corrispondenza,,del palo luce n.,11,,Tamponamento,Rettilineo,Una carreggiata a senso unico di marcia,Asciutto,Asfaltata,Verticale ed orizzontale,Nuvoloso,Normale,Buona,Ore Diurne,0,0,0,2,12.5009,41.8833,-1,1,Autovettura privata,In marcia / fermata / arresto,Conducente,F,Illeso,0,,Non accertato,Inesploso,,
3921544,1,16/07/2018 11:00:00,Strada Urbana,VIA DELLA FERRATELLA IN LATERANO,in corrispondenza,,del palo luce n.,11,,Tamponamento,Rettilineo,Una carreggiata a senso unico di marcia,Asciutto,Asfaltata,Verticale ed orizzontale,Nuvoloso,Normale,Buona,Ore Diurne,0,0,0,2,12.5009,41.8833,-1,2,Autovettura privata,In marcia / fermata / arresto,Conducente,M,Illeso,0,,,,,
3921572,2,17/07/2018 12:05:00,Strada Urbana,VIALE PARIOLI,in corrispondenza,,del civico n.,98,,Scontro laterale fra veicoli in marcia,Curva a visuale libera,Una carreggiata a doppio senso,Asciutto,Asfaltata,Verticale ed orizzontale,Sereno,Normale,Buona,Ore Diurne,0,0,0,2,12.4864,41.9268,-1,1,Autovettura privata,In marcia / fermata / arresto,Conducente,M,Illeso,0,,Non accertato,Inesploso,,
3921572,2,17/07/2018 12:05:00,Strada Urbana,VIALE PARIOLI,in corrispondenza,,del civico n.,98,,Scontro laterale fra veicoli in marcia,Curva a visuale libera,Una carreggiata a doppio senso,Asciutto,Asfaltata,Verticale ed orizzontale,Sereno,Normale,Buona,Ore Diurne,0,0,0,2,12.4864,41.9268,-1,2,Autovettura privata,In marcia / fermata / arresto,Conducente,M,Illeso,0,,Non accertato,Inesploso,,
3921581,10,17/07/2018 14:45:00,Strada Urbana,VIA DI TOR VERGATA,in prossimit�,,del civico n.,454,,Tamponamento,Curva senza visuale libera,Una carreggiata a doppio senso,Asciutto,Asfaltata,Orizzontale,Sereno,Scarso,Buona,Ore Diurne,2,0,0,1,12.6196,41.8342,-1,1,Autobus urbano,In marcia / fermata / arresto,Conducente,M,Illeso,0,,,,,
3921581,10,17/07/2018 14:45:00,Strada Urbana,VIA DI TOR VERGATA,in prossimit�,,del civico n.,454,,Tamponamento,Curva senza visuale libera,Una carreggiata a doppio senso,Asciutto,Asfaltata,Orizzontale,Sereno,Scarso,Buona,Ore Diurne,2,0,0,1,12.6196,41.8342,-1,2,Motociclo con passeggero,In marcia / fermata / arresto,Conducente,M,Rimandato,0,NON DECEDUTO,Non accertato,,,
3921581,10,17/07/2018 14:45:00,Strada Urbana,VIA DI TOR VERGATA,in prossimit�,,del civico n.,454,,Tamponamento,Curva senza visuale libera,Una carreggiata a doppio senso,Asciutto,Asfaltata,Orizzontale,Sereno,Scarso,Buona,Ore Diurne,2,0,0,1,12.6196,41.8342,-1,2,Motociclo con passeggero,In marcia / fermata / arresto,Passeggero,F,Rimandato,0,NON DECEDUTO,Non accertato,,,
3921583,12,11/07/2018 09:30:00,Strada Urbana,VIA PONTINA,da specificare,,,,prossimit� PIAZZALE 25 MARZO 1957 Dir Roma,Scontro laterale fra veicoli in marcia,Rettilineo,Due carreggiate,Asciutto,Asfaltata,Verticale ed orizzontale,Sereno,Intenso,Buona,Ore Diurne,0,0,0,3,12.4627,41.8176,-1,1,Autoarticolato,In marcia / fermata / arresto,Conducente,M,Illeso,0,,,,,
3921583,12,11/07/2018 09:30:00,Strada Urbana,VIA PONTINA,da specificare,,,,prossimit� PIAZZALE 25 MARZO 1957 Dir Roma,Scontro laterale fra veicoli in marcia,Rettilineo,Due carreggiate,Asciutto,Asfaltata,Verticale ed orizzontale,Sereno,Intenso,Buona,Ore Diurne,0,0,0,3,12.4627,41.8176,-1,2,Autovettura privata,In marcia / fermata / arresto,Conducente,F,Illeso,0,,,Inesploso,,
3921583,12,11/07/2018 09:30:00,Strada Urbana,VIA PONTINA,da specificare,,,,prossimit� PIAZZALE 25 MARZO 1957 Dir Roma,Scontro laterale fra veicoli in marcia,Rettilineo,Due carreggiate,Asciutto,Asfaltata,Verticale ed orizzontale,Sereno,Intenso,Buona,Ore Diurne,0,0,0,3,12.4627,41.8176,-1,3,Autovettura privata,In marcia / fermata / arresto,Conducente,M,Illeso,0,,,Inesploso,,
3921593,1,17/07/2018 09:59:00,Strada Urbana,LUNGOTEVERE TOR DI NONA,all'intersezione semaforizzata con,PONTE UMBERTO I,PONTE UMBERTO I,,,Scontro laterale fra veicoli in marcia,Intersezione semaforizzata,Una carreggiata a senso unico di marcia,Asciutto,Asfaltata,Verticale ed orizzontale,Sereno,Normale,Buona,Ore Diurne,1,0,0,1,12.4715,41.9021,-1,1,Motociclo a solo,In marcia / fermata / arresto,Conducente,M,Ricoverato,0,NON DECEDUTO,Non accertato,,,
3921593,1,17/07/2018 09:59:00,Strada Urbana,LUNGOTEVERE TOR DI NONA,all'intersezione semaforizzata con,PONTE UMBERTO I,PONTE UMBERTO I,,,Scontro laterale fra veicoli in marcia,Intersezione semaforizzata,Una carreggiata a senso unico di marcia,Asciutto,Asfaltata,Verticale ed orizzontale,Sereno,Normale,Buona,Ore Diurne,1,0,0,1,12.4715,41.9021,-1,2,Autovettura privata,In marcia / fermata / arresto,Conducente,M,Illeso,0,,Non accertato,Inesploso,,
3921608,1,17/07/2018 08:20:00,Strada Urbana,LUNGOTEVERE AVENTINO,in prossimit�,,del civico n.,4,,Veicolo in marcia contro ostacolo accidentale,Rettilineo,Una carreggiata a doppio senso,Viscido da liquidi oleosi,Acciotolata,Verticale ed orizzontale,Sereno,Normale,Buona,Ore Diurne,0,0,0,1,12.4801,41.8863,-1,1,Motociclo a solo,In marcia / fermata / arresto,Conducente,M,Illeso,0,,Non accertato,,,
3921632,12,11/07/2018 15:15:00,Strada Urbana,VIALE EUROPA,da specificare,,,,ALTEZZA CIVICO,18,Scontro laterale fra veicoli in marcia,Rettilineo,Una carreggiata a doppio senso,Asciutto,Asfaltata,Verticale ed orizzontale,Sereno,Normale,Buona,Ore Diurne,0,0,0,3,12.4677,41.8313,-1,1,Autovettura privata,In marcia / fermata / arresto,Conducente,F,Illeso,0,,Utilizzato,Inesploso,
3921632,12,11/07/2018 15:15:00,Strada Urbana,VIALE EUROPA,da specificare,,,,ALTEZZA CIVICO,18,Scontro laterale fra veicoli in marcia,Rettilineo,Una carreggiata a doppio senso,Asciutto,Asfaltata,Verticale ed orizzontale,Sereno,Normale,Buona,Ore Diurne,0,0,0,3,12.4677,41.8313,-1,1,Autovettura privata,In marcia / fermata / arresto,Passeggero,F,Illeso,0,,Utilizzato,Inesploso,
3921632,12,11/07/2018 15:15:00,Strada Urbana,VIALE EUROPA,da specificare,,,,ALTEZZA CIVICO,18,Scontro laterale fra veicoli in marcia,Rettilineo,Una carreggiata a doppio senso,Asciutto,Asfaltata,Verticale ed orizzontale,Sereno,Normale,Buona,Ore Diurne,0,0,0,3,12.4677,41.8313,-1,2,Autovettura privata,In marcia / fermata / arresto,Conducente,M,Illeso,0,,Utilizzato,Inesploso,
3921641,18,17/07/2018 15:20:00,Strada Urbana,VIA DI BOCCEA,in prossimit�,,del civico n.,170,,Veicolo in marcia contro veicolo in sosta,Rettilineo,Una carreggiata a doppio senso,Asciutto,Asfaltata,Verticale ed orizzontale,Sereno,Normale,Buona,Ore Diurne,0,0,0,1,12.4233,41.9028,-1,1,Autovettura privata,In marcia / fermata / arresto,Conducente,F,Illeso,0,,Non accertato,Inesploso,,
3921654,15,17/07/2018 11:50:00,Strada Urbana,VIA DELLA FANELLA,all'intersezione semaforizzata con,VIA PORTUENSE,VIA PORTUENSE,,,Scontro laterale fra veicoli in marcia,Incrocio,Una carreggiata a doppio senso,Asciutto,Asfaltata,Verticale ed orizzontale,Sereno,Normale,Buona,Ore Diurne,3,0,0,0,12.4326,41.8532,-1,1,Autovettura privata,In marcia / fermata / arresto,Conducente,F,Rimandato,0,NON DECEDUTO,Non accertato,Inesploso,,
3921654,15,17/07/2018 11:50:00,Strada Urbana,VIA DELLA FANELLA,all'intersezione semaforizzata con,VIA PORTUENSE,VIA PORTUENSE,,,Scontro laterale fra veicoli in marcia,Incrocio,Una carreggiata a doppio senso,Asciutto,Asfaltata,Verticale ed orizzontale,Sereno,Normale,Buona,Ore Diurne,3,0,0,0,12.4326,41.8532,-1,2,Autovettura di polizia,In marcia / fermata / arresto,Conducente,M,Rimandato,0,NON DECEDUTO,Non accertato,Inesploso,,
3921654,15,17/07/2018 11:50:00,Strada Urbana,VIA DELLA FANELLA,all'intersezione semaforizzata con,VIA PORTUENSE,VIA PORTUENSE,,,Scontro laterale fra veicoli in marcia,Incrocio,Una carreggiata a doppio senso,Asciutto,Asfaltata,Verticale ed orizzontale,Sereno,Normale,Buona,Ore Diurne,3,0,0,0,12.4326,41.8532,-1,2,Autovettura di polizia,In marcia / fermata / arresto,Passeggero,M,Rimandato,0,NON DECEDUTO,Non accertato,Inesploso,,
3921667,12,11/07/2018 19:10:00,Strada Urbana,VIA OSTIENSE,all'intersezione con,VIA DI DECIMA,VIA DI DECIMA,,,Tamponamento Multiplo,Incrocio,Una carreggiata a doppio senso,Asciutto,Asfaltata,Verticale ed orizzontale,Sereno,Intenso,Buona,Ore Diurne,1,0,0,3,12.4112,41.809,-1,1,Autovettura privata,In marcia / fermata / arresto,Conducente,F,Illeso,0,,,,,
3921667,12,11/07/2018 19:10:00,Strada Urbana,VIA OSTIENSE,all'intersezione con,VIA DI DECIMA,VIA DI DECIMA,,,Tamponamento Multiplo,Incrocio,Una carreggiata a doppio senso,Asciutto,Asfaltata,Verticale ed orizzontale,Sereno,Intenso,Buona,Ore Diurne,1,0,0,3,12.4112,41.809,-1,2,Autovettura privata,In marcia / fermata / arresto,Conducente,M,Illeso,0,,,,,
3921667,12,11/07/2018 19:10:00,Strada Urbana,VIA OSTIENSE,all'intersezione con,VIA DI DECIMA,VIA DI DECIMA,,,Tamponamento Multiplo,Incrocio,Una carreggiata a doppio senso,Asciutto,Asfaltata,Verticale ed orizzontale,Sereno,Intenso,Buona,Ore Diurne,1,0,0,3,12.4112,41.809,-1,3,Autovettura privata,In marcia / fermata / arresto,Conducente,M,Illeso,0,,,,,
3921667,12,11/07/2018 19:10:00,Strada Urbana,VIA OSTIENSE,all'intersezione con,VIA DI DECIMA,VIA DI DECIMA,,,Tamponamento Multiplo,Incrocio,Una carreggiata a doppio senso,Asciutto,Asfaltata,Verticale ed orizzontale,Sereno,Intenso,Buona,Ore Diurne,1,0,0,3,12.4112,41.809,-1,4,Motociclo a solo,In marcia / fermata / arresto,Conducente,M,Rimandato,0,NON DECEDUTO,Non accertato,,,
3921672,1,14/07/2018 14:20:00,Strada Urbana,VIA MARMORATA,in corrispondenza,,del civico n.,129,,Veicolo in marcia contro veicolo in sosta,Rettilineo,Pi� di due carreggiate,Asciutto,Asfaltata,Verticale ed orizzontale,Sereno,Intenso,Buona,Ore Diurne,0,0,0,1,12.4774,41.8807,-1,2,Autocarro inferiore 35 q.,In marcia / fermata / arresto,Conducente,M,Illeso,0,,Non accertato,Inesploso,,
3921678,1,14/07/2018 14:45:00,Strada Urbana,VIA D'ARACOELI,in corrispondenza,,del civico n.,11,,Scontro laterale fra veicoli in marcia,Rettilineo,Una carreggiata a senso unico di marcia,Asciutto,Asfaltata,Verticale,Sereno,Normale,Buona,Ore Diurne,0,0,0,2,12.4803,41.8948,-1,1,Autovettura pubblica,In marcia / fermata / arresto,Conducente,M,Illeso,0,,Non accertato,Inesploso,,
3921678,1,14/07/2018 14:45:00,Strada Urbana,VIA D'ARACOELI,in corrispondenza,,del civico n.,11,,Scontro laterale fra veicoli in marcia,Rettilineo,Una carreggiata a senso unico di marcia,Asciutto,Asfaltata,Verticale,Sereno,Normale,Buona,Ore Diurne,0,0,0,2,12.4803,41.8948,-1,2,Autovettura pubblica,In marcia / fermata / arresto,Conducente,M,Illeso,0,,Non accertato,Inesploso,,
3921797,1,14/07/2018 11:15:00,Strada Urbana,VIALE AVENTINO,in prossimit�,,del civico n.,60,,Scontro frontale/laterale DX fra veicoli in marcia,Rettilineo,Pi� di due carreggiate,Asciutto,Acciotolata,Verticale ed orizzontale,Sereno,Normale,Buona,Ore Diurne,1,0,0,1,12.4862,41.8824,-1,1,Autovettura privata,In marcia / fermata / arresto,Conducente,M,Illeso,0,,Non accertato,Inesploso,,
3921797,1,14/07/2018 11:15:00,Strada Urbana,VIALE AVENTINO,in prossimit�,,del civico n.,60,,Scontro frontale/laterale DX fra veicoli in marcia,Rettilineo,Pi� di due carreggiate,Asciutto,Acciotolata,Verticale ed orizzontale,Sereno,Normale,Buona,Ore Diurne,1,0,0,1,12.4862,41.8824,-1,2,Motociclo a solo,In marcia / fermata / arresto,Conducente,M,Rimandato,0,NON DECEDUTO,Non accertato,,,
3921830,17,17/07/2018 15:20:00,Strada Urbana,PIAZZA GIUSEPPE MAZZINI,in corrispondenza,,del civico n.,1,,Tamponamento,Rotatoria,Una carreggiata a senso unico di marcia,Asciutto,Asfaltata,Verticale ed orizzontale,Sereno,Normale,Buona,Ore Diurne,1,0,0,1,12.4641,41.9164,-1,1,Autovettura privata,In marcia / fermata / arresto,Conducente,F,Rimandato,0,NON DECEDUTO,Non accertato,Inesploso,,
3921830,17,17/07/2018 15:20:00,Strada Urbana,PIAZZA GIUSEPPE MAZZINI,in corrispondenza,,del civico n.,1,,Tamponamento,Rotatoria,Una carreggiata a senso unico di marcia,Asciutto,Asfaltata,Verticale ed orizzontale,Sereno,Normale,Buona,Ore Diurne,1,0,0,1,12.4641,41.9164,-1,2,Autovettura privata,In marcia / fermata / arresto,Conducente,F,Illeso,0,,,,,
3921835,1,14/07/2018 00:30:00,Strada Urbana,VIA CAVOUR,all'intersezione con,LARGO VISCONTI VENOSTA,LARGO VISCONTI VENOSTA,,,Scontro laterale fra veicoli in marcia,Incrocio,Una carreggiata a doppio senso,Asciutto,Asfaltata,Verticale ed orizzontale,Sereno,Scarso,Buona,Sufficiente,2,0,0,1,12.4951,41.8965,-1,1,Motociclo con passeggero,In marcia / fermata / arresto,Conducente,M,Rimandato,0,NON DECEDUTO,Non accertato,,,
3921835,1,14/07/2018 00:30:00,Strada Urbana,VIA CAVOUR,all'intersezione con,LARGO VISCONTI VENOSTA,LARGO VISCONTI VENOSTA,,,Scontro laterale fra veicoli in marcia,Incrocio,Una carreggiata a doppio senso,Asciutto,Asfaltata,Verticale ed orizzontale,Sereno,Scarso,Buona,Sufficiente,2,0,0,1,12.4951,41.8965,-1,1,Motociclo con passeggero,In marcia / fermata / arresto,Passeggero,F,Rimandato,0,NON DECEDUTO,Non accertato,,,
3921835,1,14/07/2018 00:30:00,Strada Urbana,VIA CAVOUR,all'intersezione con,LARGO VISCONTI VENOSTA,LARGO VISCONTI VENOSTA,,,Scontro laterale fra veicoli in marcia,Incrocio,Una carreggiata a doppio senso,Asciutto,Asfaltata,Verticale ed orizzontale,Sereno,Scarso,Buona,Sufficiente,2,0,0,1,12.4951,41.8965,-1,2,Autovettura pubblica,In marcia / fermata / arresto,Conducente,M,Illeso,0,,Non accertato,Inesploso,,
3921839,12,11/07/2018 22:30:00,Strada Urbana,VIA LAURENTINA,da specificare,,,,altezza VIA BATTAGLIONE S. MARCO,Veicolo in marcia contro ostacolo accidentale,Rettilineo,Una carreggiata a doppio senso,Asciutto,Asfaltata,Verticale ed orizzontale,Sereno,Scarso,Sufficiente,Insufficiente,0,0,0,1,12.4845,41.8156,-1,1,Autobus di linea,In marcia / fermata / arresto,Conducente,M,Illeso,0,,,,,
3921859,12,12/07/2018 19:50:00,Regionale,VIA PONTINA,da specificare,,,,KM 22 DIREZIONE LATINA,Scontro laterale fra veicoli in marcia,Rettilineo,Due carreggiate,Asciutto,Asfaltata,Verticale ed orizzontale,Sereno,Normale,Buona,Sufficiente,0,0,0,3,12.7986,41.5088,-1,1,Autovettura privata,In marcia / fermata / arresto,Conducente,M,Illeso,0,,,,,
3921859,12,12/07/2018 19:50:00,Regionale,VIA PONTINA,da specificare,,,,KM 22 DIREZIONE LATINA,Scontro laterale fra veicoli in marcia,Rettilineo,Due carreggiate,Asciutto,Asfaltata,Verticale ed orizzontale,Sereno,Normale,Buona,Sufficiente,0,0,0,3,12.7986,41.5088,-1,2,Autovettura privata,In marcia / fermata / arresto,Conducente,M,Illeso,0,,,,,
3921859,12,12/07/2018 19:50:00,Regionale,VIA PONTINA,da specificare,,,,KM 22 DIREZIONE LATINA,Scontro laterale fra veicoli in marcia,Rettilineo,Due carreggiate,Asciutto,Asfaltata,Verticale ed orizzontale,Sereno,Normale,Buona,Sufficiente,0,0,0,3,12.7986,41.5088,-1,2,Autovettura privata,In marcia / fermata / arresto,Passeggero,F,Illeso,0,,,,,
3921872,6,17/07/2018 16:20:00,Strada Urbana,VIA PRENESTINA,all'intersezione semaforizzata con,VIA ALBERTO DA GIUSSANO,VIA ALBERTO DA GIUSSANO,,,Tamponamento,Intersezione semaforizzata,Pi� di due carreggiate,Asciutto,Asfaltata,Assente,Sereno,Normale,Buona,Ore Diurne,0,0,0,2,12.5341,41.8924,-1,1,Autovettura privata,In marcia / fermata / arresto,Conducente,M,Illeso,0,,,,,
3921872,6,17/07/2018 16:20:00,Strada Urbana,VIA PRENESTINA,all'intersezione semaforizzata con,VIA ALBERTO DA GIUSSANO,VIA ALBERTO DA GIUSSANO,,,Tamponamento,Intersezione semaforizzata,Pi� di due carreggiate,Asciutto,Asfaltata,Assente,Sereno,Normale,Buona,Ore Diurne,0,0,0,2,12.5341,41.8924,-1,2,Autovettura privata,In marcia / fermata / arresto,Conducente,M,Illeso,0,,,,,
3921881,12,14/07/2018 01:50:00,Strada Urbana,VIA CRISTOFORO COLOMBO,all'intersezione con,LARGO GIUSEPPE PELLA,LARGO GIUSEPPE PELLA,,,Veicolo in marcia contro ostacolo fisso,Incrocio,Una carreggiata a senso unico di marcia,Asciutto,Asfaltata,Verticale ed orizzontale,Sereno,Scarso,Sufficiente,Sufficiente,0,0,0,5,12.4116,41.7858,-1,1,Autovettura privata,In marcia / fermata / arresto,Conducente,M,Illeso,0,,,,,
3921881,12,14/07/2018 01:50:00,Strada Urbana,VIA CRISTOFORO COLOMBO,all'intersezione con,LARGO GIUSEPPE PELLA,LARGO GIUSEPPE PELLA,,,Veicolo in marcia contro ostacolo fisso,Incrocio,Una carreggiata a senso unico di marcia,Asciutto,Asfaltata,Verticale ed orizzontale,Sereno,Scarso,Sufficiente,Sufficiente,0,0,0,5,12.4116,41.7858,-1,1,Autovettura privata,In marcia / fermata / arresto,Passeggero,M,Illeso,0,,,,,
3921881,12,14/07/2018 01:50:00,Strada Urbana,VIA CRISTOFORO COLOMBO,all'intersezione con,LARGO GIUSEPPE PELLA,LARGO GIUSEPPE PELLA,,,Veicolo in marcia contro ostacolo fisso,Incrocio,Una carreggiata a senso unico di marcia,Asciutto,Asfaltata,Verticale ed orizzontale,Sereno,Scarso,Sufficiente,Sufficiente,0,0,0,5,12.4116,41.7858,-1,1,Autovettura privata,In marcia / fermata / arresto,Passeggero,M,Illeso,0,,,,,
3921881,12,14/07/2018 01:50:00,Strada Urbana,VIA CRISTOFORO COLOMBO,all'intersezione con,LARGO GIUSEPPE PELLA,LARGO GIUSEPPE PELLA,,,Veicolo in marcia contro ostacolo fisso,Incrocio,Una carreggiata a senso unico di marcia,Asciutto,Asfaltata,Verticale ed orizzontale,Sereno,Scarso,Sufficiente,Sufficiente,0,0,0,5,12.4116,41.7858,-1,1,Autovettura privata,In marcia / fermata / arresto,Passeggero,F,Illeso,0,,,,,
3921881,12,14/07/2018 01:50:00,Strada Urbana,VIA CRISTOFORO COLOMBO,all'intersezione con,LARGO GIUSEPPE PELLA,LARGO GIUSEPPE PELLA,,,Veicolo in marcia contro ostacolo fisso,Incrocio,Una carreggiata a senso unico di marcia,Asciutto,Asfaltata,Verticale ed orizzontale,Sereno,Scarso,Sufficiente,Sufficiente,0,0,0,5,12.4116,41.7858,-1,1,Autovettura privata,In marcia / fermata / arresto,Passeggero,F,Illeso,0,,,,,
3921902,17,17/07/2018 18:00:00,Strada Urbana,CIRCONVALLAZIONE CLODIA,in corrispondenza,,del civico n.,74/A,,Scontro laterale fra veicoli in marcia,Rettilineo,Due carreggiate,Asciutto,Asfaltata,Verticale ed orizzontale,Sereno,Normale,Buona,Ore Diurne,0,0,0,2,12.4572,41.9194,-1,1,Autovettura privata,In marcia / fermata / arresto,Conducente,M,Illeso,0,,Non accertato,Inesploso,,
3921902,17,17/07/2018 18:00:00,Strada Urbana,CIRCONVALLAZIONE CLODIA,in corrispondenza,,del civico n.,74/A,,Scontro laterale fra veicoli in marcia,Rettilineo,Due carreggiate,Asciutto,Asfaltata,Verticale ed orizzontale,Sereno,Normale,Buona,Ore Diurne,0,0,0,2,12.4572,41.9194,-1,2,Autovettura privata,In marcia / fermata / arresto,Conducente,F,Illeso,0,,Non accertato,Inesploso,,
3921908,12,17/07/2018 17:15:00,Strada Urbana,VIA MATTEO BARTOLI,all'intersezione con,VIA DELLA DIVISIONE TORINO,VIA DELLA DIVISIONE TORINO,,,Scontro frontale/laterale DX fra veicoli in marcia,Incrocio,Una carreggiata a doppio senso,Asciutto,Asfaltata,Verticale ed orizzontale,Sereno,Normale,Buona,Ore Diurne,3,0,0,1,12.489,41.8184,-1,1,Autovettura privata,In marcia / fermata / arresto,Conducente,F,Illeso,0,,Non accertato,Inesploso,,
3921908,12,17/07/2018 17:15:00,Strada Urbana,VIA MATTEO BARTOLI,all'intersezione con,VIA DELLA DIVISIONE TORINO,VIA DELLA DIVISIONE TORINO,,,Scontro frontale/laterale DX fra veicoli in marcia,Incrocio,Una carreggiata a doppio senso,Asciutto,Asfaltata,Verticale ed orizzontale,Sereno,Normale,Buona,Ore Diurne,3,0,0,1,12.489,41.8184,-1,1,Autovettura privata,In marcia / fermata / arresto,Passeggero,F,Rimandato,0,NON DECEDUTO,Utilizzato,Inesploso,,
3921908,12,17/07/2018 17:15:00,Strada Urbana,VIA MATTEO BARTOLI,all'intersezione con,VIA DELLA DIVISIONE TORINO,VIA DELLA DIVISIONE TORINO,,,Scontro frontale/laterale DX fra veicoli in marcia,Incrocio,Una carreggiata a doppio senso,Asciutto,Asfaltata,Verticale ed orizzontale,Sereno,Normale,Buona,Ore Diurne,3,0,0,1,12.489,41.8184,-1,1,Autovettura privata,In marcia / fermata / arresto,Passeggero,M,Rimandato,0,NON DECEDUTO,Utilizzato,Inesploso,,
3921908,12,17/07/2018 17:15:00,Strada Urbana,VIA MATTEO BARTOLI,all'intersezione con,VIA DELLA DIVISIONE TORINO,VIA DELLA DIVISIONE TORINO,,,Scontro frontale/laterale DX fra veicoli in marcia,Incrocio,Una carreggiata a doppio senso,Asciutto,Asfaltata,Verticale ed orizzontale,Sereno,Normale,Buona,Ore Diurne,3,0,0,1,12.489,41.8184,-1,2,Autovettura privata,In marcia / fermata / arresto,Conducente,F,Rimandato,0,NON DECEDUTO,Non accertato,Inesploso,,
3921915,1,14/07/2018 21:50:00,Strada Urbana,PIAZZA VITTORIO EMANUELE II,all'intersezione semaforizzata con,VIA LAMARMORA,VIA LAMARMORA,,,Scontro laterale fra veicoli in marcia,Intersezione semaforizzata,Una carreggiata a senso unico di marcia,Asciutto,Asfaltata,Verticale,Sereno,Scarso,Buona,Sufficiente,0,0,0,3,12.5048,41.8951,-1,1,Autovettura privata,In marcia / fermata / arresto,Conducente,M,Illeso,0,,Non accertato,Inesploso,,
3921915,1,14/07/2018 21:50:00,Strada Urbana,PIAZZA VITTORIO EMANUELE II,all'intersezione semaforizzata con,VIA LAMARMORA,VIA LAMARMORA,,,Scontro laterale fra veicoli in marcia,Intersezione semaforizzata,Una carreggiata a senso unico di marcia,Asciutto,Asfaltata,Verticale,Sereno,Scarso,Buona,Sufficiente,0,0,0,3,12.5048,41.8951,-1,1,Autovettura privata,In marcia / fermata / arresto,Passeggero,F,Illeso,0,,Non accertato,Inesploso,,
3921915,1,14/07/2018 21:50:00,Strada Urbana,PIAZZA VITTORIO EMANUELE II,all'intersezione semaforizzata con,VIA LAMARMORA,VIA LAMARMORA,,,Scontro laterale fra veicoli in marcia,Intersezione semaforizzata,Una carreggiata a senso unico di marcia,Asciutto,Asfaltata,Verticale,Sereno,Scarso,Buona,Sufficiente,0,0,0,3,12.5048,41.8951,-1,2,Autovettura pubblica,In marcia / fermata / arresto,Conducente,M,Illeso,0,,Non accertato,Inesploso,,
3921938,15,17/07/2018 14:45:00,Strada Urbana,VIA DEI CANTELMO,in corrispondenza,,del civico n.,170,,Veicolo in marcia contro veicoli in sosta,Rettilineo,Una carreggiata a doppio senso,Asciutto,Asfaltata,Assente,Sereno,Intenso,Insufficiente,Ore Diurne,0,0,0,4,12.4156,41.86,-1,1,Autovettura privata,In marcia / fermata / arresto,Conducente,M,Illeso,0,,Utilizzato,,,
3921938,15,17/07/2018 14:45:00,Strada Urbana,VIA DEI CANTELMO,in corrispondenza,,del civico n.,170,,Veicolo in marcia contro veicoli in sosta,Rettilineo,Una carreggiata a doppio senso,Asciutto,Asfaltata,Assente,Sereno,Intenso,Insufficiente,Ore Diurne,0,0,0,4,12.4156,41.86,-1,2,Autovettura privata,In marcia / fermata / arresto,Conducente,M,Illeso,0,,Utilizzato,,,
3921938,15,17/07/2018 14:45:00,Strada Urbana,VIA DEI CANTELMO,in corrispondenza,,del civico n.,170,,Veicolo in marcia contro veicoli in sosta,Rettilineo,Una carreggiata a doppio senso,Asciutto,Asfaltata,Assente,Sereno,Intenso,Insufficiente,Ore Diurne,0,0,0,4,12.4156,41.86,-1,2,Autovettura privata,In marcia / fermata / arresto,Passeggero,F,Illeso,0,,Utilizzato,,,