Protocollo,Gruppo,DataOraIncidente,Localizzazione1,STRADA1,Localizzazione2,STRADA2,Strada02,Chilometrica,DaSpecificare,NaturaIncidente,particolaritastrade,TipoStrada,FondoStradale,Pavimentazione,Segnaletica,CondizioneAtmosferica,Traffico,Visibilita,Illuminazione,NUM_FERITI,NUM_RISERVATA,NUM_MORTI,NUM_ILLESI,Longitudine,Latitudine,Confermato,Progressivo,TipoVeicolo,StatoVeicolo,TipoPersona,Sesso,Tipolesione,Deceduto,DecedutoDopo,CinturaCascoUtilizzato,Airbag,,
3921938,15,17/07/2018 14:45:00,Strada Urbana,VIA DEI CANTELMO,in corrispondenza,,del civico n.,170,,Veicolo in marcia contro veicoli in sosta,Rettilineo,Una carreggiata a doppio senso,Asciutto,Asfaltata,Assente,Sereno,Intenso,Insufficiente,Ore Diurne,0,0,0,4,12.4156,41.86,-1,2,Autovettura privata,In marcia / fermata / arresto,Passeggero,F,Illeso,0,,Utilizzato,,,
3921948,12,13/07/2018 20:30:00,Comunale extraurbana,VIA DI PORTA MEDAGLIA,da specificare,,,,SNC 1 KM CIRCA DA VIA ARDEATINA DIR. ARDEATINA ,Veicolo in marcia contro ostacolo accidentale,Curva senza visuale libera,Una carreggiata a doppio senso,Asciutto,Asfaltata,Orizzontale,Sereno,Normale,Insufficiente,Insufficiente,0,0,0,1,12.5093,41.763,-1,1,Autovettura privata,In marcia / fermata / arresto,Conducente,M,Illeso,0,,,Inesploso,,
3921952,1,15/07/2018 03:10:00,Strada Urbana,VIA NAZIONALE,all'intersezione con,VIA NAPOLI,VIA NAPOLI,,,Scontro frontale/laterale DX fra veicoli in marcia,Incrocio,Una carreggiata a senso unico di marcia,Asciutto,Acciotolata,Assente,Sereno,Scarso,Sufficiente,Sufficiente,1,0,0,2,12.4938,41.9011,-1,1,Autobus urbano,In marcia / fermata / arresto,Conducente,M,Illeso,0,,Esente,Inesploso,,
3921952,1,15/07/2018 03:10:00,Strada Urbana,VIA NAZIONALE,all'intersezione con,VIA NAPOLI,VIA NAPOLI,,,Scontro frontale/laterale DX fra veicoli in marcia,Incrocio,Una carreggiata a senso unico di marcia,Asciutto,Acciotolata,Assente,Sereno,Scarso,Sufficiente,Sufficiente,1,0,0,2,12.4938,41.9011,-1,1,Autobus urbano,In marcia / fermata / arresto,Passeggero,M,Rimandato,0,NON DECEDUTO,Non accertato,Inesploso,,
3921952,1,15/07/2018 03:10:00,Strada Urbana,VIA NAZIONALE,all'intersezione con,VIA NAPOLI,VIA NAPOLI,,,Scontro frontale/laterale DX fra veicoli in marcia,Incrocio,Una carreggiata a senso unico di marcia,Asciutto,Acciotolata,Assente,Sereno,Scarso,Sufficiente,Sufficiente,1,0,0,2,12.4938,41.9011,-1,2,Autocarro inferiore 35 q.,In marcia / fermata / arresto,Conducente,M,Illeso,0,,Non accertato,Inesploso,,
3921957,15,17/07/2018 12:30:00,Strada Urbana,VIA DELLA MAGLIANA,in corrispondenza,,del civico n.,1066,,Fuoriuscita dalla sede stradale,Rettilineo,Una carreggiata a doppio senso,Asciutto,Asfaltata,Verticale ed orizzontale,Sereno,Normale,Buona,Ore Diurne,1,0,0,0,12.3835,41.8238,-1,1,Motociclo a solo,In marcia / fermata / arresto,Conducente,M,Rimandato,0,NON DECEDUTO,Utilizzato,,,
3921967,12,13/07/2018 20:00:00,Strada Urbana,VIA DI PORTA MEDAGLIA,da specificare,,,,snc dir. ARDEATINA 1 KM DA VIA ARDEATINA,Veicolo in marcia contro ostacolo accidentale,Curva senza visuale libera,Una carreggiata a doppio senso,Asciutto,Asfaltata,Orizzontale,Sereno,Normale,Insufficiente,Ore Diurne,0,0,0,1,12.5097,41.7634,-1,1,Autovettura privata,In marcia / fermata / arresto,Conducente,M,Illeso,0,,Non accertato,Inesploso,,
3921982,12,12/07/2018 14:20:00,Provinciale entro l'abitato,VIA DEL MARE,da specificare,,,,km 6,600,Scontro frontale fra veicoli in marcia,Rettilineo,Una carreggiata a doppio senso,Asciutto,Asfaltata,Verticale ed orizzontale,Sereno,Normale,Buona,Ore Diurne,6,0,0,1,12.4632,41.8403,-1,1,Autovettura privata,In marcia / fermata / arresto,Conducente,F,Rimandato,0,NON DECEDUTO,,,
3921982,12,12/07/2018 14:20:00,Provinciale entro l'abitato,VIA DEL MARE,da specificare,,,,km 6,600,Scontro frontale fra veicoli in marcia,Rettilineo,Una carreggiata a doppio senso,Asciutto,Asfaltata,Verticale ed orizzontale,Sereno,Normale,Buona,Ore Diurne,6,0,0,1,12.4632,41.8403,-1,1,Autovettura privata,In marcia / fermata / arresto,Passeggero,F,Rimandato,0,NON DECEDUTO,Non accertato,Inesploso,
3921982,12,12/07/2018 14:20:00,Provinciale entro l'abitato,VIA DEL MARE,da specificare,,,,km 6,600,Scontro frontale fra veicoli in marcia,Rettilineo,Una carreggiata a doppio senso,Asciutto,Asfaltata,Verticale ed orizzontale,Sereno,Normale,Buona,Ore Diurne,6,0,0,1,12.4632,41.8403,-1,1,Autovettura privata,In marcia / fermata / arresto,Passeggero,M,Ricoverato,0,NON DECEDUTO,Non accertato,Inesploso,
3921982,12,12/07/2018 14:20:00,Provinciale entro l'abitato,VIA DEL MARE,da specificare,,,,km 6,600,Scontro frontale fra veicoli in marcia,Rettilineo,Una carreggiata a doppio senso,Asciutto,Asfaltata,Verticale ed orizzontale,Sereno,Normale,Buona,Ore Diurne,6,0,0,1,12.4632,41.8403,-1,1,Autovettura privata,In marcia / fermata / arresto,Passeggero,F,Ricoverato,0,NON DECEDUTO,Non accertato,Inesploso,
3921982,12,12/07/2018 14:20:00,Provinciale entro l'abitato,VIA DEL MARE,da specificare,,,,km 6,600,Scontro frontale fra veicoli in marcia,Rettilineo,Una carreggiata a doppio senso,Asciutto,Asfaltata,Verticale ed orizzontale,Sereno,Normale,Buona,Ore Diurne,6,0,0,1,12.4632,41.8403,-1,1,Autovettura privata,In marcia / fermata / arresto,Passeggero,M,Ricoverato,0,NON DECEDUTO,Non accertato,Inesploso,
3921982,12,12/07/2018 14:20:00,Provinciale entro l'abitato,VIA DEL MARE,da specificare,,,,km 6,600,Scontro frontale fra veicoli in marcia,Rettilineo,Una carreggiata a doppio senso,Asciutto,Asfaltata,Verticale ed orizzontale,Sereno,Normale,Buona,Ore Diurne,6,0,0,1,12.4632,41.8403,-1,2,Autovettura privata,In marcia / fermata / arresto,Conducente,M,Rimandato,0,NON DECEDUTO,,Esploso,
3921982,12,12/07/2018 14:20:00,Provinciale entro l'abitato,VIA DEL MARE,da specificare,,,,km 6,600,Scontro frontale fra veicoli in marcia,Rettilineo,Una carreggiata a doppio senso,Asciutto,Asfaltata,Verticale ed orizzontale,Sereno,Normale,Buona,Ore Diurne,6,0,0,1,12.4632,41.8403,-1,3,Autovettura privata,In marcia / fermata / arresto,Conducente,M,Illeso,0,,,,
3921987,1,15/07/2018 11:55:00,Strada Urbana,VIA DEI QUERCETI,all'intersezione con,VIA DEI SS. QUATTRO,VIA DEI SS. QUATTRO,,,Scontro frontale/laterale SX fra veicoli in marcia,Incrocio,Una carreggiata a senso unico di marcia,Asciutto,In cubetti di porfido,Verticale ed orizzontale,Sereno,Normale,Buona,Ore Diurne,1,0,0,1,12.498,41.8887,-1,1,Autovettura privata,In marcia / fermata / arresto,Conducente,F,Illeso,0,,Non accertato,Inesploso,,
3921987,1,15/07/2018 11:55:00,Strada Urbana,VIA DEI QUERCETI,all'intersezione con,VIA DEI SS. QUATTRO,VIA DEI SS. QUATTRO,,,Scontro frontale/laterale SX fra veicoli in marcia,Incrocio,Una carreggiata a senso unico di marcia,Asciutto,In cubetti di porfido,Verticale ed orizzontale,Sereno,Normale,Buona,Ore Diurne,1,0,0,1,12.498,41.8887,-1,2,Motociclo a solo,In marcia / fermata / arresto,Conducente,M,Rimandato,0,NON DECEDUTO,Non accertato,,,
3921992,18,17/07/2018 18:30:00,Strada Urbana,VIA NOSTRA SIGNORA DI LOURDES,da specificare,,,,fronte civico 25,Scontro laterale fra veicoli in marcia,Rettilineo,Una carreggiata a doppio senso,Asciutto,Asfaltata,Verticale ed orizzontale,Sereno,Normale,Buona,Ore Diurne,1,0,0,3,12.4291,41.903,-1,1,Autovettura privata,In marcia / fermata / arresto,Conducente,M,Illeso,0,,Non accertato,Inesploso,,
3921992,18,17/07/2018 18:30:00,Strada Urbana,VIA NOSTRA SIGNORA DI LOURDES,da specificare,,,,fronte civico 25,Scontro laterale fra veicoli in marcia,Rettilineo,Una carreggiata a doppio senso,Asciutto,Asfaltata,Verticale ed orizzontale,Sereno,Normale,Buona,Ore Diurne,1,0,0,3,12.4291,41.903,-1,1,Autovettura privata,In marcia / fermata / arresto,Passeggero,M,Illeso,0,,Non accertato,Inesploso,,
3921992,18,17/07/2018 18:30:00,Strada Urbana,VIA NOSTRA SIGNORA DI LOURDES,da specificare,,,,fronte civico 25,Scontro laterale fra veicoli in marcia,Rettilineo,Una carreggiata a doppio senso,Asciutto,Asfaltata,Verticale ed orizzontale,Sereno,Normale,Buona,Ore Diurne,1,0,0,3,12.4291,41.903,-1,2,Motociclo a solo,In marcia / fermata / arresto,Conducente,M,Rimandato,0,NON DECEDUTO,Non accertato,,,
3921992,18,17/07/2018 18:30:00,Strada Urbana,VIA NOSTRA SIGNORA DI LOURDES,da specificare,,,,fronte civico 25,Scontro laterale fra veicoli in marcia,Rettilineo,Una carreggiata a doppio senso,Asciutto,Asfaltata,Verticale ed orizzontale,Sereno,Normale,Buona,Ore Diurne,1,0,0,3,12.4291,41.903,-1,2,Motociclo a solo,In marcia / fermata / arresto,Passeggero,M,Illeso,0,,Non accertato,,,
3922000,1,15/07/2018 23:00:00,Strada Urbana,VIA EMANUELE FILIBERTO,all'intersezione semaforizzata con,VIALE MANZONI,VIALE MANZONI,,,Scontro frontale/laterale DX fra veicoli in marcia,Intersezione semaforizzata,Una carreggiata a doppio senso,Asciutto,Asfaltata,Verticale ed orizzontale,Sereno,Scarso,Buona,Sufficiente,0,0,0,2,12.5067,41.8905,-1,1,Motociclo a solo,In marcia / fermata / arresto,Conducente,M,Illeso,0,,Utilizzato,,,
3922000,1,15/07/2018 23:00:00,Strada Urbana,VIA EMANUELE FILIBERTO,all'intersezione semaforizzata con,VIALE MANZONI,VIALE MANZONI,,,Scontro frontale/laterale DX fra veicoli in marcia,Intersezione semaforizzata,Una carreggiata a doppio senso,Asciutto,Asfaltata,Verticale ed orizzontale,Sereno,Scarso,Buona,Sufficiente,0,0,0,2,12.5067,41.8905,-1,2,Autovettura privata,In marcia / fermata / arresto,Conducente,M,Illeso,0,,Non accertato,Inesploso,,
3922002,2,17/07/2018 16:30:00,Strada Urbana,PIAZZA DEI CARRACCI,da specificare,,,,fronte civico 11,Veicolo in marcia contro veicolo in sosta,Rettilineo,Una carreggiata a senso unico di marcia,Asciutto,Asfaltata,Verticale ed orizzontale,Sereno,Normale,Buona,Ore Diurne,0,0,0,1,12.4683,41.9303,-1,2,Autovettura privata,In marcia / fermata / arresto,Conducente,F,Illeso,0,,,,,
3922037,15,17/07/2018 18:15:00,Strada Urbana,VIA ENRICO FERMI,in corrispondenza,,del civico n.,30,,Veicolo in marcia contro veicolo fermo,Rettilineo,Due carreggiate,Asciutto,Asfaltata,Assente,Sereno,Scarso,Buona,Ore Diurne,1,0,0,3,12.4704,41.8643,-1,1,Motociclo con passeggero,In marcia / fermata / arresto,Conducente,M,Illeso,0,,Non accertato,,,
3922037,15,17/07/2018 18:15:00,Strada Urbana,VIA ENRICO FERMI,in corrispondenza,,del civico n.,30,,Veicolo in marcia contro veicolo fermo,Rettilineo,Due carreggiate,Asciutto,Asfaltata,Assente,Sereno,Scarso,Buona,Ore Diurne,1,0,0,3,12.4704,41.8643,-1,1,Motociclo con passeggero,In marcia / fermata / arresto,Passeggero,F,Rimandato,0,NON DECEDUTO,Non accertato,,,
3922037,15,17/07/2018 18:15:00,Strada Urbana,VIA ENRICO FERMI,in corrispondenza,,del civico n.,30,,Veicolo in marcia contro veicolo fermo,Rettilineo,Due carreggiate,Asciutto,Asfaltata,Assente,Sereno,Scarso,Buona,Ore Diurne,1,0,0,3,12.4704,41.8643,-1,2,Autovettura privata,In marcia / fermata / arresto,Conducente,M,Illeso,0,,Non accertato,Inesploso,,
3922037,15,17/07/2018 18:15:00,Strada Urbana,VIA ENRICO FERMI,in corrispondenza,,del civico n.,30,,Veicolo in marcia contro veicolo fermo,Rettilineo,Due carreggiate,Asciutto,Asfaltata,Assente,Sereno,Scarso,Buona,Ore Diurne,1,0,0,3,12.4704,41.8643,-1,2,Autovettura privata,In marcia / fermata / arresto,Passeggero,M,Illeso,0,,Non accertato,Inesploso,,
3922200,11,17/07/2018 17:10:00,Strada Urbana,VIALE DEL TINTORETTO,all'intersezione semaforizzata con,VIA ALESSIO BALDOVINETTI,VIA ALESSIO BALDOVINETTI,,,Scontro laterale fra veicoli in marcia,Intersezione semaforizzata,Due carreggiate,Asciutto,Asfaltata,Verticale ed orizzontale,Sereno,Normale,Buona,Ore Diurne,0,0,0,3,12.4948,41.8334,-1,1,Autovettura privata,In marcia / fermata / arresto,Conducente,M,Illeso,0,,,,,
3922200,11,17/07/2018 17:10:00,Strada Urbana,VIALE DEL TINTORETTO,all'intersezione semaforizzata con,VIA ALESSIO BALDOVINETTI,VIA ALESSIO BALDOVINETTI,,,Scontro laterale fra veicoli in marcia,Intersezione semaforizzata,Due carreggiate,Asciutto,Asfaltata,Verticale ed orizzontale,Sereno,Normale,Buona,Ore Diurne,0,0,0,3,12.4948,41.8334,-1,2,Autovettura privata,In marcia / fermata / arresto,Conducente,M,Illeso,0,,,,,
3922200,11,17/07/2018 17:10:00,Strada Urbana,VIALE DEL TINTORETTO,all'intersezione semaforizzata con,VIA ALESSIO BALDOVINETTI,VIA ALESSIO BALDOVINETTI,,,Scontro laterale fra veicoli in marcia,Intersezione semaforizzata,Due carreggiate,Asciutto,Asfaltata,Verticale ed orizzontale,Sereno,Normale,Buona,Ore Diurne,0,0,0,3,12.4948,41.8334,-1,2,Autovettura privata,In marcia / fermata / arresto,Passeggero,F,Illeso,0,,,,,
3922354,8,17/07/2018 07:30:00,Statale entro l'abitato,VIA CASILINA,in corrispondenza,,del civico n.,1650,,Tamponamento,Rettilineo,Una carreggiata a doppio senso,Asciutto,Asfaltata,Verticale ed orizzontale,Sereno,Normale,Buona,Ore Diurne,0,0,0,1,12.6427,41.8627,-1,1,Autovettura privata,In marcia / fermata / arresto,Conducente,M,Illeso,0,,,,,
3922356,11,17/07/2018 17:15:00,Strada Urbana,VIA ALESSANDRA MACINGHI STROZZI,in prossimit�,,del palo luce n.,2,,Scontro laterale fra veicoli in marcia,Rettilineo,Una carreggiata a doppio senso,Asciutto,Asfaltata,Orizzontale,Sereno,Intenso,Buona,Ore Diurne,1,0,0,1,12.4923,41.86,-1,1,Motociclo a solo,In marcia / fermata / arresto,Conducente,M,Rifiuta cure immediate,0,NON DECEDUTO,Non accertato,,,
3922356,11,17/07/2018 17:15:00,Strada Urbana,VIA ALESSANDRA MACINGHI STROZZI,in prossimit�,,del palo luce n.,2,,Scontro laterale fra veicoli in marcia,Rettilineo,Una carreggiata a doppio senso,Asciutto,Asfaltata,Orizzontale,Sereno,Intenso,Buona,Ore Diurne,1,0,0,1,12.4923,41.86,-1,2,Autovettura privata,In marcia / fermata / arresto,Conducente,M,Illeso,0,,Non accertato,Inesploso,,
3922357,8,17/07/2018 14:35:00,Provinciale,VIA PRENESTINA,da specificare,,,,in prossimit� via Pomigliano d'Arco,Tamponamento Multiplo,Rettilineo,Una carreggiata a doppio senso,Asciutto,Asfaltata,Verticale ed orizzontale,Sereno,Normale,Buona,Ore Diurne,2,0,0,2,12.6153,41.8933,-1,1,Autocarro inferiore 35 q.,In marcia / fermata / arresto,Conducente,M,Illeso,0,,Non accertato,Inesistente,,
3922357,8,17/07/2018 14:35:00,Provinciale,VIA PRENESTINA,da specificare,,,,in prossimit� via Pomigliano d'Arco,Tamponamento Multiplo,Rettilineo,Una carreggiata a doppio senso,Asciutto,Asfaltata,Verticale ed orizzontale,Sereno,Normale,Buona,Ore Diurne,2,0,0,2,12.6153,41.8933,-1,2,Autocarro inferiore 35 q.,In marcia / fermata / arresto,Conducente,M,Rimandato,0,NON DECEDUTO,Non accertato,Inesploso,,
3922357,8,17/07/2018 14:35:00,Provinciale,VIA PRENESTINA,da specificare,,,,in prossimit� via Pomigliano d'Arco,Tamponamento Multiplo,Rettilineo,Una carreggiata a doppio senso,Asciutto,Asfaltata,Verticale ed orizzontale,Sereno,Normale,Buona,Ore Diurne,2,0,0,2,12.6153,41.8933,-1,3,Autovettura privata,In marcia / fermata / arresto,Conducente,M,Illeso,0,,Non accertato,Inesploso,,
3922357,8,17/07/2018 14:35:00,Provinciale,VIA PRENESTINA,da specificare,,,,in prossimit� via Pomigliano d'Arco,Tamponamento Multiplo,Rettilineo,Una carreggiata a doppio senso,Asciutto,Asfaltata,Verticale ed orizzontale,Sereno,Normale,Buona,Ore Diurne,2,0,0,2,12.6153,41.8933,-1,4,Autovettura privata,In marcia / fermata / arresto,Conducente,M,Rimandato,0,NON DECEDUTO,Non accertato,Inesploso,,
3922359,8,17/07/2018 18:00:00,Strada Urbana,VIA COLLATINA,in prossimit�,,del civico n.,532,,Tamponamento,Rettilineo,Una carreggiata a doppio senso,Asciutto,Asfaltata,Verticale ed orizzontale,Sereno,Normale,Buona,Ore Diurne,0,0,0,4,12.6197,41.9062,-1,1,Autovettura privata,In marcia / fermata / arresto,Conducente,M,Illeso,0,,,,,
3922359,8,17/07/2018 18:00:00,Strada Urbana,VIA COLLATINA,in prossimit�,,del civico n.,532,,Tamponamento,Rettilineo,Una carreggiata a doppio senso,Asciutto,Asfaltata,Verticale ed orizzontale,Sereno,Normale,Buona,Ore Diurne,0,0,0,4,12.6197,41.9062,-1,1,Autovettura privata,In marcia / fermata / arresto,Passeggero,M,Illeso,0,,Non accertato,Inesploso,,
3922359,8,17/07/2018 18:00:00,Strada Urbana,VIA COLLATINA,in prossimit�,,del civico n.,532,,Tamponamento,Rettilineo,Una carreggiata a doppio senso,Asciutto,Asfaltata,Verticale ed orizzontale,Sereno,Normale,Buona,Ore Diurne,0,0,0,4,12.6197,41.9062,-1,2,Autovettura privata,In marcia / fermata / arresto,Conducente,M,Illeso,0,,,,,
3922360,13,17/07/2018 11:05:00,Strada Urbana,VIA DI MACCHIA SAPONARA,da specificare,,,,prossimit� Via Pindaro,Scontro laterale fra veicoli in marcia,Rettilineo,Una carreggiata a doppio senso,Asciutto,Asfaltata,Assente,Sereno,Normale,Buona,Ore Diurne,0,0,0,2,12.3653,41.758,-1,1,Autovettura privata,In marcia / fermata / arresto,Conducente,M,Illeso,0,,,,,
3922360,13,17/07/2018 11:05:00,Strada Urbana,VIA DI MACCHIA SAPONARA,da specificare,,,,prossimit� Via Pindaro,Scontro laterale fra veicoli in marcia,Rettilineo,Una carreggiata a doppio senso,Asciutto,Asfaltata,Assente,Sereno,Normale,Buona,Ore Diurne,0,0,0,2,12.3653,41.758,-1,2,Autocaravan,In marcia / fermata / arresto,Conducente,M,Illeso,0,,,,,
3922372,12,14/07/2018 15:00:00,Strada Urbana,VIA CRISTOFORO COLOMBO,all'intersezione semaforizzata con,VIALE DELL'UMANESIMO,VIALE DELL'UMANESIMO,,,Scontro frontale/laterale SX fra veicoli in marcia,Intersezione semaforizzata,Una carreggiata a senso unico di marcia,Asciutto,Asfaltata,Verticale ed orizzontale,Sereno,Scarso,Buona,Ore Diurne,0,0,0,4,12.4116,41.7858,-1,1,Autovettura privata,In marcia / fermata / arresto,Conducente,M,Illeso,0,,,Inesploso,,
3922372,12,14/07/2018 15:00:00,Strada Urbana,VIA CRISTOFORO COLOMBO,all'intersezione semaforizzata con,VIALE DELL'UMANESIMO,VIALE DELL'UMANESIMO,,,Scontro frontale/laterale SX fra veicoli in marcia,Intersezione semaforizzata,Una carreggiata a senso unico di marcia,Asciutto,Asfaltata,Verticale ed orizzontale,Sereno,Scarso,Buona,Ore Diurne,0,0,0,4,12.4116,41.7858,-1,1,Autovettura privata,In marcia / fermata / arresto,Passeggero,M,Illeso,0,,Utilizzato,,,
3922372,12,14/07/2018 15:00:00,Strada Urbana,VIA CRISTOFORO COLOMBO,all'intersezione semaforizzata con,VIALE DELL'UMANESIMO,VIALE DELL'UMANESIMO,,,Scontro frontale/laterale SX fra veicoli in marcia,Intersezione semaforizzata,Una carreggiata a senso unico di marcia,Asciutto,Asfaltata,Verticale ed orizzontale,Sereno,Scarso,Buona,Ore Diurne,0,0,0,4,12.4116,41.7858,-1,2,Autovettura privata,In marcia / fermata / arresto,Conducente,F,Illeso,0,,Utilizzato,Inesploso,,
3922372,12,14/07/2018 15:00:00,Strada Urbana,VIA CRISTOFORO COLOMBO,all'intersezione semaforizzata con,VIALE DELL'UMANESIMO,VIALE DELL'UMANESIMO,,,Scontro frontale/laterale SX fra veicoli in marcia,Intersezione semaforizzata,Una carreggiata a senso unico di marcia,Asciutto,Asfaltata,Verticale ed orizzontale,Sereno,Scarso,Buona,Ore Diurne,0,0,0,4,12.4116,41.7858,-1,2,Autovettura privata,In marcia / fermata / arresto,Passeggero,F,Illeso,0,,Utilizzato,,,
3922397,13,17/07/2018 18:10:00,Strada Urbana,VIA DI ACILIA,da specificare,,,,100 mt da via Cristoforo Colombo,Tamponamento Multiplo,Rettilineo,Una carreggiata a doppio senso,Asciutto,Asfaltata,Assente,Sereno,Normale,Buona,Ore Diurne,1,0,0,7,12.3714,41.7737,-1,1,Autocarro inferiore 35 q.,In marcia / fermata / arresto,Conducente,M,Illeso,0,,Non accertato,Inesploso,,
3922397,13,17/07/2018 18:10:00,Strada Urbana,VIA DI ACILIA,da specificare,,,,100 mt da via Cristoforo Colombo,Tamponamento Multiplo,Rettilineo,Una carreggiata a doppio senso,Asciutto,Asfaltata,Assente,Sereno,Normale,Buona,Ore Diurne,1,0,0,7,12.3714,41.7737,-1,1,Autocarro inferiore 35 q.,In marcia / fermata / arresto,Passeggero,F,Illeso,0,,Non accertato,Inesploso,,
3922397,13,17/07/2018 18:10:00,Strada Urbana,VIA DI ACILIA,da specificare,,,,100 mt da via Cristoforo Colombo,Tamponamento Multiplo,Rettilineo,Una carreggiata a doppio senso,Asciutto,Asfaltata,Assente,Sereno,Normale,Buona,Ore Diurne,1,0,0,7,12.3714,41.7737,-1,2,Autovettura privata,In marcia / fermata / arresto,Conducente,M,Illeso,0,,Non accertato,Inesploso,,
3922397,13,17/07/2018 18:10:00,Strada Urbana,VIA DI ACILIA,da specificare,,,,100 mt da via Cristoforo Colombo,Tamponamento Multiplo,Rettilineo,Una carreggiata a doppio senso,Asciutto,Asfaltata,Assente,Sereno,Normale,Buona,Ore Diurne,1,0,0,7,12.3714,41.7737,-1,3,Autovettura privata,In marcia / fermata / arresto,Conducente,F,Illeso,0,,Non accertato,Inesploso,,
3922397,13,17/07/2018 18:10:00,Strada Urbana,VIA DI ACILIA,da specificare,,,,100 mt da via Cristoforo Colombo,Tamponamento Multiplo,Rettilineo,Una carreggiata a doppio senso,Asciutto,Asfaltata,Assente,Sereno,Normale,Buona,Ore Diurne,1,0,0,7,12.3714,41.7737,-1,4,Autovettura privata,In marcia / fermata / arresto,Conducente,F,Illeso,0,,Non accertato,,,
3922397,13,17/07/2018 18:10:00,Strada Urbana,VIA DI ACILIA,da specificare,,,,100 mt da via Cristoforo Colombo,Tamponamento Multiplo,Rettilineo,Una carreggiata a doppio senso,Asciutto,Asfaltata,Assente,Sereno,Normale,Buona,Ore Diurne,1,0,0,7,12.3714,41.7737,-1,4,Autovettura privata,In marcia / fermata / arresto,Passeggero,M,Illeso,0,,Non accertato,,,
3922397,13,17/07/2018 18:10:00,Strada Urbana,VIA DI ACILIA,da specificare,,,,100 mt da via Cristoforo Colombo,Tamponamento Multiplo,Rettilineo,Una carreggiata a doppio senso,Asciutto,Asfaltata,Assente,Sereno,Normale,Buona,Ore Diurne,1,0,0,7,12.3714,41.7737,-1,4,Autovettura privata,In marcia / fermata / arresto,Passeggero,F,Illeso,0,,Non accertato,,,
3922397,13,17/07/2018 18:10:00,Strada Urbana,VIA DI ACILIA,da specificare,,,,100 mt da via Cristoforo Colombo,Tamponamento Multiplo,Rettilineo,Una carreggiata a doppio senso,Asciutto,Asfaltata,Assente,Sereno,Normale,Buona,Ore Diurne,1,0,0,7,12.3714,41.7737,-1,5,Quadriciclo leggero,In marcia / fermata / arresto,Conducente,M,Rimandato,0,NON DECEDUTO,Non accertato,,,
3922417,13,17/07/2018 15:40:00,Strada Urbana,VIA DELL'IDROSCALO,in corrispondenza,,del civico n.,306,,Scontro laterale fra veicoli in marcia,Rettilineo,Una carreggiata a doppio senso,Asciutto,Asfaltata,Assente,Sereno,Normale,Buona,Ore Diurne,0,0,0,2,12.2404,41.7403,-1,1,Autovettura privata,In marcia / fermata / arresto,Conducente,F,Illeso,0,,,,,
3922417,13,17/07/2018 15:40:00,Strada Urbana,VIA DELL'IDROSCALO,in corrispondenza,,del civico n.,306,,Scontro laterale fra veicoli in marcia,Rettilineo,Una carreggiata a doppio senso,Asciutto,Asfaltata,Assente,Sereno,Normale,Buona,Ore Diurne,0,0,0,2,12.2404,41.7403,-1,2,Motociclo a solo,In marcia / fermata / arresto,Conducente,M,Illeso,0,,,,,
3922422,9,18/07/2018 03:15:00,Strada Urbana,VIA APPIA NUOVA,da specificare,,,,ALT VIA DELL'ALMONE,Scontro laterale fra veicoli in marcia,Curva a visuale libera,Due carreggiate,Asciutto,Asfaltata,Verticale ed orizzontale,Sereno,Scarso,Buona,Sufficiente,0,0,0,2,12.5341,41.8608,-1,1,Autovettura privata,In marcia / fermata / arresto,Conducente,M,Illeso,0,,Non accertato,Esploso,,
3922422,9,18/07/2018 03:15:00,Strada Urbana,VIA APPIA NUOVA,da specificare,,,,ALT VIA DELL'ALMONE,Scontro laterale fra veicoli in marcia,Curva a visuale libera,Due carreggiate,Asciutto,Asfaltata,Verticale ed orizzontale,Sereno,Scarso,Buona,Sufficiente,0,0,0,2,12.5341,41.8608,-1,1,Autovettura privata,In marcia / fermata / arresto,Passeggero,F,Illeso,0,,Non accertato,Esploso,,
3922430,15,17/07/2018 18:30:00,Strada Urbana,VIA PORTUENSE,in prossimit�,,del civico n.,669/B,,Veicolo in marcia contro ostacolo accidentale,Rettilineo,Due carreggiate,Asciutto,Asfaltata,Orizzontale,Sereno,Normale,Buona,Ore Diurne,0,0,0,1,12.4377,41.8535,-1,1,Autovettura privata,In marcia / fermata / arresto,Conducente,M,Illeso,0,,Utilizzato,,,
3922434,12,17/07/2018 19:10:00,Strada Urbana,VIA CRISTOFORO COLOMBO,in prossimit�,,della chilometrica,15.8,,Fuoriuscita dalla sede stradale,Rettilineo,Due carreggiate,Sdrucciolevole (fango),Asfaltata,Assente,Grandine in atto,Intenso,Buona,Ore Diurne,1,0,0,0,12.4616,41.8161,-1,1,Motociclo a solo,In marcia / fermata / arresto,Conducente,M,Rimandato,0,NON DECEDUTO,,,,
3922435,20,17/07/2018 17:30:00,Strada Urbana,VIA NEMEA,all'intersezione con,VIA APOLLO PIZIO,VIA APOLLO PIZIO,,,Scontro laterale fra veicoli in marcia,Incrocio,Una carreggiata a senso unico di marcia,Asciutto,Asfaltata,Orizzontale,Sereno,Scarso,Buona,Ore Diurne,1,0,0,1,12.4614,41.9475,-1,1,Autovettura privata,In marcia / fermata / arresto,Conducente,M,Illeso,0,,Non accertato,Inesploso,,