Protocollo,Gruppo,DataOraIncidente,Localizzazione1,STRADA1,Localizzazione2,STRADA2,Strada02,Chilometrica,DaSpecificare,NaturaIncidente,particolaritastrade,TipoStrada,FondoStradale,Pavimentazione,Segnaletica,CondizioneAtmosferica,Traffico,Visibilita,Illuminazione,NUM_FERITI,NUM_RISERVATA,NUM_MORTI,NUM_ILLESI,Longitudine,Latitudine,Confermato,Progressivo,TipoVeicolo,StatoVeicolo,TipoPersona,Sesso,Tipolesione,Deceduto,DecedutoDopo,CinturaCascoUtilizzato,Airbag,,
3922435,20,17/07/2018 17:30:00,Strada Urbana,VIA NEMEA,all'intersezione con,VIA APOLLO PIZIO,VIA APOLLO PIZIO,,,Scontro laterale fra veicoli in marcia,Incrocio,Una carreggiata a senso unico di marcia,Asciutto,Asfaltata,Orizzontale,Sereno,Scarso,Buona,Ore Diurne,1,0,0,1,12.4614,41.9475,-1,2,Motociclo a solo,In marcia / fermata / arresto,Conducente,F,Rimandato,0,NON DECEDUTO,Non accertato,,,
3922436,20,17/07/2018 17:30:00,Strada Urbana,VIA CASSIA,da specificare,,,,altezza fermata bus n. 70152,Veicolo in marcia contro ostacolo fisso,Curva a visuale libera,Una carreggiata a doppio senso,Asciutto,Asfaltata,Orizzontale,Sereno,Normale,Buona,Ore Diurne,0,0,0,1,12.4572,41.9572,-1,1,Autovettura privata,In marcia / fermata / arresto,Conducente,F,Illeso,0,,Non accertato,Inesploso,,
3922438,12,15/07/2018 18:00:00,Strada Urbana,VIA DI MEZZOCAMMINO,all'intersezione con,VIA ALFONSINE,VIA ALFONSINE,,,Scontro frontale/laterale SX fra veicoli in marcia,Incrocio,Due carreggiate,Asciutto,Asfaltata,Verticale ed orizzontale,Sereno,Normale,Buona,Ore Diurne,0,0,0,4,12.4375,41.79,-1,1,Autovettura privata,In marcia / fermata / arresto,Conducente,M,Illeso,0,,Utilizzato,Inesploso,,
3922438,12,15/07/2018 18:00:00,Strada Urbana,VIA DI MEZZOCAMMINO,all'intersezione con,VIA ALFONSINE,VIA ALFONSINE,,,Scontro frontale/laterale SX fra veicoli in marcia,Incrocio,Due carreggiate,Asciutto,Asfaltata,Verticale ed orizzontale,Sereno,Normale,Buona,Ore Diurne,0,0,0,4,12.4375,41.79,-1,2,Autovettura privata,In marcia / fermata / arresto,Conducente,M,Illeso,0,,Utilizzato,Inesploso,,
3922438,12,15/07/2018 18:00:00,Strada Urbana,VIA DI MEZZOCAMMINO,all'intersezione con,VIA ALFONSINE,VIA ALFONSINE,,,Scontro frontale/laterale SX fra veicoli in marcia,Incrocio,Due carreggiate,Asciutto,Asfaltata,Verticale ed orizzontale,Sereno,Normale,Buona,Ore Diurne,0,0,0,4,12.4375,41.79,-1,2,Autovettura privata,In marcia / fermata / arresto,Passeggero,M,Illeso,0,,Utilizzato,Inesploso,,
3922438,12,15/07/2018 18:00:00,Strada Urbana,VIA DI MEZZOCAMMINO,all'intersezione con,VIA ALFONSINE,VIA ALFONSINE,,,Scontro frontale/laterale SX fra veicoli in marcia,Incrocio,Due carreggiate,Asciutto,Asfaltata,Verticale ed orizzontale,Sereno,Normale,Buona,Ore Diurne,0,0,0,4,12.4375,41.79,-1,2,Autovettura privata,In marcia / fermata / arresto,Passeggero,M,Illeso,0,,Utilizzato,Inesploso,,
3922472,9,18/07/2018 07:30:00,Strada Urbana,VIA APPIA NUOVA,all'intersezione con,VIA ALBA,VIA ALBA,,,Scontro laterale fra veicoli in marcia,Incrocio,Due carreggiate,Asciutto,Asfaltata,Verticale ed orizzontale,Sereno,Normale,Buona,Ore Diurne,0,0,0,3,12.5599,41.8264,-1,1,Autocarro superiore 35 q.,In marcia / fermata / arresto,Conducente,M,Illeso,0,,Utilizzato,Inesploso,,
3922472,9,18/07/2018 07:30:00,Strada Urbana,VIA APPIA NUOVA,all'intersezione con,VIA ALBA,VIA ALBA,,,Scontro laterale fra veicoli in marcia,Incrocio,Due carreggiate,Asciutto,Asfaltata,Verticale ed orizzontale,Sereno,Normale,Buona,Ore Diurne,0,0,0,3,12.5599,41.8264,-1,2,Autovettura privata,In marcia / fermata / arresto,Conducente,M,Illeso,0,,Utilizzato,Inesploso,,
3922472,9,18/07/2018 07:30:00,Strada Urbana,VIA APPIA NUOVA,all'intersezione con,VIA ALBA,VIA ALBA,,,Scontro laterale fra veicoli in marcia,Incrocio,Due carreggiate,Asciutto,Asfaltata,Verticale ed orizzontale,Sereno,Normale,Buona,Ore Diurne,0,0,0,3,12.5599,41.8264,-1,2,Autovettura privata,In marcia / fermata / arresto,Passeggero,M,Illeso,0,,Utilizzato,Inesploso,,
3922478,20,17/07/2018 22:30:00,Strada Urbana,VIA CASSIA,all'intersezione con,VIA VILFREDO PARETO,VIA VILFREDO PARETO,,,Scontro frontale/laterale SX fra veicoli in marcia,Intersezione non regolata/non segnalata,Una carreggiata a doppio senso,Asciutto,Asfaltata,Verticale ed orizzontale,Sereno,Normale,Buona,Sufficiente,1,0,0,3,12.4611,41.9501,-1,1,Motociclo a solo,In marcia / fermata / arresto,Conducente,M,Rimandato,0,NON DECEDUTO,Non accertato,,,
3922478,20,17/07/2018 22:30:00,Strada Urbana,VIA CASSIA,all'intersezione con,VIA VILFREDO PARETO,VIA VILFREDO PARETO,,,Scontro frontale/laterale SX fra veicoli in marcia,Intersezione non regolata/non segnalata,Una carreggiata a doppio senso,Asciutto,Asfaltata,Verticale ed orizzontale,Sereno,Normale,Buona,Sufficiente,1,0,0,3,12.4611,41.9501,-1,2,Autovettura privata,In marcia / fermata / arresto,Conducente,M,Illeso,0,,Non accertato,Inesploso,,
3922478,20,17/07/2018 22:30:00,Strada Urbana,VIA CASSIA,all'intersezione con,VIA VILFREDO PARETO,VIA VILFREDO PARETO,,,Scontro frontale/laterale SX fra veicoli in marcia,Intersezione non regolata/non segnalata,Una carreggiata a doppio senso,Asciutto,Asfaltata,Verticale ed orizzontale,Sereno,Normale,Buona,Sufficiente,1,0,0,3,12.4611,41.9501,-1,2,Autovettura privata,In marcia / fermata / arresto,Passeggero,M,Illeso,0,,Non accertato,,,
3922478,20,17/07/2018 22:30:00,Strada Urbana,VIA CASSIA,all'intersezione con,VIA VILFREDO PARETO,VIA VILFREDO PARETO,,,Scontro frontale/laterale SX fra veicoli in marcia,Intersezione non regolata/non segnalata,Una carreggiata a doppio senso,Asciutto,Asfaltata,Verticale ed orizzontale,Sereno,Normale,Buona,Sufficiente,1,0,0,3,12.4611,41.9501,-1,2,Autovettura privata,In marcia / fermata / arresto,Passeggero,F,Illeso,0,,Non accertato,,,
3922479,12,17/07/2018 10:00:00,Strada Urbana,VIA ILDEBRANDO VIVANTI,all'intersezione con,VIALE BEATA VERGINE DEL CARMELO,VIALE BEATA VERGINE DEL CARMELO,,,Tamponamento,Intersezione stradale segnalata,Due carreggiate,Asciutto,Asfaltata,Verticale ed orizzontale,Sereno,Normale,Buona,Ore Diurne,0,0,0,5,12.4371,41.8069,-1,1,Autovettura pubblica,In marcia / fermata / arresto,Conducente,M,Illeso,0,,Utilizzato,Inesploso,,
3922479,12,17/07/2018 10:00:00,Strada Urbana,VIA ILDEBRANDO VIVANTI,all'intersezione con,VIALE BEATA VERGINE DEL CARMELO,VIALE BEATA VERGINE DEL CARMELO,,,Tamponamento,Intersezione stradale segnalata,Due carreggiate,Asciutto,Asfaltata,Verticale ed orizzontale,Sereno,Normale,Buona,Ore Diurne,0,0,0,5,12.4371,41.8069,-1,1,Autovettura pubblica,In marcia / fermata / arresto,Passeggero,F,Illeso,0,,,Inesploso,,
3922479,12,17/07/2018 10:00:00,Strada Urbana,VIA ILDEBRANDO VIVANTI,all'intersezione con,VIALE BEATA VERGINE DEL CARMELO,VIALE BEATA VERGINE DEL CARMELO,,,Tamponamento,Intersezione stradale segnalata,Due carreggiate,Asciutto,Asfaltata,Verticale ed orizzontale,Sereno,Normale,Buona,Ore Diurne,0,0,0,5,12.4371,41.8069,-1,1,Autovettura pubblica,In marcia / fermata / arresto,Passeggero,F,Illeso,0,,,Inesploso,,
3922479,12,17/07/2018 10:00:00,Strada Urbana,VIA ILDEBRANDO VIVANTI,all'intersezione con,VIALE BEATA VERGINE DEL CARMELO,VIALE BEATA VERGINE DEL CARMELO,,,Tamponamento,Intersezione stradale segnalata,Due carreggiate,Asciutto,Asfaltata,Verticale ed orizzontale,Sereno,Normale,Buona,Ore Diurne,0,0,0,5,12.4371,41.8069,-1,1,Autovettura pubblica,In marcia / fermata / arresto,Passeggero,M,Illeso,0,,,Inesploso,,
3922479,12,17/07/2018 10:00:00,Strada Urbana,VIA ILDEBRANDO VIVANTI,all'intersezione con,VIALE BEATA VERGINE DEL CARMELO,VIALE BEATA VERGINE DEL CARMELO,,,Tamponamento,Intersezione stradale segnalata,Due carreggiate,Asciutto,Asfaltata,Verticale ed orizzontale,Sereno,Normale,Buona,Ore Diurne,0,0,0,5,12.4371,41.8069,-1,2,Autovettura privata,In marcia / fermata / arresto,Conducente,F,Illeso,0,,,Inesploso,,
3922481,4,17/07/2018 10:10:00,Statale entro l'abitato,VIA SALARIA,in prossimit�,,del civico n.,691,,Scontro laterale fra veicoli in marcia,Rettilineo,Due carreggiate,Asciutto,Asfaltata,Verticale ed orizzontale,Sereno,Normale,Buona,Ore Diurne,1,0,0,1,12.5055,41.9421,-1,1,Autovettura privata,In marcia / fermata / arresto,Conducente,F,Illeso,0,,Non accertato,,,
3922481,4,17/07/2018 10:10:00,Statale entro l'abitato,VIA SALARIA,in prossimit�,,del civico n.,691,,Scontro laterale fra veicoli in marcia,Rettilineo,Due carreggiate,Asciutto,Asfaltata,Verticale ed orizzontale,Sereno,Normale,Buona,Ore Diurne,1,0,0,1,12.5055,41.9421,-1,2,Motociclo a solo,In marcia / fermata / arresto,Conducente,M,Rimandato,0,NON DECEDUTO,Non accertato,,,
3922482,10,17/07/2018 19:18:00,Strada Urbana,VIA TARQUINIO COLLATINO,all'intersezione con,VIA CALPURNIO PISONE,VIA CALPURNIO PISONE,,,Scontro frontale/laterale SX fra veicoli in marcia,Intersezione stradale segnalata,Una carreggiata a senso unico di marcia,Asciutto,Asfaltata,Verticale ed orizzontale,Sereno,Normale,Buona,Ore Diurne,3,0,0,0,12.5645,41.8612,-1,1,Autovettura privata,In marcia / fermata / arresto,Conducente,F,Rimandato,0,NON DECEDUTO,Non accertato,Inesploso,,
3922482,10,17/07/2018 19:18:00,Strada Urbana,VIA TARQUINIO COLLATINO,all'intersezione con,VIA CALPURNIO PISONE,VIA CALPURNIO PISONE,,,Scontro frontale/laterale SX fra veicoli in marcia,Intersezione stradale segnalata,Una carreggiata a senso unico di marcia,Asciutto,Asfaltata,Verticale ed orizzontale,Sereno,Normale,Buona,Ore Diurne,3,0,0,0,12.5645,41.8612,-1,2,Autovettura privata,In marcia / fermata / arresto,Conducente,M,Rifiuta cure immediate,0,NON DECEDUTO,Non accertato,Inesploso,,
3922482,10,17/07/2018 19:18:00,Strada Urbana,VIA TARQUINIO COLLATINO,all'intersezione con,VIA CALPURNIO PISONE,VIA CALPURNIO PISONE,,,Scontro frontale/laterale SX fra veicoli in marcia,Intersezione stradale segnalata,Una carreggiata a senso unico di marcia,Asciutto,Asfaltata,Verticale ed orizzontale,Sereno,Normale,Buona,Ore Diurne,3,0,0,0,12.5645,41.8612,-1,2,Autovettura privata,In marcia / fermata / arresto,Passeggero,F,Rifiuta cure immediate,0,NON DECEDUTO,Non accertato,Inesploso,,
3922483,10,18/07/2018 07:00:00,Strada Urbana,VIA DI CIAMPINO,in corrispondenza,,del civico n.,70,,Scontro laterale fra veicoli in marcia,Rettilineo,Una carreggiata a doppio senso,Asciutto,Asfaltata,Assente,Sereno,Normale,Buona,Ore Diurne,0,0,0,2,12.5818,41.8104,-1,1,Autovettura privata,In marcia / fermata / arresto,Conducente,M,Illeso,0,,Non accertato,Inesploso,,
3922483,10,18/07/2018 07:00:00,Strada Urbana,VIA DI CIAMPINO,in corrispondenza,,del civico n.,70,,Scontro laterale fra veicoli in marcia,Rettilineo,Una carreggiata a doppio senso,Asciutto,Asfaltata,Assente,Sereno,Normale,Buona,Ore Diurne,0,0,0,2,12.5818,41.8104,-1,2,Motociclo a solo,In marcia / fermata / arresto,Conducente,M,Illeso,0,,Non accertato,,,
3922486,5,17/07/2018 06:50:00,Strada Urbana,VIA BELMONTE IN SABINA,all'intersezione con,VIA DI S. ALESSANDRO,VIA DI S. ALESSANDRO,,,Scontro frontale/laterale SX fra veicoli in marcia,Incrocio,Una carreggiata a doppio senso,Asciutto,Asfaltata,Verticale ed orizzontale,Sereno,Intenso,Buona,Ore Diurne,0,0,0,2,12.5985,41.9489,-1,1,Autovettura privata,In marcia / fermata / arresto,Conducente,M,Illeso,0,,Non accertato,Inesploso,,
3922486,5,17/07/2018 06:50:00,Strada Urbana,VIA BELMONTE IN SABINA,all'intersezione con,VIA DI S. ALESSANDRO,VIA DI S. ALESSANDRO,,,Scontro frontale/laterale SX fra veicoli in marcia,Incrocio,Una carreggiata a doppio senso,Asciutto,Asfaltata,Verticale ed orizzontale,Sereno,Intenso,Buona,Ore Diurne,0,0,0,2,12.5985,41.9489,-1,2,Autovettura privata,In marcia / fermata / arresto,Conducente,M,Illeso,0,,Non accertato,Inesploso,,
3922487,10,17/07/2018 18:45:00,Strada Urbana,VIA SANDRO PENNA,da specificare,,,,prossimit� via G. Censori,Scontro laterale fra veicoli in marcia,Rettilineo,Una carreggiata a doppio senso,Asciutto,Asfaltata,Verticale ed orizzontale,Sereno,Normale,Buona,Ore Diurne,0,0,0,3,12.6236,41.8418,-1,1,Autovettura privata,In marcia / fermata / arresto,Conducente,F,Illeso,0,,Non accertato,Inesploso,,
3922487,10,17/07/2018 18:45:00,Strada Urbana,VIA SANDRO PENNA,da specificare,,,,prossimit� via G. Censori,Scontro laterale fra veicoli in marcia,Rettilineo,Una carreggiata a doppio senso,Asciutto,Asfaltata,Verticale ed orizzontale,Sereno,Normale,Buona,Ore Diurne,0,0,0,3,12.6236,41.8418,-1,1,Autovettura privata,In marcia / fermata / arresto,Passeggero,F,Illeso,0,,Non accertato,Inesploso,,
3922487,10,17/07/2018 18:45:00,Strada Urbana,VIA SANDRO PENNA,da specificare,,,,prossimit� via G. Censori,Scontro laterale fra veicoli in marcia,Rettilineo,Una carreggiata a doppio senso,Asciutto,Asfaltata,Verticale ed orizzontale,Sereno,Normale,Buona,Ore Diurne,0,0,0,3,12.6236,41.8418,-1,2,Autovettura privata,In marcia / fermata / arresto,Conducente,M,Illeso,0,,Non accertato,Inesploso,,
3922494,5,17/07/2018 15:15:00,Strada Urbana,VIALE DEL TECNOPOLO,da specificare,,,,prossimit� via di Case Rosse dir. via Tiburtina,Scontro laterale fra veicoli in marcia,Rettilineo,Due carreggiate,Asciutto,Asfaltata,Verticale ed orizzontale,Sereno,Normale,Buona,Ore Diurne,0,0,0,3,12.6369,41.9274,-1,1,Autovettura privata,In marcia / fermata / arresto,Conducente,M,Illeso,0,,Non accertato,Inesploso,,
3922494,5,17/07/2018 15:15:00,Strada Urbana,VIALE DEL TECNOPOLO,da specificare,,,,prossimit� via di Case Rosse dir. via Tiburtina,Scontro laterale fra veicoli in marcia,Rettilineo,Due carreggiate,Asciutto,Asfaltata,Verticale ed orizzontale,Sereno,Normale,Buona,Ore Diurne,0,0,0,3,12.6369,41.9274,-1,2,Autocarro inferiore 35 q.,In marcia / fermata / arresto,Conducente,M,Illeso,0,,Non accertato,Inesploso,,
3922494,5,17/07/2018 15:15:00,Strada Urbana,VIALE DEL TECNOPOLO,da specificare,,,,prossimit� via di Case Rosse dir. via Tiburtina,Scontro laterale fra veicoli in marcia,Rettilineo,Due carreggiate,Asciutto,Asfaltata,Verticale ed orizzontale,Sereno,Normale,Buona,Ore Diurne,0,0,0,3,12.6369,41.9274,-1,2,Autocarro inferiore 35 q.,In marcia / fermata / arresto,Passeggero,M,Illeso,0,,Non accertato,Inesploso,,
3922496,5,17/07/2018 23:05:00,Strada Urbana,LARGO PRENESTE,all'intersezione con,VIA NICOLO' FORTEGUERRI,VIA NICOLO' FORTEGUERRI,,,Veicolo in marcia contro veicolo in sosta,Intersezione stradale segnalata,Due carreggiate,Asciutto,Asfaltata,Verticale ed orizzontale,Sereno,Scarso,Sufficiente,Sufficiente,0,0,0,1,12.5409,41.8918,-1,1,Vettura tranviaria,In marcia / fermata / arresto,Conducente,M,Illeso,0,,Esente,,,
3922497,18,17/07/2018 12:15:00,Strada Urbana,VIA DI TORREVECCHIA,in corrispondenza,,del civico n.,851,,Investimento di pedone,Rettilineo,Una carreggiata a doppio senso,Asciutto,Asfaltata,Verticale ed orizzontale,Sereno,Normale,Buona,Ore Diurne,1,0,0,0,12.4088,41.9171,-1,,,,Pedone,M,Rifiuta cure immediate,0,NON DECEDUTO,,,,
3922502,18,17/07/2018 12:15:00,Strada Urbana,VIA DI BOCCEA,in prossimit�,,del civico n.,60,,Veicolo in marcia contro veicoli in sosta,Rettilineo,Una carreggiata a doppio senso,Asciutto,Asfaltata,Verticale ed orizzontale,Sereno,Normale,Buona,Ore Diurne,0,0,0,1,12.4281,41.9006,-1,1,Autovettura privata,In marcia / fermata / arresto,Conducente,M,Illeso,0,,,,,
3922504,18,17/07/2018 16:05:00,Strada Urbana,VIA DI CASAL DEL MARMO,in prossimit�,,del civico n.,651,,Ribaltamento senza urto contro ostacolo fisso,Curva a visuale libera,Una carreggiata a doppio senso,Asciutto,Asfaltata,Verticale ed orizzontale,Sereno,Normale,Buona,Ore Diurne,1,0,0,0,12.3807,41.9237,-1,1,Motociclo a solo,In marcia / fermata / arresto,Conducente,M,Rimandato,0,NON DECEDUTO,Non accertato,,,
3922510,13,18/07/2018 01:00:00,Strada Urbana,VIA ARISTONICO D'ALESSANDRIA,in corrispondenza,,del civico n.,91,,Veicolo in marcia contro ostacolo fisso,Rettilineo,Una carreggiata a senso unico di marcia,Asciutto,Asfaltata,Verticale ed orizzontale,Sereno,Scarso,Sufficiente,Sufficiente,1,0,0,1,12.3617,41.7581,-1,1,Autovettura privata,In marcia / fermata / arresto,Conducente,M,Illeso,0,,Non accertato,Inesploso,,
3922510,13,18/07/2018 01:00:00,Strada Urbana,VIA ARISTONICO D'ALESSANDRIA,in corrispondenza,,del civico n.,91,,Veicolo in marcia contro ostacolo fisso,Rettilineo,Una carreggiata a senso unico di marcia,Asciutto,Asfaltata,Verticale ed orizzontale,Sereno,Scarso,Sufficiente,Sufficiente,1,0,0,1,12.3617,41.7581,-1,1,Autovettura privata,In marcia / fermata / arresto,Passeggero,F,Rimandato,0,NON DECEDUTO,Non accertato,Inesistente,,
3922511,18,17/07/2018 10:00:00,Strada Urbana,LARGO DI PORTA CAVALLEGGERI,da specificare,,,,ingresso galleria P.A.S.A.,Veicolo in marcia contro veicolo arresto,Rettilineo,Una carreggiata a doppio senso,Asciutto,Asfaltata,Verticale ed orizzontale,Sereno,Intenso,Buona,Ore Diurne,0,0,0,5,12.4566,41.9002,-1,1,Motociclo con passeggero,In marcia / fermata / arresto,Conducente,M,Illeso,0,,,,,
3922511,18,17/07/2018 10:00:00,Strada Urbana,LARGO DI PORTA CAVALLEGGERI,da specificare,,,,ingresso galleria P.A.S.A.,Veicolo in marcia contro veicolo arresto,Rettilineo,Una carreggiata a doppio senso,Asciutto,Asfaltata,Verticale ed orizzontale,Sereno,Intenso,Buona,Ore Diurne,0,0,0,5,12.4566,41.9002,-1,1,Motociclo con passeggero,In marcia / fermata / arresto,Passeggero,F,Illeso,0,,,,,
3922511,18,17/07/2018 10:00:00,Strada Urbana,LARGO DI PORTA CAVALLEGGERI,da specificare,,,,ingresso galleria P.A.S.A.,Veicolo in marcia contro veicolo arresto,Rettilineo,Una carreggiata a doppio senso,Asciutto,Asfaltata,Verticale ed orizzontale,Sereno,Intenso,Buona,Ore Diurne,0,0,0,5,12.4566,41.9002,-1,2,Autovettura privata,In marcia / fermata / arresto,Conducente,M,Illeso,0,,,,,
3922511,18,17/07/2018 10:00:00,Strada Urbana,LARGO DI PORTA CAVALLEGGERI,da specificare,,,,ingresso galleria P.A.S.A.,Veicolo in marcia contro veicolo arresto,Rettilineo,Una carreggiata a doppio senso,Asciutto,Asfaltata,Verticale ed orizzontale,Sereno,Intenso,Buona,Ore Diurne,0,0,0,5,12.4566,41.9002,-1,2,Autovettura privata,In marcia / fermata / arresto,Passeggero,F,Illeso,0,,,,,
3922511,18,17/07/2018 10:00:00,Strada Urbana,LARGO DI PORTA CAVALLEGGERI,da specificare,,,,ingresso galleria P.A.S.A.,Veicolo in marcia contro veicolo arresto,Rettilineo,Una carreggiata a doppio senso,Asciutto,Asfaltata,Verticale ed orizzontale,Sereno,Intenso,Buona,Ore Diurne,0,0,0,5,12.4566,41.9002,-1,2,Autovettura privata,In marcia / fermata / arresto,Passeggero,M,Illeso,0,,,,,
3922533,2,17/07/2018 19:38:00,Strada Urbana,VIA DI NOVELLA,in prossimit�,,del civico n.,fr. 22,,Scontro laterale fra veicoli in marcia,Rettilineo,Una carreggiata a doppio senso,Asciutto,Asfaltata,Verticale ed orizzontale,Sereno,Normale,Buona,Ore Diurne,0,0,0,1,12.5112,41.93,-1,1,Autocarro inferiore 35 q.,In marcia / fermata / arresto,Conducente,M,Illeso,0,,,,,
3922548,4,17/07/2018 11:50:00,Strada Urbana,VIALE PANTELLERIA,da specificare,,,,FRONTE VIA MONTE BIANCO,Scontro frontale/laterale SX fra veicoli in marcia,Curva a visuale libera,Due carreggiate,Asciutto,Asfaltata,Verticale ed orizzontale,Sereno,Normale,Buona,Ore Diurne,0,0,0,2,12.5291,41.9449,-1,1,Autovettura privata,In marcia / fermata / arresto,Conducente,M,Illeso,0,,Non accertato,,,
3922548,4,17/07/2018 11:50:00,Strada Urbana,VIALE PANTELLERIA,da specificare,,,,FRONTE VIA MONTE BIANCO,Scontro frontale/laterale SX fra veicoli in marcia,Curva a visuale libera,Due carreggiate,Asciutto,Asfaltata,Verticale ed orizzontale,Sereno,Normale,Buona,Ore Diurne,0,0,0,2,12.5291,41.9449,-1,2,Autocarro inferiore 35 q.,In marcia / fermata / arresto,Conducente,M,Illeso,0,,Non accertato,,,
3922549,5,18/07/2018 07:30:00,Strada Urbana,VIA DI SALONE,all'intersezione con,VIA CASTEL SAN PIETRO ROMANO,VIA CASTEL SAN PIETRO ROMANO,,,Scontro laterale fra veicoli in marcia,Incrocio,Una carreggiata a doppio senso,Asciutto,Asfaltata,Orizzontale,Sereno,Normale,Buona,Ore Diurne,1,0,0,1,12.6272,41.9304,-1,1,Autovettura privata,In marcia / fermata / arresto,Conducente,M,Illeso,0,,Non accertato,Inesploso,,
3922549,5,18/07/2018 07:30:00,Strada Urbana,VIA DI SALONE,all'intersezione con,VIA CASTEL SAN PIETRO ROMANO,VIA CASTEL SAN PIETRO ROMANO,,,Scontro laterale fra veicoli in marcia,Incrocio,Una carreggiata a doppio senso,Asciutto,Asfaltata,Orizzontale,Sereno,Normale,Buona,Ore Diurne,1,0,0,1,12.6272,41.9304,-1,2,Motociclo a solo,In marcia / fermata / arresto,Conducente,M,Rimandato,0,NON DECEDUTO,Non accertato,,,
3922561,12,15/07/2018 11:25:00,Strada Urbana,LUNGOMARE LUTAZIO CATULO,da specificare,,,,"FRONTE ""PALAFJLKAM"" DIR. VIA C. COLOMBO",Tamponamento,Rettilineo,Due carreggiate,Asciutto,Asfaltata,Verticale ed orizzontale,Sereno,Normale,Buona,Ore Diurne,1,0,0,7,12.3065,41.7178,-1,,,,Pedone,M,Illeso,0,,,,,
3922561,12,15/07/2018 11:25:00,Strada Urbana,LUNGOMARE LUTAZIO CATULO,da specificare,,,,"FRONTE ""PALAFJLKAM"" DIR. VIA C. COLOMBO",Tamponamento,Rettilineo,Due carreggiate,Asciutto,Asfaltata,Verticale ed orizzontale,Sereno,Normale,Buona,Ore Diurne,1,0,0,7,12.3065,41.7178,-1,,,,Pedone,F,Illeso,0,,,,,
3922561,12,15/07/2018 11:25:00,Strada Urbana,LUNGOMARE LUTAZIO CATULO,da specificare,,,,"FRONTE ""PALAFJLKAM"" DIR. VIA C. COLOMBO",Tamponamento,Rettilineo,Due carreggiate,Asciutto,Asfaltata,Verticale ed orizzontale,Sereno,Normale,Buona,Ore Diurne,1,0,0,7,12.3065,41.7178,-1,1,Autovettura privata,In marcia / fermata / arresto,Conducente,F,Illeso,0,,Utilizzato,Inesploso,,
3922561,12,15/07/2018 11:25:00,Strada Urbana,LUNGOMARE LUTAZIO CATULO,da specificare,,,,"FRONTE ""PALAFJLKAM"" DIR. VIA C. COLOMBO",Tamponamento,Rettilineo,Due carreggiate,Asciutto,Asfaltata,Verticale ed orizzontale,Sereno,Normale,Buona,Ore Diurne,1,0,0,7,12.3065,41.7178,-1,1,Autovettura privata,In marcia / fermata / arresto,Passeggero,F,Illeso,0,,Utilizzato,Inesploso,,
3922561,12,15/07/2018 11:25:00,Strada Urbana,LUNGOMARE LUTAZIO CATULO,da specificare,,,,"FRONTE ""PALAFJLKAM"" DIR. VIA C. COLOMBO",Tamponamento,Rettilineo,Due carreggiate,Asciutto,Asfaltata,Verticale ed orizzontale,Sereno,Normale,Buona,Ore Diurne,1,0,0,7,12.3065,41.7178,-1,1,Autovettura privata,In marcia / fermata / arresto,Passeggero,F,Illeso,0,,Utilizzato,Inesploso,,
3922561,12,15/07/2018 11:25:00,Strada Urbana,LUNGOMARE LUTAZIO CATULO,da specificare,,,,"FRONTE ""PALAFJLKAM"" DIR. VIA C. COLOMBO",Tamponamento,Rettilineo,Due carreggiate,Asciutto,Asfaltata,Verticale ed orizzontale,Sereno,Normale,Buona,Ore Diurne,1,0,0,7,12.3065,41.7178,-1,1,Autovettura privata,In marcia / fermata / arresto,Passeggero,M,Illeso,0,,Utilizzato,Inesploso,,
3922561,12,15/07/2018 11:25:00,Strada Urbana,LUNGOMARE LUTAZIO CATULO,da specificare,,,,"FRONTE ""PALAFJLKAM"" DIR. VIA C. COLOMBO",Tamponamento,Rettilineo,Due carreggiate,Asciutto,Asfaltata,Verticale ed orizzontale,Sereno,Normale,Buona,Ore Diurne,1,0,0,7,12.3065,41.7178,-1,2,Autovettura di polizia,In marcia / fermata / arresto,Conducente,F,Rimandato,0,NON DECEDUTO,,,,
3922561,12,15/07/2018 11:25:00,Strada Urbana,LUNGOMARE LUTAZIO CATULO,da specificare,,,,"FRONTE ""PALAFJLKAM"" DIR. VIA C. COLOMBO",Tamponamento,Rettilineo,Due carreggiate,Asciutto,Asfaltata,Verticale ed orizzontale,Sereno,Normale,Buona,Ore Diurne,1,0,0,7,12.3065,41.7178,-1,2,Autovettura di polizia,In marcia / fermata / arresto,Passeggero,M,Illeso,0,,,,,
3922574,4,18/07/2018 01:15:00,Strada Urbana,PIAZZALE JONIO,all'intersezione semaforizzata con,VIA DI VALLE MELAINA,VIA DI VALLE MELAINA,,,Scontro laterale fra veicoli in marcia,Rotatoria,Due carreggiate,Asciutto,Asfaltata,Verticale ed orizzontale,Sereno,Scarso,Sufficiente,Sufficiente,0,0,0,4,12.5256,41.946,-1,1,Autovettura privata,In marcia / fermata / arresto,Conducente,F,Illeso,0,,Non accertato,Esploso,,
3922574,4,18/07/2018 01:15:00,Strada Urbana,PIAZZALE JONIO,all'intersezione semaforizzata con,VIA DI VALLE MELAINA,VIA DI VALLE MELAINA,,,Scontro laterale fra veicoli in marcia,Rotatoria,Due carreggiate,Asciutto,Asfaltata,Verticale ed orizzontale,Sereno,Scarso,Sufficiente,Sufficiente,0,0,0,4,12.5256,41.946,-1,2,Autovettura privata,In marcia / fermata / arresto,Conducente,M,Illeso,0,,Non accertato,,,
3922574,4,18/07/2018 01:15:00,Strada Urbana,PIAZZALE JONIO,all'intersezione semaforizzata con,VIA DI VALLE MELAINA,VIA DI VALLE MELAINA,,,Scontro laterale fra veicoli in marcia,Rotatoria,Due carreggiate,Asciutto,Asfaltata,Verticale ed orizzontale,Sereno,Scarso,Sufficiente,Sufficiente,0,0,0,4,12.5256,41.946,-1,2,Autovettura privata,In marcia / fermata / arresto,Passeggero,F,Illeso,0,,Non accertato,,,