Protocollo,Gruppo,DataOraIncidente,Localizzazione1,STRADA1,Localizzazione2,STRADA2,Strada02,Chilometrica,DaSpecificare,NaturaIncidente,particolaritastrade,TipoStrada,FondoStradale,Pavimentazione,Segnaletica,CondizioneAtmosferica,Traffico,Visibilita,Illuminazione,NUM_FERITI,NUM_RISERVATA,NUM_MORTI,NUM_ILLESI,Longitudine,Latitudine,Confermato,Progressivo,TipoVeicolo,StatoVeicolo,TipoPersona,Sesso,Tipolesione,Deceduto,DecedutoDopo,CinturaCascoUtilizzato,Airbag,,
3922583,12,16/07/2018 18:50:00,Strada Urbana,VIA DI MEZZOCAMMINO,all'intersezione semaforizzata con,VIA ASCANIO VITOZZI,VIA ASCANIO VITOZZI,,,Scontro laterale fra veicoli in marcia,Intersezione semaforizzata,Una carreggiata a doppio senso,Asciutto,Asfaltata,Verticale ed orizzontale,Nuvoloso,Intenso,Sufficiente,Ore Diurne,0,0,0,3,12.4331,41.7861,-1,1,Autovettura privata,In marcia / fermata / arresto,Conducente,F,Illeso,0,,,,,
3922583,12,16/07/2018 18:50:00,Strada Urbana,VIA DI MEZZOCAMMINO,all'intersezione semaforizzata con,VIA ASCANIO VITOZZI,VIA ASCANIO VITOZZI,,,Scontro laterale fra veicoli in marcia,Intersezione semaforizzata,Una carreggiata a doppio senso,Asciutto,Asfaltata,Verticale ed orizzontale,Nuvoloso,Intenso,Sufficiente,Ore Diurne,0,0,0,3,12.4331,41.7861,-1,2,Autovettura privata,In marcia / fermata / arresto,Conducente,M,Illeso,0,,,,,
3922583,12,16/07/2018 18:50:00,Strada Urbana,VIA DI MEZZOCAMMINO,all'intersezione semaforizzata con,VIA ASCANIO VITOZZI,VIA ASCANIO VITOZZI,,,Scontro laterale fra veicoli in marcia,Intersezione semaforizzata,Una carreggiata a doppio senso,Asciutto,Asfaltata,Verticale ed orizzontale,Nuvoloso,Intenso,Sufficiente,Ore Diurne,0,0,0,3,12.4331,41.7861,-1,2,Autovettura privata,In marcia / fermata / arresto,Passeggero,F,Illeso,0,,,,,
3922586,17,15/07/2018 05:00:00,Strada Urbana,VIA CIPRO,da specificare,,,,in prossimit� di vai della Meloria,Investimento di pedone,Curva a visuale libera,Due carreggiate,Asciutto,Asfaltata,Verticale ed orizzontale,Sereno,Scarso,Buona,Sufficiente,2,0,0,4,12.4467,41.9071,-1,,,,Pedone,M,Ricoverato,0,NON DECEDUTO,,,,
3922586,17,15/07/2018 05:00:00,Strada Urbana,VIA CIPRO,da specificare,,,,in prossimit� di vai della Meloria,Investimento di pedone,Curva a visuale libera,Due carreggiate,Asciutto,Asfaltata,Verticale ed orizzontale,Sereno,Scarso,Buona,Sufficiente,2,0,0,4,12.4467,41.9071,-1,,,,Pedone,M,Ricoverato,0,NON DECEDUTO,,,,
3922586,17,15/07/2018 05:00:00,Strada Urbana,VIA CIPRO,da specificare,,,,in prossimit� di vai della Meloria,Investimento di pedone,Curva a visuale libera,Due carreggiate,Asciutto,Asfaltata,Verticale ed orizzontale,Sereno,Scarso,Buona,Sufficiente,2,0,0,4,12.4467,41.9071,-1,1,Autovettura privata,In marcia / fermata / arresto,Conducente,M,Illeso,0,,,,,
3922586,17,15/07/2018 05:00:00,Strada Urbana,VIA CIPRO,da specificare,,,,in prossimit� di vai della Meloria,Investimento di pedone,Curva a visuale libera,Due carreggiate,Asciutto,Asfaltata,Verticale ed orizzontale,Sereno,Scarso,Buona,Sufficiente,2,0,0,4,12.4467,41.9071,-1,1,Autovettura privata,In marcia / fermata / arresto,Passeggero,F,Illeso,0,,,,,
3922586,17,15/07/2018 05:00:00,Strada Urbana,VIA CIPRO,da specificare,,,,in prossimit� di vai della Meloria,Investimento di pedone,Curva a visuale libera,Due carreggiate,Asciutto,Asfaltata,Verticale ed orizzontale,Sereno,Scarso,Buona,Sufficiente,2,0,0,4,12.4467,41.9071,-1,1,Autovettura privata,In marcia / fermata / arresto,Passeggero,M,Illeso,0,,,,,
3922586,17,15/07/2018 05:00:00,Strada Urbana,VIA CIPRO,da specificare,,,,in prossimit� di vai della Meloria,Investimento di pedone,Curva a visuale libera,Due carreggiate,Asciutto,Asfaltata,Verticale ed orizzontale,Sereno,Scarso,Buona,Sufficiente,2,0,0,4,12.4467,41.9071,-1,1,Autovettura privata,In marcia / fermata / arresto,Passeggero,F,Illeso,0,,,,,
3922648,5,17/07/2018 10:00:00,Strada Urbana,VIA DI PORTONACCIO,all'intersezione con,VIA CASTELGUIDONE,VIA CASTELGUIDONE,,,Scontro frontale/laterale DX fra veicoli in marcia,Incrocio,Due carreggiate,Asciutto,Asfaltata,Verticale ed orizzontale,Sereno,Normale,Buona,Ore Diurne,0,0,1,1,12.5386,41.8986,-1,1,Autoarticolato,In marcia / fermata / arresto,Conducente,M,Illeso,0,,Non accertato,,,
3922648,5,17/07/2018 10:00:00,Strada Urbana,VIA DI PORTONACCIO,all'intersezione con,VIA CASTELGUIDONE,VIA CASTELGUIDONE,,,Scontro frontale/laterale DX fra veicoli in marcia,Incrocio,Due carreggiate,Asciutto,Asfaltata,Verticale ed orizzontale,Sereno,Normale,Buona,Ore Diurne,0,0,1,1,12.5386,41.8986,-1,2,Velocipede,In marcia / fermata / arresto,Conducente,F,Prognosi riservata,0,DECEDUTO ENTRO 1 MESE,Esente,,,
3922700,5,18/07/2018 08:00:00,Strada Urbana,VIA DI MARCO SIMONE,da specificare,,,,all'intersezione con SS 48,Scontro frontale/laterale DX fra veicoli in marcia,Rotatoria,Due carreggiate,Asciutto,Asfaltata,Verticale ed orizzontale,Sereno,Normale,Buona,Ore Diurne,0,0,0,2,12.6458,41.9471,-1,1,Autovettura privata,In marcia / fermata / arresto,Conducente,M,Illeso,0,,Non accertato,Inesploso,,
3922700,5,18/07/2018 08:00:00,Strada Urbana,VIA DI MARCO SIMONE,da specificare,,,,all'intersezione con SS 48,Scontro frontale/laterale DX fra veicoli in marcia,Rotatoria,Due carreggiate,Asciutto,Asfaltata,Verticale ed orizzontale,Sereno,Normale,Buona,Ore Diurne,0,0,0,2,12.6458,41.9471,-1,2,Autovettura privata,In marcia / fermata / arresto,Conducente,M,Illeso,0,,Non accertato,Inesploso,,
3922723,17,17/07/2018 11:30:00,Strada Urbana,VIA LEONE IV,all'intersezione con,VIA DEGLI SCIPIONI,VIA DEGLI SCIPIONI,,,Scontro laterale fra veicoli in marcia,Incrocio,Una carreggiata a doppio senso,Asciutto,Asfaltata,Verticale ed orizzontale,Sereno,Normale,Buona,Ore Diurne,0,0,0,2,12.4554,41.9084,0,1,Autovettura privata,In marcia / fermata / arresto,Conducente,M,Illeso,0,,,,,
3922723,17,17/07/2018 11:30:00,Strada Urbana,VIA LEONE IV,all'intersezione con,VIA DEGLI SCIPIONI,VIA DEGLI SCIPIONI,,,Scontro laterale fra veicoli in marcia,Incrocio,Una carreggiata a doppio senso,Asciutto,Asfaltata,Verticale ed orizzontale,Sereno,Normale,Buona,Ore Diurne,0,0,0,2,12.4554,41.9084,0,2,Motociclo a solo,In marcia / fermata / arresto,Conducente,M,Illeso,0,,,,,
3922752,15,17/07/2018 11:00:00,Strada Urbana,VIA DEL TRULLO,all'intersezione semaforizzata con,VIA DEL MONTE DELLE CAPRE,VIA DEL MONTE DELLE CAPRE,,,Scontro frontale fra veicoli in marcia,Incrocio,Una carreggiata a doppio senso,Asciutto,Asfaltata,Verticale ed orizzontale,Sereno,Intenso,Buona,Ore Diurne,2,0,0,0,12.4368,41.843,-1,2,Autovettura di polizia,In marcia / fermata / arresto,Conducente,M,Rimandato,0,NON DECEDUTO,Non accertato,,,
3922752,15,17/07/2018 11:00:00,Strada Urbana,VIA DEL TRULLO,all'intersezione semaforizzata con,VIA DEL MONTE DELLE CAPRE,VIA DEL MONTE DELLE CAPRE,,,Scontro frontale fra veicoli in marcia,Incrocio,Una carreggiata a doppio senso,Asciutto,Asfaltata,Verticale ed orizzontale,Sereno,Intenso,Buona,Ore Diurne,2,0,0,0,12.4368,41.843,-1,2,Autovettura di polizia,In marcia / fermata / arresto,Passeggero,M,Rimandato,0,NON DECEDUTO,Non accertato,,,
3922772,17,17/07/2018 07:50:00,Strada Urbana,VIALE ANGELICO,all'intersezione semaforizzata con,VIALE GIUSEPPE MAZZINI,VIALE GIUSEPPE MAZZINI,,,Scontro laterale fra veicoli in marcia,Intersezione semaforizzata,Pi� di due carreggiate,Bagnato (pioggia),Asfaltata,Verticale ed orizzontale,Sereno,Normale,Buona,Ore Diurne,0,0,0,3,12.4583,41.9174,-1,1,Autocarro inferiore 35 q.,In marcia / fermata / arresto,Conducente,M,Illeso,0,,,,,
3922772,17,17/07/2018 07:50:00,Strada Urbana,VIALE ANGELICO,all'intersezione semaforizzata con,VIALE GIUSEPPE MAZZINI,VIALE GIUSEPPE MAZZINI,,,Scontro laterale fra veicoli in marcia,Intersezione semaforizzata,Pi� di due carreggiate,Bagnato (pioggia),Asfaltata,Verticale ed orizzontale,Sereno,Normale,Buona,Ore Diurne,0,0,0,3,12.4583,41.9174,-1,1,Autocarro inferiore 35 q.,In marcia / fermata / arresto,Passeggero,M,Illeso,0,,,,,
3922772,17,17/07/2018 07:50:00,Strada Urbana,VIALE ANGELICO,all'intersezione semaforizzata con,VIALE GIUSEPPE MAZZINI,VIALE GIUSEPPE MAZZINI,,,Scontro laterale fra veicoli in marcia,Intersezione semaforizzata,Pi� di due carreggiate,Bagnato (pioggia),Asfaltata,Verticale ed orizzontale,Sereno,Normale,Buona,Ore Diurne,0,0,0,3,12.4583,41.9174,-1,2,Autovettura privata,In marcia / fermata / arresto,Conducente,M,Illeso,0,,,,,
3922827,2,06/07/2018 20:10:00,Strada Urbana,CIRCONVALLAZIONE NOMENTANA,da specificare,,,,dir. S.Giovanni prima dello svincolo  Tiburtina,Tamponamento Multiplo,Rettilineo,Due carreggiate,Asciutto,Asfaltata,Verticale ed orizzontale,Sereno,Normale,Buona,Ore Diurne,0,0,0,4,12.5208,41.9345,-1,1,Motociclo a solo,In marcia / fermata / arresto,Conducente,F,Illeso,0,,Non accertato,,,
3922827,2,06/07/2018 20:10:00,Strada Urbana,CIRCONVALLAZIONE NOMENTANA,da specificare,,,,dir. S.Giovanni prima dello svincolo  Tiburtina,Tamponamento Multiplo,Rettilineo,Due carreggiate,Asciutto,Asfaltata,Verticale ed orizzontale,Sereno,Normale,Buona,Ore Diurne,0,0,0,4,12.5208,41.9345,-1,2,Autovettura privata,In marcia / fermata / arresto,Conducente,M,Illeso,0,,Non accertato,Inesploso,,
3922827,2,06/07/2018 20:10:00,Strada Urbana,CIRCONVALLAZIONE NOMENTANA,da specificare,,,,dir. S.Giovanni prima dello svincolo  Tiburtina,Tamponamento Multiplo,Rettilineo,Due carreggiate,Asciutto,Asfaltata,Verticale ed orizzontale,Sereno,Normale,Buona,Ore Diurne,0,0,0,4,12.5208,41.9345,-1,3,Autovettura privata,In marcia / fermata / arresto,Conducente,M,Illeso,0,,Non accertato,Inesploso,,
3922827,2,06/07/2018 20:10:00,Strada Urbana,CIRCONVALLAZIONE NOMENTANA,da specificare,,,,dir. S.Giovanni prima dello svincolo  Tiburtina,Tamponamento Multiplo,Rettilineo,Due carreggiate,Asciutto,Asfaltata,Verticale ed orizzontale,Sereno,Normale,Buona,Ore Diurne,0,0,0,4,12.5208,41.9345,-1,3,Autovettura privata,In marcia / fermata / arresto,Passeggero,F,Illeso,0,,Non accertato,Inesploso,,
3922830,19,18/07/2018 08:45:00,Strada Urbana,VIA TRIONFALE,in prossimit�,,del civico n.,7110,,Infortunio per sola frenata improvvisa,Rettilineo,Una carreggiata a doppio senso,Asciutto,Asfaltata,Orizzontale,Sereno,Normale,Buona,Ore Diurne,1,0,0,0,12.4385,41.9353,-1,1,Motociclo a solo,In marcia / fermata / arresto,Conducente,M,Rimandato,0,NON DECEDUTO,Non accertato,,,
3922847,19,18/07/2018 10:15:00,Strada Urbana,VIA DEL PODERE FIUME,in prossimit�,,del civico n.,59,,Investimento di pedone,Rettilineo,Una carreggiata a doppio senso,Asciutto,Asfaltata,Assente,Sereno,Intenso,Buona,Ore Diurne,1,0,0,2,12.4022,41.9253,-1,,,,Pedone,F,Rimandato,0,NON DECEDUTO,,,,
3922847,19,18/07/2018 10:15:00,Strada Urbana,VIA DEL PODERE FIUME,in prossimit�,,del civico n.,59,,Investimento di pedone,Rettilineo,Una carreggiata a doppio senso,Asciutto,Asfaltata,Assente,Sereno,Intenso,Buona,Ore Diurne,1,0,0,2,12.4022,41.9253,-1,1,Motociclo con passeggero,In marcia / fermata / arresto,Conducente,M,Illeso,0,,Non accertato,,,
3922847,19,18/07/2018 10:15:00,Strada Urbana,VIA DEL PODERE FIUME,in prossimit�,,del civico n.,59,,Investimento di pedone,Rettilineo,Una carreggiata a doppio senso,Asciutto,Asfaltata,Assente,Sereno,Intenso,Buona,Ore Diurne,1,0,0,2,12.4022,41.9253,-1,1,Motociclo con passeggero,In marcia / fermata / arresto,Passeggero,F,Illeso,0,,Non accertato,,,
3922853,12,18/07/2018 10:40:00,Strada Urbana,VIA CRISTOFORO COLOMBO,all'intersezione con,VIA RICCARDO BOSCHIERO,VIA RICCARDO BOSCHIERO,,,Tamponamento,Incrocio,Due carreggiate,Asciutto,Strada pavimentata dissestata,Verticale ed orizzontale,Sereno,Scarso,Buona,Ore Diurne,1,0,0,3,12.443,41.8005,-1,1,Autovettura privata,In marcia / fermata / arresto,Conducente,F,Illeso,0,,Non accertato,Inesploso,,
3922853,12,18/07/2018 10:40:00,Strada Urbana,VIA CRISTOFORO COLOMBO,all'intersezione con,VIA RICCARDO BOSCHIERO,VIA RICCARDO BOSCHIERO,,,Tamponamento,Incrocio,Due carreggiate,Asciutto,Strada pavimentata dissestata,Verticale ed orizzontale,Sereno,Scarso,Buona,Ore Diurne,1,0,0,3,12.443,41.8005,-1,1,Autovettura privata,In marcia / fermata / arresto,Passeggero,F,Illeso,0,,Non accertato,Inesploso,,
3922853,12,18/07/2018 10:40:00,Strada Urbana,VIA CRISTOFORO COLOMBO,all'intersezione con,VIA RICCARDO BOSCHIERO,VIA RICCARDO BOSCHIERO,,,Tamponamento,Incrocio,Due carreggiate,Asciutto,Strada pavimentata dissestata,Verticale ed orizzontale,Sereno,Scarso,Buona,Ore Diurne,1,0,0,3,12.443,41.8005,-1,1,Autovettura privata,In marcia / fermata / arresto,Passeggero,F,Illeso,0,,Non accertato,Inesploso,,
3922853,12,18/07/2018 10:40:00,Strada Urbana,VIA CRISTOFORO COLOMBO,all'intersezione con,VIA RICCARDO BOSCHIERO,VIA RICCARDO BOSCHIERO,,,Tamponamento,Incrocio,Due carreggiate,Asciutto,Strada pavimentata dissestata,Verticale ed orizzontale,Sereno,Scarso,Buona,Ore Diurne,1,0,0,3,12.443,41.8005,-1,2,Motociclo a solo,In marcia / fermata / arresto,Conducente,M,Rimandato,0,NON DECEDUTO,Non accertato,,,
3922859,9,18/07/2018 10:45:00,Strada Urbana,PIAZZA DI PONTE LUNGO,all'intersezione semaforizzata con,VIA GELA,VIA GELA,,,Scontro laterale fra veicoli in marcia,Intersezione semaforizzata,Pi� di due carreggiate,Asciutto,Asfaltata,Verticale ed orizzontale,Sereno,Normale,Buona,Ore Diurne,0,0,0,3,12.5187,41.8777,-1,1,Autovettura privata,In marcia / fermata / arresto,Conducente,F,Illeso,0,,Utilizzato,Inesploso,,
3922859,9,18/07/2018 10:45:00,Strada Urbana,PIAZZA DI PONTE LUNGO,all'intersezione semaforizzata con,VIA GELA,VIA GELA,,,Scontro laterale fra veicoli in marcia,Intersezione semaforizzata,Pi� di due carreggiate,Asciutto,Asfaltata,Verticale ed orizzontale,Sereno,Normale,Buona,Ore Diurne,0,0,0,3,12.5187,41.8777,-1,2,Autovettura privata,In marcia / fermata / arresto,Conducente,F,Illeso,0,,Utilizzato,Inesploso,,
3922859,9,18/07/2018 10:45:00,Strada Urbana,PIAZZA DI PONTE LUNGO,all'intersezione semaforizzata con,VIA GELA,VIA GELA,,,Scontro laterale fra veicoli in marcia,Intersezione semaforizzata,Pi� di due carreggiate,Asciutto,Asfaltata,Verticale ed orizzontale,Sereno,Normale,Buona,Ore Diurne,0,0,0,3,12.5187,41.8777,-1,2,Autovettura privata,In marcia / fermata / arresto,Passeggero,F,Illeso,0,,Utilizzato,Inesploso,,
3922865,17,18/07/2018 07:20:00,Strada Urbana,VIALE ANGELICO,all'intersezione semaforizzata con,VIALE GIUSEPPE MAZZINI,VIALE GIUSEPPE MAZZINI,,,Scontro laterale fra veicoli in marcia,Incrocio,Pi� di due carreggiate,Asciutto,Asfaltata,Verticale ed orizzontale,Sereno,Normale,Buona,Ore Diurne,0,0,0,3,12.4583,41.9152,-1,1,Autovettura privata,In marcia / fermata / arresto,Conducente,M,Illeso,0,,Non accertato,Inesploso,,
3922865,17,18/07/2018 07:20:00,Strada Urbana,VIALE ANGELICO,all'intersezione semaforizzata con,VIALE GIUSEPPE MAZZINI,VIALE GIUSEPPE MAZZINI,,,Scontro laterale fra veicoli in marcia,Incrocio,Pi� di due carreggiate,Asciutto,Asfaltata,Verticale ed orizzontale,Sereno,Normale,Buona,Ore Diurne,0,0,0,3,12.4583,41.9152,-1,2,Autocarro inferiore 35 q.,In marcia / fermata / arresto,Conducente,F,Illeso,0,,Non accertato,Inesploso,,
3922865,17,18/07/2018 07:20:00,Strada Urbana,VIALE ANGELICO,all'intersezione semaforizzata con,VIALE GIUSEPPE MAZZINI,VIALE GIUSEPPE MAZZINI,,,Scontro laterale fra veicoli in marcia,Incrocio,Pi� di due carreggiate,Asciutto,Asfaltata,Verticale ed orizzontale,Sereno,Normale,Buona,Ore Diurne,0,0,0,3,12.4583,41.9152,-1,2,Autocarro inferiore 35 q.,In marcia / fermata / arresto,Passeggero,M,Illeso,0,,Non accertato,Inesploso,,
3922889,2,17/07/2018 08:30:00,Strada Urbana,VIA BISAGNO,in prossimit�,,del civico n.,32,,Veicolo in marcia contro ostacolo fisso,Rettilineo,Una carreggiata a senso unico di marcia,Asciutto,Asfaltata,Verticale ed orizzontale,Sereno,Normale,Buona,Ore Diurne,0,0,0,1,12.5112,41.9236,-1,1,Motociclo a solo,In marcia / fermata / arresto,Conducente,M,Illeso,0,,,,,
3922896,2,17/07/2018 18:30:00,Strada Urbana,VIA FLAMINIA,in prossimit�,,del civico n.,964,,Veicolo in marcia contro veicoli in sosta,Rettilineo,Una carreggiata a doppio senso,Asciutto,Asfaltata,Orizzontale,Sereno,Normale,Buona,Ore Diurne,0,0,0,2,12.4858,41.96,-1,1,Autovettura privata,In marcia / fermata / arresto,Conducente,F,Illeso,0,,Non accertato,Inesploso,,
3922896,2,17/07/2018 18:30:00,Strada Urbana,VIA FLAMINIA,in prossimit�,,del civico n.,964,,Veicolo in marcia contro veicoli in sosta,Rettilineo,Una carreggiata a doppio senso,Asciutto,Asfaltata,Orizzontale,Sereno,Normale,Buona,Ore Diurne,0,0,0,2,12.4858,41.96,-1,1,Autovettura privata,In marcia / fermata / arresto,Passeggero,M,Illeso,0,,Non accertato,,,
3922905,2,17/07/2018 06:40:00,Strada Urbana,VIA PO,all'intersezione semaforizzata con,VIA TEVERE,VIA TEVERE,,,Scontro laterale fra veicoli in marcia,Intersezione semaforizzata,Una carreggiata a doppio senso,Bagnato (umidit� in atto),Asfaltata,Verticale ed orizzontale,Sereno,Normale,Buona,Ore Diurne,0,0,0,2,12.4955,41.9147,-1,1,Autovettura privata,In marcia / fermata / arresto,Conducente,M,Illeso,0,,,,,
3922905,2,17/07/2018 06:40:00,Strada Urbana,VIA PO,all'intersezione semaforizzata con,VIA TEVERE,VIA TEVERE,,,Scontro laterale fra veicoli in marcia,Intersezione semaforizzata,Una carreggiata a doppio senso,Bagnato (umidit� in atto),Asfaltata,Verticale ed orizzontale,Sereno,Normale,Buona,Ore Diurne,0,0,0,2,12.4955,41.9147,-1,2,Autovettura privata,In marcia / fermata / arresto,Conducente,F,Illeso,0,,,,,
3922920,17,17/07/2018 12:45:00,Strada Urbana,PIAZZA DEI PRATI DEGLI STROZZI,all'intersezione con,VIA GIUSEPPE PALUMBO,VIA GIUSEPPE PALUMBO,,,Scontro laterale fra veicoli in marcia,Incrocio,Una carreggiata a senso unico di marcia,Asciutto,Asfaltata,Verticale ed orizzontale,Sereno,Scarso,Buona,Ore Diurne,1,0,0,1,12.4556,41.9151,-1,1,Autovettura privata,In marcia / fermata / arresto,Conducente,F,Illeso,0,,,,,
3922920,17,17/07/2018 12:45:00,Strada Urbana,PIAZZA DEI PRATI DEGLI STROZZI,all'intersezione con,VIA GIUSEPPE PALUMBO,VIA GIUSEPPE PALUMBO,,,Scontro laterale fra veicoli in marcia,Incrocio,Una carreggiata a senso unico di marcia,Asciutto,Asfaltata,Verticale ed orizzontale,Sereno,Scarso,Buona,Ore Diurne,1,0,0,1,12.4556,41.9151,-1,2,Motociclo a solo,In marcia / fermata / arresto,Conducente,F,Rimandato,0,NON DECEDUTO,,,,
3922923,17,18/07/2018 10:05:00,Strada Urbana,PIAZZA CAVOUR,all'intersezione semaforizzata con,VIA CICERONE,VIA CICERONE,,,Scontro laterale fra veicoli in marcia,Incrocio,Una carreggiata a doppio senso,Asciutto,In cubetti di porfido,Verticale ed orizzontale,Sereno,Normale,Buona,Ore Diurne,1,0,0,1,12.47,41.905,-1,1,Autovettura privata,In marcia / fermata / arresto,Conducente,M,Illeso,0,,,,,
3922923,17,18/07/2018 10:05:00,Strada Urbana,PIAZZA CAVOUR,all'intersezione semaforizzata con,VIA CICERONE,VIA CICERONE,,,Scontro laterale fra veicoli in marcia,Incrocio,Una carreggiata a doppio senso,Asciutto,In cubetti di porfido,Verticale ed orizzontale,Sereno,Normale,Buona,Ore Diurne,1,0,0,1,12.47,41.905,-1,2,Motociclo a solo,In marcia / fermata / arresto,Conducente,M,Rimandato,0,NON DECEDUTO,Non accertato,,,
3922988,17,17/07/2018 22:50:00,Strada Urbana,VIA CRESCENZIO,all'intersezione con,VIA VARRONE,VIA VARRONE,,,Scontro frontale/laterale DX fra veicoli in marcia,Incrocio,Una carreggiata a doppio senso,Asciutto,In cubetti di porfido,Verticale ed orizzontale,Sereno,Normale,Buona,Sufficiente,0,0,0,3,12.4636,41.9057,-1,1,Autovettura privata,In marcia / fermata / arresto,Conducente,F,Illeso,0,,,,,
3922988,17,17/07/2018 22:50:00,Strada Urbana,VIA CRESCENZIO,all'intersezione con,VIA VARRONE,VIA VARRONE,,,Scontro frontale/laterale DX fra veicoli in marcia,Incrocio,Una carreggiata a doppio senso,Asciutto,In cubetti di porfido,Verticale ed orizzontale,Sereno,Normale,Buona,Sufficiente,0,0,0,3,12.4636,41.9057,-1,2,Autovettura privata,In marcia / fermata / arresto,Conducente,M,Illeso,0,,,,,
3922988,17,17/07/2018 22:50:00,Strada Urbana,VIA CRESCENZIO,all'intersezione con,VIA VARRONE,VIA VARRONE,,,Scontro frontale/laterale DX fra veicoli in marcia,Incrocio,Una carreggiata a doppio senso,Asciutto,In cubetti di porfido,Verticale ed orizzontale,Sereno,Normale,Buona,Sufficiente,0,0,0,3,12.4636,41.9057,-1,3,Autovettura privata,In marcia / fermata / arresto,Conducente,M,Illeso,0,,,,,
3923021,12,16/07/2018 07:00:00,Provinciale,VIA LAURENTINA,all'intersezione con,VIA DEI CASTELLI ROMANI,VIA DEI CASTELLI ROMANI,,,Ribaltamento senza urto contro ostacolo fisso,Rotatoria,Una carreggiata a senso unico di marcia,Asciutto,Asfaltata,Verticale ed orizzontale,Nuvoloso,Scarso,Buona,Ore Diurne,0,0,0,1,12.5232,41.6949,-1,1,Autoarticolato,In marcia / fermata / arresto,Conducente,M,Illeso,0,,Non accertato,Inesploso,,
3923101,7,18/07/2018 12:50:00,Strada Urbana,VIA DELLE ROBINIE,all'intersezione con,VIA TOR DE' SCHIAVI,VIA TOR DE' SCHIAVI,,,Scontro laterale fra veicoli in marcia,Incrocio,Una carreggiata a doppio senso,Asciutto,Asfaltata,Verticale ed orizzontale,Sereno,Scarso,Buona,Ore Diurne,0,0,0,3,12.5632,41.8828,-1,1,Autovettura privata,In marcia / fermata / arresto,Conducente,M,Illeso,0,,,,,
3923101,7,18/07/2018 12:50:00,Strada Urbana,VIA DELLE ROBINIE,all'intersezione con,VIA TOR DE' SCHIAVI,VIA TOR DE' SCHIAVI,,,Scontro laterale fra veicoli in marcia,Incrocio,Una carreggiata a doppio senso,Asciutto,Asfaltata,Verticale ed orizzontale,Sereno,Scarso,Buona,Ore Diurne,0,0,0,3,12.5632,41.8828,-1,1,Autovettura privata,In marcia / fermata / arresto,Passeggero,M,Illeso,0,,,,,
3923101,7,18/07/2018 12:50:00,Strada Urbana,VIA DELLE ROBINIE,all'intersezione con,VIA TOR DE' SCHIAVI,VIA TOR DE' SCHIAVI,,,Scontro laterale fra veicoli in marcia,Incrocio,Una carreggiata a doppio senso,Asciutto,Asfaltata,Verticale ed orizzontale,Sereno,Scarso,Buona,Ore Diurne,0,0,0,3,12.5632,41.8828,-1,2,Autovettura privata,In marcia / fermata / arresto,Conducente,M,Illeso,0,,,,,
3923116,17,17/07/2018 19:00:00,Strada Urbana,VIA ANASTASIO II,da specificare,,,,in prossimit�  Via P.De Cristoforo,Investimento di pedone,Rettilineo,Due carreggiate,Asciutto,Asfaltata,Assente,Sereno,Normale,Buona,Ore Diurne,1,0,0,0,12.4431,41.904,-1,,,,Pedone,M,Rimandato,0,NON DECEDUTO,,,,
3923139,10,18/07/2018 14:30:00,Strada Urbana,VIALE BRUNO RIZZIERI,da specificare,,,,rotatoria incrocio con Pelizzi,Tamponamento,Rotatoria,Due carreggiate,Asciutto,Asfaltata,Verticale ed orizzontale,Sereno,Normale,Buona,Ore Diurne,0,0,0,4,12.5833,41.8522,-1,1,Autovettura privata,In marcia / fermata / arresto,Conducente,M,Illeso,0,,Non accertato,Inesistente,,
3923139,10,18/07/2018 14:30:00,Strada Urbana,VIALE BRUNO RIZZIERI,da specificare,,,,rotatoria incrocio con Pelizzi,Tamponamento,Rotatoria,Due carreggiate,Asciutto,Asfaltata,Verticale ed orizzontale,Sereno,Normale,Buona,Ore Diurne,0,0,0,4,12.5833,41.8522,-1,1,Autovettura privata,In marcia / fermata / arresto,Passeggero,F,Illeso,0,,Non accertato,Inesploso,,
3923139,10,18/07/2018 14:30:00,Strada Urbana,VIALE BRUNO RIZZIERI,da specificare,,,,rotatoria incrocio con Pelizzi,Tamponamento,Rotatoria,Due carreggiate,Asciutto,Asfaltata,Verticale ed orizzontale,Sereno,Normale,Buona,Ore Diurne,0,0,0,4,12.5833,41.8522,-1,2,Autovettura privata,In marcia / fermata / arresto,Conducente,M,Illeso,0,,,Inesploso,,
3923139,10,18/07/2018 14:30:00,Strada Urbana,VIALE BRUNO RIZZIERI,da specificare,,,,rotatoria incrocio con Pelizzi,Tamponamento,Rotatoria,Due carreggiate,Asciutto,Asfaltata,Verticale ed orizzontale,Sereno,Normale,Buona,Ore Diurne,0,0,0,4,12.5833,41.8522,-1,2,Autovettura privata,In marcia / fermata / arresto,Passeggero,M,Illeso,0,,Non accertato,Inesploso,,
3923166,9,18/07/2018 12:15:00,Strada Urbana,VIA APPIA NUOVA,da specificare,,,,fronte via DON ORIONE ,Tamponamento Multiplo,Rettilineo,Due carreggiate,Asciutto,Asfaltata,Verticale ed orizzontale,Sereno,Normale,Buona,Ore Diurne,0,0,0,4,12.5599,41.8264,-1,1,Autovettura privata,In marcia / fermata / arresto,Conducente,M,Illeso,0,,Non accertato,Inesploso,,
3923166,9,18/07/2018 12:15:00,Strada Urbana,VIA APPIA NUOVA,da specificare,,,,fronte via DON ORIONE ,Tamponamento Multiplo,Rettilineo,Due carreggiate,Asciutto,Asfaltata,Verticale ed orizzontale,Sereno,Normale,Buona,Ore Diurne,0,0,0,4,12.5599,41.8264,-1,1,Autovettura privata,In marcia / fermata / arresto,Passeggero,M,Illeso,0,,Non accertato,Inesploso,,