Protocollo,Gruppo,DataOraIncidente,Localizzazione1,STRADA1,Localizzazione2,STRADA2,Strada02,Chilometrica,DaSpecificare,NaturaIncidente,particolaritastrade,TipoStrada,FondoStradale,Pavimentazione,Segnaletica,CondizioneAtmosferica,Traffico,Visibilita,Illuminazione,NUM_FERITI,NUM_RISERVATA,NUM_MORTI,NUM_ILLESI,Longitudine,Latitudine,Confermato,Progressivo,TipoVeicolo,StatoVeicolo,TipoPersona,Sesso,Tipolesione,Deceduto,DecedutoDopo,CinturaCascoUtilizzato,Airbag,,
3923166,9,18/07/2018 12:15:00,Strada Urbana,VIA APPIA NUOVA,da specificare,,,,fronte via DON ORIONE ,Tamponamento Multiplo,Rettilineo,Due carreggiate,Asciutto,Asfaltata,Verticale ed orizzontale,Sereno,Normale,Buona,Ore Diurne,0,0,0,4,12.5599,41.8264,-1,2,Autovettura privata,In marcia / fermata / arresto,Conducente,F,Illeso,0,,Non accertato,Inesploso,,
3923166,9,18/07/2018 12:15:00,Strada Urbana,VIA APPIA NUOVA,da specificare,,,,fronte via DON ORIONE ,Tamponamento Multiplo,Rettilineo,Due carreggiate,Asciutto,Asfaltata,Verticale ed orizzontale,Sereno,Normale,Buona,Ore Diurne,0,0,0,4,12.5599,41.8264,-1,3,Autovettura privata,In marcia / fermata / arresto,Conducente,M,Illeso,0,,Non accertato,Inesploso,,
3923208,17,17/07/2018 08:15:00,Strada Urbana,VIA POMPEO MAGNO,all'intersezione con,VIA MARCANTONIO COLONNA,VIA MARCANTONIO COLONNA,,,Veicolo in marcia contro ostacolo fisso,Intersezione stradale segnalata,Una carreggiata a senso unico di marcia,Bagnato (umidit� in atto),Asfaltata,Verticale ed orizzontale,Sereno,Normale,Buona,Ore Diurne,2,0,0,0,12.467,41.91,-1,1,Motociclo a solo,In marcia / fermata / arresto,Conducente,M,Rimandato,0,NON DECEDUTO,,,,
3923208,17,17/07/2018 08:15:00,Strada Urbana,VIA POMPEO MAGNO,all'intersezione con,VIA MARCANTONIO COLONNA,VIA MARCANTONIO COLONNA,,,Veicolo in marcia contro ostacolo fisso,Intersezione stradale segnalata,Una carreggiata a senso unico di marcia,Bagnato (umidit� in atto),Asfaltata,Verticale ed orizzontale,Sereno,Normale,Buona,Ore Diurne,2,0,0,0,12.467,41.91,-1,1,Motociclo a solo,In marcia / fermata / arresto,Passeggero,F,Rimandato,0,NON DECEDUTO,,,,
3923243,1,16/07/2018 08:30:00,Strada Urbana,VIALE MANZONI,all'intersezione con,VIA CARLO EMANUELE I,VIA CARLO EMANUELE I,,,Scontro frontale/laterale DX fra veicoli in marcia,Incrocio,Una carreggiata a doppio senso,Asciutto,Asfaltata,Verticale ed orizzontale,Nuvoloso,Normale,Buona,Ore Diurne,0,0,0,4,12.5084,41.8917,-1,1,Autovettura privata,In marcia / fermata / arresto,Conducente,M,Illeso,0,,Non accertato,,,
3923243,1,16/07/2018 08:30:00,Strada Urbana,VIALE MANZONI,all'intersezione con,VIA CARLO EMANUELE I,VIA CARLO EMANUELE I,,,Scontro frontale/laterale DX fra veicoli in marcia,Incrocio,Una carreggiata a doppio senso,Asciutto,Asfaltata,Verticale ed orizzontale,Nuvoloso,Normale,Buona,Ore Diurne,0,0,0,4,12.5084,41.8917,-1,1,Autovettura privata,In marcia / fermata / arresto,Passeggero,F,Illeso,0,,Non accertato,,,
3923243,1,16/07/2018 08:30:00,Strada Urbana,VIALE MANZONI,all'intersezione con,VIA CARLO EMANUELE I,VIA CARLO EMANUELE I,,,Scontro frontale/laterale DX fra veicoli in marcia,Incrocio,Una carreggiata a doppio senso,Asciutto,Asfaltata,Verticale ed orizzontale,Nuvoloso,Normale,Buona,Ore Diurne,0,0,0,4,12.5084,41.8917,-1,2,Motociclo a solo,In marcia / fermata / arresto,Conducente,M,Illeso,0,,Non accertato,,,
3923243,1,16/07/2018 08:30:00,Strada Urbana,VIALE MANZONI,all'intersezione con,VIA CARLO EMANUELE I,VIA CARLO EMANUELE I,,,Scontro frontale/laterale DX fra veicoli in marcia,Incrocio,Una carreggiata a doppio senso,Asciutto,Asfaltata,Verticale ed orizzontale,Nuvoloso,Normale,Buona,Ore Diurne,0,0,0,4,12.5084,41.8917,-1,3,Motociclo a solo,In marcia / fermata / arresto,Conducente,M,Illeso,0,,Non accertato,,,
3923249,12,17/07/2018 08:45:00,Strada Urbana,VIALE STEFANO GRADI,in prossimit�,,del palo luce n.,28,,Veicolo in marcia contro ostacolo fisso,Rettilineo,Due carreggiate,Bagnato (umidit� in atto),Asfaltata,Verticale ed orizzontale,Sereno,Normale,Buona,Ore Diurne,1,0,0,0,12.5055,41.8266,-1,1,Motociclo a solo,In marcia / fermata / arresto,Conducente,M,Rimandato,0,NON DECEDUTO,Utilizzato,,,
3923276,12,17/07/2018 08:45:00,Regionale,VIA PONTINA,da specificare,,,,direz. Roma pross. Rampa Via A. A. Ostiense,Tamponamento Multiplo,Rettilineo,Due carreggiate,Bagnato (umidit� in atto),Asfaltata,Verticale ed orizzontale,Sereno,Normale,Sufficiente,Ore Diurne,0,0,0,3,12.456,41.8065,-1,1,Autovettura privata,In marcia / fermata / arresto,Conducente,F,Illeso,0,,Utilizzato,Inesploso,,
3923276,12,17/07/2018 08:45:00,Regionale,VIA PONTINA,da specificare,,,,direz. Roma pross. Rampa Via A. A. Ostiense,Tamponamento Multiplo,Rettilineo,Due carreggiate,Bagnato (umidit� in atto),Asfaltata,Verticale ed orizzontale,Sereno,Normale,Sufficiente,Ore Diurne,0,0,0,3,12.456,41.8065,-1,2,Autovettura privata,In marcia / fermata / arresto,Conducente,F,Illeso,0,,Utilizzato,Inesploso,,
3923276,12,17/07/2018 08:45:00,Regionale,VIA PONTINA,da specificare,,,,direz. Roma pross. Rampa Via A. A. Ostiense,Tamponamento Multiplo,Rettilineo,Due carreggiate,Bagnato (umidit� in atto),Asfaltata,Verticale ed orizzontale,Sereno,Normale,Sufficiente,Ore Diurne,0,0,0,3,12.456,41.8065,-1,3,Autovettura privata,In marcia / fermata / arresto,Conducente,F,Illeso,0,,Utilizzato,Inesploso,,
3923307,1,16/07/2018 16:00:00,Strada Urbana,VIA DEL BABUINO,in corrispondenza,,del civico n.,9,,Veicolo in marcia contro ostacolo accidentale,Rettilineo,Una carreggiata a senso unico di marcia,Asciutto,Acciotolata,Verticale ed orizzontale,Nuvoloso,Scarso,Buona,Ore Diurne,0,0,0,3,12.4778,41.91,0,1,Autovettura pubblica,In marcia / fermata / arresto,Conducente,M,Illeso,0,,,Inesploso,,
3923307,1,16/07/2018 16:00:00,Strada Urbana,VIA DEL BABUINO,in corrispondenza,,del civico n.,9,,Veicolo in marcia contro ostacolo accidentale,Rettilineo,Una carreggiata a senso unico di marcia,Asciutto,Acciotolata,Verticale ed orizzontale,Nuvoloso,Scarso,Buona,Ore Diurne,0,0,0,3,12.4778,41.91,0,2,Autovettura pubblica,In marcia / fermata / arresto,Conducente,M,Illeso,0,,,Inesploso,,
3923307,1,16/07/2018 16:00:00,Strada Urbana,VIA DEL BABUINO,in corrispondenza,,del civico n.,9,,Veicolo in marcia contro ostacolo accidentale,Rettilineo,Una carreggiata a senso unico di marcia,Asciutto,Acciotolata,Verticale ed orizzontale,Nuvoloso,Scarso,Buona,Ore Diurne,0,0,0,3,12.4778,41.91,0,2,Autovettura pubblica,In marcia / fermata / arresto,Passeggero,M,Illeso,0,,Non accertato,,,
3923314,20,18/07/2018 15:50:00,Strada Urbana,VIA FLAMINIA NUOVA,in corrispondenza,,del palo luce n.,46,,Tamponamento Multiplo,Rettilineo,Due carreggiate,Asciutto,Asfaltata,Verticale ed orizzontale,Sereno,Intenso,Buona,Ore Diurne,1,0,0,5,12.4792,41.9609,-1,1,Autovettura privata,In marcia / fermata / arresto,Conducente,M,Illeso,0,,Non accertato,Inesploso,,
3923314,20,18/07/2018 15:50:00,Strada Urbana,VIA FLAMINIA NUOVA,in corrispondenza,,del palo luce n.,46,,Tamponamento Multiplo,Rettilineo,Due carreggiate,Asciutto,Asfaltata,Verticale ed orizzontale,Sereno,Intenso,Buona,Ore Diurne,1,0,0,5,12.4792,41.9609,-1,1,Autovettura privata,In marcia / fermata / arresto,Passeggero,M,Illeso,0,,Non accertato,Inesploso,,
3923314,20,18/07/2018 15:50:00,Strada Urbana,VIA FLAMINIA NUOVA,in corrispondenza,,del palo luce n.,46,,Tamponamento Multiplo,Rettilineo,Due carreggiate,Asciutto,Asfaltata,Verticale ed orizzontale,Sereno,Intenso,Buona,Ore Diurne,1,0,0,5,12.4792,41.9609,-1,1,Autovettura privata,In marcia / fermata / arresto,Passeggero,M,Illeso,0,,Non accertato,Inesploso,,
3923314,20,18/07/2018 15:50:00,Strada Urbana,VIA FLAMINIA NUOVA,in corrispondenza,,del palo luce n.,46,,Tamponamento Multiplo,Rettilineo,Due carreggiate,Asciutto,Asfaltata,Verticale ed orizzontale,Sereno,Intenso,Buona,Ore Diurne,1,0,0,5,12.4792,41.9609,-1,2,Autovettura privata,In marcia / fermata / arresto,Conducente,M,Illeso,0,,Non accertato,Inesploso,,
3923314,20,18/07/2018 15:50:00,Strada Urbana,VIA FLAMINIA NUOVA,in corrispondenza,,del palo luce n.,46,,Tamponamento Multiplo,Rettilineo,Due carreggiate,Asciutto,Asfaltata,Verticale ed orizzontale,Sereno,Intenso,Buona,Ore Diurne,1,0,0,5,12.4792,41.9609,-1,2,Autovettura privata,In marcia / fermata / arresto,Passeggero,M,Illeso,0,,Non accertato,Inesploso,,
3923314,20,18/07/2018 15:50:00,Strada Urbana,VIA FLAMINIA NUOVA,in corrispondenza,,del palo luce n.,46,,Tamponamento Multiplo,Rettilineo,Due carreggiate,Asciutto,Asfaltata,Verticale ed orizzontale,Sereno,Intenso,Buona,Ore Diurne,1,0,0,5,12.4792,41.9609,-1,3,Autovettura privata,In marcia / fermata / arresto,Conducente,M,Rimandato,0,NON DECEDUTO,Non accertato,Esploso,,
3923387,12,18/07/2018 13:00:00,Strada Urbana,PIAZZA GUGLIELMO MARCONI,all'intersezione con,VIA CRISTOFORO COLOMBO,VIA CRISTOFORO COLOMBO,,,Scontro laterale fra veicoli in marcia,Rotatoria,Due carreggiate,Asciutto,Asfaltata,Verticale ed orizzontale,Sereno,Normale,Buona,Ore Diurne,0,0,0,4,12.4712,41.8335,-1,1,Autocarro inferiore 35 q.,In marcia / fermata / arresto,Conducente,M,Illeso,0,,Utilizzato,Inesploso,,
3923387,12,18/07/2018 13:00:00,Strada Urbana,PIAZZA GUGLIELMO MARCONI,all'intersezione con,VIA CRISTOFORO COLOMBO,VIA CRISTOFORO COLOMBO,,,Scontro laterale fra veicoli in marcia,Rotatoria,Due carreggiate,Asciutto,Asfaltata,Verticale ed orizzontale,Sereno,Normale,Buona,Ore Diurne,0,0,0,4,12.4712,41.8335,-1,1,Autocarro inferiore 35 q.,In marcia / fermata / arresto,Passeggero,M,Illeso,0,,Utilizzato,Inesploso,,
3923387,12,18/07/2018 13:00:00,Strada Urbana,PIAZZA GUGLIELMO MARCONI,all'intersezione con,VIA CRISTOFORO COLOMBO,VIA CRISTOFORO COLOMBO,,,Scontro laterale fra veicoli in marcia,Rotatoria,Due carreggiate,Asciutto,Asfaltata,Verticale ed orizzontale,Sereno,Normale,Buona,Ore Diurne,0,0,0,4,12.4712,41.8335,-1,2,Autovettura privata,In marcia / fermata / arresto,Conducente,F,Illeso,0,,Utilizzato,Inesploso,,
3923387,12,18/07/2018 13:00:00,Strada Urbana,PIAZZA GUGLIELMO MARCONI,all'intersezione con,VIA CRISTOFORO COLOMBO,VIA CRISTOFORO COLOMBO,,,Scontro laterale fra veicoli in marcia,Rotatoria,Due carreggiate,Asciutto,Asfaltata,Verticale ed orizzontale,Sereno,Normale,Buona,Ore Diurne,0,0,0,4,12.4712,41.8335,-1,2,Autovettura privata,In marcia / fermata / arresto,Passeggero,F,Illeso,0,,Utilizzato,Inesploso,,
3923388,11,18/07/2018 15:50:00,Strada Urbana,LUNGOTEVERE DI S. PAOLO,all'intersezione semaforizzata con,VIALE DI S. PAOLO,VIALE DI S. PAOLO,,,Scontro laterale fra veicoli in marcia,Intersezione semaforizzata,Due carreggiate,Asciutto,Asfaltata,Verticale ed orizzontale,Sereno,Normale,Buona,Ore Diurne,1,0,0,1,12.4761,41.8608,-1,1,Autocarro inferiore 35 q.,In marcia / fermata / arresto,Conducente,M,Illeso,0,,Non accertato,Inesploso,,
3923388,11,18/07/2018 15:50:00,Strada Urbana,LUNGOTEVERE DI S. PAOLO,all'intersezione semaforizzata con,VIALE DI S. PAOLO,VIALE DI S. PAOLO,,,Scontro laterale fra veicoli in marcia,Intersezione semaforizzata,Due carreggiate,Asciutto,Asfaltata,Verticale ed orizzontale,Sereno,Normale,Buona,Ore Diurne,1,0,0,1,12.4761,41.8608,-1,2,Ciclomotore,In marcia / fermata / arresto,Conducente,M,Rimandato,0,NON DECEDUTO,,,,
3923435,1,16/07/2018 12:50:00,Strada Urbana,PIAZZA DI PORTA S. PAOLO,in prossimit�,,del civico n.,6,,Investimento di pedone,Rettilineo,Due carreggiate,Asciutto,In cubetti di porfido,Verticale ed orizzontale,Nuvoloso,Normale,Buona,Ore Diurne,1,0,0,1,12.4823,41.8769,-1,,,,Pedone,F,Rimandato,0,NON DECEDUTO,,,,
3923435,1,16/07/2018 12:50:00,Strada Urbana,PIAZZA DI PORTA S. PAOLO,in prossimit�,,del civico n.,6,,Investimento di pedone,Rettilineo,Due carreggiate,Asciutto,In cubetti di porfido,Verticale ed orizzontale,Nuvoloso,Normale,Buona,Ore Diurne,1,0,0,1,12.4823,41.8769,-1,1,Autovettura privata,In marcia / fermata / arresto,Conducente,M,Illeso,0,,Non accertato,,,
3923442,17,18/07/2018 08:15:00,Strada Urbana,CIRCONVALLAZIONE CLODIA,da specificare,,,,in prossimit� di Via N.Bucchi,Scontro laterale fra veicoli in marcia,Rettilineo,Due carreggiate,Asciutto,Asfaltata,Verticale ed orizzontale,Sereno,Normale,Buona,Ore Diurne,1,0,0,1,12.4567,41.9191,-1,1,Autovettura privata,In marcia / fermata / arresto,Conducente,F,Illeso,0,,,,,
3923442,17,18/07/2018 08:15:00,Strada Urbana,CIRCONVALLAZIONE CLODIA,da specificare,,,,in prossimit� di Via N.Bucchi,Scontro laterale fra veicoli in marcia,Rettilineo,Due carreggiate,Asciutto,Asfaltata,Verticale ed orizzontale,Sereno,Normale,Buona,Ore Diurne,1,0,0,1,12.4567,41.9191,-1,2,Motociclo a solo,In marcia / fermata / arresto,Conducente,M,Rimandato,0,NON DECEDUTO,,,,
3923453,10,18/07/2018 15:30:00,Strada Urbana,VIA SEMINARA,in corrispondenza,,del civico n.,49,,Scontro frontale/laterale DX fra veicoli in marcia,Rettilineo,Una carreggiata a doppio senso,Asciutto,Asfaltata,Verticale ed orizzontale,Sereno,Scarso,Buona,Ore Diurne,0,0,0,2,12.6103,41.8227,-1,1,Autovettura privata,In marcia / fermata / arresto,Conducente,M,Illeso,0,,Non accertato,Inesploso,,
3923453,10,18/07/2018 15:30:00,Strada Urbana,VIA SEMINARA,in corrispondenza,,del civico n.,49,,Scontro frontale/laterale DX fra veicoli in marcia,Rettilineo,Una carreggiata a doppio senso,Asciutto,Asfaltata,Verticale ed orizzontale,Sereno,Scarso,Buona,Ore Diurne,0,0,0,2,12.6103,41.8227,-1,2,Autovettura privata,In marcia / fermata / arresto,Conducente,M,Illeso,0,,Non accertato,Inesploso,,
3923457,1,16/07/2018 18:25:00,Strada Urbana,PIAZZALE BRASILE,all'intersezione semaforizzata con,VIALE SAN PAOLO DEL BRASILE,VIALE SAN PAOLO DEL BRASILE,,,Scontro laterale fra veicoli in marcia,Intersezione semaforizzata,Pi� di due carreggiate,Asciutto,Asfaltata,Verticale,Nuvoloso,Normale,Buona,Ore Diurne,0,0,0,2,12.488,41.9098,-1,1,Autovettura privata,In marcia / fermata / arresto,Conducente,F,Illeso,0,,Non accertato,,,
3923457,1,16/07/2018 18:25:00,Strada Urbana,PIAZZALE BRASILE,all'intersezione semaforizzata con,VIALE SAN PAOLO DEL BRASILE,VIALE SAN PAOLO DEL BRASILE,,,Scontro laterale fra veicoli in marcia,Intersezione semaforizzata,Pi� di due carreggiate,Asciutto,Asfaltata,Verticale,Nuvoloso,Normale,Buona,Ore Diurne,0,0,0,2,12.488,41.9098,-1,2,Autovettura privata,In marcia / fermata / arresto,Conducente,M,Illeso,0,,Non accertato,,,
3923478,1,16/07/2018 19:45:00,Strada Urbana,CORSO VITTORIO EMANUELE II,in prossimit�,,del civico n.,f.c. 187,,Veicolo in marcia contro ostacolo accidentale,Rettilineo,Una carreggiata a doppio senso,Asciutto,Asfaltata,Verticale ed orizzontale,Nuvoloso,Normale,Buona,Ore Diurne,0,0,0,1,12.4716,41.8972,0,1,Autovettura pubblica,In marcia / fermata / arresto,Conducente,M,Illeso,0,,,Inesploso,,
3923489,17,18/07/2018 00:15:00,Strada Urbana,VIA ALBERTO CADLOLO,in prossimit�,,del civico n.,51,,Veicolo in marcia contro veicolo in sosta,Rettilineo,Una carreggiata a doppio senso,Asciutto,Asfaltata,Orizzontale,Sereno,Scarso,Buona,Sufficiente,1,0,0,0,12.4471,41.921,-1,2,Autovettura privata,In marcia / fermata / arresto,Conducente,F,Rimandato,0,NON DECEDUTO,,,,
3923517,1,16/07/2018 21:40:00,Strada Urbana,VIALE AVENTINO,all'intersezione semaforizzata con,PIAZZA DI PORTA CAPENA,PIAZZA DI PORTA CAPENA,,,Scontro frontale/laterale SX fra veicoli in marcia,Intersezione semaforizzata,Due carreggiate,Bagnato (pioggia),Asfaltata,Verticale ed orizzontale,Pioggia in atto,Normale,Buona,Sufficiente,1,0,0,1,12.4864,41.8824,-1,1,Autovettura privata,In marcia / fermata / arresto,Conducente,M,Illeso,0,,Non accertato,Inesploso,,
3923517,1,16/07/2018 21:40:00,Strada Urbana,VIALE AVENTINO,all'intersezione semaforizzata con,PIAZZA DI PORTA CAPENA,PIAZZA DI PORTA CAPENA,,,Scontro frontale/laterale SX fra veicoli in marcia,Intersezione semaforizzata,Due carreggiate,Bagnato (pioggia),Asfaltata,Verticale ed orizzontale,Pioggia in atto,Normale,Buona,Sufficiente,1,0,0,1,12.4864,41.8824,-1,2,Motociclo a solo,In marcia / fermata / arresto,Conducente,M,Rifiuta cure immediate,0,NON DECEDUTO,Non accertato,,,
3923525,11,18/07/2018 17:30:00,Strada Urbana,VIALE DEL TINTORETTO,in prossimit�,,del civico n.,88,,Tamponamento Multiplo,Rettilineo,Due carreggiate,Asciutto,Asfaltata,Verticale ed orizzontale,Sereno,Normale,Buona,Ore Diurne,0,0,0,3,12.484,41.8379,-1,1,Autovettura privata,In marcia / fermata / arresto,Conducente,M,Illeso,0,,Non accertato,Inesploso,,
3923525,11,18/07/2018 17:30:00,Strada Urbana,VIALE DEL TINTORETTO,in prossimit�,,del civico n.,88,,Tamponamento Multiplo,Rettilineo,Due carreggiate,Asciutto,Asfaltata,Verticale ed orizzontale,Sereno,Normale,Buona,Ore Diurne,0,0,0,3,12.484,41.8379,-1,2,Autovettura pubblica,In marcia / fermata / arresto,Conducente,M,Illeso,0,,Non accertato,Inesploso,,
3923525,11,18/07/2018 17:30:00,Strada Urbana,VIALE DEL TINTORETTO,in prossimit�,,del civico n.,88,,Tamponamento Multiplo,Rettilineo,Due carreggiate,Asciutto,Asfaltata,Verticale ed orizzontale,Sereno,Normale,Buona,Ore Diurne,0,0,0,3,12.484,41.8379,-1,3,Autovettura privata,In marcia / fermata / arresto,Conducente,F,Illeso,0,,Utilizzato,Inesploso,,
3923545,6,18/07/2018 14:30:00,Strada Urbana,VIA TOR DE' SCHIAVI,all'intersezione semaforizzata con,VIA ANAGNI,VIA ANAGNI,,,Scontro frontale/laterale SX fra veicoli in marcia,Incrocio,Due carreggiate,Asciutto,Asfaltata,Verticale ed orizzontale,Sereno,Normale,Buona,Ore Diurne,2,0,0,0,12.5605,41.8907,-1,1,Autovettura privata,In marcia / fermata / arresto,Conducente,M,Rimandato,0,NON DECEDUTO,Non accertato,Inesploso,,
3923545,6,18/07/2018 14:30:00,Strada Urbana,VIA TOR DE' SCHIAVI,all'intersezione semaforizzata con,VIA ANAGNI,VIA ANAGNI,,,Scontro frontale/laterale SX fra veicoli in marcia,Incrocio,Due carreggiate,Asciutto,Asfaltata,Verticale ed orizzontale,Sereno,Normale,Buona,Ore Diurne,2,0,0,0,12.5605,41.8907,-1,2,Autovettura privata,In marcia / fermata / arresto,Conducente,M,Rifiuta cure immediate,0,NON DECEDUTO,Non accertato,Inesploso,,
3923613,17,18/07/2018 18:25:00,Strada Urbana,VIALE GIUSEPPE MAZZINI,all'intersezione con,VIA GIUNIO BAZZONI,VIA GIUNIO BAZZONI,,,Scontro frontale/laterale SX fra veicoli in marcia,Intersezione stradale segnalata,Due carreggiate,Asciutto,Asfaltata,Verticale ed orizzontale,Sereno,Normale,Buona,Ore Diurne,0,0,0,3,12.4591,41.915,-1,1,Autovettura privata,In marcia / fermata / arresto,Conducente,M,Illeso,0,,,,,
3923613,17,18/07/2018 18:25:00,Strada Urbana,VIALE GIUSEPPE MAZZINI,all'intersezione con,VIA GIUNIO BAZZONI,VIA GIUNIO BAZZONI,,,Scontro frontale/laterale SX fra veicoli in marcia,Intersezione stradale segnalata,Due carreggiate,Asciutto,Asfaltata,Verticale ed orizzontale,Sereno,Normale,Buona,Ore Diurne,0,0,0,3,12.4591,41.915,-1,1,Autovettura privata,In marcia / fermata / arresto,Passeggero,M,Illeso,0,,,,,
3923613,17,18/07/2018 18:25:00,Strada Urbana,VIALE GIUSEPPE MAZZINI,all'intersezione con,VIA GIUNIO BAZZONI,VIA GIUNIO BAZZONI,,,Scontro frontale/laterale SX fra veicoli in marcia,Intersezione stradale segnalata,Due carreggiate,Asciutto,Asfaltata,Verticale ed orizzontale,Sereno,Normale,Buona,Ore Diurne,0,0,0,3,12.4591,41.915,-1,2,Autovettura privata,In marcia / fermata / arresto,Conducente,M,Illeso,0,,,,,
3923960,11,18/07/2018 23:50:00,Strada Urbana,VIALE FERDINANDO BALDELLI,da specificare,,,,prox. civ. 13,Veicolo in marcia contro veicolo fermo,Rettilineo,Due carreggiate,Asciutto,Asfaltata,Assente,Sereno,Normale,Buona,Sufficiente,0,0,0,6,12.4751,41.8571,-1,1,Autovettura privata,In marcia / fermata / arresto,Conducente,M,Illeso,0,,Non accertato,,,
3923960,11,18/07/2018 23:50:00,Strada Urbana,VIALE FERDINANDO BALDELLI,da specificare,,,,prox. civ. 13,Veicolo in marcia contro veicolo fermo,Rettilineo,Due carreggiate,Asciutto,Asfaltata,Assente,Sereno,Normale,Buona,Sufficiente,0,0,0,6,12.4751,41.8571,-1,1,Autovettura privata,In marcia / fermata / arresto,Passeggero,M,Illeso,0,,Non accertato,,,
3923960,11,18/07/2018 23:50:00,Strada Urbana,VIALE FERDINANDO BALDELLI,da specificare,,,,prox. civ. 13,Veicolo in marcia contro veicolo fermo,Rettilineo,Due carreggiate,Asciutto,Asfaltata,Assente,Sereno,Normale,Buona,Sufficiente,0,0,0,6,12.4751,41.8571,-1,1,Autovettura privata,In marcia / fermata / arresto,Passeggero,F,Illeso,0,,Non accertato,,,
3923960,11,18/07/2018 23:50:00,Strada Urbana,VIALE FERDINANDO BALDELLI,da specificare,,,,prox. civ. 13,Veicolo in marcia contro veicolo fermo,Rettilineo,Due carreggiate,Asciutto,Asfaltata,Assente,Sereno,Normale,Buona,Sufficiente,0,0,0,6,12.4751,41.8571,-1,1,Autovettura privata,In marcia / fermata / arresto,Passeggero,F,Illeso,0,,Non accertato,,,
3923960,11,18/07/2018 23:50:00,Strada Urbana,VIALE FERDINANDO BALDELLI,da specificare,,,,prox. civ. 13,Veicolo in marcia contro veicolo fermo,Rettilineo,Due carreggiate,Asciutto,Asfaltata,Assente,Sereno,Normale,Buona,Sufficiente,0,0,0,6,12.4751,41.8571,-1,1,Autovettura privata,In marcia / fermata / arresto,Passeggero,F,Illeso,0,,Non accertato,,,
3923960,11,18/07/2018 23:50:00,Strada Urbana,VIALE FERDINANDO BALDELLI,da specificare,,,,prox. civ. 13,Veicolo in marcia contro veicolo fermo,Rettilineo,Due carreggiate,Asciutto,Asfaltata,Assente,Sereno,Normale,Buona,Sufficiente,0,0,0,6,12.4751,41.8571,-1,2,Autobus di linea,In marcia / fermata / arresto,Conducente,M,Illeso,0,,Non accertato,,,
3923971,19,18/07/2018 17:30:00,Strada Urbana,VIA GIOVANNI X,in corrispondenza,,del civico n.,4,,Scontro laterale fra veicoli in marcia,Rettilineo,Una carreggiata a doppio senso,Asciutto,Asfaltata,Assente,Sereno,Scarso,Buona,Ore Diurne,0,0,0,2,12.4143,41.9143,-1,1,Autovettura privata,In marcia / fermata / arresto,Conducente,M,Illeso,0,,Non accertato,Inesploso,,
3923971,19,18/07/2018 17:30:00,Strada Urbana,VIA GIOVANNI X,in corrispondenza,,del civico n.,4,,Scontro laterale fra veicoli in marcia,Rettilineo,Una carreggiata a doppio senso,Asciutto,Asfaltata,Assente,Sereno,Scarso,Buona,Ore Diurne,0,0,0,2,12.4143,41.9143,-1,2,Autovettura privata,In marcia / fermata / arresto,Conducente,F,Illeso,0,,Non accertato,Inesploso,,
3923973,11,18/07/2018 20:45:00,Strada Urbana,VIA DEL PORTO FLUVIALE,in corrispondenza,,del civico n.,7,,Scontro laterale fra veicoli in marcia,Rettilineo,Una carreggiata a doppio senso,Asciutto,Asfaltata,Verticale ed orizzontale,Sereno,Normale,Buona,Ore Diurne,0,0,0,1,12.479,41.8724,-1,1,Autovettura privata,In marcia / fermata / arresto,Conducente,F,Illeso,0,,Utilizzato,Inesploso,,
3923974,13,18/07/2018 07:45:00,Provinciale entro l'abitato,VIA OSTIENSE,in corrispondenza,,del civico n.,1551,,Tamponamento Multiplo,Rettilineo,Una carreggiata a doppio senso,Asciutto,Asfaltata,Orizzontale,Sereno,Normale,Buona,Ore Diurne,0,0,0,4,12.387,41.7925,-1,1,Autovettura privata,In marcia / fermata / arresto,Conducente,M,Illeso,0,,Non accertato,Esploso,,
3923974,13,18/07/2018 07:45:00,Provinciale entro l'abitato,VIA OSTIENSE,in corrispondenza,,del civico n.,1551,,Tamponamento Multiplo,Rettilineo,Una carreggiata a doppio senso,Asciutto,Asfaltata,Orizzontale,Sereno,Normale,Buona,Ore Diurne,0,0,0,4,12.387,41.7925,-1,2,Autovettura privata,In marcia / fermata / arresto,Conducente,M,Illeso,0,,Non accertato,Inesploso,,
3923974,13,18/07/2018 07:45:00,Provinciale entro l'abitato,VIA OSTIENSE,in corrispondenza,,del civico n.,1551,,Tamponamento Multiplo,Rettilineo,Una carreggiata a doppio senso,Asciutto,Asfaltata,Orizzontale,Sereno,Normale,Buona,Ore Diurne,0,0,0,4,12.387,41.7925,-1,3,Autovettura privata,In marcia / fermata / arresto,Conducente,M,Illeso,0,,Non accertato,Inesploso,,
3923974,13,18/07/2018 07:45:00,Provinciale entro l'abitato,VIA OSTIENSE,in corrispondenza,,del civico n.,1551,,Tamponamento Multiplo,Rettilineo,Una carreggiata a doppio senso,Asciutto,Asfaltata,Orizzontale,Sereno,Normale,Buona,Ore Diurne,0,0,0,4,12.387,41.7925,-1,4,Autovettura privata,In marcia / fermata / arresto,Conducente,M,Illeso,0,,Non accertato,Inesploso,,
3923983,13,18/07/2018 08:00:00,Strada Urbana,VIA DEL MARE,in prossimit�,,del civico n.,15,600,,Tamponamento Multiplo,Rettilineo,Una carreggiata a doppio senso,Asciutto,Asfaltata,Verticale ed orizzontale,Sereno,Intenso,Buona,Ore Diurne,0,0,0,4,12.4632,41.8403,-1,1,Autovettura privata,In marcia / fermata / arresto,Conducente,M,Illeso,0,,Non accertato,Inesploso,
3923983,13,18/07/2018 08:00:00,Strada Urbana,VIA DEL MARE,in prossimit�,,del civico n.,15,600,,Tamponamento Multiplo,Rettilineo,Una carreggiata a doppio senso,Asciutto,Asfaltata,Verticale ed orizzontale,Sereno,Intenso,Buona,Ore Diurne,0,0,0,4,12.4632,41.8403,-1,2,Autovettura privata,In marcia / fermata / arresto,Conducente,F,Illeso,0,,Non accertato,Inesploso,