Protocollo,Gruppo,DataOraIncidente,Localizzazione1,STRADA1,Localizzazione2,STRADA2,Strada02,Chilometrica,DaSpecificare,NaturaIncidente,particolaritastrade,TipoStrada,FondoStradale,Pavimentazione,Segnaletica,CondizioneAtmosferica,Traffico,Visibilita,Illuminazione,NUM_FERITI,NUM_RISERVATA,NUM_MORTI,NUM_ILLESI,Longitudine,Latitudine,Confermato,Progressivo,TipoVeicolo,StatoVeicolo,TipoPersona,Sesso,Tipolesione,Deceduto,DecedutoDopo,CinturaCascoUtilizzato,Airbag,,
3923983,13,18/07/2018 08:00:00,Strada Urbana,VIA DEL MARE,in prossimit�,,del civico n.,15,600,,Tamponamento Multiplo,Rettilineo,Una carreggiata a doppio senso,Asciutto,Asfaltata,Verticale ed orizzontale,Sereno,Intenso,Buona,Ore Diurne,0,0,0,4,12.4632,41.8403,-1,2,Autovettura privata,In marcia / fermata / arresto,Passeggero,F,Illeso,0,,Non accertato,Inesploso,
3923983,13,18/07/2018 08:00:00,Strada Urbana,VIA DEL MARE,in prossimit�,,del civico n.,15,600,,Tamponamento Multiplo,Rettilineo,Una carreggiata a doppio senso,Asciutto,Asfaltata,Verticale ed orizzontale,Sereno,Intenso,Buona,Ore Diurne,0,0,0,4,12.4632,41.8403,-1,3,Autovettura privata,In marcia / fermata / arresto,Conducente,M,Illeso,0,,Non accertato,Inesploso,
3923986,9,19/07/2018 05:10:00,Strada Urbana,VIA CALPURNIO FIAMMA,all'intersezione semaforizzata con,VIALE S. GIOVANNI BOSCO,VIALE S. GIOVANNI BOSCO,,,Scontro frontale/laterale DX fra veicoli in marcia,Intersezione semaforizzata,Due carreggiate,Asciutto,Asfaltata,Verticale ed orizzontale,Sereno,Scarso,Buona,Ore Diurne,0,0,0,3,12.5608,41.8608,-1,1,Autovettura privata,In marcia / fermata / arresto,Conducente,F,Illeso,0,,Non accertato,Inesploso,,
3923986,9,19/07/2018 05:10:00,Strada Urbana,VIA CALPURNIO FIAMMA,all'intersezione semaforizzata con,VIALE S. GIOVANNI BOSCO,VIALE S. GIOVANNI BOSCO,,,Scontro frontale/laterale DX fra veicoli in marcia,Intersezione semaforizzata,Due carreggiate,Asciutto,Asfaltata,Verticale ed orizzontale,Sereno,Scarso,Buona,Ore Diurne,0,0,0,3,12.5608,41.8608,-1,1,Autovettura privata,In marcia / fermata / arresto,Passeggero,F,Illeso,0,,Non accertato,Inesploso,,
3923986,9,19/07/2018 05:10:00,Strada Urbana,VIA CALPURNIO FIAMMA,all'intersezione semaforizzata con,VIALE S. GIOVANNI BOSCO,VIALE S. GIOVANNI BOSCO,,,Scontro frontale/laterale DX fra veicoli in marcia,Intersezione semaforizzata,Due carreggiate,Asciutto,Asfaltata,Verticale ed orizzontale,Sereno,Scarso,Buona,Ore Diurne,0,0,0,3,12.5608,41.8608,-1,2,Autovettura privata,In marcia / fermata / arresto,Conducente,M,Illeso,0,,Non accertato,Inesploso,,
3923992,11,18/07/2018 10:30:00,Strada Urbana,VIALE GUGLIELMO MARCONI,all'intersezione con,PIAZZALE TOMMASO EDISON,PIAZZALE TOMMASO EDISON,,,Veicolo in marcia contro veicolo arresto,Intersezione semaforizzata,Due carreggiate,Asciutto,Asfaltata,Verticale ed orizzontale,Sereno,Normale,Buona,Ore Diurne,1,0,0,2,12.4709,41.8586,-1,1,Autovettura privata,In marcia / fermata / arresto,Conducente,F,Rifiuta cure immediate,0,NON DECEDUTO,,,,
3923992,11,18/07/2018 10:30:00,Strada Urbana,VIALE GUGLIELMO MARCONI,all'intersezione con,PIAZZALE TOMMASO EDISON,PIAZZALE TOMMASO EDISON,,,Veicolo in marcia contro veicolo arresto,Intersezione semaforizzata,Due carreggiate,Asciutto,Asfaltata,Verticale ed orizzontale,Sereno,Normale,Buona,Ore Diurne,1,0,0,2,12.4709,41.8586,-1,1,Autovettura privata,In marcia / fermata / arresto,Passeggero,F,Illeso,0,,,,,
3923992,11,18/07/2018 10:30:00,Strada Urbana,VIALE GUGLIELMO MARCONI,all'intersezione con,PIAZZALE TOMMASO EDISON,PIAZZALE TOMMASO EDISON,,,Veicolo in marcia contro veicolo arresto,Intersezione semaforizzata,Due carreggiate,Asciutto,Asfaltata,Verticale ed orizzontale,Sereno,Normale,Buona,Ore Diurne,1,0,0,2,12.4709,41.8586,-1,2,Autovettura privata,In marcia / fermata / arresto,Conducente,F,Illeso,0,,,,,
3923998,7,18/07/2018 22:50:00,Strada Urbana,VIA DEI GELSI,all'intersezione con,VIA DEI GINEPRI,VIA DEI GINEPRI,,,Scontro frontale/laterale DX fra veicoli in marcia,Incrocio,Una carreggiata a doppio senso,Asciutto,Asfaltata,Verticale ed orizzontale,Sereno,Scarso,Buona,Sufficiente,0,0,0,3,12.5677,41.889,-1,1,Autovettura privata,In marcia / fermata / arresto,Conducente,M,Illeso,0,,,,,
3923998,7,18/07/2018 22:50:00,Strada Urbana,VIA DEI GELSI,all'intersezione con,VIA DEI GINEPRI,VIA DEI GINEPRI,,,Scontro frontale/laterale DX fra veicoli in marcia,Incrocio,Una carreggiata a doppio senso,Asciutto,Asfaltata,Verticale ed orizzontale,Sereno,Scarso,Buona,Sufficiente,0,0,0,3,12.5677,41.889,-1,1,Autovettura privata,In marcia / fermata / arresto,Passeggero,M,Illeso,0,,,,,
3923998,7,18/07/2018 22:50:00,Strada Urbana,VIA DEI GELSI,all'intersezione con,VIA DEI GINEPRI,VIA DEI GINEPRI,,,Scontro frontale/laterale DX fra veicoli in marcia,Incrocio,Una carreggiata a doppio senso,Asciutto,Asfaltata,Verticale ed orizzontale,Sereno,Scarso,Buona,Sufficiente,0,0,0,3,12.5677,41.889,-1,2,Autovettura privata,In marcia / fermata / arresto,Conducente,M,Illeso,0,,,,,
3924001,3,16/07/2018 18:00:00,Strada Urbana,CIRCONVALLAZIONE TIBURTINA,da specificare,,,,dir. salaria 100 mt. prima uscita Via Tiburtina,Tamponamento,Rettilineo,Due carreggiate,Bagnato (umidit� in atto),Asfaltata,Verticale ed orizzontale,Nuvoloso,Intenso,Buona,Ore Diurne,0,0,0,2,12.5324,41.9073,-1,1,Autovettura privata,In marcia / fermata / arresto,Conducente,F,Illeso,0,,Non accertato,,,
3924001,3,16/07/2018 18:00:00,Strada Urbana,CIRCONVALLAZIONE TIBURTINA,da specificare,,,,dir. salaria 100 mt. prima uscita Via Tiburtina,Tamponamento,Rettilineo,Due carreggiate,Bagnato (umidit� in atto),Asfaltata,Verticale ed orizzontale,Nuvoloso,Intenso,Buona,Ore Diurne,0,0,0,2,12.5324,41.9073,-1,2,Autovettura privata,In marcia / fermata / arresto,Conducente,M,Illeso,0,,Non accertato,,,
3924011,3,18/07/2018 09:00:00,Strada Urbana,VIALE DELL'UNIVERSITA',da specificare,,,,prossimit� Viale Regina Elena,Scontro laterale fra veicoli in marcia,Rettilineo,Una carreggiata a senso unico di marcia,Asciutto,Asfaltata,Verticale ed orizzontale,Sereno,Normale,Buona,Ore Diurne,0,0,0,5,12.5153,41.9054,-1,1,Autovettura privata,In marcia / fermata / arresto,Conducente,F,Illeso,0,,Non accertato,,,
3924011,3,18/07/2018 09:00:00,Strada Urbana,VIALE DELL'UNIVERSITA',da specificare,,,,prossimit� Viale Regina Elena,Scontro laterale fra veicoli in marcia,Rettilineo,Una carreggiata a senso unico di marcia,Asciutto,Asfaltata,Verticale ed orizzontale,Sereno,Normale,Buona,Ore Diurne,0,0,0,5,12.5153,41.9054,-1,1,Autovettura privata,In marcia / fermata / arresto,Passeggero,F,Illeso,0,,Non accertato,,,
3924011,3,18/07/2018 09:00:00,Strada Urbana,VIALE DELL'UNIVERSITA',da specificare,,,,prossimit� Viale Regina Elena,Scontro laterale fra veicoli in marcia,Rettilineo,Una carreggiata a senso unico di marcia,Asciutto,Asfaltata,Verticale ed orizzontale,Sereno,Normale,Buona,Ore Diurne,0,0,0,5,12.5153,41.9054,-1,2,Autovettura privata,In marcia / fermata / arresto,Conducente,F,Illeso,0,,Non accertato,,,
3924011,3,18/07/2018 09:00:00,Strada Urbana,VIALE DELL'UNIVERSITA',da specificare,,,,prossimit� Viale Regina Elena,Scontro laterale fra veicoli in marcia,Rettilineo,Una carreggiata a senso unico di marcia,Asciutto,Asfaltata,Verticale ed orizzontale,Sereno,Normale,Buona,Ore Diurne,0,0,0,5,12.5153,41.9054,-1,3,Motociclo con passeggero,In marcia / fermata / arresto,Conducente,M,Illeso,0,,Non accertato,,,
3924011,3,18/07/2018 09:00:00,Strada Urbana,VIALE DELL'UNIVERSITA',da specificare,,,,prossimit� Viale Regina Elena,Scontro laterale fra veicoli in marcia,Rettilineo,Una carreggiata a senso unico di marcia,Asciutto,Asfaltata,Verticale ed orizzontale,Sereno,Normale,Buona,Ore Diurne,0,0,0,5,12.5153,41.9054,-1,3,Motociclo con passeggero,In marcia / fermata / arresto,Passeggero,F,Illeso,0,,Non accertato,,,
3924013,11,18/07/2018 17:20:00,Strada Urbana,VIA DI VIGNA MURATA,da specificare,,,,prossimit� civico 9,Scontro laterale fra veicoli in marcia,Rettilineo,Una carreggiata a senso unico di marcia,Asciutto,Asfaltata,Verticale ed orizzontale,Sereno,Normale,Buona,Ore Diurne,0,0,0,3,12.4808,41.8274,-1,1,Autocarro inferiore 35 q.,In marcia / fermata / arresto,Conducente,M,Illeso,0,,Non accertato,Inesploso,,
3924013,11,18/07/2018 17:20:00,Strada Urbana,VIA DI VIGNA MURATA,da specificare,,,,prossimit� civico 9,Scontro laterale fra veicoli in marcia,Rettilineo,Una carreggiata a senso unico di marcia,Asciutto,Asfaltata,Verticale ed orizzontale,Sereno,Normale,Buona,Ore Diurne,0,0,0,3,12.4808,41.8274,-1,2,Autocarro inferiore 35 q.,In marcia / fermata / arresto,Conducente,M,Illeso,0,,Non accertato,Inesploso,,
3924013,11,18/07/2018 17:20:00,Strada Urbana,VIA DI VIGNA MURATA,da specificare,,,,prossimit� civico 9,Scontro laterale fra veicoli in marcia,Rettilineo,Una carreggiata a senso unico di marcia,Asciutto,Asfaltata,Verticale ed orizzontale,Sereno,Normale,Buona,Ore Diurne,0,0,0,3,12.4808,41.8274,-1,2,Autocarro inferiore 35 q.,In marcia / fermata / arresto,Passeggero,M,Illeso,0,,Utilizzato,Inesploso,,
3924017,10,18/07/2018 17:00:00,Strada Urbana,VIALE BRUNO PELIZZI,all'intersezione semaforizzata con,VIALE ROLANDO VIGNALI,VIALE ROLANDO VIGNALI,,,Scontro frontale/laterale DX fra veicoli in marcia,Intersezione semaforizzata,Due carreggiate,Asciutto,Asfaltata,Verticale ed orizzontale,Sereno,Normale,Buona,Ore Diurne,0,0,0,2,12.5815,41.8581,-1,1,Autovettura privata,In marcia / fermata / arresto,Conducente,F,Illeso,0,,Non accertato,Inesploso,,
3924017,10,18/07/2018 17:00:00,Strada Urbana,VIALE BRUNO PELIZZI,all'intersezione semaforizzata con,VIALE ROLANDO VIGNALI,VIALE ROLANDO VIGNALI,,,Scontro frontale/laterale DX fra veicoli in marcia,Intersezione semaforizzata,Due carreggiate,Asciutto,Asfaltata,Verticale ed orizzontale,Sereno,Normale,Buona,Ore Diurne,0,0,0,2,12.5815,41.8581,-1,2,Autovettura privata,In marcia / fermata / arresto,Conducente,M,Illeso,0,,Non accertato,Esploso,,
3924019,10,18/07/2018 19:50:00,Strada Urbana,VIALE ANTONIO CIAMARRA,in prossimit�,,del civico n.,232,,Scontro frontale/laterale SX fra veicoli in marcia,Rettilineo,Due carreggiate,Asciutto,Asfaltata,Assente,Sereno,Normale,Buona,Ore Diurne,1,0,0,4,12.5906,41.8539,-1,1,Autovettura privata,In marcia / fermata / arresto,Conducente,F,Rifiuta cure immediate,0,NON DECEDUTO,Non accertato,Inesploso,,
3924019,10,18/07/2018 19:50:00,Strada Urbana,VIALE ANTONIO CIAMARRA,in prossimit�,,del civico n.,232,,Scontro frontale/laterale SX fra veicoli in marcia,Rettilineo,Due carreggiate,Asciutto,Asfaltata,Assente,Sereno,Normale,Buona,Ore Diurne,1,0,0,4,12.5906,41.8539,-1,2,Autovettura privata,In marcia / fermata / arresto,Conducente,F,Illeso,0,,Non accertato,Inesploso,,
3924019,10,18/07/2018 19:50:00,Strada Urbana,VIALE ANTONIO CIAMARRA,in prossimit�,,del civico n.,232,,Scontro frontale/laterale SX fra veicoli in marcia,Rettilineo,Due carreggiate,Asciutto,Asfaltata,Assente,Sereno,Normale,Buona,Ore Diurne,1,0,0,4,12.5906,41.8539,-1,2,Autovettura privata,In marcia / fermata / arresto,Passeggero,F,Illeso,0,,Non accertato,Inesploso,,
3924019,10,18/07/2018 19:50:00,Strada Urbana,VIALE ANTONIO CIAMARRA,in prossimit�,,del civico n.,232,,Scontro frontale/laterale SX fra veicoli in marcia,Rettilineo,Due carreggiate,Asciutto,Asfaltata,Assente,Sereno,Normale,Buona,Ore Diurne,1,0,0,4,12.5906,41.8539,-1,2,Autovettura privata,In marcia / fermata / arresto,Passeggero,F,Illeso,0,,Non accertato,Inesploso,,
3924020,3,17/07/2018 18:30:00,Strada Urbana,CIRCONVALLAZIONE NOMENTANA,da specificare,,,,altezza Via livorno dir. salaria,Scontro frontale fra veicoli in marcia,Rettilineo,Una carreggiata a senso unico di marcia,Asciutto,Asfaltata,Verticale ed orizzontale,Sereno,Normale,Buona,Ore Diurne,0,0,0,2,12.5273,41.918,-1,1,Autovettura privata,In marcia / fermata / arresto,Conducente,M,Illeso,0,,Non accertato,Inesploso,,
3924020,3,17/07/2018 18:30:00,Strada Urbana,CIRCONVALLAZIONE NOMENTANA,da specificare,,,,altezza Via livorno dir. salaria,Scontro frontale fra veicoli in marcia,Rettilineo,Una carreggiata a senso unico di marcia,Asciutto,Asfaltata,Verticale ed orizzontale,Sereno,Normale,Buona,Ore Diurne,0,0,0,2,12.5273,41.918,-1,2,Motociclo a solo,In marcia / fermata / arresto,Conducente,M,Illeso,0,,Non accertato,,,
3924021,10,19/07/2018 04:20:00,Strada Urbana,VIA TUSCOLANA,da specificare,,,,fronte civico 911,Veicolo in marcia contro veicoli in sosta,Rettilineo,Due carreggiate,Asciutto,Asfaltata,Orizzontale,Sereno,Scarso,Buona,Sufficiente,0,0,0,1,12.563,41.8562,-1,1,Autovettura privata,In marcia / fermata / arresto,Conducente,M,Illeso,0,,Non accertato,Inesploso,,
3924025,3,18/07/2018 02:30:00,Strada Urbana,VIALE DELLO SCALO S. LORENZO,in prossimit�,,del civico n.,25,,Scontro frontale/laterale SX fra veicoli in marcia,Rettilineo,Pi� di due carreggiate,Asciutto,Asfaltata,Orizzontale,Sereno,Scarso,Buona,Sufficiente,0,0,0,2,12.5162,41.8937,-1,1,Autovettura privata,In marcia / fermata / arresto,Conducente,M,Illeso,0,,Non accertato,Inesploso,,
3924025,3,18/07/2018 02:30:00,Strada Urbana,VIALE DELLO SCALO S. LORENZO,in prossimit�,,del civico n.,25,,Scontro frontale/laterale SX fra veicoli in marcia,Rettilineo,Pi� di due carreggiate,Asciutto,Asfaltata,Orizzontale,Sereno,Scarso,Buona,Sufficiente,0,0,0,2,12.5162,41.8937,-1,2,Autovettura privata,In marcia / fermata / arresto,Conducente,M,Illeso,0,,Non accertato,Inesploso,,
3924026,2,19/07/2018 01:00:00,Strada Urbana,VIA GIOVANNI BATTISTA MORGAGNI,in prossimit�,,del civico n.,41,,Veicolo in marcia contro ostacolo fisso,Rettilineo,Due carreggiate,Asciutto,Asfaltata,Verticale ed orizzontale,Sereno,Scarso,Sufficiente,Sufficiente,1,1,0,0,12.5129,41.9105,-1,1,Motociclo con passeggero,In marcia / fermata / arresto,Conducente,M,Prognosi riservata,0,NON DECEDUTO,Utilizzato,,,
3924026,2,19/07/2018 01:00:00,Strada Urbana,VIA GIOVANNI BATTISTA MORGAGNI,in prossimit�,,del civico n.,41,,Veicolo in marcia contro ostacolo fisso,Rettilineo,Due carreggiate,Asciutto,Asfaltata,Verticale ed orizzontale,Sereno,Scarso,Sufficiente,Sufficiente,1,1,0,0,12.5129,41.9105,-1,1,Motociclo con passeggero,In marcia / fermata / arresto,Passeggero,M,Rimandato,0,NON DECEDUTO,Utilizzato,,,
3924033,3,17/07/2018 20:45:00,Strada Urbana,CIRCONVALLAZIONE NOMENTANA,da specificare,,,,svincolo fronte Via Livorno,Scontro laterale fra veicoli in marcia,Rettilineo,Una carreggiata a senso unico di marcia,Asciutto,Asfaltata,Assente,Sereno,Normale,Buona,Sufficiente,0,0,0,2,12.5272,41.9172,-1,1,Autobus di linea,In marcia / fermata / arresto,Conducente,M,Illeso,0,,Non accertato,,,
3924033,3,17/07/2018 20:45:00,Strada Urbana,CIRCONVALLAZIONE NOMENTANA,da specificare,,,,svincolo fronte Via Livorno,Scontro laterale fra veicoli in marcia,Rettilineo,Una carreggiata a senso unico di marcia,Asciutto,Asfaltata,Assente,Sereno,Normale,Buona,Sufficiente,0,0,0,2,12.5272,41.9172,-1,2,Autovettura privata,In marcia / fermata / arresto,Conducente,F,Illeso,0,,Non accertato,,,
3924035,15,18/07/2018 19:10:00,Strada Urbana,LUNGOTEVERE DI PIETRA PAPA,all'intersezione con,VIA AVICENNA,VIA AVICENNA,,,Scontro laterale fra veicoli in marcia,Incrocio,Una carreggiata a senso unico di marcia,Asciutto,Asfaltata,Verticale ed orizzontale,Sereno,Normale,Buona,Ore Diurne,1,0,0,1,12.4743,41.8629,-1,1,Autovettura privata,In marcia / fermata / arresto,Conducente,M,Illeso,0,,Utilizzato,Inesploso,,
3924035,15,18/07/2018 19:10:00,Strada Urbana,LUNGOTEVERE DI PIETRA PAPA,all'intersezione con,VIA AVICENNA,VIA AVICENNA,,,Scontro laterale fra veicoli in marcia,Incrocio,Una carreggiata a senso unico di marcia,Asciutto,Asfaltata,Verticale ed orizzontale,Sereno,Normale,Buona,Ore Diurne,1,0,0,1,12.4743,41.8629,-1,2,Ciclomotore con passeggero,In marcia / fermata / arresto,Conducente,M,Rifiuta cure immediate,0,NON DECEDUTO,Utilizzato,,,
3924037,6,18/07/2018 15:45:00,Strada Urbana,VIA MARIANO DA SARNO,all'intersezione con,VIA GIOVANNI BRANCALEONE,VIA GIOVANNI BRANCALEONE,,,Scontro frontale/laterale DX fra veicoli in marcia,Incrocio,Una carreggiata a senso unico di marcia,Asciutto,Asfaltata,Verticale ed orizzontale,Sereno,Scarso,Buona,Ore Diurne,0,0,0,3,12.5312,41.8884,-1,1,Autovettura privata,In marcia / fermata / arresto,Conducente,M,Illeso,0,,,,,
3924037,6,18/07/2018 15:45:00,Strada Urbana,VIA MARIANO DA SARNO,all'intersezione con,VIA GIOVANNI BRANCALEONE,VIA GIOVANNI BRANCALEONE,,,Scontro frontale/laterale DX fra veicoli in marcia,Incrocio,Una carreggiata a senso unico di marcia,Asciutto,Asfaltata,Verticale ed orizzontale,Sereno,Scarso,Buona,Ore Diurne,0,0,0,3,12.5312,41.8884,-1,2,Autovettura privata,In marcia / fermata / arresto,Conducente,F,Illeso,0,,,,,
3924037,6,18/07/2018 15:45:00,Strada Urbana,VIA MARIANO DA SARNO,all'intersezione con,VIA GIOVANNI BRANCALEONE,VIA GIOVANNI BRANCALEONE,,,Scontro frontale/laterale DX fra veicoli in marcia,Incrocio,Una carreggiata a senso unico di marcia,Asciutto,Asfaltata,Verticale ed orizzontale,Sereno,Scarso,Buona,Ore Diurne,0,0,0,3,12.5312,41.8884,-1,2,Autovettura privata,In marcia / fermata / arresto,Passeggero,M,Illeso,0,,,,,
3924040,15,18/07/2018 07:50:00,Strada Urbana,VIA PORTUENSE,in corrispondenza,,del civico n.,882,,Infortunio per sola frenata improvvisa,Curva senza visuale libera,Una carreggiata a doppio senso,Asciutto,Asfaltata,Verticale,Sereno,Normale,Buona,Ore Diurne,0,0,0,1,12.4011,41.8433,-1,1,Ciclomotore con passeggero,In marcia / fermata / arresto,Conducente,M,Illeso,0,,Utilizzato,,,
3924041,20,18/07/2018 09:40:00,Strada Urbana,PIAZZA LAURO DE BOSIS,all'intersezione semaforizzata con,PONTE DUCA D'AOSTA,PONTE DUCA D'AOSTA,,,Scontro laterale fra veicoli in marcia,Intersezione semaforizzata,Due carreggiate,Asciutto,Asfaltata,Verticale ed orizzontale,Sereno,Normale,Buona,Ore Diurne,0,0,0,2,12.4586,41.9316,-1,1,Autovettura privata,In marcia / fermata / arresto,Conducente,F,Illeso,0,,Non accertato,,,
3924041,20,18/07/2018 09:40:00,Strada Urbana,PIAZZA LAURO DE BOSIS,all'intersezione semaforizzata con,PONTE DUCA D'AOSTA,PONTE DUCA D'AOSTA,,,Scontro laterale fra veicoli in marcia,Intersezione semaforizzata,Due carreggiate,Asciutto,Asfaltata,Verticale ed orizzontale,Sereno,Normale,Buona,Ore Diurne,0,0,0,2,12.4586,41.9316,-1,2,Autovettura privata,In marcia / fermata / arresto,Conducente,M,Illeso,0,,Non accertato,,,
3924044,3,16/07/2018 09:40:00,Strada Urbana,VIA TIBURTINA,in corrispondenza,,del civico n.,253,,Tamponamento Multiplo,Rettilineo,Pi� di due carreggiate,Asciutto,Asfaltata,Orizzontale,Sereno,Intenso,Buona,Ore Diurne,0,0,0,4,12.523,41.907,-1,1,Motociclo a solo,In marcia / fermata / arresto,Conducente,F,Illeso,0,,Non accertato,,,
3924044,3,16/07/2018 09:40:00,Strada Urbana,VIA TIBURTINA,in corrispondenza,,del civico n.,253,,Tamponamento Multiplo,Rettilineo,Pi� di due carreggiate,Asciutto,Asfaltata,Orizzontale,Sereno,Intenso,Buona,Ore Diurne,0,0,0,4,12.523,41.907,-1,2,Autovettura privata,In marcia / fermata / arresto,Conducente,F,Illeso,0,,Non accertato,,,
3924044,3,16/07/2018 09:40:00,Strada Urbana,VIA TIBURTINA,in corrispondenza,,del civico n.,253,,Tamponamento Multiplo,Rettilineo,Pi� di due carreggiate,Asciutto,Asfaltata,Orizzontale,Sereno,Intenso,Buona,Ore Diurne,0,0,0,4,12.523,41.907,-1,3,Autovettura privata,In marcia / fermata / arresto,Conducente,F,Illeso,0,,Non accertato,,,
3924044,3,16/07/2018 09:40:00,Strada Urbana,VIA TIBURTINA,in corrispondenza,,del civico n.,253,,Tamponamento Multiplo,Rettilineo,Pi� di due carreggiate,Asciutto,Asfaltata,Orizzontale,Sereno,Intenso,Buona,Ore Diurne,0,0,0,4,12.523,41.907,-1,3,Autovettura privata,In marcia / fermata / arresto,Passeggero,F,Illeso,0,,Non accertato,,,
3924056,3,18/07/2018 11:20:00,,VIA CESARE DE LOLLIS,in prossimit�,,del civico n.,22,,Tamponamento,,,,,,,,,,0,0,0,1,,,0,1,Autovettura privata,In marcia / fermata / arresto,Conducente,F,Illeso,0,,,,,
3924060,3,17/07/2018 14:35:00,Strada Urbana,LARGO DEGLI OSCI,all'intersezione con,VIA DEI LATINI,VIA DEI LATINI,,,Scontro frontale/laterale DX fra veicoli in marcia,Intersezione stradale segnalata,Una carreggiata a senso unico di marcia,Asciutto,Asfaltata,Verticale ed orizzontale,Sereno,Normale,Buona,Insufficiente,1,0,0,1,12.5141,41.897,-1,1,Autovettura privata,In marcia / fermata / arresto,Conducente,M,Illeso,0,,,,,
3924060,3,17/07/2018 14:35:00,Strada Urbana,LARGO DEGLI OSCI,all'intersezione con,VIA DEI LATINI,VIA DEI LATINI,,,Scontro frontale/laterale DX fra veicoli in marcia,Intersezione stradale segnalata,Una carreggiata a senso unico di marcia,Asciutto,Asfaltata,Verticale ed orizzontale,Sereno,Normale,Buona,Insufficiente,1,0,0,1,12.5141,41.897,-1,2,Motociclo a solo,In marcia / fermata / arresto,Conducente,M,Rimandato,0,NON DECEDUTO,,,,
3924063,8,18/07/2018 08:40:00,Strada Urbana,VIA ENRICO DELL'ACQUA,all'intersezione con,VIA AMARETTA,VIA AMARETTA,,,Scontro frontale/laterale SX fra veicoli in marcia,Incrocio,Una carreggiata a senso unico di marcia,Asciutto,Asfaltata,Verticale ed orizzontale,Sereno,Scarso,Buona,Ore Diurne,0,0,0,3,12.6507,41.8651,-1,1,Autovettura privata,In marcia / fermata / arresto,Conducente,M,Illeso,0,,Non accertato,Inesploso,,
3924063,8,18/07/2018 08:40:00,Strada Urbana,VIA ENRICO DELL'ACQUA,all'intersezione con,VIA AMARETTA,VIA AMARETTA,,,Scontro frontale/laterale SX fra veicoli in marcia,Incrocio,Una carreggiata a senso unico di marcia,Asciutto,Asfaltata,Verticale ed orizzontale,Sereno,Scarso,Buona,Ore Diurne,0,0,0,3,12.6507,41.8651,-1,1,Autovettura privata,In marcia / fermata / arresto,Passeggero,M,Illeso,0,,Non accertato,Inesploso,,
3924063,8,18/07/2018 08:40:00,Strada Urbana,VIA ENRICO DELL'ACQUA,all'intersezione con,VIA AMARETTA,VIA AMARETTA,,,Scontro frontale/laterale SX fra veicoli in marcia,Incrocio,Una carreggiata a senso unico di marcia,Asciutto,Asfaltata,Verticale ed orizzontale,Sereno,Scarso,Buona,Ore Diurne,0,0,0,3,12.6507,41.8651,-1,2,Autovettura privata,In marcia / fermata / arresto,Conducente,F,Illeso,0,,Non accertato,Inesploso,,
3924073,7,19/07/2018 00:10:00,Strada Urbana,VIA DEI CASTANI,all'intersezione con,VIA DELLE ROBINIE,VIA DELLE ROBINIE,,,Scontro frontale/laterale DX fra veicoli in marcia,Intersezione stradale segnalata,Due carreggiate,Asciutto,Asfaltata,Verticale ed orizzontale,Sereno,Scarso,Sufficiente,Sufficiente,0,0,0,2,12.5668,41.8837,-1,1,Autovettura privata,In marcia / fermata / arresto,Conducente,M,Illeso,0,,,,,
3924073,7,19/07/2018 00:10:00,Strada Urbana,VIA DEI CASTANI,all'intersezione con,VIA DELLE ROBINIE,VIA DELLE ROBINIE,,,Scontro frontale/laterale DX fra veicoli in marcia,Intersezione stradale segnalata,Due carreggiate,Asciutto,Asfaltata,Verticale ed orizzontale,Sereno,Scarso,Sufficiente,Sufficiente,0,0,0,2,12.5668,41.8837,-1,2,Autovettura privata,In marcia / fermata / arresto,Conducente,M,Illeso,0,,,,,
3924092,1,18/07/2018 09:30:00,Strada Urbana,VIA DELL'AMBA ARADAM,in corrispondenza,,del civico n.,31/a,,Scontro frontale/laterale SX fra veicoli in marcia,Rettilineo,Una carreggiata a doppio senso,Asciutto,Asfaltata,Verticale ed orizzontale,Sereno,Intenso,Buona,Ore Diurne,1,0,0,1,12.5005,41.8837,-1,1,Motociclo a solo,In marcia / fermata / arresto,Conducente,M,Rimandato,0,NON DECEDUTO,Non accertato,,,
3924092,1,18/07/2018 09:30:00,Strada Urbana,VIA DELL'AMBA ARADAM,in corrispondenza,,del civico n.,31/a,,Scontro frontale/laterale SX fra veicoli in marcia,Rettilineo,Una carreggiata a doppio senso,Asciutto,Asfaltata,Verticale ed orizzontale,Sereno,Intenso,Buona,Ore Diurne,1,0,0,1,12.5005,41.8837,-1,2,Autovettura privata,In marcia / fermata / arresto,Conducente,M,Illeso,0,,Non accertato,,,
3924099,8,18/07/2018 12:00:00,,VIA SILICELLA,in corrispondenza,,del civico n.,99,,Scontro frontale/laterale DX fra veicoli in marcia,,,,,,,,,,0,0,0,2,,,0,1,Autocarro inferiore 35 q.,In marcia / fermata / arresto,Conducente,M,Illeso,0,,Non accertato,Inesploso,,
3924099,8,18/07/2018 12:00:00,,VIA SILICELLA,in corrispondenza,,del civico n.,99,,Scontro frontale/laterale DX fra veicoli in marcia,,,,,,,,,,0,0,0,2,,,0,2,Autovettura privata,In marcia / fermata / arresto,Conducente,M,Illeso,0,,Non accertato,Inesploso,,