Protocollo,Gruppo,DataOraIncidente,Localizzazione1,STRADA1,Localizzazione2,STRADA2,Strada02,Chilometrica,DaSpecificare,NaturaIncidente,particolaritastrade,TipoStrada,FondoStradale,Pavimentazione,Segnaletica,CondizioneAtmosferica,Traffico,Visibilita,Illuminazione,NUM_FERITI,NUM_RISERVATA,NUM_MORTI,NUM_ILLESI,Longitudine,Latitudine,Confermato,Progressivo,TipoVeicolo,StatoVeicolo,TipoPersona,Sesso,Tipolesione,Deceduto,DecedutoDopo,CinturaCascoUtilizzato,Airbag,,
3924103,13,18/07/2018 11:00:00,Strada Urbana,VIALE DELLE REPUBBLICHE MARINARE,all'intersezione con,VIALE VASCO DE GAMA,VIALE VASCO DE GAMA,,,Scontro frontale/laterale DX fra veicoli in marcia,Incrocio,Due carreggiate,Asciutto,Asfaltata,Verticale ed orizzontale,Sereno,Normale,Buona,Ore Diurne,0,0,0,2,12.2683,41.7352,-1,1,Autovettura privata,In marcia / fermata / arresto,Conducente,F,Illeso,0,,Non accertato,Inesploso,,
3924103,13,18/07/2018 11:00:00,Strada Urbana,VIALE DELLE REPUBBLICHE MARINARE,all'intersezione con,VIALE VASCO DE GAMA,VIALE VASCO DE GAMA,,,Scontro frontale/laterale DX fra veicoli in marcia,Incrocio,Due carreggiate,Asciutto,Asfaltata,Verticale ed orizzontale,Sereno,Normale,Buona,Ore Diurne,0,0,0,2,12.2683,41.7352,-1,2,Autovettura privata,In marcia / fermata / arresto,Conducente,F,Illeso,0,,Non accertato,Inesploso,,
3924104,7,18/07/2018 16:00:00,Strada Urbana,VIA DELLE MIMOSE,all'intersezione con,VIA DEI LICHENI,VIA DEI LICHENI,,,Scontro frontale/laterale SX fra veicoli in marcia,Incrocio,Una carreggiata a senso unico di marcia,Asciutto,Asfaltata,Verticale ed orizzontale,Sereno,Normale,Buona,Ore Diurne,0,0,0,6,12.5704,41.8764,-1,1,Autovettura privata,In marcia / fermata / arresto,Conducente,M,Illeso,0,,,,,
3924104,7,18/07/2018 16:00:00,Strada Urbana,VIA DELLE MIMOSE,all'intersezione con,VIA DEI LICHENI,VIA DEI LICHENI,,,Scontro frontale/laterale SX fra veicoli in marcia,Incrocio,Una carreggiata a senso unico di marcia,Asciutto,Asfaltata,Verticale ed orizzontale,Sereno,Normale,Buona,Ore Diurne,0,0,0,6,12.5704,41.8764,-1,1,Autovettura privata,In marcia / fermata / arresto,Passeggero,M,Illeso,0,,,,,
3924104,7,18/07/2018 16:00:00,Strada Urbana,VIA DELLE MIMOSE,all'intersezione con,VIA DEI LICHENI,VIA DEI LICHENI,,,Scontro frontale/laterale SX fra veicoli in marcia,Incrocio,Una carreggiata a senso unico di marcia,Asciutto,Asfaltata,Verticale ed orizzontale,Sereno,Normale,Buona,Ore Diurne,0,0,0,6,12.5704,41.8764,-1,1,Autovettura privata,In marcia / fermata / arresto,Passeggero,F,Illeso,0,,,,,
3924104,7,18/07/2018 16:00:00,Strada Urbana,VIA DELLE MIMOSE,all'intersezione con,VIA DEI LICHENI,VIA DEI LICHENI,,,Scontro frontale/laterale SX fra veicoli in marcia,Incrocio,Una carreggiata a senso unico di marcia,Asciutto,Asfaltata,Verticale ed orizzontale,Sereno,Normale,Buona,Ore Diurne,0,0,0,6,12.5704,41.8764,-1,2,Autovettura privata,In marcia / fermata / arresto,Conducente,M,Illeso,0,,,,,
3924104,7,18/07/2018 16:00:00,Strada Urbana,VIA DELLE MIMOSE,all'intersezione con,VIA DEI LICHENI,VIA DEI LICHENI,,,Scontro frontale/laterale SX fra veicoli in marcia,Incrocio,Una carreggiata a senso unico di marcia,Asciutto,Asfaltata,Verticale ed orizzontale,Sereno,Normale,Buona,Ore Diurne,0,0,0,6,12.5704,41.8764,-1,4,Autovettura privata,In marcia / fermata / arresto,Conducente,M,Illeso,0,,,,,
3924104,7,18/07/2018 16:00:00,Strada Urbana,VIA DELLE MIMOSE,all'intersezione con,VIA DEI LICHENI,VIA DEI LICHENI,,,Scontro frontale/laterale SX fra veicoli in marcia,Incrocio,Una carreggiata a senso unico di marcia,Asciutto,Asfaltata,Verticale ed orizzontale,Sereno,Normale,Buona,Ore Diurne,0,0,0,6,12.5704,41.8764,-1,4,Autovettura privata,In marcia / fermata / arresto,Passeggero,M,Illeso,0,,,,,
3924112,8,18/07/2018 19:00:00,Strada Urbana,VIA SERRADIFALCO,all'intersezione con,VIA CAMPOFIORITO,VIA CAMPOFIORITO,,,Scontro frontale/laterale DX fra veicoli in marcia,Incrocio,Una carreggiata a senso unico di marcia,Asciutto,Asfaltata,Verticale ed orizzontale,Sereno,Scarso,Buona,Ore Diurne,1,0,0,1,12.6912,41.8644,-1,1,Autovettura privata,In marcia / fermata / arresto,Conducente,M,Illeso,0,,Non accertato,Inesploso,,
3924112,8,18/07/2018 19:00:00,Strada Urbana,VIA SERRADIFALCO,all'intersezione con,VIA CAMPOFIORITO,VIA CAMPOFIORITO,,,Scontro frontale/laterale DX fra veicoli in marcia,Incrocio,Una carreggiata a senso unico di marcia,Asciutto,Asfaltata,Verticale ed orizzontale,Sereno,Scarso,Buona,Ore Diurne,1,0,0,1,12.6912,41.8644,-1,2,Autovettura privata,In marcia / fermata / arresto,Conducente,M,Rimandato,0,NON DECEDUTO,Non accertato,Inesploso,,
3924114,8,18/07/2018 19:15:00,Strada Urbana,VIA PARTANNA,all'intersezione con,VIA SALEMI,VIA SALEMI,,,Scontro frontale/laterale SX fra veicoli in marcia,Intersezione stradale segnalata,Una carreggiata a doppio senso,Asciutto,Asfaltata,Verticale,Sereno,Normale,Sufficiente,Ore Diurne,0,0,0,2,12.6543,41.8669,-1,1,Autovettura privata,In marcia / fermata / arresto,Conducente,M,Illeso,0,,Non accertato,Inesploso,,
3924114,8,18/07/2018 19:15:00,Strada Urbana,VIA PARTANNA,all'intersezione con,VIA SALEMI,VIA SALEMI,,,Scontro frontale/laterale SX fra veicoli in marcia,Intersezione stradale segnalata,Una carreggiata a doppio senso,Asciutto,Asfaltata,Verticale,Sereno,Normale,Sufficiente,Ore Diurne,0,0,0,2,12.6543,41.8669,-1,2,Autovettura privata,In marcia / fermata / arresto,Conducente,M,Illeso,0,,Non accertato,Inesploso,,
3924116,4,18/07/2018 16:45:00,Strada Urbana,VIA MATTEO BANDELLO,in prossimit�,,del civico n.,11/13,,Veicolo in marcia contro veicolo in sosta,Rettilineo,Una carreggiata a doppio senso,Asciutto,Asfaltata,Verticale ed orizzontale,Sereno,Normale,Buona,Ore Diurne,0,0,0,1,12.5424,41.9442,-1,1,Autovettura privata,In marcia / fermata / arresto,Conducente,F,Illeso,0,,Non accertato,Inesploso,,
3924123,18,18/07/2018 18:05:00,Strada Urbana,VIA GREGORIO VII,da specificare,,,,altezza largo IACOBINI,Ribaltamento senza urto contro ostacolo fisso,Rettilineo,Pi� di due carreggiate,Asciutto,Asfaltata,Verticale ed orizzontale,Sereno,Normale,Buona,Ore Diurne,1,0,0,0,12.4408,41.8963,-1,1,Motociclo a solo,In marcia / fermata / arresto,Conducente,M,Rifiuta cure immediate,0,NON DECEDUTO,Non accertato,,,
3924127,1,18/07/2018 05:45:00,Strada Urbana,VIA DEL CORSO,all'intersezione semaforizzata con,VIA DELLE CONVERTITE,VIA DELLE CONVERTITE,,,Scontro frontale/laterale SX fra veicoli in marcia,Intersezione stradale segnalata,Una carreggiata a senso unico di marcia,Asciutto,Asfaltata,Verticale ed orizzontale,Sereno,Scarso,Buona,Ore Diurne,0,0,0,2,12.4798,41.9025,-1,1,Autovettura pubblica,In marcia / fermata / arresto,Conducente,M,Illeso,0,,Non accertato,Inesploso,,
3924127,1,18/07/2018 05:45:00,Strada Urbana,VIA DEL CORSO,all'intersezione semaforizzata con,VIA DELLE CONVERTITE,VIA DELLE CONVERTITE,,,Scontro frontale/laterale SX fra veicoli in marcia,Intersezione stradale segnalata,Una carreggiata a senso unico di marcia,Asciutto,Asfaltata,Verticale ed orizzontale,Sereno,Scarso,Buona,Ore Diurne,0,0,0,2,12.4798,41.9025,-1,2,Autovettura privata,In marcia / fermata / arresto,Conducente,M,Illeso,0,,Non accertato,Inesploso,,
3924131,13,18/07/2018 19:45:00,Strada Urbana,VIALE AMMIRAGLIO DEL BONO,in prossimit�,,del civico n.,37,,Tamponamento,Rettilineo,Una carreggiata a senso unico di marcia,Asciutto,Asfaltata,Verticale ed orizzontale,Sereno,Scarso,Buona,Ore Diurne,0,0,0,2,12.2843,41.7369,-1,1,Autovettura privata,In marcia / fermata / arresto,Conducente,F,Illeso,0,,Non accertato,Inesploso,,
3924131,13,18/07/2018 19:45:00,Strada Urbana,VIALE AMMIRAGLIO DEL BONO,in prossimit�,,del civico n.,37,,Tamponamento,Rettilineo,Una carreggiata a senso unico di marcia,Asciutto,Asfaltata,Verticale ed orizzontale,Sereno,Scarso,Buona,Ore Diurne,0,0,0,2,12.2843,41.7369,-1,2,Autovettura privata,In marcia / fermata / arresto,Conducente,M,Illeso,0,,Non accertato,Inesploso,,
3924139,8,18/07/2018 21:20:00,Strada Urbana,VIA DI S. VITTORINO,in prossimit�,,del civico n.,2,,Ribaltamento senza urto contro ostacolo fisso,Rettilineo,Una carreggiata a doppio senso,Asciutto,Asfaltata,Verticale ed orizzontale,Sereno,Scarso,Insufficiente,Inesistente,1,0,0,1,12.7751,41.9218,-1,1,Autovettura privata,In marcia / fermata / arresto,Conducente,F,Rimandato,0,NON DECEDUTO,Non accertato,Inesploso,,
3924139,8,18/07/2018 21:20:00,Strada Urbana,VIA DI S. VITTORINO,in prossimit�,,del civico n.,2,,Ribaltamento senza urto contro ostacolo fisso,Rettilineo,Una carreggiata a doppio senso,Asciutto,Asfaltata,Verticale ed orizzontale,Sereno,Scarso,Insufficiente,Inesistente,1,0,0,1,12.7751,41.9218,-1,2,Autobus di linea,In marcia / fermata / arresto,Conducente,F,Illeso,0,,Non accertato,Inesploso,,
3924151,4,19/07/2018 03:30:00,Strada Urbana,PIAZZA ISTRIA,all'intersezione con,CORSO TRIESTE,CORSO TRIESTE,,,Veicolo in marcia contro ostacolo fisso,Rotatoria,Una carreggiata a senso unico di marcia,Asciutto,Asfaltata,Verticale ed orizzontale,Sereno,Scarso,Buona,Sufficiente,0,0,0,2,12.5125,41.9234,-1,1,Autovettura privata,In marcia / fermata / arresto,Conducente,M,Illeso,0,,,,,
3924151,4,19/07/2018 03:30:00,Strada Urbana,PIAZZA ISTRIA,all'intersezione con,CORSO TRIESTE,CORSO TRIESTE,,,Veicolo in marcia contro ostacolo fisso,Rotatoria,Una carreggiata a senso unico di marcia,Asciutto,Asfaltata,Verticale ed orizzontale,Sereno,Scarso,Buona,Sufficiente,0,0,0,2,12.5125,41.9234,-1,1,Autovettura privata,In marcia / fermata / arresto,Passeggero,F,Illeso,0,,,,,
3924160,1,18/07/2018 14:15:00,Strada Urbana,VIALE GUIDO BACCELLI,in prossimit�,,del civico n.,86,,Scontro frontale/laterale DX fra veicoli in marcia,Rettilineo,Una carreggiata a doppio senso,Asciutto,Asfaltata,Orizzontale,Sereno,Normale,Buona,Ore Diurne,1,0,0,1,12.4956,41.8748,-1,1,Macchina operatrice,In marcia / fermata / arresto,Conducente,M,Illeso,0,,Non accertato,,,
3924160,1,18/07/2018 14:15:00,Strada Urbana,VIALE GUIDO BACCELLI,in prossimit�,,del civico n.,86,,Scontro frontale/laterale DX fra veicoli in marcia,Rettilineo,Una carreggiata a doppio senso,Asciutto,Asfaltata,Orizzontale,Sereno,Normale,Buona,Ore Diurne,1,0,0,1,12.4956,41.8748,-1,2,Motociclo a solo,In marcia / fermata / arresto,Conducente,M,Rimandato,0,NON DECEDUTO,Non accertato,,,
3924184,20,19/07/2018 08:45:00,Strada Urbana,VIA FLAMINIA NUOVA,da specificare,,,,in prossimit� di via Bomarzo,Tamponamento Multiplo,Rettilineo,Una carreggiata a doppio senso,Asciutto,Asfaltata,Verticale ed orizzontale,Sereno,Normale,Buona,Ore Diurne,0,0,0,3,12.4793,41.9551,-1,1,Autovettura privata,In marcia / fermata / arresto,Conducente,M,Illeso,0,,Non accertato,Inesploso,,
3924184,20,19/07/2018 08:45:00,Strada Urbana,VIA FLAMINIA NUOVA,da specificare,,,,in prossimit� di via Bomarzo,Tamponamento Multiplo,Rettilineo,Una carreggiata a doppio senso,Asciutto,Asfaltata,Verticale ed orizzontale,Sereno,Normale,Buona,Ore Diurne,0,0,0,3,12.4793,41.9551,-1,2,Autovettura privata,In marcia / fermata / arresto,Conducente,M,Illeso,0,,Non accertato,Inesploso,,
3924184,20,19/07/2018 08:45:00,Strada Urbana,VIA FLAMINIA NUOVA,da specificare,,,,in prossimit� di via Bomarzo,Tamponamento Multiplo,Rettilineo,Una carreggiata a doppio senso,Asciutto,Asfaltata,Verticale ed orizzontale,Sereno,Normale,Buona,Ore Diurne,0,0,0,3,12.4793,41.9551,-1,3,Autovettura privata,In marcia / fermata / arresto,Conducente,M,Illeso,0,,Non accertato,Inesploso,,
3924203,9,18/07/2018 09:00:00,Strada Urbana,VIA APPIA NUOVA,in corrispondenza,,del civico n.,221,,Veicolo in marcia contro veicolo arresto,Rettilineo,Due carreggiate,Asciutto,Asfaltata,Verticale ed orizzontale,Sereno,Intenso,Buona,Ore Diurne,0,0,0,2,12.5174,41.8794,-1,1,Autobus turistico,In marcia / fermata / arresto,Conducente,M,Illeso,0,,,,,
3924203,9,18/07/2018 09:00:00,Strada Urbana,VIA APPIA NUOVA,in corrispondenza,,del civico n.,221,,Veicolo in marcia contro veicolo arresto,Rettilineo,Due carreggiate,Asciutto,Asfaltata,Verticale ed orizzontale,Sereno,Intenso,Buona,Ore Diurne,0,0,0,2,12.5174,41.8794,-1,2,Autovettura privata,In marcia / fermata / arresto,Conducente,F,Illeso,0,,,,,
3924221,1,18/07/2018 13:00:00,Strada Urbana,VIA AURORA,all'intersezione con,VIA LOMBARDIA,VIA LOMBARDIA,,,Scontro frontale/laterale SX fra veicoli in marcia,Incrocio,Una carreggiata a senso unico di marcia,Asciutto,Asfaltata,Verticale ed orizzontale,Sereno,Scarso,Buona,Ore Diurne,1,0,0,1,12.4875,41.9077,-1,1,Autovettura privata,In marcia / fermata / arresto,Conducente,M,Illeso,0,,Non accertato,Inesploso,,
3924221,1,18/07/2018 13:00:00,Strada Urbana,VIA AURORA,all'intersezione con,VIA LOMBARDIA,VIA LOMBARDIA,,,Scontro frontale/laterale SX fra veicoli in marcia,Incrocio,Una carreggiata a senso unico di marcia,Asciutto,Asfaltata,Verticale ed orizzontale,Sereno,Scarso,Buona,Ore Diurne,1,0,0,1,12.4875,41.9077,-1,2,Ciclomotore,In marcia / fermata / arresto,Conducente,M,Rimandato,0,NON DECEDUTO,Non accertato,,,
3924234,5,18/07/2018 16:10:00,Strada Urbana,VIALE PALMIRO TOGLIATTI,in prossimit�,,del civico n.,1505,,Investimento di pedone,Rettilineo,Due carreggiate,Asciutto,Asfaltata,Verticale ed orizzontale,Sereno,Normale,Buona,Ore Diurne,1,0,0,4,12.5704,41.9134,-1,,,,Pedone,M,Rimandato,0,NON DECEDUTO,,,,
3924234,5,18/07/2018 16:10:00,Strada Urbana,VIALE PALMIRO TOGLIATTI,in prossimit�,,del civico n.,1505,,Investimento di pedone,Rettilineo,Due carreggiate,Asciutto,Asfaltata,Verticale ed orizzontale,Sereno,Normale,Buona,Ore Diurne,1,0,0,4,12.5704,41.9134,-1,1,Autovettura privata,In marcia / fermata / arresto,Conducente,M,Illeso,0,,Non accertato,Inesistente,,
3924234,5,18/07/2018 16:10:00,Strada Urbana,VIALE PALMIRO TOGLIATTI,in prossimit�,,del civico n.,1505,,Investimento di pedone,Rettilineo,Due carreggiate,Asciutto,Asfaltata,Verticale ed orizzontale,Sereno,Normale,Buona,Ore Diurne,1,0,0,4,12.5704,41.9134,-1,1,Autovettura privata,In marcia / fermata / arresto,Passeggero,F,Illeso,0,,Non accertato,Inesistente,,
3924234,5,18/07/2018 16:10:00,Strada Urbana,VIALE PALMIRO TOGLIATTI,in prossimit�,,del civico n.,1505,,Investimento di pedone,Rettilineo,Due carreggiate,Asciutto,Asfaltata,Verticale ed orizzontale,Sereno,Normale,Buona,Ore Diurne,1,0,0,4,12.5704,41.9134,-1,1,Autovettura privata,In marcia / fermata / arresto,Passeggero,F,Illeso,0,,Non accertato,Inesistente,,
3924234,5,18/07/2018 16:10:00,Strada Urbana,VIALE PALMIRO TOGLIATTI,in prossimit�,,del civico n.,1505,,Investimento di pedone,Rettilineo,Due carreggiate,Asciutto,Asfaltata,Verticale ed orizzontale,Sereno,Normale,Buona,Ore Diurne,1,0,0,4,12.5704,41.9134,-1,1,Autovettura privata,In marcia / fermata / arresto,Passeggero,F,Illeso,0,,Non accertato,Inesistente,,
3924238,3,18/07/2018 08:55:00,Strada Urbana,VIA NOMENTANA,all'intersezione semaforizzata con,VIALE VENTUNO APRILE,VIALE VENTUNO APRILE,,,Scontro frontale/laterale SX fra veicoli in marcia,Intersezione semaforizzata,Pi� di due carreggiate,Asciutto,Asfaltata,Verticale ed orizzontale,Sereno,Normale,Buona,Ore Diurne,2,0,0,0,12.5177,41.9211,-1,1,Motociclo a solo,In marcia / fermata / arresto,Conducente,M,Ricoverato,0,NON DECEDUTO,Non accertato,,,
3924238,3,18/07/2018 08:55:00,Strada Urbana,VIA NOMENTANA,all'intersezione semaforizzata con,VIALE VENTUNO APRILE,VIALE VENTUNO APRILE,,,Scontro frontale/laterale SX fra veicoli in marcia,Intersezione semaforizzata,Pi� di due carreggiate,Asciutto,Asfaltata,Verticale ed orizzontale,Sereno,Normale,Buona,Ore Diurne,2,0,0,0,12.5177,41.9211,-1,2,Motociclo a solo,In marcia / fermata / arresto,Conducente,M,Ricoverato,0,NON DECEDUTO,Non accertato,,,
3924260,3,18/07/2018 10:20:00,Strada Urbana,CIRCONVALLAZIONE TIBURTINA,da specificare,,,,direzione San Giovanni fronte Easy Box ,Tamponamento,Rettilineo,Due carreggiate,Asciutto,Asfaltata,Verticale ed orizzontale,Sereno,Intenso,Buona,Ore Diurne,1,0,0,2,12.5279,41.8993,-1,1,Autovettura privata,In marcia / fermata / arresto,Conducente,F,Rimandato,0,NON DECEDUTO,Non accertato,,,
3924260,3,18/07/2018 10:20:00,Strada Urbana,CIRCONVALLAZIONE TIBURTINA,da specificare,,,,direzione San Giovanni fronte Easy Box ,Tamponamento,Rettilineo,Due carreggiate,Asciutto,Asfaltata,Verticale ed orizzontale,Sereno,Intenso,Buona,Ore Diurne,1,0,0,2,12.5279,41.8993,-1,1,Autovettura privata,In marcia / fermata / arresto,Passeggero,M,Illeso,0,,Non accertato,,,
3924260,3,18/07/2018 10:20:00,Strada Urbana,CIRCONVALLAZIONE TIBURTINA,da specificare,,,,direzione San Giovanni fronte Easy Box ,Tamponamento,Rettilineo,Due carreggiate,Asciutto,Asfaltata,Verticale ed orizzontale,Sereno,Intenso,Buona,Ore Diurne,1,0,0,2,12.5279,41.8993,-1,2,Autovettura privata,In marcia / fermata / arresto,Conducente,M,Illeso,0,,Non accertato,,,
3924271,5,18/07/2018 16:20:00,Strada Urbana,VIA TIBURTINA,da specificare,,,,dir. Centro altezza Via Di Casal Bianco,Scontro laterale fra veicoli in marcia,Rettilineo,Due carreggiate,Asciutto,Asfaltata,Verticale ed orizzontale,Sereno,Intenso,Buona,Ore Diurne,0,0,0,3,12.6213,41.938,-1,1,Autovettura privata,In marcia / fermata / arresto,Conducente,M,Illeso,0,,Non accertato,Inesploso,,
3924271,5,18/07/2018 16:20:00,Strada Urbana,VIA TIBURTINA,da specificare,,,,dir. Centro altezza Via Di Casal Bianco,Scontro laterale fra veicoli in marcia,Rettilineo,Due carreggiate,Asciutto,Asfaltata,Verticale ed orizzontale,Sereno,Intenso,Buona,Ore Diurne,0,0,0,3,12.6213,41.938,-1,2,Autovettura privata,In marcia / fermata / arresto,Conducente,M,Illeso,0,,Non accertato,Inesploso,,
3924271,5,18/07/2018 16:20:00,Strada Urbana,VIA TIBURTINA,da specificare,,,,dir. Centro altezza Via Di Casal Bianco,Scontro laterale fra veicoli in marcia,Rettilineo,Due carreggiate,Asciutto,Asfaltata,Verticale ed orizzontale,Sereno,Intenso,Buona,Ore Diurne,0,0,0,3,12.6213,41.938,-1,2,Autovettura privata,In marcia / fermata / arresto,Passeggero,M,Illeso,0,,Non accertato,Inesploso,,
3924287,1,19/07/2018 01:40:00,Strada Urbana,VIA SAN QUINTINO,in prossimit�,,del palo luce n.,1,,Veicolo in marcia contro ostacolo accidentale,Rettilineo,Una carreggiata a senso unico di marcia,Asciutto,In cubetti di porfido,Verticale ed orizzontale,Sereno,Scarso,Insufficiente,Insufficiente,0,0,0,1,12.5085,41.8902,-1,1,Motociclo a solo,In marcia / fermata / arresto,Conducente,M,Illeso,0,,Non accertato,,,
3924297,6,19/07/2018 09:00:00,Strada Urbana,VIA DI PORTA FURBA,all'intersezione con,VIA DEGLI OPPII,VIA DEGLI OPPII,,,Scontro laterale fra veicoli in marcia,Incrocio,Una carreggiata a doppio senso,Asciutto,Asfaltata,Assente,Sereno,Normale,Buona,Ore Diurne,1,0,0,2,12.5411,41.8733,-1,1,Motociclo a solo,In marcia / fermata / arresto,Conducente,M,Rifiuta cure immediate,0,NON DECEDUTO,Non accertato,,,
3924297,6,19/07/2018 09:00:00,Strada Urbana,VIA DI PORTA FURBA,all'intersezione con,VIA DEGLI OPPII,VIA DEGLI OPPII,,,Scontro laterale fra veicoli in marcia,Incrocio,Una carreggiata a doppio senso,Asciutto,Asfaltata,Assente,Sereno,Normale,Buona,Ore Diurne,1,0,0,2,12.5411,41.8733,-1,2,Autovettura privata,In marcia / fermata / arresto,Conducente,M,Illeso,0,,Non accertato,Inesploso,,
3924297,6,19/07/2018 09:00:00,Strada Urbana,VIA DI PORTA FURBA,all'intersezione con,VIA DEGLI OPPII,VIA DEGLI OPPII,,,Scontro laterale fra veicoli in marcia,Incrocio,Una carreggiata a doppio senso,Asciutto,Asfaltata,Assente,Sereno,Normale,Buona,Ore Diurne,1,0,0,2,12.5411,41.8733,-1,2,Autovettura privata,In marcia / fermata / arresto,Passeggero,F,Illeso,0,,Non accertato,Inesploso,,
3924303,5,18/07/2018 16:25:00,Strada Urbana,VIA DELLE CAVE DI PIETRALATA,all'intersezione con,VIA OLINDO MALAGODI,VIA OLINDO MALAGODI,,,Scontro frontale/laterale DX fra veicoli in marcia,Incrocio,Una carreggiata a doppio senso,Asciutto,Asfaltata,Verticale ed orizzontale,Sereno,Normale,Buona,Ore Diurne,0,0,0,2,12.5396,41.9114,-1,1,Autovettura privata,In marcia / fermata / arresto,Conducente,M,Illeso,0,,Non accertato,Inesploso,,
3924303,5,18/07/2018 16:25:00,Strada Urbana,VIA DELLE CAVE DI PIETRALATA,all'intersezione con,VIA OLINDO MALAGODI,VIA OLINDO MALAGODI,,,Scontro frontale/laterale DX fra veicoli in marcia,Incrocio,Una carreggiata a doppio senso,Asciutto,Asfaltata,Verticale ed orizzontale,Sereno,Normale,Buona,Ore Diurne,0,0,0,2,12.5396,41.9114,-1,2,Autovettura privata,In marcia / fermata / arresto,Conducente,F,Illeso,0,,Non accertato,Inesploso,,
3924317,5,18/07/2018 18:30:00,Strada Urbana,VIA DONATO MENICHELLA,all'intersezione con,VIA COSTANTINO MORTATI,VIA COSTANTINO MORTATI,,,Scontro frontale/laterale SX fra veicoli in marcia,Incrocio,Una carreggiata a senso unico di marcia,Asciutto,Asfaltata,Verticale ed orizzontale,Sereno,Scarso,Buona,Ore Diurne,1,0,0,1,12.5868,41.9475,-1,1,Autovettura privata,In marcia / fermata / arresto,Conducente,M,Rimandato,0,NON DECEDUTO,Non accertato,Inesistente,,
3924317,5,18/07/2018 18:30:00,Strada Urbana,VIA DONATO MENICHELLA,all'intersezione con,VIA COSTANTINO MORTATI,VIA COSTANTINO MORTATI,,,Scontro frontale/laterale SX fra veicoli in marcia,Incrocio,Una carreggiata a senso unico di marcia,Asciutto,Asfaltata,Verticale ed orizzontale,Sereno,Scarso,Buona,Ore Diurne,1,0,0,1,12.5868,41.9475,-1,2,Autovettura privata,In marcia / fermata / arresto,Conducente,F,Illeso,0,,Non accertato,Inesistente,,
3924318,15,19/07/2018 08:30:00,Strada Urbana,VIALE PROSPERO COLONNA,da specificare,,,,fronte civico 61,Veicolo in marcia contro veicolo in sosta,Rettilineo,Due carreggiate,Asciutto,Asfaltata,Assente,Sereno,Normale,Buona,Ore Diurne,0,0,0,1,12.4527,41.8563,-1,2,Autovettura privata,In marcia / fermata / arresto,Conducente,M,Illeso,0,,,,,
3924338,5,18/07/2018 20:20:00,Strada Urbana,VIA DI PIETRALATA,in corrispondenza,,del civico n.,279/A,,Scontro laterale fra veicoli in marcia,Rettilineo,Una carreggiata a doppio senso,Asciutto,Asfaltata,Verticale ed orizzontale,Sereno,Intenso,Buona,Ore Diurne,0,0,0,3,12.5467,41.9234,-1,1,Autovettura privata,In marcia / fermata / arresto,Conducente,M,Illeso,0,,Non accertato,Inesploso,,
3924338,5,18/07/2018 20:20:00,Strada Urbana,VIA DI PIETRALATA,in corrispondenza,,del civico n.,279/A,,Scontro laterale fra veicoli in marcia,Rettilineo,Una carreggiata a doppio senso,Asciutto,Asfaltata,Verticale ed orizzontale,Sereno,Intenso,Buona,Ore Diurne,0,0,0,3,12.5467,41.9234,-1,2,Autocarro inferiore 35 q.,In marcia / fermata / arresto,Conducente,M,Illeso,0,,Non accertato,Inesploso,,
3924338,5,18/07/2018 20:20:00,Strada Urbana,VIA DI PIETRALATA,in corrispondenza,,del civico n.,279/A,,Scontro laterale fra veicoli in marcia,Rettilineo,Una carreggiata a doppio senso,Asciutto,Asfaltata,Verticale ed orizzontale,Sereno,Intenso,Buona,Ore Diurne,0,0,0,3,12.5467,41.9234,-1,2,Autocarro inferiore 35 q.,In marcia / fermata / arresto,Passeggero,M,Illeso,0,,Utilizzato,Inesploso,,
3924340,11,19/07/2018 09:30:00,Strada Urbana,VIA OSTIENSE,all'intersezione semaforizzata con,VIA DEL PORTO FLUVIALE,VIA DEL PORTO FLUVIALE,,,Scontro frontale/laterale DX fra veicoli in marcia,Intersezione semaforizzata,Pi� di due carreggiate,Asciutto,Asfaltata,Verticale ed orizzontale,Sereno,Normale,Buona,Ore Diurne,2,0,0,1,12.4801,41.8723,-1,1,Autovettura privata,In marcia / fermata / arresto,Conducente,M,Illeso,0,,Non accertato,Esploso,,
3924340,11,19/07/2018 09:30:00,Strada Urbana,VIA OSTIENSE,all'intersezione semaforizzata con,VIA DEL PORTO FLUVIALE,VIA DEL PORTO FLUVIALE,,,Scontro frontale/laterale DX fra veicoli in marcia,Intersezione semaforizzata,Pi� di due carreggiate,Asciutto,Asfaltata,Verticale ed orizzontale,Sereno,Normale,Buona,Ore Diurne,2,0,0,1,12.4801,41.8723,-1,2,Motociclo con passeggero,In marcia / fermata / arresto,Conducente,M,Rimandato,0,NON DECEDUTO,Non accertato,,,
3924340,11,19/07/2018 09:30:00,Strada Urbana,VIA OSTIENSE,all'intersezione semaforizzata con,VIA DEL PORTO FLUVIALE,VIA DEL PORTO FLUVIALE,,,Scontro frontale/laterale DX fra veicoli in marcia,Intersezione semaforizzata,Pi� di due carreggiate,Asciutto,Asfaltata,Verticale ed orizzontale,Sereno,Normale,Buona,Ore Diurne,2,0,0,1,12.4801,41.8723,-1,2,Motociclo con passeggero,In marcia / fermata / arresto,Passeggero,F,Rimandato,0,NON DECEDUTO,Non accertato,,,
3924346,1,18/07/2018 13:50:00,Strada Urbana,VIA EMILIO MOROSINI,all'intersezione con,VIALE DI TRASTEVERE,VIALE DI TRASTEVERE,,,Investimento di pedone,Intersezione semaforizzata,Una carreggiata a senso unico di marcia,Asciutto,Asfaltata,Verticale ed orizzontale,Sereno,Normale,Buona,Ore Diurne,1,0,0,1,12.4699,41.8859,-1,,,,Pedone,F,Rimandato,0,NON DECEDUTO,,,,