Protocollo,Gruppo,DataOraIncidente,Localizzazione1,STRADA1,Localizzazione2,STRADA2,Strada02,Chilometrica,DaSpecificare,NaturaIncidente,particolaritastrade,TipoStrada,FondoStradale,Pavimentazione,Segnaletica,CondizioneAtmosferica,Traffico,Visibilita,Illuminazione,NUM_FERITI,NUM_RISERVATA,NUM_MORTI,NUM_ILLESI,Longitudine,Latitudine,Confermato,Progressivo,TipoVeicolo,StatoVeicolo,TipoPersona,Sesso,Tipolesione,Deceduto,DecedutoDopo,CinturaCascoUtilizzato,Airbag,,
3924346,1,18/07/2018 13:50:00,Strada Urbana,VIA EMILIO MOROSINI,all'intersezione con,VIALE DI TRASTEVERE,VIALE DI TRASTEVERE,,,Investimento di pedone,Intersezione semaforizzata,Una carreggiata a senso unico di marcia,Asciutto,Asfaltata,Verticale ed orizzontale,Sereno,Normale,Buona,Ore Diurne,1,0,0,1,12.4699,41.8859,-1,1,Autovettura privata,In marcia / fermata / arresto,Conducente,F,Illeso,0,,Non accertato,,,
3924348,5,18/07/2018 21:10:00,Strada Urbana,PIAZZA EDOARDO PERSICO,da specificare,,,,altezza Via F. Verdinois,Scontro laterale fra veicoli in marcia,Rettilineo,Una carreggiata a senso unico alternato,Asciutto,Asfaltata,Verticale ed orizzontale,Sereno,Normale,Buona,Sufficiente,0,0,0,2,12.5593,41.906,-1,1,Autovettura privata,In marcia / fermata / arresto,Conducente,M,Illeso,0,,Non accertato,,,
3924348,5,18/07/2018 21:10:00,Strada Urbana,PIAZZA EDOARDO PERSICO,da specificare,,,,altezza Via F. Verdinois,Scontro laterale fra veicoli in marcia,Rettilineo,Una carreggiata a senso unico alternato,Asciutto,Asfaltata,Verticale ed orizzontale,Sereno,Normale,Buona,Sufficiente,0,0,0,2,12.5593,41.906,-1,2,Autovettura privata,In marcia / fermata / arresto,Conducente,M,Illeso,0,,Non accertato,,,
3924355,2,18/07/2018 11:10:00,Strada Urbana,LUNGOTEVERE GRANDE A.GLIO THAON DI REVEL,da specificare,,,,altezza Via Giulio Romano,Scontro frontale/laterale DX fra veicoli in marcia,Rettilineo,Una carreggiata a doppio senso,Asciutto,Asfaltata,Verticale ed orizzontale,Sereno,Normale,Buona,Ore Diurne,1,0,0,1,12.4629,41.9318,-1,1,Autovettura privata,In marcia / fermata / arresto,Conducente,F,Illeso,0,,,,,
3924355,2,18/07/2018 11:10:00,Strada Urbana,LUNGOTEVERE GRANDE A.GLIO THAON DI REVEL,da specificare,,,,altezza Via Giulio Romano,Scontro frontale/laterale DX fra veicoli in marcia,Rettilineo,Una carreggiata a doppio senso,Asciutto,Asfaltata,Verticale ed orizzontale,Sereno,Normale,Buona,Ore Diurne,1,0,0,1,12.4629,41.9318,-1,2,Autovettura privata,In marcia / fermata / arresto,Conducente,F,Rimandato,0,NON DECEDUTO,,,,
3924359,2,18/07/2018 17:28:00,Strada Urbana,VIA SALARIA,all'intersezione semaforizzata con,VIALE REGINA MARGHERITA,VIALE REGINA MARGHERITA,,,Scontro laterale fra veicoli in marcia,Intersezione semaforizzata,Una carreggiata a doppio senso,Asciutto,Asfaltata,Verticale ed orizzontale,Sereno,Normale,Buona,Ore Diurne,0,0,0,3,12.4985,41.9195,-1,1,Motociclo a solo,In marcia / fermata / arresto,Conducente,M,Illeso,0,,,,,
3924359,2,18/07/2018 17:28:00,Strada Urbana,VIA SALARIA,all'intersezione semaforizzata con,VIALE REGINA MARGHERITA,VIALE REGINA MARGHERITA,,,Scontro laterale fra veicoli in marcia,Intersezione semaforizzata,Una carreggiata a doppio senso,Asciutto,Asfaltata,Verticale ed orizzontale,Sereno,Normale,Buona,Ore Diurne,0,0,0,3,12.4985,41.9195,-1,2,Autovettura privata,In marcia / fermata / arresto,Conducente,F,Illeso,0,,,,,
3924359,2,18/07/2018 17:28:00,Strada Urbana,VIA SALARIA,all'intersezione semaforizzata con,VIALE REGINA MARGHERITA,VIALE REGINA MARGHERITA,,,Scontro laterale fra veicoli in marcia,Intersezione semaforizzata,Una carreggiata a doppio senso,Asciutto,Asfaltata,Verticale ed orizzontale,Sereno,Normale,Buona,Ore Diurne,0,0,0,3,12.4985,41.9195,-1,2,Autovettura privata,In marcia / fermata / arresto,Passeggero,F,Illeso,0,,,,,
3924363,2,18/07/2018 17:40:00,Strada Urbana,PIAZZA EUCLIDE,in prossimit�,,del civico n.,fronte 38,,Scontro laterale fra veicoli in marcia,Rettilineo,Una carreggiata a senso unico di marcia,Asciutto,Asfaltata,Orizzontale,Sereno,Normale,Buona,Ore Diurne,0,0,0,2,12.4811,41.9269,-1,1,Motociclo a solo,In marcia / fermata / arresto,Conducente,F,Illeso,0,,Non accertato,,,
3924363,2,18/07/2018 17:40:00,Strada Urbana,PIAZZA EUCLIDE,in prossimit�,,del civico n.,fronte 38,,Scontro laterale fra veicoli in marcia,Rettilineo,Una carreggiata a senso unico di marcia,Asciutto,Asfaltata,Orizzontale,Sereno,Normale,Buona,Ore Diurne,0,0,0,2,12.4811,41.9269,-1,2,Autovettura pubblica,In marcia / fermata / arresto,Conducente,M,Illeso,0,,Non accertato,Inesploso,,
3924365,2,18/07/2018 18:50:00,Strada Urbana,VIALE DEL MURO TORTO,da specificare,,,,fronte palo luce 8,Tamponamento Multiplo,Rettilineo,Due carreggiate,Asciutto,Asfaltata,Orizzontale,Sereno,Intenso,Buona,Ore Diurne,0,0,0,4,12.4816,41.9108,-1,1,Autovettura privata,In marcia / fermata / arresto,Conducente,M,Illeso,0,,Non accertato,Esploso,,
3924365,2,18/07/2018 18:50:00,Strada Urbana,VIALE DEL MURO TORTO,da specificare,,,,fronte palo luce 8,Tamponamento Multiplo,Rettilineo,Due carreggiate,Asciutto,Asfaltata,Orizzontale,Sereno,Intenso,Buona,Ore Diurne,0,0,0,4,12.4816,41.9108,-1,2,Autovettura privata,In marcia / fermata / arresto,Conducente,M,Illeso,0,,Non accertato,Inesploso,,
3924365,2,18/07/2018 18:50:00,Strada Urbana,VIALE DEL MURO TORTO,da specificare,,,,fronte palo luce 8,Tamponamento Multiplo,Rettilineo,Due carreggiate,Asciutto,Asfaltata,Orizzontale,Sereno,Intenso,Buona,Ore Diurne,0,0,0,4,12.4816,41.9108,-1,3,Autovettura privata,In marcia / fermata / arresto,Conducente,F,Illeso,0,,Non accertato,Inesploso,,
3924365,2,18/07/2018 18:50:00,Strada Urbana,VIALE DEL MURO TORTO,da specificare,,,,fronte palo luce 8,Tamponamento Multiplo,Rettilineo,Due carreggiate,Asciutto,Asfaltata,Orizzontale,Sereno,Intenso,Buona,Ore Diurne,0,0,0,4,12.4816,41.9108,-1,4,Autovettura privata,In marcia / fermata / arresto,Conducente,M,Illeso,0,,Non accertato,Inesploso,,
3924366,1,17/07/2018 19:45:00,Strada Urbana,VIA DELL'AMBA ARADAM,in corrispondenza,,del civico n.,5,,Tamponamento Multiplo,Rettilineo,Una carreggiata a doppio senso,Asciutto,Asfaltata,Verticale ed orizzontale,Sereno,Intenso,Buona,Ore Diurne,1,0,0,3,12.5023,41.8847,-1,1,Autovettura privata,In marcia / fermata / arresto,Conducente,F,Illeso,0,,Non accertato,,,
3924366,1,17/07/2018 19:45:00,Strada Urbana,VIA DELL'AMBA ARADAM,in corrispondenza,,del civico n.,5,,Tamponamento Multiplo,Rettilineo,Una carreggiata a doppio senso,Asciutto,Asfaltata,Verticale ed orizzontale,Sereno,Intenso,Buona,Ore Diurne,1,0,0,3,12.5023,41.8847,-1,1,Autovettura privata,In marcia / fermata / arresto,Passeggero,F,Illeso,0,,Non accertato,,,
3924366,1,17/07/2018 19:45:00,Strada Urbana,VIA DELL'AMBA ARADAM,in corrispondenza,,del civico n.,5,,Tamponamento Multiplo,Rettilineo,Una carreggiata a doppio senso,Asciutto,Asfaltata,Verticale ed orizzontale,Sereno,Intenso,Buona,Ore Diurne,1,0,0,3,12.5023,41.8847,-1,2,Autovettura privata,In marcia / fermata / arresto,Conducente,M,Illeso,0,,Non accertato,,,
3924366,1,17/07/2018 19:45:00,Strada Urbana,VIA DELL'AMBA ARADAM,in corrispondenza,,del civico n.,5,,Tamponamento Multiplo,Rettilineo,Una carreggiata a doppio senso,Asciutto,Asfaltata,Verticale ed orizzontale,Sereno,Intenso,Buona,Ore Diurne,1,0,0,3,12.5023,41.8847,-1,3,Autovettura privata,In marcia / fermata / arresto,Conducente,F,Rimandato,0,NON DECEDUTO,,,,
3924394,12,18/07/2018 17:15:00,Strada Urbana,VIA DI ACQUA ACETOSA OSTIENSE,da specificare,,,,svincolo Pontina direzione Laurentina,Scontro laterale fra veicoli in marcia,Curva a visuale libera,Una carreggiata a doppio senso,Asciutto,Asfaltata,Verticale ed orizzontale,Sereno,Normale,Buona,Ore Diurne,0,0,0,2,12.4572,41.8067,-1,1,Autovettura privata,In marcia / fermata / arresto,Conducente,F,Illeso,0,,Utilizzato,Inesploso,,
3924394,12,18/07/2018 17:15:00,Strada Urbana,VIA DI ACQUA ACETOSA OSTIENSE,da specificare,,,,svincolo Pontina direzione Laurentina,Scontro laterale fra veicoli in marcia,Curva a visuale libera,Una carreggiata a doppio senso,Asciutto,Asfaltata,Verticale ed orizzontale,Sereno,Normale,Buona,Ore Diurne,0,0,0,2,12.4572,41.8067,-1,2,Autovettura privata,In marcia / fermata / arresto,Conducente,M,Illeso,0,,Utilizzato,Inesploso,,
3924397,7,18/07/2018 18:30:00,Strada Urbana,VIALE PALMIRO TOGLIATTI,all'intersezione con,VIA PRENESTINA,VIA PRENESTINA,,,Scontro frontale/laterale SX fra veicoli in marcia,Incrocio,Due carreggiate,Asciutto,Asfaltata,Verticale ed orizzontale,Sereno,Normale,Sufficiente,Ore Diurne,0,0,0,2,12.5744,41.895,-1,1,Autovettura privata,In marcia / fermata / arresto,Conducente,M,Illeso,0,,,,,
3924397,7,18/07/2018 18:30:00,Strada Urbana,VIALE PALMIRO TOGLIATTI,all'intersezione con,VIA PRENESTINA,VIA PRENESTINA,,,Scontro frontale/laterale SX fra veicoli in marcia,Incrocio,Due carreggiate,Asciutto,Asfaltata,Verticale ed orizzontale,Sereno,Normale,Sufficiente,Ore Diurne,0,0,0,2,12.5744,41.895,-1,2,Autovettura privata,In marcia / fermata / arresto,Conducente,M,Illeso,0,,,,,
3924400,1,17/07/2018 19:40:00,Strada Urbana,LARGO DI TORRE ARGENTINA,all'intersezione semaforizzata con,CORSO VITTORIO EMANUELE II,CORSO VITTORIO EMANUELE II,,,Investimento di pedone,Incrocio,Una carreggiata a doppio senso,Asciutto,Asfaltata,Verticale ed orizzontale,Sereno,Intenso,Buona,Ore Diurne,1,0,0,1,12.4767,41.896,-1,,,,Pedone,F,Rimandato,0,NON DECEDUTO,,,,
3924400,1,17/07/2018 19:40:00,Strada Urbana,LARGO DI TORRE ARGENTINA,all'intersezione semaforizzata con,CORSO VITTORIO EMANUELE II,CORSO VITTORIO EMANUELE II,,,Investimento di pedone,Incrocio,Una carreggiata a doppio senso,Asciutto,Asfaltata,Verticale ed orizzontale,Sereno,Intenso,Buona,Ore Diurne,1,0,0,1,12.4767,41.896,-1,1,Motociclo a solo,In marcia / fermata / arresto,Conducente,F,Illeso,0,,Non accertato,,,
3924413,12,18/07/2018 18:00:00,Strada Urbana,VIA DEGLI AGROSTEMMI,in prossimit�,,del civico n.,148,,Veicolo in marcia contro ostacolo accidentale,Rettilineo,Una carreggiata a doppio senso,Asciutto,Asfaltata,Assente,Sereno,Normale,Buona,Ore Diurne,0,0,0,1,12.5856,41.7096,-1,1,Autocarro superiore 35 q.,In marcia / fermata / arresto,Conducente,M,Illeso,0,,Utilizzato,Inesploso,,
3924414,1,17/07/2018 16:15:00,Strada Urbana,VIA CAVOUR,all'intersezione semaforizzata con,VIA GIOVANNI AMENDOLA,VIA GIOVANNI AMENDOLA,,,Scontro frontale/laterale DX fra veicoli in marcia,Intersezione semaforizzata,Una carreggiata a doppio senso,Asciutto,Asfaltata,Verticale,Sereno,Normale,Buona,Ore Diurne,1,0,0,1,12.4951,41.8965,-1,1,Autovettura pubblica,In marcia / fermata / arresto,Conducente,M,Illeso,0,,Non accertato,,,
3924414,1,17/07/2018 16:15:00,Strada Urbana,VIA CAVOUR,all'intersezione semaforizzata con,VIA GIOVANNI AMENDOLA,VIA GIOVANNI AMENDOLA,,,Scontro frontale/laterale DX fra veicoli in marcia,Intersezione semaforizzata,Una carreggiata a doppio senso,Asciutto,Asfaltata,Verticale,Sereno,Normale,Buona,Ore Diurne,1,0,0,1,12.4951,41.8965,-1,2,Motociclo a solo,In marcia / fermata / arresto,Conducente,M,Rimandato,0,NON DECEDUTO,,,,
3924450,9,19/07/2018 10:30:00,Strada Urbana,VIA TUSCOLANA,all'intersezione con,VIA PINEROLO,VIA PINEROLO,,,Scontro frontale/laterale DX fra veicoli in marcia,Incrocio,Una carreggiata a doppio senso,Asciutto,Asfaltata,Verticale ed orizzontale,Sereno,Normale,Buona,Ore Diurne,1,0,0,2,12.516,41.8826,-1,1,Autovettura privata,In marcia / fermata / arresto,Conducente,M,Illeso,0,,Non accertato,Inesploso,,
3924450,9,19/07/2018 10:30:00,Strada Urbana,VIA TUSCOLANA,all'intersezione con,VIA PINEROLO,VIA PINEROLO,,,Scontro frontale/laterale DX fra veicoli in marcia,Incrocio,Una carreggiata a doppio senso,Asciutto,Asfaltata,Verticale ed orizzontale,Sereno,Normale,Buona,Ore Diurne,1,0,0,2,12.516,41.8826,-1,2,Motociclo a solo,In marcia / fermata / arresto,Conducente,M,Rimandato,0,NON DECEDUTO,Non accertato,,,
3924450,9,19/07/2018 10:30:00,Strada Urbana,VIA TUSCOLANA,all'intersezione con,VIA PINEROLO,VIA PINEROLO,,,Scontro frontale/laterale DX fra veicoli in marcia,Incrocio,Una carreggiata a doppio senso,Asciutto,Asfaltata,Verticale ed orizzontale,Sereno,Normale,Buona,Ore Diurne,1,0,0,2,12.516,41.8826,-1,2,Motociclo a solo,In marcia / fermata / arresto,Passeggero,M,Illeso,0,,Non accertato,,,
3924451,12,19/07/2018 06:50:00,Provinciale,VIA DEL MARE,da specificare,,,,km 13.200 direzione Roma Centro,Tamponamento Multiplo,Rettilineo,Una carreggiata a doppio senso,Asciutto,Asfaltata,Verticale ed orizzontale,Sereno,Normale,Buona,Ore Diurne,1,0,0,4,12.4163,41.7992,-1,1,Autovettura privata,In marcia / fermata / arresto,Conducente,M,Illeso,0,,Utilizzato,Inesploso,,
3924451,12,19/07/2018 06:50:00,Provinciale,VIA DEL MARE,da specificare,,,,km 13.200 direzione Roma Centro,Tamponamento Multiplo,Rettilineo,Una carreggiata a doppio senso,Asciutto,Asfaltata,Verticale ed orizzontale,Sereno,Normale,Buona,Ore Diurne,1,0,0,4,12.4163,41.7992,-1,1,Autovettura privata,In marcia / fermata / arresto,Passeggero,M,Illeso,0,,Utilizzato,Inesploso,,
3924451,12,19/07/2018 06:50:00,Provinciale,VIA DEL MARE,da specificare,,,,km 13.200 direzione Roma Centro,Tamponamento Multiplo,Rettilineo,Una carreggiata a doppio senso,Asciutto,Asfaltata,Verticale ed orizzontale,Sereno,Normale,Buona,Ore Diurne,1,0,0,4,12.4163,41.7992,-1,2,Autovettura privata,In marcia / fermata / arresto,Conducente,M,Illeso,0,,Utilizzato,Inesploso,,
3924451,12,19/07/2018 06:50:00,Provinciale,VIA DEL MARE,da specificare,,,,km 13.200 direzione Roma Centro,Tamponamento Multiplo,Rettilineo,Una carreggiata a doppio senso,Asciutto,Asfaltata,Verticale ed orizzontale,Sereno,Normale,Buona,Ore Diurne,1,0,0,4,12.4163,41.7992,-1,2,Autovettura privata,In marcia / fermata / arresto,Passeggero,F,Rimandato,0,NON DECEDUTO,Utilizzato,Inesploso,,
3924451,12,19/07/2018 06:50:00,Provinciale,VIA DEL MARE,da specificare,,,,km 13.200 direzione Roma Centro,Tamponamento Multiplo,Rettilineo,Una carreggiata a doppio senso,Asciutto,Asfaltata,Verticale ed orizzontale,Sereno,Normale,Buona,Ore Diurne,1,0,0,4,12.4163,41.7992,-1,3,Autocarro inferiore 35 q.,In marcia / fermata / arresto,Conducente,M,Illeso,0,,Utilizzato,Inesploso,,
3924457,10,19/07/2018 12:25:00,Strada Urbana,VIA TUSCOLANA,all'intersezione semaforizzata con,PIAZZA DI CINECITTA',PIAZZA DI CINECITTA',,,Scontro laterale fra veicoli in marcia,Incrocio,Due carreggiate,Asciutto,Asfaltata,Verticale ed orizzontale,Sereno,Normale,Buona,Ore Diurne,0,0,0,2,12.5678,41.8537,-1,1,Autovettura privata,In marcia / fermata / arresto,Conducente,F,Illeso,0,,Non accertato,Inesploso,,
3924457,10,19/07/2018 12:25:00,Strada Urbana,VIA TUSCOLANA,all'intersezione semaforizzata con,PIAZZA DI CINECITTA',PIAZZA DI CINECITTA',,,Scontro laterale fra veicoli in marcia,Incrocio,Due carreggiate,Asciutto,Asfaltata,Verticale ed orizzontale,Sereno,Normale,Buona,Ore Diurne,0,0,0,2,12.5678,41.8537,-1,2,Motociclo a solo,In marcia / fermata / arresto,Conducente,M,Illeso,0,,Non accertato,,,
3924493,16,17/07/2018 08:20:00,Strada Urbana,VIA LUIGI CORTI,in prossimit�,,del civico n.,21,,Scontro frontale/laterale DX fra veicoli in marcia,Pendenza,Una carreggiata a senso unico di marcia,Bagnato (umidit� in atto),Asfaltata,Verticale ed orizzontale,Sereno,Normale,Buona,Ore Diurne,0,0,0,3,12.4422,41.8547,-1,1,Autovettura privata,In marcia / fermata / arresto,Conducente,F,Illeso,0,,Non accertato,Inesploso,,
3924493,16,17/07/2018 08:20:00,Strada Urbana,VIA LUIGI CORTI,in prossimit�,,del civico n.,21,,Scontro frontale/laterale DX fra veicoli in marcia,Pendenza,Una carreggiata a senso unico di marcia,Bagnato (umidit� in atto),Asfaltata,Verticale ed orizzontale,Sereno,Normale,Buona,Ore Diurne,0,0,0,3,12.4422,41.8547,-1,2,Autovettura privata,In marcia / fermata / arresto,Conducente,F,Illeso,0,,Non accertato,Inesploso,,
3924493,16,17/07/2018 08:20:00,Strada Urbana,VIA LUIGI CORTI,in prossimit�,,del civico n.,21,,Scontro frontale/laterale DX fra veicoli in marcia,Pendenza,Una carreggiata a senso unico di marcia,Bagnato (umidit� in atto),Asfaltata,Verticale ed orizzontale,Sereno,Normale,Buona,Ore Diurne,0,0,0,3,12.4422,41.8547,-1,2,Autovettura privata,In marcia / fermata / arresto,Passeggero,F,Illeso,0,,Non accertato,Inesploso,,
3924508,16,17/07/2018 10:30:00,Strada Urbana,VIA FEDERICO DI DONATO,in corrispondenza,,del civico n.,12,,Tamponamento,Rettilineo,Una carreggiata a doppio senso,Asciutto,Asfaltata,Verticale ed orizzontale,Sereno,Normale,Buona,Ore Diurne,1,0,0,2,12.4486,41.8653,0,1,Motociclo a solo,In marcia / fermata / arresto,Conducente,M,Rimandato,0,NON DECEDUTO,Non accertato,,,
3924508,16,17/07/2018 10:30:00,Strada Urbana,VIA FEDERICO DI DONATO,in corrispondenza,,del civico n.,12,,Tamponamento,Rettilineo,Una carreggiata a doppio senso,Asciutto,Asfaltata,Verticale ed orizzontale,Sereno,Normale,Buona,Ore Diurne,1,0,0,2,12.4486,41.8653,0,2,Autovettura privata,In marcia / fermata / arresto,Conducente,M,Illeso,0,,Non accertato,Inesploso,,
3924508,16,17/07/2018 10:30:00,Strada Urbana,VIA FEDERICO DI DONATO,in corrispondenza,,del civico n.,12,,Tamponamento,Rettilineo,Una carreggiata a doppio senso,Asciutto,Asfaltata,Verticale ed orizzontale,Sereno,Normale,Buona,Ore Diurne,1,0,0,2,12.4486,41.8653,0,2,Autovettura privata,In marcia / fermata / arresto,Passeggero,F,Illeso,0,,Non accertato,Inesploso,,
3924524,16,17/07/2018 10:50:00,Strada Urbana,VIALE DEI COLLI PORTUENSI,all'intersezione con,LARGO CLAUDIO FERMI,LARGO CLAUDIO FERMI,,,Tamponamento,Incrocio,Due carreggiate,Asciutto,Asfaltata,Verticale ed orizzontale,Sereno,Normale,Buona,Ore Diurne,1,0,0,1,12.444,41.8668,-1,1,Autovettura privata,In marcia / fermata / arresto,Conducente,F,Rimandato,0,NON DECEDUTO,Non accertato,Inesploso,,
3924524,16,17/07/2018 10:50:00,Strada Urbana,VIALE DEI COLLI PORTUENSI,all'intersezione con,LARGO CLAUDIO FERMI,LARGO CLAUDIO FERMI,,,Tamponamento,Incrocio,Due carreggiate,Asciutto,Asfaltata,Verticale ed orizzontale,Sereno,Normale,Buona,Ore Diurne,1,0,0,1,12.444,41.8668,-1,2,Autocarro inferiore 35 q.,In marcia / fermata / arresto,Conducente,M,Illeso,0,,Non accertato,Inesploso,,
3924525,12,19/07/2018 07:55:00,Strada Urbana,VIA CINA,all'intersezione con,VIA FIUME AZZURRO,VIA FIUME AZZURRO,,,Scontro frontale/laterale SX fra veicoli in marcia,Incrocio,Una carreggiata a doppio senso,Asciutto,Asfaltata,Verticale ed orizzontale,Sereno,Normale,Buona,Ore Diurne,1,0,0,2,12.4342,41.8127,-1,1,Autovettura privata,In marcia / fermata / arresto,Conducente,F,Illeso,0,,Utilizzato,Inesploso,,
3924525,12,19/07/2018 07:55:00,Strada Urbana,VIA CINA,all'intersezione con,VIA FIUME AZZURRO,VIA FIUME AZZURRO,,,Scontro frontale/laterale SX fra veicoli in marcia,Incrocio,Una carreggiata a doppio senso,Asciutto,Asfaltata,Verticale ed orizzontale,Sereno,Normale,Buona,Ore Diurne,1,0,0,2,12.4342,41.8127,-1,1,Autovettura privata,In marcia / fermata / arresto,Passeggero,F,Illeso,0,,Utilizzato,Inesploso,,
3924525,12,19/07/2018 07:55:00,Strada Urbana,VIA CINA,all'intersezione con,VIA FIUME AZZURRO,VIA FIUME AZZURRO,,,Scontro frontale/laterale SX fra veicoli in marcia,Incrocio,Una carreggiata a doppio senso,Asciutto,Asfaltata,Verticale ed orizzontale,Sereno,Normale,Buona,Ore Diurne,1,0,0,2,12.4342,41.8127,-1,2,Motociclo a solo,In marcia / fermata / arresto,Conducente,M,Rimandato,0,NON DECEDUTO,Utilizzato,,,
3924604,16,18/07/2018 02:15:00,Strada Urbana,VIA LICIO GIORGIERI,da specificare,,,,in prossimit� di Via Aurelia,Veicolo in marcia contro ostacolo accidentale,Rettilineo,Una carreggiata a senso unico di marcia,Asciutto,Asfaltata,Verticale ed orizzontale,Sereno,Scarso,Buona,Sufficiente,0,0,0,1,12.389,41.8838,-1,1,Autovettura privata,In marcia / fermata / arresto,Conducente,M,Illeso,0,,Non accertato,Inesploso,,
3924609,16,18/07/2018 03:20:00,Strada Urbana,VIA FEDERICO OZANAM,all'intersezione con,VIA FRANCESCO CATEL,VIA FRANCESCO CATEL,,,Scontro frontale/laterale SX fra veicoli in marcia,Intersezione stradale segnalata,Una carreggiata a doppio senso,Asciutto,Asfaltata,Verticale ed orizzontale,Sereno,Scarso,Buona,Sufficiente,0,0,0,6,12.4492,41.8768,-1,1,Autovettura privata,In marcia / fermata / arresto,Conducente,M,Illeso,0,,,,,
3924609,16,18/07/2018 03:20:00,Strada Urbana,VIA FEDERICO OZANAM,all'intersezione con,VIA FRANCESCO CATEL,VIA FRANCESCO CATEL,,,Scontro frontale/laterale SX fra veicoli in marcia,Intersezione stradale segnalata,Una carreggiata a doppio senso,Asciutto,Asfaltata,Verticale ed orizzontale,Sereno,Scarso,Buona,Sufficiente,0,0,0,6,12.4492,41.8768,-1,1,Autovettura privata,In marcia / fermata / arresto,Passeggero,M,Illeso,0,,,,,
3924609,16,18/07/2018 03:20:00,Strada Urbana,VIA FEDERICO OZANAM,all'intersezione con,VIA FRANCESCO CATEL,VIA FRANCESCO CATEL,,,Scontro frontale/laterale SX fra veicoli in marcia,Intersezione stradale segnalata,Una carreggiata a doppio senso,Asciutto,Asfaltata,Verticale ed orizzontale,Sereno,Scarso,Buona,Sufficiente,0,0,0,6,12.4492,41.8768,-1,2,Autovettura privata,In marcia / fermata / arresto,Conducente,M,Illeso,0,,,,,
3924609,16,18/07/2018 03:20:00,Strada Urbana,VIA FEDERICO OZANAM,all'intersezione con,VIA FRANCESCO CATEL,VIA FRANCESCO CATEL,,,Scontro frontale/laterale SX fra veicoli in marcia,Intersezione stradale segnalata,Una carreggiata a doppio senso,Asciutto,Asfaltata,Verticale ed orizzontale,Sereno,Scarso,Buona,Sufficiente,0,0,0,6,12.4492,41.8768,-1,2,Autovettura privata,In marcia / fermata / arresto,Passeggero,M,Illeso,0,,,,,
3924609,16,18/07/2018 03:20:00,Strada Urbana,VIA FEDERICO OZANAM,all'intersezione con,VIA FRANCESCO CATEL,VIA FRANCESCO CATEL,,,Scontro frontale/laterale SX fra veicoli in marcia,Intersezione stradale segnalata,Una carreggiata a doppio senso,Asciutto,Asfaltata,Verticale ed orizzontale,Sereno,Scarso,Buona,Sufficiente,0,0,0,6,12.4492,41.8768,-1,2,Autovettura privata,In marcia / fermata / arresto,Passeggero,F,Illeso,0,,,,,
3924623,10,19/07/2018 12:30:00,Strada Urbana,VIA DELLE CAPANNELLE,da specificare,,,,dir. tuscolana 50 m dopo v dello scalo capannelle,Scontro laterale fra veicoli in marcia,Curva a visuale libera,Una carreggiata a doppio senso,Asciutto,Asfaltata,Orizzontale,Sereno,Intenso,Buona,Ore Diurne,1,0,0,3,12.5689,41.8327,-1,1,Motociclo a solo,In marcia / fermata / arresto,Conducente,M,Rimandato,0,NON DECEDUTO,Non accertato,,,
3924623,10,19/07/2018 12:30:00,Strada Urbana,VIA DELLE CAPANNELLE,da specificare,,,,dir. tuscolana 50 m dopo v dello scalo capannelle,Scontro laterale fra veicoli in marcia,Curva a visuale libera,Una carreggiata a doppio senso,Asciutto,Asfaltata,Orizzontale,Sereno,Intenso,Buona,Ore Diurne,1,0,0,3,12.5689,41.8327,-1,2,Autovettura privata,In marcia / fermata / arresto,Conducente,M,Illeso,0,,Non accertato,Inesploso,,
3924623,10,19/07/2018 12:30:00,Strada Urbana,VIA DELLE CAPANNELLE,da specificare,,,,dir. tuscolana 50 m dopo v dello scalo capannelle,Scontro laterale fra veicoli in marcia,Curva a visuale libera,Una carreggiata a doppio senso,Asciutto,Asfaltata,Orizzontale,Sereno,Intenso,Buona,Ore Diurne,1,0,0,3,12.5689,41.8327,-1,2,Autovettura privata,In marcia / fermata / arresto,Passeggero,M,Illeso,0,,Non accertato,Inesploso,,
3924623,10,19/07/2018 12:30:00,Strada Urbana,VIA DELLE CAPANNELLE,da specificare,,,,dir. tuscolana 50 m dopo v dello scalo capannelle,Scontro laterale fra veicoli in marcia,Curva a visuale libera,Una carreggiata a doppio senso,Asciutto,Asfaltata,Orizzontale,Sereno,Intenso,Buona,Ore Diurne,1,0,0,3,12.5689,41.8327,-1,2,Autovettura privata,In marcia / fermata / arresto,Passeggero,F,Illeso,0,,Non accertato,Inesploso,,
3924631,1,18/07/2018 17:05:00,Strada Urbana,VIA MARIA ADELAIDE,in prossimit�,,del civico n.,4,,Veicolo in marcia contro veicolo in sosta,Rettilineo,Una carreggiata a senso unico di marcia,Asciutto,Asfaltata,Verticale ed orizzontale,Sereno,Scarso,Buona,Ore Diurne,0,0,0,1,12.4744,41.9098,-1,2,Autovettura privata,In marcia / fermata / arresto,Conducente,F,Illeso,0,,Non accertato,,,
3924641,2,19/07/2018 12:40:00,Strada Urbana,VIALE DELLE BELLE ARTI,all'intersezione semaforizzata con,VIALE BRUNO BUOZZI,VIALE BRUNO BUOZZI,,,Tamponamento,Intersezione semaforizzata,Una carreggiata a doppio senso,Asciutto,Asfaltata,Verticale ed orizzontale,Sereno,Normale,Buona,Ore Diurne,0,0,0,2,12.4782,41.9187,-1,1,Autovettura privata,In marcia / fermata / arresto,Conducente,M,Illeso,0,,Non accertato,Inesploso,,