Protocollo,Gruppo,DataOraIncidente,Localizzazione1,STRADA1,Localizzazione2,STRADA2,Strada02,Chilometrica,DaSpecificare,NaturaIncidente,particolaritastrade,TipoStrada,FondoStradale,Pavimentazione,Segnaletica,CondizioneAtmosferica,Traffico,Visibilita,Illuminazione,NUM_FERITI,NUM_RISERVATA,NUM_MORTI,NUM_ILLESI,Longitudine,Latitudine,Confermato,Progressivo,TipoVeicolo,StatoVeicolo,TipoPersona,Sesso,Tipolesione,Deceduto,DecedutoDopo,CinturaCascoUtilizzato,Airbag,,
3924641,2,19/07/2018 12:40:00,Strada Urbana,VIALE DELLE BELLE ARTI,all'intersezione semaforizzata con,VIALE BRUNO BUOZZI,VIALE BRUNO BUOZZI,,,Tamponamento,Intersezione semaforizzata,Una carreggiata a doppio senso,Asciutto,Asfaltata,Verticale ed orizzontale,Sereno,Normale,Buona,Ore Diurne,0,0,0,2,12.4782,41.9187,-1,2,Autovettura privata,In marcia / fermata / arresto,Conducente,M,Illeso,0,,Non accertato,Inesploso,,
3924645,17,19/07/2018 04:15:00,Strada Urbana,LUNGOTEVERE MARESCIALLO CADORNA,all'intersezione semaforizzata con,PIAZZALE MARESCIALLO GIARDINO,PIAZZALE MARESCIALLO GIARDINO,,,Veicolo in marcia contro ostacolo fisso,Intersezione semaforizzata,Una carreggiata a senso unico di marcia,Asciutto,Asfaltata,Verticale ed orizzontale,Sereno,Normale,Sufficiente,Sufficiente,0,0,0,1,12.4582,41.9279,-1,1,Autovettura privata,In marcia / fermata / arresto,Conducente,F,Illeso,0,,,,,
3924655,16,18/07/2018 14:45:00,Strada Urbana,VIA LEONE XIII,da specificare,,,,prox Piazzetta Bel Respiro,Tamponamento,Rettilineo,Due carreggiate,Asciutto,Asfaltata,Verticale ed orizzontale,Sereno,Normale,Buona,Ore Diurne,1,0,0,1,12.4404,41.8869,-1,1,Motociclo a solo,In marcia / fermata / arresto,Conducente,M,Illeso,0,,Non accertato,,,
3924655,16,18/07/2018 14:45:00,Strada Urbana,VIA LEONE XIII,da specificare,,,,prox Piazzetta Bel Respiro,Tamponamento,Rettilineo,Due carreggiate,Asciutto,Asfaltata,Verticale ed orizzontale,Sereno,Normale,Buona,Ore Diurne,1,0,0,1,12.4404,41.8869,-1,2,Motociclo a solo,In marcia / fermata / arresto,Conducente,M,Rimandato,0,NON DECEDUTO,Non accertato,,,
3924679,1,17/07/2018 08:20:00,Strada Urbana,VIA MARSALA,in corrispondenza,,del civico n.,112/A,,Tamponamento,Rettilineo,Una carreggiata a doppio senso,Asciutto,In cubetti di porfido,Verticale ed orizzontale,Sereno,Scarso,Buona,Ore Diurne,1,0,0,1,12.5086,41.8986,0,1,Autovettura privata,In marcia / fermata / arresto,Conducente,M,Illeso,0,,Utilizzato,Inesploso,,
3924679,1,17/07/2018 08:20:00,Strada Urbana,VIA MARSALA,in corrispondenza,,del civico n.,112/A,,Tamponamento,Rettilineo,Una carreggiata a doppio senso,Asciutto,In cubetti di porfido,Verticale ed orizzontale,Sereno,Scarso,Buona,Ore Diurne,1,0,0,1,12.5086,41.8986,0,2,Motociclo a solo,In marcia / fermata / arresto,Conducente,F,Rimandato,0,NON DECEDUTO,Utilizzato,,,
3924682,6,19/07/2018 12:30:00,Strada Urbana,VIA MARIN SANUDO,all'intersezione con,VIA AUGUSTO DULCERI,VIA AUGUSTO DULCERI,,,Scontro frontale/laterale SX fra veicoli in marcia,Incrocio,Una carreggiata a senso unico di marcia,Asciutto,Asfaltata,Verticale,Sereno,Scarso,Buona,Ore Diurne,0,0,0,3,12.5359,41.8845,-1,1,Autocarro inferiore 35 q.,In marcia / fermata / arresto,Conducente,M,Illeso,0,,,,,
3924682,6,19/07/2018 12:30:00,Strada Urbana,VIA MARIN SANUDO,all'intersezione con,VIA AUGUSTO DULCERI,VIA AUGUSTO DULCERI,,,Scontro frontale/laterale SX fra veicoli in marcia,Incrocio,Una carreggiata a senso unico di marcia,Asciutto,Asfaltata,Verticale,Sereno,Scarso,Buona,Ore Diurne,0,0,0,3,12.5359,41.8845,-1,1,Autocarro inferiore 35 q.,In marcia / fermata / arresto,Passeggero,M,Illeso,0,,,,,
3924682,6,19/07/2018 12:30:00,Strada Urbana,VIA MARIN SANUDO,all'intersezione con,VIA AUGUSTO DULCERI,VIA AUGUSTO DULCERI,,,Scontro frontale/laterale SX fra veicoli in marcia,Incrocio,Una carreggiata a senso unico di marcia,Asciutto,Asfaltata,Verticale,Sereno,Scarso,Buona,Ore Diurne,0,0,0,3,12.5359,41.8845,-1,2,Autovettura privata,In marcia / fermata / arresto,Conducente,M,Illeso,0,,,,,
3924706,15,19/07/2018 09:00:00,Strada Urbana,VIA DELLA MAGLIANA,in corrispondenza,,del civico n.,209,,Tamponamento,Rettilineo,Una carreggiata a doppio senso,Asciutto,Asfaltata,Orizzontale,Sereno,Intenso,Buona,Ore Diurne,1,0,0,1,12.4586,41.8491,-1,1,Autovettura privata,In marcia / fermata / arresto,Conducente,M,Rimandato,0,NON DECEDUTO,Utilizzato,Inesploso,,
3924706,15,19/07/2018 09:00:00,Strada Urbana,VIA DELLA MAGLIANA,in corrispondenza,,del civico n.,209,,Tamponamento,Rettilineo,Una carreggiata a doppio senso,Asciutto,Asfaltata,Orizzontale,Sereno,Intenso,Buona,Ore Diurne,1,0,0,1,12.4586,41.8491,-1,2,Autovettura privata,In marcia / fermata / arresto,Conducente,M,Illeso,0,,Utilizzato,Inesploso,,
3924726,15,19/07/2018 11:30:00,Strada Urbana,VIA DEL TRULLO,all'intersezione con,VIA DEL TEMPIO DEGLI ARVALI,VIA DEL TEMPIO DEGLI ARVALI,,,Scontro frontale fra veicoli in marcia,Incrocio,Una carreggiata a doppio senso,Asciutto,Asfaltata,Verticale ed orizzontale,Sereno,Normale,Buona,Ore Diurne,0,0,0,3,12.4368,41.843,-1,1,Autovettura privata,In marcia / fermata / arresto,Conducente,M,Illeso,0,,Non accertato,Inesploso,,
3924726,15,19/07/2018 11:30:00,Strada Urbana,VIA DEL TRULLO,all'intersezione con,VIA DEL TEMPIO DEGLI ARVALI,VIA DEL TEMPIO DEGLI ARVALI,,,Scontro frontale fra veicoli in marcia,Incrocio,Una carreggiata a doppio senso,Asciutto,Asfaltata,Verticale ed orizzontale,Sereno,Normale,Buona,Ore Diurne,0,0,0,3,12.4368,41.843,-1,1,Autovettura privata,In marcia / fermata / arresto,Passeggero,M,Illeso,0,,Non accertato,Inesploso,,
3924726,15,19/07/2018 11:30:00,Strada Urbana,VIA DEL TRULLO,all'intersezione con,VIA DEL TEMPIO DEGLI ARVALI,VIA DEL TEMPIO DEGLI ARVALI,,,Scontro frontale fra veicoli in marcia,Incrocio,Una carreggiata a doppio senso,Asciutto,Asfaltata,Verticale ed orizzontale,Sereno,Normale,Buona,Ore Diurne,0,0,0,3,12.4368,41.843,-1,2,Motociclo a solo,In marcia / fermata / arresto,Conducente,M,Illeso,0,,Non accertato,,,
3924732,12,17/07/2018 12:00:00,Strada Urbana,VIALE IGNAZIO SILONE,da specificare,,,,in prossimit� del Municipio,Investimento di pedone,Rettilineo,Una carreggiata a doppio senso,Asciutto,Asfaltata,Verticale ed orizzontale,Sereno,Scarso,Sufficiente,Ore Diurne,0,1,0,1,12.4843,41.8132,-1,,,,Pedone,F,Prognosi riservata,0,NON DECEDUTO,,,,
3924732,12,17/07/2018 12:00:00,Strada Urbana,VIALE IGNAZIO SILONE,da specificare,,,,in prossimit� del Municipio,Investimento di pedone,Rettilineo,Una carreggiata a doppio senso,Asciutto,Asfaltata,Verticale ed orizzontale,Sereno,Scarso,Sufficiente,Ore Diurne,0,1,0,1,12.4843,41.8132,-1,1,Autovettura privata,In marcia / fermata / arresto,Conducente,F,Illeso,0,,Non accertato,Inesploso,,
3924739,1,18/07/2018 15:30:00,Strada Urbana,VIA DEL CIRCO MASSIMO,in prossimit�,,del palo luce n.,8,,Veicolo in marcia contro veicolo in sosta,Pendenza,Una carreggiata a doppio senso,Asciutto,Asfaltata,Verticale ed orizzontale,Sereno,Normale,Buona,Ore Diurne,1,0,0,0,12.4874,41.8839,0,1,Ciclomotore,In marcia / fermata / arresto,Conducente,F,Rifiuta cure immediate,0,NON DECEDUTO,Utilizzato,,,
3924740,16,18/07/2018 16:15:00,,VIA GIANO PARRASIO,in prossimit�,,del civico n.,13,,Scontro laterale fra veicoli in marcia,,,,,,,,,,0,0,0,1,12.4641,41.8747,0,1,Autovettura privata,In marcia / fermata / arresto,Conducente,M,Illeso,0,,,,,
3924745,2,17/07/2018 21:20:00,Strada Urbana,VIA ALESSANDRIA,in prossimit�,,del civico n.,292,,Veicolo in marcia contro ostacolo accidentale,Rettilineo,Una carreggiata a senso unico di marcia,Viscido da liquidi oleosi,Asfaltata,Verticale ed orizzontale,Sereno,Normale,Buona,Ore Diurne,1,0,0,1,12.5067,41.9145,-1,,,,Pedone,M,Illeso,0,,,,,
3924745,2,17/07/2018 21:20:00,Strada Urbana,VIA ALESSANDRIA,in prossimit�,,del civico n.,292,,Veicolo in marcia contro ostacolo accidentale,Rettilineo,Una carreggiata a senso unico di marcia,Viscido da liquidi oleosi,Asfaltata,Verticale ed orizzontale,Sereno,Normale,Buona,Ore Diurne,1,0,0,1,12.5067,41.9145,-1,1,Ciclomotore,In marcia / fermata / arresto,Conducente,M,Rifiuta cure immediate,0,NON DECEDUTO,Non accertato,,,
3924781,9,19/07/2018 15:40:00,Strada Urbana,VIA GALLIA,all'intersezione con,VIA SATURNIA,VIA SATURNIA,,,Scontro frontale/laterale DX fra veicoli in marcia,Incrocio,Una carreggiata a doppio senso,Asciutto,Asfaltata,Verticale ed orizzontale,Sereno,Normale,Buona,Ore Diurne,1,0,0,2,12.5035,41.8811,-1,1,Autovettura privata,In marcia / fermata / arresto,Conducente,M,Illeso,0,,Utilizzato,Inesploso,,
3924781,9,19/07/2018 15:40:00,Strada Urbana,VIA GALLIA,all'intersezione con,VIA SATURNIA,VIA SATURNIA,,,Scontro frontale/laterale DX fra veicoli in marcia,Incrocio,Una carreggiata a doppio senso,Asciutto,Asfaltata,Verticale ed orizzontale,Sereno,Normale,Buona,Ore Diurne,1,0,0,2,12.5035,41.8811,-1,1,Autovettura privata,In marcia / fermata / arresto,Passeggero,M,Illeso,0,,Utilizzato,Inesploso,,
3924781,9,19/07/2018 15:40:00,Strada Urbana,VIA GALLIA,all'intersezione con,VIA SATURNIA,VIA SATURNIA,,,Scontro frontale/laterale DX fra veicoli in marcia,Incrocio,Una carreggiata a doppio senso,Asciutto,Asfaltata,Verticale ed orizzontale,Sereno,Normale,Buona,Ore Diurne,1,0,0,2,12.5035,41.8811,-1,2,Motociclo a solo,In marcia / fermata / arresto,Conducente,M,Rimandato,0,NON DECEDUTO,Utilizzato,,,
3924811,1,18/07/2018 18:00:00,Strada Urbana,PIAZZA DI PORTA CAPENA,all'intersezione semaforizzata con,VIALE DELLE TERME DI CARACALLA,VIALE DELLE TERME DI CARACALLA,,,Scontro laterale fra veicoli in marcia,Intersezione semaforizzata,Una carreggiata a doppio senso,Asciutto,Asfaltata,Verticale,Sereno,Intenso,Buona,Ore Diurne,1,0,0,1,12.4904,41.8836,-1,1,Autovettura privata,In marcia / fermata / arresto,Conducente,M,Illeso,0,,Non accertato,Inesploso,,
3924811,1,18/07/2018 18:00:00,Strada Urbana,PIAZZA DI PORTA CAPENA,all'intersezione semaforizzata con,VIALE DELLE TERME DI CARACALLA,VIALE DELLE TERME DI CARACALLA,,,Scontro laterale fra veicoli in marcia,Intersezione semaforizzata,Una carreggiata a doppio senso,Asciutto,Asfaltata,Verticale,Sereno,Intenso,Buona,Ore Diurne,1,0,0,1,12.4904,41.8836,-1,2,Motociclo a solo,In marcia / fermata / arresto,Conducente,M,Rimandato,0,NON DECEDUTO,Non accertato,,,
3924859,1,19/07/2018 07:45:00,Strada Urbana,VIA DELL'AMBA ARADAM,da specificare,,,,in prossimit� entrata pronto soccorso del S. Giova,Scontro laterale fra veicoli in marcia,Rettilineo,Una carreggiata a doppio senso,Asciutto,Asfaltata,Verticale ed orizzontale,Sereno,Intenso,Buona,Ore Diurne,0,0,0,2,12.5032,41.8859,-1,1,Autovettura privata,In marcia / fermata / arresto,Conducente,M,Illeso,0,,Non accertato,Inesploso,,
3924859,1,19/07/2018 07:45:00,Strada Urbana,VIA DELL'AMBA ARADAM,da specificare,,,,in prossimit� entrata pronto soccorso del S. Giova,Scontro laterale fra veicoli in marcia,Rettilineo,Una carreggiata a doppio senso,Asciutto,Asfaltata,Verticale ed orizzontale,Sereno,Intenso,Buona,Ore Diurne,0,0,0,2,12.5032,41.8859,-1,2,Autocarro inferiore 35 q.,In marcia / fermata / arresto,Conducente,M,Illeso,0,,Non accertato,Inesploso,,
3924861,16,19/07/2018 14:00:00,Strada Urbana,VIA CARLO ARMELLINI,in prossimit�,,del civico n.,8,,Veicolo in marcia contro veicolo in sosta,Rettilineo,Una carreggiata a senso unico di marcia,Asciutto,Asfaltata,Verticale,Sereno,Scarso,Buona,Ore Diurne,0,0,0,1,12.4679,41.8823,-1,2,Autocarro inferiore 35 q.,In marcia / fermata / arresto,Conducente,M,Illeso,0,,Non accertato,,,
3924952,1,19/07/2018 02:00:00,Strada Urbana,VIA ROMOLO GESSI,in prossimit�,,del civico n.,1,,Veicolo in marcia contro veicoli in sosta,Rettilineo,Una carreggiata a senso unico di marcia,Asciutto,Asfaltata,Verticale ed orizzontale,Sereno,Scarso,Buona,Sufficiente,0,0,0,1,12.4748,41.8817,-1,1,Autovettura privata,In marcia / fermata / arresto,Conducente,M,Illeso,0,,Non accertato,Inesploso,,
3924955,2,19/07/2018 13:30:00,Strada Urbana,VIA DI VILLA ADA,all'intersezione con,VIA LARIANA,VIA LARIANA,,,Scontro frontale/laterale DX fra veicoli in marcia,Incrocio,Una carreggiata a doppio senso,Asciutto,Asfaltata,Verticale ed orizzontale,Sereno,Normale,Buona,Ore Diurne,0,0,0,3,12.5052,41.9244,-1,1,Autovettura privata,In marcia / fermata / arresto,Conducente,F,Illeso,0,,,,,
3924955,2,19/07/2018 13:30:00,Strada Urbana,VIA DI VILLA ADA,all'intersezione con,VIA LARIANA,VIA LARIANA,,,Scontro frontale/laterale DX fra veicoli in marcia,Incrocio,Una carreggiata a doppio senso,Asciutto,Asfaltata,Verticale ed orizzontale,Sereno,Normale,Buona,Ore Diurne,0,0,0,3,12.5052,41.9244,-1,1,Autovettura privata,In marcia / fermata / arresto,Passeggero,F,Illeso,0,,,,,
3924955,2,19/07/2018 13:30:00,Strada Urbana,VIA DI VILLA ADA,all'intersezione con,VIA LARIANA,VIA LARIANA,,,Scontro frontale/laterale DX fra veicoli in marcia,Incrocio,Una carreggiata a doppio senso,Asciutto,Asfaltata,Verticale ed orizzontale,Sereno,Normale,Buona,Ore Diurne,0,0,0,3,12.5052,41.9244,-1,2,Autovettura privata,In marcia / fermata / arresto,Conducente,F,Illeso,0,,,,,
3924992,15,19/07/2018 15:00:00,Strada Urbana,VIA CITTA' DI PRATO,in corrispondenza,,del civico n.,26,,Tamponamento,Rettilineo,Una carreggiata a senso unico di marcia,Asciutto,Asfaltata,Orizzontale,Sereno,Normale,Buona,Ore Diurne,0,0,0,3,12.4578,41.8457,-1,1,Autocarro inferiore 35 q.,In marcia / fermata / arresto,Conducente,M,Illeso,0,,Non accertato,Inesploso,,
3924992,15,19/07/2018 15:00:00,Strada Urbana,VIA CITTA' DI PRATO,in corrispondenza,,del civico n.,26,,Tamponamento,Rettilineo,Una carreggiata a senso unico di marcia,Asciutto,Asfaltata,Orizzontale,Sereno,Normale,Buona,Ore Diurne,0,0,0,3,12.4578,41.8457,-1,2,Motociclo con passeggero,In marcia / fermata / arresto,Conducente,M,Illeso,0,,Non accertato,,,
3924992,15,19/07/2018 15:00:00,Strada Urbana,VIA CITTA' DI PRATO,in corrispondenza,,del civico n.,26,,Tamponamento,Rettilineo,Una carreggiata a senso unico di marcia,Asciutto,Asfaltata,Orizzontale,Sereno,Normale,Buona,Ore Diurne,0,0,0,3,12.4578,41.8457,-1,2,Motociclo con passeggero,In marcia / fermata / arresto,Passeggero,M,Illeso,0,,Non accertato,,,
3924993,16,18/07/2018 15:45:00,Strada Urbana,VIA DI VILLA TROILI,da specificare,,,,prossimit� VIA S.G. EUDES,Scontro frontale/laterale SX fra veicoli in marcia,Rettilineo,Una carreggiata a doppio senso,Asciutto,Asfaltata,Verticale ed orizzontale,Sereno,Normale,Buona,Ore Diurne,5,0,0,1,12.4068,41.8817,-1,1,Autocarro inferiore 35 q.,In marcia / fermata / arresto,Conducente,M,Illeso,0,,Non accertato,Inesploso,,
3924993,16,18/07/2018 15:45:00,Strada Urbana,VIA DI VILLA TROILI,da specificare,,,,prossimit� VIA S.G. EUDES,Scontro frontale/laterale SX fra veicoli in marcia,Rettilineo,Una carreggiata a doppio senso,Asciutto,Asfaltata,Verticale ed orizzontale,Sereno,Normale,Buona,Ore Diurne,5,0,0,1,12.4068,41.8817,-1,1,Autocarro inferiore 35 q.,In marcia / fermata / arresto,Passeggero,M,Rimandato,0,NON DECEDUTO,Non accertato,Inesploso,,
3924993,16,18/07/2018 15:45:00,Strada Urbana,VIA DI VILLA TROILI,da specificare,,,,prossimit� VIA S.G. EUDES,Scontro frontale/laterale SX fra veicoli in marcia,Rettilineo,Una carreggiata a doppio senso,Asciutto,Asfaltata,Verticale ed orizzontale,Sereno,Normale,Buona,Ore Diurne,5,0,0,1,12.4068,41.8817,-1,1,Autocarro inferiore 35 q.,In marcia / fermata / arresto,Passeggero,M,Rimandato,0,NON DECEDUTO,Non accertato,Inesploso,,
3924993,16,18/07/2018 15:45:00,Strada Urbana,VIA DI VILLA TROILI,da specificare,,,,prossimit� VIA S.G. EUDES,Scontro frontale/laterale SX fra veicoli in marcia,Rettilineo,Una carreggiata a doppio senso,Asciutto,Asfaltata,Verticale ed orizzontale,Sereno,Normale,Buona,Ore Diurne,5,0,0,1,12.4068,41.8817,-1,2,Autovettura privata,In marcia / fermata / arresto,Conducente,M,Rimandato,0,NON DECEDUTO,Non accertato,Esploso,,
3924993,16,18/07/2018 15:45:00,Strada Urbana,VIA DI VILLA TROILI,da specificare,,,,prossimit� VIA S.G. EUDES,Scontro frontale/laterale SX fra veicoli in marcia,Rettilineo,Una carreggiata a doppio senso,Asciutto,Asfaltata,Verticale ed orizzontale,Sereno,Normale,Buona,Ore Diurne,5,0,0,1,12.4068,41.8817,-1,2,Autovettura privata,In marcia / fermata / arresto,Passeggero,F,Rimandato,0,NON DECEDUTO,Non accertato,Inesploso,,
3924993,16,18/07/2018 15:45:00,Strada Urbana,VIA DI VILLA TROILI,da specificare,,,,prossimit� VIA S.G. EUDES,Scontro frontale/laterale SX fra veicoli in marcia,Rettilineo,Una carreggiata a doppio senso,Asciutto,Asfaltata,Verticale ed orizzontale,Sereno,Normale,Buona,Ore Diurne,5,0,0,1,12.4068,41.8817,-1,2,Autovettura privata,In marcia / fermata / arresto,Passeggero,F,Rimandato,0,NON DECEDUTO,Non accertato,Inesploso,,
3925020,10,19/07/2018 16:30:00,Strada Urbana,VIA ANAGNINA,in prossimit�,,del civico n.,470,,Tamponamento,Rettilineo,Due carreggiate,Asciutto,Asfaltata,Verticale ed orizzontale,Sereno,Normale,Buona,Ore Diurne,0,0,0,3,12.6259,41.8104,-1,1,Autovettura di polizia,In marcia / fermata / arresto,Conducente,M,Illeso,0,,Non accertato,Inesploso,,
3925020,10,19/07/2018 16:30:00,Strada Urbana,VIA ANAGNINA,in prossimit�,,del civico n.,470,,Tamponamento,Rettilineo,Due carreggiate,Asciutto,Asfaltata,Verticale ed orizzontale,Sereno,Normale,Buona,Ore Diurne,0,0,0,3,12.6259,41.8104,-1,1,Autovettura di polizia,In marcia / fermata / arresto,Passeggero,M,Illeso,0,,Non accertato,Inesploso,,
3925020,10,19/07/2018 16:30:00,Strada Urbana,VIA ANAGNINA,in prossimit�,,del civico n.,470,,Tamponamento,Rettilineo,Due carreggiate,Asciutto,Asfaltata,Verticale ed orizzontale,Sereno,Normale,Buona,Ore Diurne,0,0,0,3,12.6259,41.8104,-1,2,Autovettura privata,In marcia / fermata / arresto,Conducente,M,Illeso,0,,Non accertato,Inesploso,,
3925157,6,19/07/2018 17:00:00,Provinciale entro l'abitato,VIA PRENESTINA,in prossimit�,,del civico n.,410/c,,Veicolo in marcia contro veicoli in arresto,Rettilineo,Due carreggiate,Asciutto,Asfaltata,Verticale,Sereno,Normale,Buona,Ore Diurne,1,0,0,2,12.6488,41.8919,-1,1,Motociclo a solo,In marcia / fermata / arresto,Conducente,M,Rifiuta cure immediate,0,NON DECEDUTO,,,,
3925157,6,19/07/2018 17:00:00,Provinciale entro l'abitato,VIA PRENESTINA,in prossimit�,,del civico n.,410/c,,Veicolo in marcia contro veicoli in arresto,Rettilineo,Due carreggiate,Asciutto,Asfaltata,Verticale,Sereno,Normale,Buona,Ore Diurne,1,0,0,2,12.6488,41.8919,-1,2,Autovettura privata,In marcia / fermata / arresto,Conducente,M,Illeso,0,,,,,
3925157,6,19/07/2018 17:00:00,Provinciale entro l'abitato,VIA PRENESTINA,in prossimit�,,del civico n.,410/c,,Veicolo in marcia contro veicoli in arresto,Rettilineo,Due carreggiate,Asciutto,Asfaltata,Verticale,Sereno,Normale,Buona,Ore Diurne,1,0,0,2,12.6488,41.8919,-1,2,Autovettura privata,In marcia / fermata / arresto,Passeggero,M,Illeso,0,,,,,
3925164,17,19/07/2018 16:30:00,Strada Urbana,VIA GIAN DOMENICO ROMAGNOSI,all'intersezione con,VIA DEGLI SCIALOJA,VIA DEGLI SCIALOJA,,,Veicolo in marcia contro veicoli in sosta,Incrocio,Una carreggiata a senso unico di marcia,Asciutto,Asfaltata,Verticale ed orizzontale,Sereno,Scarso,Buona,Ore Diurne,0,0,0,4,12.4734,41.9133,0,1,Autovettura di polizia,In marcia / fermata / arresto,Conducente,F,Illeso,0,,,,,
3925164,17,19/07/2018 16:30:00,Strada Urbana,VIA GIAN DOMENICO ROMAGNOSI,all'intersezione con,VIA DEGLI SCIALOJA,VIA DEGLI SCIALOJA,,,Veicolo in marcia contro veicoli in sosta,Incrocio,Una carreggiata a senso unico di marcia,Asciutto,Asfaltata,Verticale ed orizzontale,Sereno,Scarso,Buona,Ore Diurne,0,0,0,4,12.4734,41.9133,0,1,Autovettura di polizia,In marcia / fermata / arresto,Passeggero,F,Illeso,0,,,,,
3925164,17,19/07/2018 16:30:00,Strada Urbana,VIA GIAN DOMENICO ROMAGNOSI,all'intersezione con,VIA DEGLI SCIALOJA,VIA DEGLI SCIALOJA,,,Veicolo in marcia contro veicoli in sosta,Incrocio,Una carreggiata a senso unico di marcia,Asciutto,Asfaltata,Verticale ed orizzontale,Sereno,Scarso,Buona,Ore Diurne,0,0,0,4,12.4734,41.9133,0,1,Autovettura di polizia,In marcia / fermata / arresto,Passeggero,M,Illeso,0,,,,,
3925164,17,19/07/2018 16:30:00,Strada Urbana,VIA GIAN DOMENICO ROMAGNOSI,all'intersezione con,VIA DEGLI SCIALOJA,VIA DEGLI SCIALOJA,,,Veicolo in marcia contro veicoli in sosta,Incrocio,Una carreggiata a senso unico di marcia,Asciutto,Asfaltata,Verticale ed orizzontale,Sereno,Scarso,Buona,Ore Diurne,0,0,0,4,12.4734,41.9133,0,1,Autovettura di polizia,In marcia / fermata / arresto,Passeggero,F,Illeso,0,,,,,
3925473,11,19/07/2018 17:35:00,Strada Urbana,VIA ARDEATINA,da specificare,,,,altezza di v.Fioranello,Scontro laterale fra veicoli in marcia,Rettilineo,Una carreggiata a doppio senso,Asciutto,Asfaltata,Orizzontale,Sereno,Intenso,Buona,Ore Diurne,0,0,0,2,12.5346,41.7959,-1,1,Autovettura privata,In marcia / fermata / arresto,Conducente,M,Illeso,0,,Non accertato,,,
3925473,11,19/07/2018 17:35:00,Strada Urbana,VIA ARDEATINA,da specificare,,,,altezza di v.Fioranello,Scontro laterale fra veicoli in marcia,Rettilineo,Una carreggiata a doppio senso,Asciutto,Asfaltata,Orizzontale,Sereno,Intenso,Buona,Ore Diurne,0,0,0,2,12.5346,41.7959,-1,2,Autovettura privata,In marcia / fermata / arresto,Conducente,M,Illeso,0,,Non accertato,,,
3925474,9,19/07/2018 17:00:00,Strada Urbana,VIA APPIA NUOVA,da specificare,,,,FRONTE 119,Scontro frontale/laterale DX fra veicoli in marcia,Rettilineo,Due carreggiate,Asciutto,Asfaltata,Verticale ed orizzontale,Sereno,Normale,Buona,Ore Diurne,1,0,0,1,12.5599,41.8264,-1,1,Autovettura privata,In marcia / fermata / arresto,Conducente,M,Illeso,0,,Utilizzato,Inesploso,,
3925474,9,19/07/2018 17:00:00,Strada Urbana,VIA APPIA NUOVA,da specificare,,,,FRONTE 119,Scontro frontale/laterale DX fra veicoli in marcia,Rettilineo,Due carreggiate,Asciutto,Asfaltata,Verticale ed orizzontale,Sereno,Normale,Buona,Ore Diurne,1,0,0,1,12.5599,41.8264,-1,2,Motociclo a solo,In marcia / fermata / arresto,Conducente,M,Rimandato,0,NON DECEDUTO,Utilizzato,,,
3925480,9,19/07/2018 22:15:00,Strada Urbana,VIA APPIA NUOVA,all'intersezione semaforizzata con,VIA DEMETRIADE,VIA DEMETRIADE,,,Scontro laterale fra veicoli in marcia,Intersezione semaforizzata,Due carreggiate,Asciutto,Asfaltata,Verticale ed orizzontale,Sereno,Normale,Sufficiente,Sufficiente,0,0,0,2,12.5599,41.8264,-1,1,Autovettura pubblica,In marcia / fermata / arresto,Conducente,M,Illeso,0,,Non accertato,Inesploso,,
3925480,9,19/07/2018 22:15:00,Strada Urbana,VIA APPIA NUOVA,all'intersezione semaforizzata con,VIA DEMETRIADE,VIA DEMETRIADE,,,Scontro laterale fra veicoli in marcia,Intersezione semaforizzata,Due carreggiate,Asciutto,Asfaltata,Verticale ed orizzontale,Sereno,Normale,Sufficiente,Sufficiente,0,0,0,2,12.5599,41.8264,-1,2,Autovettura privata,In marcia / fermata / arresto,Conducente,M,Illeso,0,,Non accertato,Inesploso,,
3925482,11,19/07/2018 13:10:00,Strada Urbana,VIA MARIO BIANCHINI,in corrispondenza,,del palo luce n.,27,,Investimento di pedone,Curva a visuale libera,Una carreggiata a doppio senso,Asciutto,Asfaltata,Verticale ed orizzontale,Sereno,Scarso,Buona,Ore Diurne,1,0,0,2,12.5008,41.8345,-1,,,,Pedone,M,Rimandato,0,NON DECEDUTO,,,,
3925482,11,19/07/2018 13:10:00,Strada Urbana,VIA MARIO BIANCHINI,in corrispondenza,,del palo luce n.,27,,Investimento di pedone,Curva a visuale libera,Una carreggiata a doppio senso,Asciutto,Asfaltata,Verticale ed orizzontale,Sereno,Scarso,Buona,Ore Diurne,1,0,0,2,12.5008,41.8345,-1,1,Autovettura privata,In marcia / fermata / arresto,Conducente,M,Illeso,0,,Non accertato,,,
3925482,11,19/07/2018 13:10:00,Strada Urbana,VIA MARIO BIANCHINI,in corrispondenza,,del palo luce n.,27,,Investimento di pedone,Curva a visuale libera,Una carreggiata a doppio senso,Asciutto,Asfaltata,Verticale ed orizzontale,Sereno,Scarso,Buona,Ore Diurne,1,0,0,2,12.5008,41.8345,-1,1,Autovettura privata,In marcia / fermata / arresto,Passeggero,F,Illeso,0,,Non accertato,,,
3925485,1,19/07/2018 19:05:00,Strada Urbana,CORSO VITTORIO EMANUELE II,in corrispondenza,,del civico n.,243,,Investimento di pedone,Curva a visuale libera,Una carreggiata a doppio senso,Asciutto,Asfaltata,Verticale ed orizzontale,Sereno,Normale,Buona,Ore Diurne,0,0,1,1,12.4682,41.8982,-1,,,,Pedone,F,Deceduto sul posto,-1,,,,,