Protocollo,Gruppo,DataOraIncidente,Localizzazione1,STRADA1,Localizzazione2,STRADA2,Strada02,Chilometrica,DaSpecificare,NaturaIncidente,particolaritastrade,TipoStrada,FondoStradale,Pavimentazione,Segnaletica,CondizioneAtmosferica,Traffico,Visibilita,Illuminazione,NUM_FERITI,NUM_RISERVATA,NUM_MORTI,NUM_ILLESI,Longitudine,Latitudine,Confermato,Progressivo,TipoVeicolo,StatoVeicolo,TipoPersona,Sesso,Tipolesione,Deceduto,DecedutoDopo,CinturaCascoUtilizzato,Airbag,,
3925485,1,19/07/2018 19:05:00,Strada Urbana,CORSO VITTORIO EMANUELE II,in corrispondenza,,del civico n.,243,,Investimento di pedone,Curva a visuale libera,Una carreggiata a doppio senso,Asciutto,Asfaltata,Verticale ed orizzontale,Sereno,Normale,Buona,Ore Diurne,0,0,1,1,12.4682,41.8982,-1,1,Autobus turistico,In marcia / fermata / arresto,Conducente,M,Illeso,0,,Non accertato,Inesploso,,
3925487,11,19/07/2018 17:00:00,Strada Urbana,VIA ARDEATINA,all'intersezione con,VIA DELLE SETTE CHIESE,VIA DELLE SETTE CHIESE,,,Scontro laterale fra veicoli in marcia,Intersezione stradale segnalata,Due carreggiate,Asciutto,Asfaltata,Verticale ed orizzontale,Sereno,Normale,Buona,Ore Diurne,0,0,0,2,12.5093,41.858,-1,1,Autovettura privata,In marcia / fermata / arresto,Conducente,M,Illeso,0,,,,,
3925487,11,19/07/2018 17:00:00,Strada Urbana,VIA ARDEATINA,all'intersezione con,VIA DELLE SETTE CHIESE,VIA DELLE SETTE CHIESE,,,Scontro laterale fra veicoli in marcia,Intersezione stradale segnalata,Due carreggiate,Asciutto,Asfaltata,Verticale ed orizzontale,Sereno,Normale,Buona,Ore Diurne,0,0,0,2,12.5093,41.858,-1,2,Autovettura privata,In marcia / fermata / arresto,Conducente,F,Illeso,0,,Non accertato,,,
3925502,11,19/07/2018 18:20:00,Strada Urbana,VIA TULLIO LEVI CIVITA,in prossimit�,,del civico n.,78,,Scontro frontale/laterale SX fra veicoli in marcia,Rettilineo,Due carreggiate,Asciutto,Asfaltata,Verticale,Sereno,Normale,Buona,Ore Diurne,0,0,0,3,12.4728,41.8553,-1,1,Autovettura privata,In marcia / fermata / arresto,Conducente,F,Illeso,0,,Non accertato,,,
3925502,11,19/07/2018 18:20:00,Strada Urbana,VIA TULLIO LEVI CIVITA,in prossimit�,,del civico n.,78,,Scontro frontale/laterale SX fra veicoli in marcia,Rettilineo,Due carreggiate,Asciutto,Asfaltata,Verticale,Sereno,Normale,Buona,Ore Diurne,0,0,0,3,12.4728,41.8553,-1,2,Autovettura privata,In marcia / fermata / arresto,Conducente,M,Illeso,0,,Non accertato,,,
3925502,11,19/07/2018 18:20:00,Strada Urbana,VIA TULLIO LEVI CIVITA,in prossimit�,,del civico n.,78,,Scontro frontale/laterale SX fra veicoli in marcia,Rettilineo,Due carreggiate,Asciutto,Asfaltata,Verticale,Sereno,Normale,Buona,Ore Diurne,0,0,0,3,12.4728,41.8553,-1,2,Autovettura privata,In marcia / fermata / arresto,Passeggero,F,Illeso,0,,,,,
3925512,11,19/07/2018 21:00:00,Strada Urbana,VIA S. NEMESIO,in prossimit�,,del palo luce n.,13,,Scontro frontale/laterale DX fra veicoli in marcia,Rettilineo,Una carreggiata a senso unico di marcia,Asciutto,Asfaltata,Verticale ed orizzontale,Sereno,Scarso,Buona,Sufficiente,2,0,0,1,12.4877,41.8587,-1,1,Autovettura privata,In marcia / fermata / arresto,Conducente,M,Illeso,0,,,,,
3925512,11,19/07/2018 21:00:00,Strada Urbana,VIA S. NEMESIO,in prossimit�,,del palo luce n.,13,,Scontro frontale/laterale DX fra veicoli in marcia,Rettilineo,Una carreggiata a senso unico di marcia,Asciutto,Asfaltata,Verticale ed orizzontale,Sereno,Scarso,Buona,Sufficiente,2,0,0,1,12.4877,41.8587,-1,2,Ciclomotore,In marcia / fermata / arresto,Conducente,M,Rimandato,0,NON DECEDUTO,Non accertato,,,
3925512,11,19/07/2018 21:00:00,Strada Urbana,VIA S. NEMESIO,in prossimit�,,del palo luce n.,13,,Scontro frontale/laterale DX fra veicoli in marcia,Rettilineo,Una carreggiata a senso unico di marcia,Asciutto,Asfaltata,Verticale ed orizzontale,Sereno,Scarso,Buona,Sufficiente,2,0,0,1,12.4877,41.8587,-1,2,Ciclomotore,In marcia / fermata / arresto,Passeggero,F,Rimandato,0,NON DECEDUTO,Non accertato,,,
3925516,8,19/07/2018 23:15:00,Strada Urbana,VIA ROCCALUMERA,all'intersezione con,VIA ROCCAMENA,VIA ROCCAMENA,,,Scontro frontale/laterale DX fra veicoli in marcia,Incrocio,Una carreggiata a doppio senso,Asciutto,Asfaltata,Assente,Sereno,Scarso,Insufficiente,Insufficiente,1,0,0,1,12.6638,41.8824,-1,1,Autovettura privata,In marcia / fermata / arresto,Conducente,M,Rimandato,0,NON DECEDUTO,Non accertato,Inesploso,,
3925516,8,19/07/2018 23:15:00,Strada Urbana,VIA ROCCALUMERA,all'intersezione con,VIA ROCCAMENA,VIA ROCCAMENA,,,Scontro frontale/laterale DX fra veicoli in marcia,Incrocio,Una carreggiata a doppio senso,Asciutto,Asfaltata,Assente,Sereno,Scarso,Insufficiente,Insufficiente,1,0,0,1,12.6638,41.8824,-1,2,Autovettura privata,In marcia / fermata / arresto,Conducente,M,Illeso,0,,,,,
3925531,12,19/07/2018 18:00:00,Strada Urbana,VIALE DEL CICLISMO,all'intersezione con,VIALE DELLA TECNICA,VIALE DELLA TECNICA,,,Scontro frontale/laterale DX fra veicoli in marcia,Intersezione stradale segnalata,Una carreggiata a doppio senso,Asciutto,Asfaltata,Verticale ed orizzontale,Sereno,Normale,Buona,Ore Diurne,2,0,0,1,12.4586,41.8271,-1,1,Autovettura privata,In marcia / fermata / arresto,Conducente,F,Rimandato,0,NON DECEDUTO,Non accertato,Esploso,,
3925531,12,19/07/2018 18:00:00,Strada Urbana,VIALE DEL CICLISMO,all'intersezione con,VIALE DELLA TECNICA,VIALE DELLA TECNICA,,,Scontro frontale/laterale DX fra veicoli in marcia,Intersezione stradale segnalata,Una carreggiata a doppio senso,Asciutto,Asfaltata,Verticale ed orizzontale,Sereno,Normale,Buona,Ore Diurne,2,0,0,1,12.4586,41.8271,-1,1,Autovettura privata,In marcia / fermata / arresto,Passeggero,F,Rimandato,0,NON DECEDUTO,Non accertato,Esploso,,
3925531,12,19/07/2018 18:00:00,Strada Urbana,VIALE DEL CICLISMO,all'intersezione con,VIALE DELLA TECNICA,VIALE DELLA TECNICA,,,Scontro frontale/laterale DX fra veicoli in marcia,Intersezione stradale segnalata,Una carreggiata a doppio senso,Asciutto,Asfaltata,Verticale ed orizzontale,Sereno,Normale,Buona,Ore Diurne,2,0,0,1,12.4586,41.8271,-1,2,Autovettura privata,In marcia / fermata / arresto,Conducente,M,Illeso,0,,Non accertato,Esploso,,
3925532,13,19/07/2018 16:35:00,Strada Urbana,VIA ALESSIO OLIVIERI,da specificare,,,,fronte civ. 18,Veicolo in marcia contro ostacolo fisso,Rettilineo,Una carreggiata a doppio senso,Asciutto,Asfaltata,Assente,Sereno,Scarso,Buona,Ore Diurne,0,0,0,1,12.3729,41.7435,-1,1,Autovettura privata,In marcia / fermata / arresto,Conducente,F,Illeso,0,,Non accertato,Inesploso,,
3925535,13,19/07/2018 14:05:00,Strada Urbana,VIALE DELLE REPUBBLICHE MARINARE,all'intersezione con,VIA DELLE ZATTERE,VIA DELLE ZATTERE,,,Scontro frontale/laterale DX fra veicoli in marcia,Incrocio,Due carreggiate,Asciutto,Asfaltata,Assente,Sereno,Normale,Buona,Ore Diurne,1,0,0,4,12.2683,41.7352,-1,1,Autovettura privata,In marcia / fermata / arresto,Conducente,F,Illeso,0,,Non accertato,Inesploso,,
3925535,13,19/07/2018 14:05:00,Strada Urbana,VIALE DELLE REPUBBLICHE MARINARE,all'intersezione con,VIA DELLE ZATTERE,VIA DELLE ZATTERE,,,Scontro frontale/laterale DX fra veicoli in marcia,Incrocio,Due carreggiate,Asciutto,Asfaltata,Assente,Sereno,Normale,Buona,Ore Diurne,1,0,0,4,12.2683,41.7352,-1,1,Autovettura privata,In marcia / fermata / arresto,Passeggero,M,Illeso,0,,Non accertato,Inesploso,,
3925535,13,19/07/2018 14:05:00,Strada Urbana,VIALE DELLE REPUBBLICHE MARINARE,all'intersezione con,VIA DELLE ZATTERE,VIA DELLE ZATTERE,,,Scontro frontale/laterale DX fra veicoli in marcia,Incrocio,Due carreggiate,Asciutto,Asfaltata,Assente,Sereno,Normale,Buona,Ore Diurne,1,0,0,4,12.2683,41.7352,-1,1,Autovettura privata,In marcia / fermata / arresto,Passeggero,M,Illeso,0,,Non accertato,Inesploso,,
3925535,13,19/07/2018 14:05:00,Strada Urbana,VIALE DELLE REPUBBLICHE MARINARE,all'intersezione con,VIA DELLE ZATTERE,VIA DELLE ZATTERE,,,Scontro frontale/laterale DX fra veicoli in marcia,Incrocio,Due carreggiate,Asciutto,Asfaltata,Assente,Sereno,Normale,Buona,Ore Diurne,1,0,0,4,12.2683,41.7352,-1,1,Autovettura privata,In marcia / fermata / arresto,Passeggero,M,Illeso,0,,Non accertato,Inesploso,,
3925535,13,19/07/2018 14:05:00,Strada Urbana,VIALE DELLE REPUBBLICHE MARINARE,all'intersezione con,VIA DELLE ZATTERE,VIA DELLE ZATTERE,,,Scontro frontale/laterale DX fra veicoli in marcia,Incrocio,Due carreggiate,Asciutto,Asfaltata,Assente,Sereno,Normale,Buona,Ore Diurne,1,0,0,4,12.2683,41.7352,-1,2,Motociclo a solo,In marcia / fermata / arresto,Conducente,M,Rimandato,0,NON DECEDUTO,Non accertato,,,
3925540,4,19/07/2018 09:00:00,Provinciale,VIA NOMENTANA,in corrispondenza,,del civico n.,1412,,Scontro frontale/laterale SX fra veicoli in marcia,Rettilineo,Una carreggiata a doppio senso,Asciutto,Asfaltata,Verticale ed orizzontale,Sereno,Normale,Buona,Ore Diurne,1,0,0,3,12.6046,41.9686,-1,1,Autovettura privata,In marcia / fermata / arresto,Conducente,M,Illeso,0,,Non accertato,,,
3925540,4,19/07/2018 09:00:00,Provinciale,VIA NOMENTANA,in corrispondenza,,del civico n.,1412,,Scontro frontale/laterale SX fra veicoli in marcia,Rettilineo,Una carreggiata a doppio senso,Asciutto,Asfaltata,Verticale ed orizzontale,Sereno,Normale,Buona,Ore Diurne,1,0,0,3,12.6046,41.9686,-1,1,Autovettura privata,In marcia / fermata / arresto,Passeggero,M,Illeso,0,,Non accertato,,,
3925540,4,19/07/2018 09:00:00,Provinciale,VIA NOMENTANA,in corrispondenza,,del civico n.,1412,,Scontro frontale/laterale SX fra veicoli in marcia,Rettilineo,Una carreggiata a doppio senso,Asciutto,Asfaltata,Verticale ed orizzontale,Sereno,Normale,Buona,Ore Diurne,1,0,0,3,12.6046,41.9686,-1,1,Autovettura privata,In marcia / fermata / arresto,Passeggero,M,Illeso,0,,Non accertato,,,
3925540,4,19/07/2018 09:00:00,Provinciale,VIA NOMENTANA,in corrispondenza,,del civico n.,1412,,Scontro frontale/laterale SX fra veicoli in marcia,Rettilineo,Una carreggiata a doppio senso,Asciutto,Asfaltata,Verticale ed orizzontale,Sereno,Normale,Buona,Ore Diurne,1,0,0,3,12.6046,41.9686,-1,2,Motociclo a solo,In marcia / fermata / arresto,Conducente,M,Ricoverato,0,NON DECEDUTO,Non accertato,,,
3925543,19,19/07/2018 09:45:00,Strada Urbana,VIA STRESA,in prossimit�,,del civico n.,118,,Tamponamento,Curva senza visuale libera,Una carreggiata a senso unico di marcia,Asciutto,Asfaltata,Verticale,Sereno,Normale,Buona,Ore Diurne,0,0,0,2,12.4399,41.9378,-1,1,Autovettura privata,In marcia / fermata / arresto,Conducente,M,Illeso,0,,Non accertato,Inesploso,,
3925543,19,19/07/2018 09:45:00,Strada Urbana,VIA STRESA,in prossimit�,,del civico n.,118,,Tamponamento,Curva senza visuale libera,Una carreggiata a senso unico di marcia,Asciutto,Asfaltata,Verticale,Sereno,Normale,Buona,Ore Diurne,0,0,0,2,12.4399,41.9378,-1,2,Motociclo a solo,In marcia / fermata / arresto,Conducente,F,Illeso,0,,Non accertato,,,
3925545,20,19/07/2018 16:00:00,Strada Urbana,VIA FLAMINIA NUOVA,da specificare,,,,direzione Roma pross.ta' Via Bomarzo,Tamponamento,Rettilineo,Due carreggiate,Asciutto,Asfaltata,Orizzontale,Sereno,Normale,Buona,Ore Diurne,1,0,0,2,12.4792,41.9609,-1,1,Autovettura privata,In marcia / fermata / arresto,Conducente,M,Illeso,0,,Non accertato,,,
3925545,20,19/07/2018 16:00:00,Strada Urbana,VIA FLAMINIA NUOVA,da specificare,,,,direzione Roma pross.ta' Via Bomarzo,Tamponamento,Rettilineo,Due carreggiate,Asciutto,Asfaltata,Orizzontale,Sereno,Normale,Buona,Ore Diurne,1,0,0,2,12.4792,41.9609,-1,1,Autovettura privata,In marcia / fermata / arresto,Passeggero,F,Illeso,0,,Non accertato,,,
3925545,20,19/07/2018 16:00:00,Strada Urbana,VIA FLAMINIA NUOVA,da specificare,,,,direzione Roma pross.ta' Via Bomarzo,Tamponamento,Rettilineo,Due carreggiate,Asciutto,Asfaltata,Orizzontale,Sereno,Normale,Buona,Ore Diurne,1,0,0,2,12.4792,41.9609,-1,2,Quadriciclo leggero,Allontanatosi,Conducente,F,Rifiuta cure immediate,0,NON DECEDUTO,Non accertato,,,
3925547,10,19/07/2018 21:40:00,Strada Urbana,VIA SELINUNTE,all'intersezione con,VIA SAGUNTO,VIA SAGUNTO,,,Scontro frontale/laterale DX fra veicoli in marcia,Incrocio,Una carreggiata a doppio senso,Asciutto,Asfaltata,Orizzontale,Sereno,Normale,Sufficiente,Sufficiente,1,0,0,1,12.5504,41.8568,-1,1,Autovettura privata,In marcia / fermata / arresto,Conducente,M,Illeso,0,,Non accertato,Inesploso,,
3925547,10,19/07/2018 21:40:00,Strada Urbana,VIA SELINUNTE,all'intersezione con,VIA SAGUNTO,VIA SAGUNTO,,,Scontro frontale/laterale DX fra veicoli in marcia,Incrocio,Una carreggiata a doppio senso,Asciutto,Asfaltata,Orizzontale,Sereno,Normale,Sufficiente,Sufficiente,1,0,0,1,12.5504,41.8568,-1,2,Velocipede,In marcia / fermata / arresto,Conducente,F,Rimandato,0,NON DECEDUTO,Esente,,,
3925553,13,19/07/2018 09:45:00,Strada Urbana,VIALE DEI ROMAGNOLI,all'intersezione con,VIA ARTURO EVANS,VIA ARTURO EVANS,,,Scontro frontale/laterale DX fra veicoli in marcia,Incrocio,Una carreggiata a doppio senso,Asciutto,Asfaltata,Verticale,Sereno,Normale,Buona,Ore Diurne,1,0,0,1,12.3574,41.7831,-1,1,Autovettura privata,In marcia / fermata / arresto,Conducente,M,Illeso,0,,Non accertato,Inesploso,,
3925553,13,19/07/2018 09:45:00,Strada Urbana,VIALE DEI ROMAGNOLI,all'intersezione con,VIA ARTURO EVANS,VIA ARTURO EVANS,,,Scontro frontale/laterale DX fra veicoli in marcia,Incrocio,Una carreggiata a doppio senso,Asciutto,Asfaltata,Verticale,Sereno,Normale,Buona,Ore Diurne,1,0,0,1,12.3574,41.7831,-1,2,Motociclo a solo,In marcia / fermata / arresto,Conducente,M,Rimandato,0,NON DECEDUTO,,,,
3925555,19,19/07/2018 10:30:00,Strada Urbana,VIA DI TORREVECCHIA,in prossimit�,,del civico n.,579,,Tamponamento,Rettilineo,Una carreggiata a doppio senso,Asciutto,Asfaltata,Verticale ed orizzontale,Sereno,Normale,Buona,Ore Diurne,0,0,0,3,12.4119,41.9228,-1,1,Autovettura privata,In marcia / fermata / arresto,Conducente,F,Illeso,0,,Non accertato,Inesploso,,
3925555,19,19/07/2018 10:30:00,Strada Urbana,VIA DI TORREVECCHIA,in prossimit�,,del civico n.,579,,Tamponamento,Rettilineo,Una carreggiata a doppio senso,Asciutto,Asfaltata,Verticale ed orizzontale,Sereno,Normale,Buona,Ore Diurne,0,0,0,3,12.4119,41.9228,-1,1,Autovettura privata,In marcia / fermata / arresto,Passeggero,M,Illeso,0,,Non accertato,Inesploso,,
3925555,19,19/07/2018 10:30:00,Strada Urbana,VIA DI TORREVECCHIA,in prossimit�,,del civico n.,579,,Tamponamento,Rettilineo,Una carreggiata a doppio senso,Asciutto,Asfaltata,Verticale ed orizzontale,Sereno,Normale,Buona,Ore Diurne,0,0,0,3,12.4119,41.9228,-1,2,Autovettura privata,In marcia / fermata / arresto,Conducente,M,Illeso,0,,Non accertato,Inesploso,,
3925562,8,19/07/2018 21:15:00,Strada Urbana,VIA SANT'ELPIDIO A MARE,all'intersezione con,VIA MONTE ROBERTO,VIA MONTE ROBERTO,,,Scontro frontale/laterale SX fra veicoli in marcia,Intersezione stradale segnalata,Una carreggiata a doppio senso,Asciutto,Asfaltata,Orizzontale,Sereno,Normale,Sufficiente,Sufficiente,1,0,0,2,12.7261,41.9183,-1,1,Autovettura privata,In marcia / fermata / arresto,Conducente,M,Illeso,0,,Non accertato,Esploso,,
3925562,8,19/07/2018 21:15:00,Strada Urbana,VIA SANT'ELPIDIO A MARE,all'intersezione con,VIA MONTE ROBERTO,VIA MONTE ROBERTO,,,Scontro frontale/laterale SX fra veicoli in marcia,Intersezione stradale segnalata,Una carreggiata a doppio senso,Asciutto,Asfaltata,Orizzontale,Sereno,Normale,Sufficiente,Sufficiente,1,0,0,2,12.7261,41.9183,-1,1,Autovettura privata,In marcia / fermata / arresto,Passeggero,M,Illeso,0,,Non accertato,Esploso,,
3925562,8,19/07/2018 21:15:00,Strada Urbana,VIA SANT'ELPIDIO A MARE,all'intersezione con,VIA MONTE ROBERTO,VIA MONTE ROBERTO,,,Scontro frontale/laterale SX fra veicoli in marcia,Intersezione stradale segnalata,Una carreggiata a doppio senso,Asciutto,Asfaltata,Orizzontale,Sereno,Normale,Sufficiente,Sufficiente,1,0,0,2,12.7261,41.9183,-1,2,Autovettura privata,In marcia / fermata / arresto,Conducente,M,Rimandato,0,NON DECEDUTO,Non accertato,Esploso,,
3925570,18,20/07/2018 07:40:00,Strada Urbana,VIA RISERVA DELLA TORRETTA,da specificare,,,,in prossimit� della rampa per Via di Acquafredda,Veicolo in marcia contro ostacolo accidentale,Curva a visuale libera,Due carreggiate,Asciutto,Con buche,Verticale ed orizzontale,Sereno,Normale,Buona,Ore Diurne,0,0,0,2,12.3883,41.8875,-1,1,Motociclo con passeggero,In marcia / fermata / arresto,Conducente,M,Illeso,0,,Non accertato,,,
3925570,18,20/07/2018 07:40:00,Strada Urbana,VIA RISERVA DELLA TORRETTA,da specificare,,,,in prossimit� della rampa per Via di Acquafredda,Veicolo in marcia contro ostacolo accidentale,Curva a visuale libera,Due carreggiate,Asciutto,Con buche,Verticale ed orizzontale,Sereno,Normale,Buona,Ore Diurne,0,0,0,2,12.3883,41.8875,-1,1,Motociclo con passeggero,In marcia / fermata / arresto,Passeggero,F,Illeso,0,,Non accertato,,,
3925574,8,20/07/2018 04:30:00,Provinciale entro l'abitato,VIA PRENESTINA NUOVA,da specificare,,,,dir. Roma centro pross. Via Rocca Cencia,Fuoriuscita dalla sede stradale,Rettilineo,Una carreggiata a doppio senso,Asciutto,Asfaltata,Verticale ed orizzontale,Sereno,Scarso,Insufficiente,Inesistente,0,1,0,0,12.7043,41.8871,-1,1,Autovettura privata,In marcia / fermata / arresto,Conducente,M,Prognosi riservata,0,NON DECEDUTO,,,,
3925583,7,19/07/2018 16:00:00,Strada Urbana,VIA DELLE PALME,all'intersezione con,VIA DEI CICLAMINI,VIA DEI CICLAMINI,,,Scontro frontale/laterale SX fra veicoli in marcia,Incrocio,Una carreggiata a doppio senso,Asciutto,Asfaltata,Verticale ed orizzontale,Sereno,Normale,Sufficiente,Ore Diurne,1,0,0,2,12.5669,41.8897,-1,1,Autovettura privata,In marcia / fermata / arresto,Conducente,M,Rimandato,0,NON DECEDUTO,Non accertato,Inesploso,,
3925583,7,19/07/2018 16:00:00,Strada Urbana,VIA DELLE PALME,all'intersezione con,VIA DEI CICLAMINI,VIA DEI CICLAMINI,,,Scontro frontale/laterale SX fra veicoli in marcia,Incrocio,Una carreggiata a doppio senso,Asciutto,Asfaltata,Verticale ed orizzontale,Sereno,Normale,Sufficiente,Ore Diurne,1,0,0,2,12.5669,41.8897,-1,2,Autovettura privata,In marcia / fermata / arresto,Conducente,M,Illeso,0,,Non accertato,Inesploso,,
3925583,7,19/07/2018 16:00:00,Strada Urbana,VIA DELLE PALME,all'intersezione con,VIA DEI CICLAMINI,VIA DEI CICLAMINI,,,Scontro frontale/laterale SX fra veicoli in marcia,Incrocio,Una carreggiata a doppio senso,Asciutto,Asfaltata,Verticale ed orizzontale,Sereno,Normale,Sufficiente,Ore Diurne,1,0,0,2,12.5669,41.8897,-1,2,Autovettura privata,In marcia / fermata / arresto,Passeggero,M,Illeso,0,,Non accertato,Inesploso,,
3925591,4,19/07/2018 18:50:00,Strada Urbana,VIALE JONIO,in corrispondenza,,del civico n.,404,,Investimento di pedone,Rettilineo,Due carreggiate,Asciutto,Asfaltata,Verticale ed orizzontale,Sereno,Normale,Buona,Ore Diurne,4,0,0,1,12.5272,41.9462,-1,,,,Pedone,F,Rimandato,0,NON DECEDUTO,,,,
3925591,4,19/07/2018 18:50:00,Strada Urbana,VIALE JONIO,in corrispondenza,,del civico n.,404,,Investimento di pedone,Rettilineo,Due carreggiate,Asciutto,Asfaltata,Verticale ed orizzontale,Sereno,Normale,Buona,Ore Diurne,4,0,0,1,12.5272,41.9462,-1,,,,Pedone,F,Rimandato,0,NON DECEDUTO,,,,
3925591,4,19/07/2018 18:50:00,Strada Urbana,VIALE JONIO,in corrispondenza,,del civico n.,404,,Investimento di pedone,Rettilineo,Due carreggiate,Asciutto,Asfaltata,Verticale ed orizzontale,Sereno,Normale,Buona,Ore Diurne,4,0,0,1,12.5272,41.9462,-1,,,,Pedone,F,Rimandato,0,NON DECEDUTO,,,,
3925591,4,19/07/2018 18:50:00,Strada Urbana,VIALE JONIO,in corrispondenza,,del civico n.,404,,Investimento di pedone,Rettilineo,Due carreggiate,Asciutto,Asfaltata,Verticale ed orizzontale,Sereno,Normale,Buona,Ore Diurne,4,0,0,1,12.5272,41.9462,-1,,,,Pedone,F,Rimandato,0,NON DECEDUTO,,,,
3925591,4,19/07/2018 18:50:00,Strada Urbana,VIALE JONIO,in corrispondenza,,del civico n.,404,,Investimento di pedone,Rettilineo,Due carreggiate,Asciutto,Asfaltata,Verticale ed orizzontale,Sereno,Normale,Buona,Ore Diurne,4,0,0,1,12.5272,41.9462,-1,1,Autovettura privata,In marcia / fermata / arresto,Conducente,M,Illeso,0,,Non accertato,Inesploso,,
3925603,19,19/07/2018 10:50:00,Strada Urbana,VIA DI TORREVECCHIA,in prossimit�,,del civico n.,489,,Investimento di pedone,Rettilineo,Una carreggiata a doppio senso,Asciutto,Asfaltata,Orizzontale,Sereno,Normale,Buona,Ore Diurne,1,0,0,1,12.4131,41.9239,-1,,,,Pedone,F,Rimandato,0,NON DECEDUTO,,,,
3925603,19,19/07/2018 10:50:00,Strada Urbana,VIA DI TORREVECCHIA,in prossimit�,,del civico n.,489,,Investimento di pedone,Rettilineo,Una carreggiata a doppio senso,Asciutto,Asfaltata,Orizzontale,Sereno,Normale,Buona,Ore Diurne,1,0,0,1,12.4131,41.9239,-1,1,Autovettura privata,In marcia / fermata / arresto,Conducente,M,Illeso,0,,Non accertato,Inesploso,,
3925606,13,20/07/2018,Strada Urbana,PIAZZALE MAGELLANO,all'intersezione con,PIAZZA SALVATORE VIALE,PIAZZA SALVATORE VIALE,,,Veicolo in marcia contro veicolo in sosta,Incrocio,Una carreggiata a senso unico di marcia,Asciutto,Asfaltata,Verticale ed orizzontale,Sereno,Scarso,Buona,Sufficiente,0,0,0,4,12.289,41.7257,-1,2,Autovettura privata,In marcia / fermata / arresto,Conducente,M,Illeso,0,,Non accertato,,,
3925606,13,20/07/2018,Strada Urbana,PIAZZALE MAGELLANO,all'intersezione con,PIAZZA SALVATORE VIALE,PIAZZA SALVATORE VIALE,,,Veicolo in marcia contro veicolo in sosta,Incrocio,Una carreggiata a senso unico di marcia,Asciutto,Asfaltata,Verticale ed orizzontale,Sereno,Scarso,Buona,Sufficiente,0,0,0,4,12.289,41.7257,-1,2,Autovettura privata,In marcia / fermata / arresto,Passeggero,M,Illeso,0,,Non accertato,,,
3925606,13,20/07/2018,Strada Urbana,PIAZZALE MAGELLANO,all'intersezione con,PIAZZA SALVATORE VIALE,PIAZZA SALVATORE VIALE,,,Veicolo in marcia contro veicolo in sosta,Incrocio,Una carreggiata a senso unico di marcia,Asciutto,Asfaltata,Verticale ed orizzontale,Sereno,Scarso,Buona,Sufficiente,0,0,0,4,12.289,41.7257,-1,2,Autovettura privata,In marcia / fermata / arresto,Passeggero,M,Illeso,0,,Non accertato,,,
3925606,13,20/07/2018,Strada Urbana,PIAZZALE MAGELLANO,all'intersezione con,PIAZZA SALVATORE VIALE,PIAZZA SALVATORE VIALE,,,Veicolo in marcia contro veicolo in sosta,Incrocio,Una carreggiata a senso unico di marcia,Asciutto,Asfaltata,Verticale ed orizzontale,Sereno,Scarso,Buona,Sufficiente,0,0,0,4,12.289,41.7257,-1,2,Autovettura privata,In marcia / fermata / arresto,Passeggero,M,Illeso,0,,Non accertato,,,
3925610,10,19/07/2018 23:30:00,Strada Urbana,VIA LUCIO SESTIO,all'intersezione con,VIALE SPARTACO,VIALE SPARTACO,,,Veicolo in marcia contro ostacolo accidentale,Incrocio,Una carreggiata a senso unico di marcia,Asciutto,Asfaltata,Verticale ed orizzontale,Sereno,Scarso,Sufficiente,Sufficiente,1,0,0,0,12.5553,41.8579,-1,1,Velocipede,In marcia / fermata / arresto,Conducente,M,Rimandato,0,NON DECEDUTO,Esente,,,
3925613,18,19/07/2018 14:15:00,Strada Urbana,VIA GREGORIO VII,in corrispondenza,,del civico n.,112,,Investimento di pedone,Pendenza,Pi� di due carreggiate,Asciutto,Asfaltata,Verticale ed orizzontale,Sereno,Normale,Buona,Ore Diurne,1,0,0,5,12.4474,41.8954,-1,,,,Pedone,F,Rimandato,0,NON DECEDUTO,,,,
3925613,18,19/07/2018 14:15:00,Strada Urbana,VIA GREGORIO VII,in corrispondenza,,del civico n.,112,,Investimento di pedone,Pendenza,Pi� di due carreggiate,Asciutto,Asfaltata,Verticale ed orizzontale,Sereno,Normale,Buona,Ore Diurne,1,0,0,5,12.4474,41.8954,-1,1,Autovettura pubblica,In marcia / fermata / arresto,Conducente,M,Illeso,0,,,,,
3925613,18,19/07/2018 14:15:00,Strada Urbana,VIA GREGORIO VII,in corrispondenza,,del civico n.,112,,Investimento di pedone,Pendenza,Pi� di due carreggiate,Asciutto,Asfaltata,Verticale ed orizzontale,Sereno,Normale,Buona,Ore Diurne,1,0,0,5,12.4474,41.8954,-1,1,Autovettura pubblica,In marcia / fermata / arresto,Passeggero,M,Illeso,0,,,,,
3925613,18,19/07/2018 14:15:00,Strada Urbana,VIA GREGORIO VII,in corrispondenza,,del civico n.,112,,Investimento di pedone,Pendenza,Pi� di due carreggiate,Asciutto,Asfaltata,Verticale ed orizzontale,Sereno,Normale,Buona,Ore Diurne,1,0,0,5,12.4474,41.8954,-1,1,Autovettura pubblica,In marcia / fermata / arresto,Passeggero,F,Illeso,0,,,,,
3925613,18,19/07/2018 14:15:00,Strada Urbana,VIA GREGORIO VII,in corrispondenza,,del civico n.,112,,Investimento di pedone,Pendenza,Pi� di due carreggiate,Asciutto,Asfaltata,Verticale ed orizzontale,Sereno,Normale,Buona,Ore Diurne,1,0,0,5,12.4474,41.8954,-1,1,Autovettura pubblica,In marcia / fermata / arresto,Passeggero,F,Illeso,0,,,,,