Protocollo,Gruppo,DataOraIncidente,Localizzazione1,STRADA1,Localizzazione2,STRADA2,Strada02,Chilometrica,DaSpecificare,NaturaIncidente,particolaritastrade,TipoStrada,FondoStradale,Pavimentazione,Segnaletica,CondizioneAtmosferica,Traffico,Visibilita,Illuminazione,NUM_FERITI,NUM_RISERVATA,NUM_MORTI,NUM_ILLESI,Longitudine,Latitudine,Confermato,Progressivo,TipoVeicolo,StatoVeicolo,TipoPersona,Sesso,Tipolesione,Deceduto,DecedutoDopo,CinturaCascoUtilizzato,Airbag,,
3925835,1,19/07/2018 15:00:00,Strada Urbana,PIAZZA SIDNEY SONNINO,in prossimit�,,del civico n.,45,,Scontro laterale fra veicoli in marcia,Rettilineo,Pi� di due carreggiate,Asciutto,Asfaltata,Verticale ed orizzontale,Sereno,Normale,Buona,Ore Diurne,1,0,0,1,12.4737,41.8888,-1,2,Motociclo a solo,In marcia / fermata / arresto,Conducente,M,Rimandato,0,NON DECEDUTO,,,,
3925837,18,20/07/2018 02:10:00,Strada Urbana,GALLERIA PRINCIPE AMEDEO SAVOIA AOSTA,da specificare,,,,in prossimit� di Largo di Porta Cavalleggeri,Tamponamento Multiplo,Rettilineo,Una carreggiata a doppio senso,Asciutto,Asfaltata,Verticale ed orizzontale,Sereno,Scarso,Sufficiente,Sufficiente,1,0,0,5,12.4566,41.9002,-1,1,Autovettura privata,In marcia / fermata / arresto,Conducente,F,Illeso,0,,Non accertato,Esploso,,
3925837,18,20/07/2018 02:10:00,Strada Urbana,GALLERIA PRINCIPE AMEDEO SAVOIA AOSTA,da specificare,,,,in prossimit� di Largo di Porta Cavalleggeri,Tamponamento Multiplo,Rettilineo,Una carreggiata a doppio senso,Asciutto,Asfaltata,Verticale ed orizzontale,Sereno,Scarso,Sufficiente,Sufficiente,1,0,0,5,12.4566,41.9002,-1,1,Autovettura privata,In marcia / fermata / arresto,Passeggero,F,Illeso,0,,Non accertato,Esploso,,
3925837,18,20/07/2018 02:10:00,Strada Urbana,GALLERIA PRINCIPE AMEDEO SAVOIA AOSTA,da specificare,,,,in prossimit� di Largo di Porta Cavalleggeri,Tamponamento Multiplo,Rettilineo,Una carreggiata a doppio senso,Asciutto,Asfaltata,Verticale ed orizzontale,Sereno,Scarso,Sufficiente,Sufficiente,1,0,0,5,12.4566,41.9002,-1,2,Autovettura privata,In marcia / fermata / arresto,Conducente,M,Illeso,0,,Non accertato,Inesploso,,
3925837,18,20/07/2018 02:10:00,Strada Urbana,GALLERIA PRINCIPE AMEDEO SAVOIA AOSTA,da specificare,,,,in prossimit� di Largo di Porta Cavalleggeri,Tamponamento Multiplo,Rettilineo,Una carreggiata a doppio senso,Asciutto,Asfaltata,Verticale ed orizzontale,Sereno,Scarso,Sufficiente,Sufficiente,1,0,0,5,12.4566,41.9002,-1,2,Autovettura privata,In marcia / fermata / arresto,Passeggero,M,Rimandato,0,NON DECEDUTO,Non accertato,Inesploso,,
3925837,18,20/07/2018 02:10:00,Strada Urbana,GALLERIA PRINCIPE AMEDEO SAVOIA AOSTA,da specificare,,,,in prossimit� di Largo di Porta Cavalleggeri,Tamponamento Multiplo,Rettilineo,Una carreggiata a doppio senso,Asciutto,Asfaltata,Verticale ed orizzontale,Sereno,Scarso,Sufficiente,Sufficiente,1,0,0,5,12.4566,41.9002,-1,2,Autovettura privata,In marcia / fermata / arresto,Passeggero,M,Illeso,0,,Non accertato,Inesploso,,
3925837,18,20/07/2018 02:10:00,Strada Urbana,GALLERIA PRINCIPE AMEDEO SAVOIA AOSTA,da specificare,,,,in prossimit� di Largo di Porta Cavalleggeri,Tamponamento Multiplo,Rettilineo,Una carreggiata a doppio senso,Asciutto,Asfaltata,Verticale ed orizzontale,Sereno,Scarso,Sufficiente,Sufficiente,1,0,0,5,12.4566,41.9002,-1,3,Autovettura pubblica,In marcia / fermata / arresto,Conducente,M,Illeso,0,,Non accertato,Inesploso,,
3925839,2,20/07/2018 00:05:00,Strada Urbana,VIALE DI TOR DI QUINTO,da specificare,,,,altezza cavalcavia corso francia,Scontro frontale fra veicoli in marcia,Rettilineo,Una carreggiata a doppio senso,Asciutto,Asfaltata,Verticale ed orizzontale,Sereno,Normale,Buona,Sufficiente,1,0,0,1,12.4717,41.9372,-1,1,Motociclo a solo,In marcia / fermata / arresto,Conducente,M,Ricoverato,0,NON DECEDUTO,,,,
3925839,2,20/07/2018 00:05:00,Strada Urbana,VIALE DI TOR DI QUINTO,da specificare,,,,altezza cavalcavia corso francia,Scontro frontale fra veicoli in marcia,Rettilineo,Una carreggiata a doppio senso,Asciutto,Asfaltata,Verticale ed orizzontale,Sereno,Normale,Buona,Sufficiente,1,0,0,1,12.4717,41.9372,-1,2,Autovettura privata,In marcia / fermata / arresto,Conducente,F,Illeso,0,,,,,
3925859,2,19/07/2018 22:00:00,Strada Urbana,VIALE MARESCIALLO PILSUDSKI,all'intersezione con,VIA GUIDUBALDO DEL MONTE,VIA GUIDUBALDO DEL MONTE,,,Scontro frontale/laterale SX fra veicoli in marcia,Incrocio,Pi� di due carreggiate,Asciutto,Asfaltata,Verticale,Sereno,Scarso,Sufficiente,Sufficiente,1,0,0,2,12.4778,41.9286,-1,1,Autovettura privata,In marcia / fermata / arresto,Conducente,M,Illeso,0,,,,,
3925859,2,19/07/2018 22:00:00,Strada Urbana,VIALE MARESCIALLO PILSUDSKI,all'intersezione con,VIA GUIDUBALDO DEL MONTE,VIA GUIDUBALDO DEL MONTE,,,Scontro frontale/laterale SX fra veicoli in marcia,Incrocio,Pi� di due carreggiate,Asciutto,Asfaltata,Verticale,Sereno,Scarso,Sufficiente,Sufficiente,1,0,0,2,12.4778,41.9286,-1,1,Autovettura privata,In marcia / fermata / arresto,Passeggero,M,Illeso,0,,,,,
3925859,2,19/07/2018 22:00:00,Strada Urbana,VIALE MARESCIALLO PILSUDSKI,all'intersezione con,VIA GUIDUBALDO DEL MONTE,VIA GUIDUBALDO DEL MONTE,,,Scontro frontale/laterale SX fra veicoli in marcia,Incrocio,Pi� di due carreggiate,Asciutto,Asfaltata,Verticale,Sereno,Scarso,Sufficiente,Sufficiente,1,0,0,2,12.4778,41.9286,-1,2,Motociclo a solo,In marcia / fermata / arresto,Conducente,M,Rimandato,0,NON DECEDUTO,,,,
3925899,12,20/07/2018 10:30:00,Strada Urbana,VIA NAIROBI,all'intersezione con,VIA KARIBA,VIA KARIBA,,,Scontro frontale fra veicoli in marcia,Incrocio,Una carreggiata a doppio senso,Asciutto,Asfaltata,Verticale ed orizzontale,Sereno,Normale,Buona,Ore Diurne,0,0,0,2,12.4734,41.8236,-1,1,Autovettura privata,In marcia / fermata / arresto,Conducente,M,Illeso,0,,Non accertato,Inesploso,,
3925899,12,20/07/2018 10:30:00,Strada Urbana,VIA NAIROBI,all'intersezione con,VIA KARIBA,VIA KARIBA,,,Scontro frontale fra veicoli in marcia,Incrocio,Una carreggiata a doppio senso,Asciutto,Asfaltata,Verticale ed orizzontale,Sereno,Normale,Buona,Ore Diurne,0,0,0,2,12.4734,41.8236,-1,2,Autovettura privata,In marcia / fermata / arresto,Conducente,F,Illeso,0,,Non accertato,Inesploso,,
3925931,17,19/07/2018 08:30:00,Strada Urbana,VIA FABIO MASSIMO,in prossimit�,,del civico n.,91,,Tamponamento,Rettilineo,Una carreggiata a senso unico di marcia,Asciutto,Asfaltata,Orizzontale,Sereno,Normale,Buona,Ore Diurne,0,0,0,2,12.4617,41.9096,-1,1,Autovettura privata,In marcia / fermata / arresto,Conducente,F,Illeso,0,,,,,
3925931,17,19/07/2018 08:30:00,Strada Urbana,VIA FABIO MASSIMO,in prossimit�,,del civico n.,91,,Tamponamento,Rettilineo,Una carreggiata a senso unico di marcia,Asciutto,Asfaltata,Orizzontale,Sereno,Normale,Buona,Ore Diurne,0,0,0,2,12.4617,41.9096,-1,2,Autovettura pubblica,In marcia / fermata / arresto,Conducente,M,Illeso,0,,,,,
3925962,5,19/07/2018 18:30:00,Strada Urbana,VIA DEI DURANTINI,all'intersezione con,VIA FERONIA,VIA FERONIA,,,Scontro frontale/laterale SX fra veicoli in marcia,Incrocio,Una carreggiata a doppio senso,Asciutto,Asfaltata,Verticale ed orizzontale,Sereno,Normale,Buona,Ore Diurne,1,0,0,1,12.5453,41.919,-1,1,Autovettura privata,In marcia / fermata / arresto,Conducente,M,Illeso,0,,Non accertato,Inesploso,,
3925962,5,19/07/2018 18:30:00,Strada Urbana,VIA DEI DURANTINI,all'intersezione con,VIA FERONIA,VIA FERONIA,,,Scontro frontale/laterale SX fra veicoli in marcia,Incrocio,Una carreggiata a doppio senso,Asciutto,Asfaltata,Verticale ed orizzontale,Sereno,Normale,Buona,Ore Diurne,1,0,0,1,12.5453,41.919,-1,2,Motociclo a solo,In marcia / fermata / arresto,Conducente,M,Ricoverato,0,NON DECEDUTO,Non accertato,,,
3925972,5,19/07/2018 13:35:00,Strada Urbana,VIA TIBURTINA,in prossimit�,,del civico n.,219,,Scontro frontale/laterale SX fra veicoli in marcia,Rettilineo,Pi� di due carreggiate,Asciutto,Asfaltata,Orizzontale,Sereno,Normale,Buona,Ore Diurne,0,0,0,2,12.517,41.8999,-1,1,Autovettura privata,In marcia / fermata / arresto,Conducente,M,Illeso,0,,Non accertato,Inesploso,,
3925972,5,19/07/2018 13:35:00,Strada Urbana,VIA TIBURTINA,in prossimit�,,del civico n.,219,,Scontro frontale/laterale SX fra veicoli in marcia,Rettilineo,Pi� di due carreggiate,Asciutto,Asfaltata,Orizzontale,Sereno,Normale,Buona,Ore Diurne,0,0,0,2,12.517,41.8999,-1,2,Autovettura di polizia,In marcia / fermata / arresto,Conducente,M,Illeso,0,,Non accertato,Inesploso,,
3925989,17,20/07/2018 02:15:00,Strada Urbana,PIAZZA DI VILLA CARPEGNA,da specificare,,,,fronte civico  55,Veicolo in marcia contro ostacolo fisso,Rettilineo,Pi� di due carreggiate,Asciutto,Asfaltata,Verticale ed orizzontale,Sereno,Scarso,Sufficiente,Sufficiente,0,0,0,2,12.4297,41.8954,-1,1,Autovettura privata,In marcia / fermata / arresto,Conducente,M,Illeso,0,,,,,
3925989,17,20/07/2018 02:15:00,Strada Urbana,PIAZZA DI VILLA CARPEGNA,da specificare,,,,fronte civico  55,Veicolo in marcia contro ostacolo fisso,Rettilineo,Pi� di due carreggiate,Asciutto,Asfaltata,Verticale ed orizzontale,Sereno,Scarso,Sufficiente,Sufficiente,0,0,0,2,12.4297,41.8954,-1,1,Autovettura privata,In marcia / fermata / arresto,Passeggero,F,Illeso,0,,,,,
3926038,15,20/07/2018 08:15:00,Strada Urbana,VIA DELLA PISANA,all'intersezione con,VIA DI BRAVA,VIA DI BRAVA,,,Scontro frontale/laterale DX fra veicoli in marcia,Incrocio,Una carreggiata a doppio senso,Asciutto,Asfaltata,Verticale ed orizzontale,Sereno,Normale,Buona,Ore Diurne,0,0,0,2,12.389,41.8577,-1,1,Autovettura privata,In marcia / fermata / arresto,Conducente,M,Illeso,0,,,,,
3926038,15,20/07/2018 08:15:00,Strada Urbana,VIA DELLA PISANA,all'intersezione con,VIA DI BRAVA,VIA DI BRAVA,,,Scontro frontale/laterale DX fra veicoli in marcia,Incrocio,Una carreggiata a doppio senso,Asciutto,Asfaltata,Verticale ed orizzontale,Sereno,Normale,Buona,Ore Diurne,0,0,0,2,12.389,41.8577,-1,2,Autovettura privata,In marcia / fermata / arresto,Conducente,M,Illeso,0,,,,,
3926039,6,20/07/2018 10:20:00,Strada Urbana,VIA DI TOR PIGNATTARA,all'intersezione con,VIA DEGLI ANGELI,VIA DEGLI ANGELI,,,Scontro frontale/laterale DX fra veicoli in marcia,Incrocio,Una carreggiata a doppio senso,Asciutto,Asfaltata,Verticale,Sereno,Normale,Buona,Ore Diurne,0,0,0,3,12.5417,41.8774,-1,1,Autovettura privata,In marcia / fermata / arresto,Conducente,F,Illeso,0,,Non accertato,Inesploso,,
3926039,6,20/07/2018 10:20:00,Strada Urbana,VIA DI TOR PIGNATTARA,all'intersezione con,VIA DEGLI ANGELI,VIA DEGLI ANGELI,,,Scontro frontale/laterale DX fra veicoli in marcia,Incrocio,Una carreggiata a doppio senso,Asciutto,Asfaltata,Verticale,Sereno,Normale,Buona,Ore Diurne,0,0,0,3,12.5417,41.8774,-1,1,Autovettura privata,In marcia / fermata / arresto,Passeggero,M,Illeso,0,,Non accertato,Inesploso,,
3926039,6,20/07/2018 10:20:00,Strada Urbana,VIA DI TOR PIGNATTARA,all'intersezione con,VIA DEGLI ANGELI,VIA DEGLI ANGELI,,,Scontro frontale/laterale DX fra veicoli in marcia,Incrocio,Una carreggiata a doppio senso,Asciutto,Asfaltata,Verticale,Sereno,Normale,Buona,Ore Diurne,0,0,0,3,12.5417,41.8774,-1,2,Autovettura privata,In marcia / fermata / arresto,Conducente,M,Illeso,0,,,,,
3926046,15,20/07/2018 08:50:00,Strada Urbana,VIA DEL TRULLO,da specificare,,,,fronte civico 176,Scontro frontale/laterale SX fra veicoli in marcia,Rettilineo,Due carreggiate,Asciutto,Asfaltata,Orizzontale,Sereno,Normale,Buona,Ore Diurne,1,0,0,1,12.4368,41.843,-1,1,Autovettura privata,In marcia / fermata / arresto,Conducente,F,Illeso,0,,Utilizzato,,,
3926046,15,20/07/2018 08:50:00,Strada Urbana,VIA DEL TRULLO,da specificare,,,,fronte civico 176,Scontro frontale/laterale SX fra veicoli in marcia,Rettilineo,Due carreggiate,Asciutto,Asfaltata,Orizzontale,Sereno,Normale,Buona,Ore Diurne,1,0,0,1,12.4368,41.843,-1,2,Motociclo a solo,In marcia / fermata / arresto,Conducente,M,Rimandato,0,NON DECEDUTO,Utilizzato,,,
3926135,20,20/07/2018 12:10:00,Strada Urbana,VIA FLAMINIA NUOVA,da specificare,,,,30 metri prima di Villa Claudia,Scontro laterale fra veicoli in marcia,Rettilineo,Una carreggiata a doppio senso,Asciutto,Asfaltata,Verticale ed orizzontale,Sereno,Intenso,Buona,Ore Diurne,0,0,0,2,12.4792,41.9609,-1,1,Autocarro inferiore 35 q.,In marcia / fermata / arresto,Conducente,M,Illeso,0,,Non accertato,Inesploso,,
3926135,20,20/07/2018 12:10:00,Strada Urbana,VIA FLAMINIA NUOVA,da specificare,,,,30 metri prima di Villa Claudia,Scontro laterale fra veicoli in marcia,Rettilineo,Una carreggiata a doppio senso,Asciutto,Asfaltata,Verticale ed orizzontale,Sereno,Intenso,Buona,Ore Diurne,0,0,0,2,12.4792,41.9609,-1,1,Autocarro inferiore 35 q.,In marcia / fermata / arresto,Passeggero,M,Illeso,0,,Non accertato,Inesploso,,
3926235,20,20/07/2018 12:35:00,Regionale entro l'abitato,VIA FLAMINIA,in corrispondenza,,del civico n.,499,,Scontro frontale/laterale SX fra veicoli in marcia,Rettilineo,Una carreggiata a doppio senso,Asciutto,Asfaltata,Verticale ed orizzontale,Sereno,Scarso,Buona,Ore Diurne,0,0,0,2,12.4698,41.9402,-1,1,Autovettura privata,In marcia / fermata / arresto,Conducente,F,Illeso,0,,Non accertato,Inesploso,,
3926235,20,20/07/2018 12:35:00,Regionale entro l'abitato,VIA FLAMINIA,in corrispondenza,,del civico n.,499,,Scontro frontale/laterale SX fra veicoli in marcia,Rettilineo,Una carreggiata a doppio senso,Asciutto,Asfaltata,Verticale ed orizzontale,Sereno,Scarso,Buona,Ore Diurne,0,0,0,2,12.4698,41.9402,-1,2,Autocarro inferiore 35 q.,In marcia / fermata / arresto,Conducente,M,Illeso,0,,Non accertato,Inesploso,,
3926249,16,19/07/2018 08:00:00,Strada Urbana,VIA GIULIO TARRA,in prossimit�,,del civico n.,9,,Veicolo in marcia contro veicolo in sosta,Rettilineo,Una carreggiata a doppio senso,Asciutto,Asfaltata,Orizzontale,Sereno,Normale,Sufficiente,Ore Diurne,0,0,0,1,12.448,41.8661,-1,1,Quadriciclo leggero,In marcia / fermata / arresto,Conducente,M,Illeso,0,,Non accertato,Inesploso,,
3926264,16,19/07/2018 11:25:00,Strada Urbana,VIA FELICE BELLOTTI,all'intersezione con,VIALE ISACCO NEWTON,VIALE ISACCO NEWTON,,,Veicolo in marcia contro veicolo arresto,Intersezione stradale segnalata,Due carreggiate,Asciutto,Asfaltata,Verticale ed orizzontale,Sereno,Normale,Buona,Ore Diurne,1,0,0,1,12.4397,41.8571,-1,1,Autovettura privata,In marcia / fermata / arresto,Conducente,F,Illeso,0,,Non accertato,Inesploso,,
3926264,16,19/07/2018 11:25:00,Strada Urbana,VIA FELICE BELLOTTI,all'intersezione con,VIALE ISACCO NEWTON,VIALE ISACCO NEWTON,,,Veicolo in marcia contro veicolo arresto,Intersezione stradale segnalata,Due carreggiate,Asciutto,Asfaltata,Verticale ed orizzontale,Sereno,Normale,Buona,Ore Diurne,1,0,0,1,12.4397,41.8571,-1,2,Autovettura privata,In marcia / fermata / arresto,Conducente,F,Rifiuta cure immediate,0,NON DECEDUTO,Non accertato,Inesploso,,
3926430,1,19/07/2018 10:30:00,Strada Urbana,VIA MONTEBELLO,all'intersezione con,VIA MENTANA,VIA MENTANA,,,Scontro frontale/laterale DX fra veicoli in marcia,Intersezione stradale segnalata,Una carreggiata a doppio senso,Asciutto,Acciotolata,Verticale,Sereno,Scarso,Buona,Ore Diurne,0,0,0,2,12.5012,41.9063,0,1,Autovettura privata,In marcia / fermata / arresto,Conducente,F,Illeso,0,,,,,
3926430,1,19/07/2018 10:30:00,Strada Urbana,VIA MONTEBELLO,all'intersezione con,VIA MENTANA,VIA MENTANA,,,Scontro frontale/laterale DX fra veicoli in marcia,Intersezione stradale segnalata,Una carreggiata a doppio senso,Asciutto,Acciotolata,Verticale,Sereno,Scarso,Buona,Ore Diurne,0,0,0,2,12.5012,41.9063,0,2,Autocarro inferiore 35 q.,In marcia / fermata / arresto,Conducente,M,Illeso,0,,,,,
3926456,6,20/07/2018 17:00:00,Strada Urbana,VIA ATTILIO HORTIS,in prossimit�,,del civico n.,21,,Veicolo in marcia contro veicolo in sosta,Rettilineo,Una carreggiata a senso unico di marcia,Asciutto,Asfaltata,Verticale ed orizzontale,Sereno,Scarso,Buona,Ore Diurne,0,0,0,1,12.5485,41.894,-1,2,Autovettura privata,In marcia / fermata / arresto,Conducente,M,Illeso,0,,Non accertato,Inesploso,,
3926538,9,20/07/2018 16:50:00,Strada Urbana,VIA FOLIGNO,all'intersezione con,VIA TERNI,VIA TERNI,,,Infortunio per sola frenata improvvisa,Incrocio,Una carreggiata a doppio senso,Asciutto,Asfaltata,Verticale,Sereno,Normale,Buona,Ore Diurne,2,0,0,1,12.5188,41.8852,-1,1,Autocarro inferiore 35 q.,In marcia / fermata / arresto,Conducente,M,Illeso,0,,Non accertato,Inesploso,,
3926538,9,20/07/2018 16:50:00,Strada Urbana,VIA FOLIGNO,all'intersezione con,VIA TERNI,VIA TERNI,,,Infortunio per sola frenata improvvisa,Incrocio,Una carreggiata a doppio senso,Asciutto,Asfaltata,Verticale,Sereno,Normale,Buona,Ore Diurne,2,0,0,1,12.5188,41.8852,-1,2,Motociclo con passeggero,In marcia / fermata / arresto,Conducente,M,Rimandato,0,NON DECEDUTO,Non accertato,,,
3926538,9,20/07/2018 16:50:00,Strada Urbana,VIA FOLIGNO,all'intersezione con,VIA TERNI,VIA TERNI,,,Infortunio per sola frenata improvvisa,Incrocio,Una carreggiata a doppio senso,Asciutto,Asfaltata,Verticale,Sereno,Normale,Buona,Ore Diurne,2,0,0,1,12.5188,41.8852,-1,2,Motociclo con passeggero,In marcia / fermata / arresto,Passeggero,F,Rimandato,0,NON DECEDUTO,Non accertato,,,
3926968,20,20/07/2018 07:30:00,Regionale entro l'abitato,VIA CASSIA,all'intersezione con,VIA S. GIOVANNA ELISABETTA,VIA S. GIOVANNA ELISABETTA,,,Scontro frontale/laterale SX fra veicoli in marcia,Incrocio,Una carreggiata a doppio senso,Asciutto,Asfaltata,Verticale ed orizzontale,Sereno,Normale,Buona,Ore Diurne,1,0,0,1,12.4685,41.9515,-1,1,Autovettura privata,In marcia / fermata / arresto,Conducente,M,Illeso,0,,Non accertato,,,
3926968,20,20/07/2018 07:30:00,Regionale entro l'abitato,VIA CASSIA,all'intersezione con,VIA S. GIOVANNA ELISABETTA,VIA S. GIOVANNA ELISABETTA,,,Scontro frontale/laterale SX fra veicoli in marcia,Incrocio,Una carreggiata a doppio senso,Asciutto,Asfaltata,Verticale ed orizzontale,Sereno,Normale,Buona,Ore Diurne,1,0,0,1,12.4685,41.9515,-1,2,Motociclo a solo,In marcia / fermata / arresto,Conducente,M,Rimandato,0,NON DECEDUTO,Non accertato,,,
3926983,8,20/07/2018 08:15:00,Strada Urbana,VIALE PIETRO ANDERLONI,da specificare,,,,rampa dir v di Tor Bella Monaca direz GRA (C 395) ,Tamponamento Multiplo,Rettilineo,Una carreggiata a senso unico alternato,Asciutto,Asfaltata,Assente,Sereno,Scarso,Buona,Ore Diurne,0,0,0,4,12.6297,41.8746,-1,1,Autovettura privata,In marcia / fermata / arresto,Conducente,M,Illeso,0,,Non accertato,Inesploso,,
3926983,8,20/07/2018 08:15:00,Strada Urbana,VIALE PIETRO ANDERLONI,da specificare,,,,rampa dir v di Tor Bella Monaca direz GRA (C 395) ,Tamponamento Multiplo,Rettilineo,Una carreggiata a senso unico alternato,Asciutto,Asfaltata,Assente,Sereno,Scarso,Buona,Ore Diurne,0,0,0,4,12.6297,41.8746,-1,1,Autovettura privata,In marcia / fermata / arresto,Passeggero,M,Illeso,0,,,,,
3926983,8,20/07/2018 08:15:00,Strada Urbana,VIALE PIETRO ANDERLONI,da specificare,,,,rampa dir v di Tor Bella Monaca direz GRA (C 395) ,Tamponamento Multiplo,Rettilineo,Una carreggiata a senso unico alternato,Asciutto,Asfaltata,Assente,Sereno,Scarso,Buona,Ore Diurne,0,0,0,4,12.6297,41.8746,-1,2,Autovettura privata,In marcia / fermata / arresto,Conducente,M,Illeso,0,,Non accertato,Inesploso,,
3926983,8,20/07/2018 08:15:00,Strada Urbana,VIALE PIETRO ANDERLONI,da specificare,,,,rampa dir v di Tor Bella Monaca direz GRA (C 395) ,Tamponamento Multiplo,Rettilineo,Una carreggiata a senso unico alternato,Asciutto,Asfaltata,Assente,Sereno,Scarso,Buona,Ore Diurne,0,0,0,4,12.6297,41.8746,-1,3,Autovettura privata,In marcia / fermata / arresto,Conducente,M,Illeso,0,,Non accertato,Inesploso,,
3926986,8,20/07/2018 10:30:00,Provinciale entro l'abitato,VIA PRENESTINA,all'intersezione con,VIA ACERRA,VIA ACERRA,,,Scontro frontale/laterale SX fra veicoli in marcia,Intersezione non regolata/non segnalata,Una carreggiata a doppio senso,Asciutto,Asfaltata,Verticale ed orizzontale,Sereno,Normale,Sufficiente,Ore Diurne,0,0,0,2,12.6152,41.8933,-1,1,Autovettura privata,In marcia / fermata / arresto,Conducente,M,Illeso,0,,,,,
3926986,8,20/07/2018 10:30:00,Provinciale entro l'abitato,VIA PRENESTINA,all'intersezione con,VIA ACERRA,VIA ACERRA,,,Scontro frontale/laterale SX fra veicoli in marcia,Intersezione non regolata/non segnalata,Una carreggiata a doppio senso,Asciutto,Asfaltata,Verticale ed orizzontale,Sereno,Normale,Sufficiente,Ore Diurne,0,0,0,2,12.6152,41.8933,-1,2,Motociclo a solo,In marcia / fermata / arresto,Conducente,M,Illeso,0,,,,,
3926992,8,20/07/2018 14:50:00,Strada Urbana,VIA DI TORRENOVA,all'intersezione con,VIA DEL TORRACCIO DI TORRENOVA,VIA DEL TORRACCIO DI TORRENOVA,,,Scontro frontale/laterale DX fra veicoli in marcia,Intersezione non regolata/non segnalata,Una carreggiata a doppio senso,Asciutto,Asfaltata,Verticale,Sereno,Normale,Buona,Ore Diurne,0,0,0,2,12.6185,41.8775,-1,1,Autovettura privata,In marcia / fermata / arresto,Conducente,M,Illeso,0,,,,,
3926992,8,20/07/2018 14:50:00,Strada Urbana,VIA DI TORRENOVA,all'intersezione con,VIA DEL TORRACCIO DI TORRENOVA,VIA DEL TORRACCIO DI TORRENOVA,,,Scontro frontale/laterale DX fra veicoli in marcia,Intersezione non regolata/non segnalata,Una carreggiata a doppio senso,Asciutto,Asfaltata,Verticale,Sereno,Normale,Buona,Ore Diurne,0,0,0,2,12.6185,41.8775,-1,2,Autovettura privata,In marcia / fermata / arresto,Conducente,M,Illeso,0,,,,,
3926996,11,20/07/2018 09:00:00,Strada Urbana,VIA OSTIENSE,da specificare,,,,controlaterale altezza civico 161,Veicolo in marcia contro ostacolo fisso,Rettilineo,Pi� di due carreggiate,Asciutto,Asfaltata,Verticale ed orizzontale,Sereno,Scarso,Buona,Ore Diurne,0,0,0,2,12.479,41.8623,-1,1,Autovettura pubblica,In marcia / fermata / arresto,Conducente,M,Illeso,0,,,,,
3926996,11,20/07/2018 09:00:00,Strada Urbana,VIA OSTIENSE,da specificare,,,,controlaterale altezza civico 161,Veicolo in marcia contro ostacolo fisso,Rettilineo,Pi� di due carreggiate,Asciutto,Asfaltata,Verticale ed orizzontale,Sereno,Scarso,Buona,Ore Diurne,0,0,0,2,12.479,41.8623,-1,2,Autovettura privata,In marcia / fermata / arresto,Conducente,M,Illeso,0,,,,,
3927000,8,21/07/2018 02:00:00,Strada Urbana,VIA DI CENTOCELLE,all'intersezione con,VIA SCRIBONIO CURIONE,VIA SCRIBONIO CURIONE,,,Scontro frontale/laterale SX fra veicoli in marcia,Intersezione semaforizzata,Una carreggiata a doppio senso,Asciutto,Asfaltata,Verticale ed orizzontale,Sereno,Scarso,Buona,Sufficiente,2,0,0,2,12.5513,41.8679,-1,1,Autovettura privata,In marcia / fermata / arresto,Conducente,F,Rifiuta cure immediate,0,NON DECEDUTO,,,,
3927000,8,21/07/2018 02:00:00,Strada Urbana,VIA DI CENTOCELLE,all'intersezione con,VIA SCRIBONIO CURIONE,VIA SCRIBONIO CURIONE,,,Scontro frontale/laterale SX fra veicoli in marcia,Intersezione semaforizzata,Una carreggiata a doppio senso,Asciutto,Asfaltata,Verticale ed orizzontale,Sereno,Scarso,Buona,Sufficiente,2,0,0,2,12.5513,41.8679,-1,2,Autovettura privata,In marcia / fermata / arresto,Conducente,F,Rimandato,0,NON DECEDUTO,Non accertato,Inesploso,,
3927000,8,21/07/2018 02:00:00,Strada Urbana,VIA DI CENTOCELLE,all'intersezione con,VIA SCRIBONIO CURIONE,VIA SCRIBONIO CURIONE,,,Scontro frontale/laterale SX fra veicoli in marcia,Intersezione semaforizzata,Una carreggiata a doppio senso,Asciutto,Asfaltata,Verticale ed orizzontale,Sereno,Scarso,Buona,Sufficiente,2,0,0,2,12.5513,41.8679,-1,2,Autovettura privata,In marcia / fermata / arresto,Passeggero,M,Illeso,0,,,,,
3927000,8,21/07/2018 02:00:00,Strada Urbana,VIA DI CENTOCELLE,all'intersezione con,VIA SCRIBONIO CURIONE,VIA SCRIBONIO CURIONE,,,Scontro frontale/laterale SX fra veicoli in marcia,Intersezione semaforizzata,Una carreggiata a doppio senso,Asciutto,Asfaltata,Verticale ed orizzontale,Sereno,Scarso,Buona,Sufficiente,2,0,0,2,12.5513,41.8679,-1,2,Autovettura privata,In marcia / fermata / arresto,Passeggero,M,Illeso,0,,,,,
3927005,11,20/07/2018 23:15:00,Strada Urbana,VIA CRISTOFORO COLOMBO,all'intersezione con,VIA CAPITAN BAVASTRO,VIA CAPITAN BAVASTRO,,,Tamponamento,Incrocio,Pi� di due carreggiate,Asciutto,Asfaltata,Verticale ed orizzontale,Sereno,Scarso,Insufficiente,Insufficiente,1,0,0,4,12.496,41.8692,-1,1,Autovettura privata,In marcia / fermata / arresto,Conducente,M,Illeso,0,,,,,