Protocollo,Gruppo,DataOraIncidente,Localizzazione1,STRADA1,Localizzazione2,STRADA2,Strada02,Chilometrica,DaSpecificare,NaturaIncidente,particolaritastrade,TipoStrada,FondoStradale,Pavimentazione,Segnaletica,CondizioneAtmosferica,Traffico,Visibilita,Illuminazione,NUM_FERITI,NUM_RISERVATA,NUM_MORTI,NUM_ILLESI,Longitudine,Latitudine,Confermato,Progressivo,TipoVeicolo,StatoVeicolo,TipoPersona,Sesso,Tipolesione,Deceduto,DecedutoDopo,CinturaCascoUtilizzato,Airbag,,
3927005,11,20/07/2018 23:15:00,Strada Urbana,VIA CRISTOFORO COLOMBO,all'intersezione con,VIA CAPITAN BAVASTRO,VIA CAPITAN BAVASTRO,,,Tamponamento,Incrocio,Pi� di due carreggiate,Asciutto,Asfaltata,Verticale ed orizzontale,Sereno,Scarso,Insufficiente,Insufficiente,1,0,0,4,12.496,41.8692,-1,1,Autovettura privata,In marcia / fermata / arresto,Passeggero,F,Illeso,0,,Non accertato,,,
3927005,11,20/07/2018 23:15:00,Strada Urbana,VIA CRISTOFORO COLOMBO,all'intersezione con,VIA CAPITAN BAVASTRO,VIA CAPITAN BAVASTRO,,,Tamponamento,Incrocio,Pi� di due carreggiate,Asciutto,Asfaltata,Verticale ed orizzontale,Sereno,Scarso,Insufficiente,Insufficiente,1,0,0,4,12.496,41.8692,-1,1,Autovettura privata,In marcia / fermata / arresto,Passeggero,M,Illeso,0,,Non accertato,,,
3927005,11,20/07/2018 23:15:00,Strada Urbana,VIA CRISTOFORO COLOMBO,all'intersezione con,VIA CAPITAN BAVASTRO,VIA CAPITAN BAVASTRO,,,Tamponamento,Incrocio,Pi� di due carreggiate,Asciutto,Asfaltata,Verticale ed orizzontale,Sereno,Scarso,Insufficiente,Insufficiente,1,0,0,4,12.496,41.8692,-1,1,Autovettura privata,In marcia / fermata / arresto,Passeggero,F,Illeso,0,,Non accertato,,,
3927005,11,20/07/2018 23:15:00,Strada Urbana,VIA CRISTOFORO COLOMBO,all'intersezione con,VIA CAPITAN BAVASTRO,VIA CAPITAN BAVASTRO,,,Tamponamento,Incrocio,Pi� di due carreggiate,Asciutto,Asfaltata,Verticale ed orizzontale,Sereno,Scarso,Insufficiente,Insufficiente,1,0,0,4,12.496,41.8692,-1,2,Motociclo con passeggero,In marcia / fermata / arresto,Conducente,M,Ricoverato,0,NON DECEDUTO,Non accertato,,,
3927006,20,20/07/2018 11:45:00,Strada Urbana,PIAZZA MONTELEONE DI SPOLETO,in prossimit�,,del civico n.,14,,Infortunio per caduta del veicolo,Rettilineo,Una carreggiata a senso unico di marcia,Asciutto,Asfaltata,Orizzontale,Sereno,Scarso,Buona,Ore Diurne,1,0,0,1,12.4743,41.9439,-1,,,,Pedone,F,Rimandato,0,NON DECEDUTO,,,,
3927006,20,20/07/2018 11:45:00,Strada Urbana,PIAZZA MONTELEONE DI SPOLETO,in prossimit�,,del civico n.,14,,Infortunio per caduta del veicolo,Rettilineo,Una carreggiata a senso unico di marcia,Asciutto,Asfaltata,Orizzontale,Sereno,Scarso,Buona,Ore Diurne,1,0,0,1,12.4743,41.9439,-1,1,Autovettura privata,In marcia / fermata / arresto,Conducente,M,Illeso,0,,Non accertato,,,
3927010,11,20/07/2018 11:45:00,Strada Urbana,VIA ARDEATINA,all'intersezione con,VIA ANTONIO CARRUCCIO,VIA ANTONIO CARRUCCIO,,,Scontro laterale fra veicoli in marcia,Incrocio,Una carreggiata a doppio senso,Asciutto,Asfaltata,Verticale ed orizzontale,Sereno,Normale,Buona,Ore Diurne,0,0,0,2,12.5346,41.7967,-1,1,Autocarro inferiore 35 q.,In marcia / fermata / arresto,Conducente,M,Illeso,0,,Non accertato,,,
3927010,11,20/07/2018 11:45:00,Strada Urbana,VIA ARDEATINA,all'intersezione con,VIA ANTONIO CARRUCCIO,VIA ANTONIO CARRUCCIO,,,Scontro laterale fra veicoli in marcia,Incrocio,Una carreggiata a doppio senso,Asciutto,Asfaltata,Verticale ed orizzontale,Sereno,Normale,Buona,Ore Diurne,0,0,0,2,12.5346,41.7967,-1,2,Autovettura privata,In marcia / fermata / arresto,Conducente,M,Illeso,0,,Non accertato,,,
3927015,20,20/07/2018 11:55:00,Provinciale,VIA CASSIA,da specificare,,,,fronte civ. 1110,Tamponamento,Rettilineo,Una carreggiata a doppio senso,Asciutto,Asfaltata,Orizzontale,Sereno,Scarso,Buona,Ore Diurne,1,0,0,1,12.4132,41.9829,-1,1,Motociclo a solo,In marcia / fermata / arresto,Conducente,M,Ricoverato,0,NON DECEDUTO,,,,
3927015,20,20/07/2018 11:55:00,Provinciale,VIA CASSIA,da specificare,,,,fronte civ. 1110,Tamponamento,Rettilineo,Una carreggiata a doppio senso,Asciutto,Asfaltata,Orizzontale,Sereno,Scarso,Buona,Ore Diurne,1,0,0,1,12.4132,41.9829,-1,2,Autocarro inferiore 35 q.,In marcia / fermata / arresto,Conducente,M,Illeso,0,,Non accertato,,,
3927018,11,20/07/2018 16:30:00,Strada Urbana,VIA ARDEATINA,all'intersezione con,VIA DI VIGNA MURATA,VIA DI VIGNA MURATA,,,Scontro laterale fra veicoli in marcia,Rotatoria,Una carreggiata a doppio senso,Asciutto,Asfaltata,Verticale ed orizzontale,Sereno,Normale,Buona,Ore Diurne,0,0,0,3,12.5178,41.8269,-1,1,Autovettura privata,In marcia / fermata / arresto,Conducente,M,Illeso,0,,,,,
3927018,11,20/07/2018 16:30:00,Strada Urbana,VIA ARDEATINA,all'intersezione con,VIA DI VIGNA MURATA,VIA DI VIGNA MURATA,,,Scontro laterale fra veicoli in marcia,Rotatoria,Una carreggiata a doppio senso,Asciutto,Asfaltata,Verticale ed orizzontale,Sereno,Normale,Buona,Ore Diurne,0,0,0,3,12.5178,41.8269,-1,2,Autovettura privata,In marcia / fermata / arresto,Conducente,M,Illeso,0,,,,,
3927018,11,20/07/2018 16:30:00,Strada Urbana,VIA ARDEATINA,all'intersezione con,VIA DI VIGNA MURATA,VIA DI VIGNA MURATA,,,Scontro laterale fra veicoli in marcia,Rotatoria,Una carreggiata a doppio senso,Asciutto,Asfaltata,Verticale ed orizzontale,Sereno,Normale,Buona,Ore Diurne,0,0,0,3,12.5178,41.8269,-1,2,Autovettura privata,In marcia / fermata / arresto,Passeggero,F,Illeso,0,,,,,
3927023,11,20/07/2018 14:00:00,Strada Urbana,VIALE DI TOR MARANCIA,all'intersezione semaforizzata con,VIA ANDREA MANTEGNA,VIA ANDREA MANTEGNA,,,Scontro frontale/laterale DX fra veicoli in marcia,Intersezione stradale segnalata,Due carreggiate,Asciutto,Asfaltata,Verticale ed orizzontale,Sereno,Normale,Buona,Ore Diurne,1,0,0,2,12.4976,41.8535,-1,1,Autovettura privata,In marcia / fermata / arresto,Conducente,M,Illeso,0,,,,,
3927023,11,20/07/2018 14:00:00,Strada Urbana,VIALE DI TOR MARANCIA,all'intersezione semaforizzata con,VIA ANDREA MANTEGNA,VIA ANDREA MANTEGNA,,,Scontro frontale/laterale DX fra veicoli in marcia,Intersezione stradale segnalata,Due carreggiate,Asciutto,Asfaltata,Verticale ed orizzontale,Sereno,Normale,Buona,Ore Diurne,1,0,0,2,12.4976,41.8535,-1,2,Autovettura privata,In marcia / fermata / arresto,Conducente,M,Illeso,0,,,,,
3927023,11,20/07/2018 14:00:00,Strada Urbana,VIALE DI TOR MARANCIA,all'intersezione semaforizzata con,VIA ANDREA MANTEGNA,VIA ANDREA MANTEGNA,,,Scontro frontale/laterale DX fra veicoli in marcia,Intersezione stradale segnalata,Due carreggiate,Asciutto,Asfaltata,Verticale ed orizzontale,Sereno,Normale,Buona,Ore Diurne,1,0,0,2,12.4976,41.8535,-1,2,Autovettura privata,In marcia / fermata / arresto,Passeggero,M,Rimandato,0,NON DECEDUTO,,,,
3927046,20,21/07/2018 01:30:00,Strada Urbana,VIALE DELLE MEDAGLIE D'ORO,in prossimit�,,del civico n.,86,,Veicolo in marcia contro veicoli in sosta,Rettilineo,Una carreggiata a doppio senso,Asciutto,Asfaltata,Verticale ed orizzontale,Sereno,Scarso,Buona,Sufficiente,0,0,0,1,12.4451,41.9111,-1,1,Autovettura privata,In marcia / fermata / arresto,Conducente,M,Illeso,0,,Non accertato,,,
3927207,23,20/07/2018 12:35:00,Strada Urbana,VIA CRISTOFORO COLOMBO,da specificare,,,,altezza Piazza E. Rufini,Tamponamento Multiplo,Rettilineo,Pi� di due carreggiate,Asciutto,Asfaltata,Verticale ed orizzontale,Sereno,Intenso,Buona,Ore Diurne,0,0,0,3,12.4966,41.8585,-1,1,Autovettura privata,In marcia / fermata / arresto,Conducente,M,Illeso,0,,Utilizzato,Inesploso,,
3927207,23,20/07/2018 12:35:00,Strada Urbana,VIA CRISTOFORO COLOMBO,da specificare,,,,altezza Piazza E. Rufini,Tamponamento Multiplo,Rettilineo,Pi� di due carreggiate,Asciutto,Asfaltata,Verticale ed orizzontale,Sereno,Intenso,Buona,Ore Diurne,0,0,0,3,12.4966,41.8585,-1,2,Autovettura pubblica,In marcia / fermata / arresto,Conducente,M,Illeso,0,,Utilizzato,Inesploso,,
3927207,23,20/07/2018 12:35:00,Strada Urbana,VIA CRISTOFORO COLOMBO,da specificare,,,,altezza Piazza E. Rufini,Tamponamento Multiplo,Rettilineo,Pi� di due carreggiate,Asciutto,Asfaltata,Verticale ed orizzontale,Sereno,Intenso,Buona,Ore Diurne,0,0,0,3,12.4966,41.8585,-1,3,Autocarro inferiore 35 q.,In marcia / fermata / arresto,Conducente,M,Illeso,0,,Utilizzato,Inesploso,,
3927380,17,20/07/2018 06:24:00,Strada Urbana,VIA CANDIA,all'intersezione con,VIA SANTAMAURA,VIA SANTAMAURA,,,Scontro frontale/laterale DX fra veicoli in marcia,Intersezione stradale segnalata,Una carreggiata a senso unico di marcia,Asciutto,Asfaltata,Verticale ed orizzontale,Sereno,Scarso,Buona,Ore Diurne,1,0,0,1,12.4538,41.9083,-1,1,Autovettura privata,In marcia / fermata / arresto,Conducente,M,Illeso,0,,,,,
3927380,17,20/07/2018 06:24:00,Strada Urbana,VIA CANDIA,all'intersezione con,VIA SANTAMAURA,VIA SANTAMAURA,,,Scontro frontale/laterale DX fra veicoli in marcia,Intersezione stradale segnalata,Una carreggiata a senso unico di marcia,Asciutto,Asfaltata,Verticale ed orizzontale,Sereno,Scarso,Buona,Ore Diurne,1,0,0,1,12.4538,41.9083,-1,2,Autovettura privata,In marcia / fermata / arresto,Conducente,M,Rimandato,0,NON DECEDUTO,,,,
3927438,17,20/07/2018 09:40:00,Strada Urbana,LUNGOTEVERE MARESCIALLO CADORNA,all'intersezione con,VIA ROBERTO MORRA DI LAVRIANO,VIA ROBERTO MORRA DI LAVRIANO,,,Scontro laterale fra veicoli in marcia,Intersezione stradale segnalata,Una carreggiata a senso unico di marcia,Asciutto,Asfaltata,Verticale,Sereno,Normale,Buona,Ore Diurne,0,0,0,2,12.4584,41.9263,-1,1,Autovettura privata,In marcia / fermata / arresto,Conducente,M,Illeso,0,,,,,
3927438,17,20/07/2018 09:40:00,Strada Urbana,LUNGOTEVERE MARESCIALLO CADORNA,all'intersezione con,VIA ROBERTO MORRA DI LAVRIANO,VIA ROBERTO MORRA DI LAVRIANO,,,Scontro laterale fra veicoli in marcia,Intersezione stradale segnalata,Una carreggiata a senso unico di marcia,Asciutto,Asfaltata,Verticale,Sereno,Normale,Buona,Ore Diurne,0,0,0,2,12.4584,41.9263,-1,2,Motociclo a solo,In marcia / fermata / arresto,Conducente,M,Illeso,0,,,,,
3927443,17,21/07/2018 15:00:00,Strada Urbana,VIA CRESCENZIO,in corrispondenza,,del civico n.,92,,Scontro laterale fra veicoli in marcia,Rettilineo,Una carreggiata a doppio senso,Asciutto,In cubetti di porfido,Verticale ed orizzontale,Sereno,Scarso,Buona,Ore Diurne,1,0,0,2,12.4592,41.9062,-1,1,Autovettura privata,In marcia / fermata / arresto,Conducente,M,Illeso,0,,Non accertato,Inesploso,,
3927443,17,21/07/2018 15:00:00,Strada Urbana,VIA CRESCENZIO,in corrispondenza,,del civico n.,92,,Scontro laterale fra veicoli in marcia,Rettilineo,Una carreggiata a doppio senso,Asciutto,In cubetti di porfido,Verticale ed orizzontale,Sereno,Scarso,Buona,Ore Diurne,1,0,0,2,12.4592,41.9062,-1,1,Autovettura privata,In marcia / fermata / arresto,Passeggero,F,Illeso,0,,Non accertato,Inesploso,,
3927443,17,21/07/2018 15:00:00,Strada Urbana,VIA CRESCENZIO,in corrispondenza,,del civico n.,92,,Scontro laterale fra veicoli in marcia,Rettilineo,Una carreggiata a doppio senso,Asciutto,In cubetti di porfido,Verticale ed orizzontale,Sereno,Scarso,Buona,Ore Diurne,1,0,0,2,12.4592,41.9062,-1,2,Motociclo con passeggero,In marcia / fermata / arresto,Conducente,F,Rifiuta cure immediate,0,NON DECEDUTO,Non accertato,,,
3927485,13,20/07/2018 18:40:00,Strada Urbana,VIA DI CASTEL FUSANO,all'intersezione con,VIA DEL MARE,VIA DEL MARE,,,Scontro frontale/laterale DX fra veicoli in marcia,Incrocio,Una carreggiata a doppio senso,Asciutto,Asfaltata,Verticale ed orizzontale,Sereno,Intenso,Buona,Ore Diurne,0,0,0,4,12.311,41.7478,-1,1,Autovettura privata,In marcia / fermata / arresto,Conducente,M,Illeso,0,,Non accertato,Inesploso,,
3927485,13,20/07/2018 18:40:00,Strada Urbana,VIA DI CASTEL FUSANO,all'intersezione con,VIA DEL MARE,VIA DEL MARE,,,Scontro frontale/laterale DX fra veicoli in marcia,Incrocio,Una carreggiata a doppio senso,Asciutto,Asfaltata,Verticale ed orizzontale,Sereno,Intenso,Buona,Ore Diurne,0,0,0,4,12.311,41.7478,-1,2,Autovettura privata,In marcia / fermata / arresto,Conducente,M,Illeso,0,,Non accertato,Inesploso,,
3927485,13,20/07/2018 18:40:00,Strada Urbana,VIA DI CASTEL FUSANO,all'intersezione con,VIA DEL MARE,VIA DEL MARE,,,Scontro frontale/laterale DX fra veicoli in marcia,Incrocio,Una carreggiata a doppio senso,Asciutto,Asfaltata,Verticale ed orizzontale,Sereno,Intenso,Buona,Ore Diurne,0,0,0,4,12.311,41.7478,-1,2,Autovettura privata,In marcia / fermata / arresto,Passeggero,M,Illeso,0,,Non accertato,Inesploso,,
3927485,13,20/07/2018 18:40:00,Strada Urbana,VIA DI CASTEL FUSANO,all'intersezione con,VIA DEL MARE,VIA DEL MARE,,,Scontro frontale/laterale DX fra veicoli in marcia,Incrocio,Una carreggiata a doppio senso,Asciutto,Asfaltata,Verticale ed orizzontale,Sereno,Intenso,Buona,Ore Diurne,0,0,0,4,12.311,41.7478,-1,2,Autovettura privata,In marcia / fermata / arresto,Passeggero,M,Illeso,0,,Non accertato,Inesploso,,
3927504,17,20/07/2018 11:00:00,Strada Urbana,VIALE ANGELICO,all'intersezione semaforizzata con,VIA GIOVANNI BETTOLO,VIA GIOVANNI BETTOLO,,,Scontro frontale/laterale SX fra veicoli in marcia,Intersezione semaforizzata,Pi� di due carreggiate,Asciutto,Asfaltata,Verticale ed orizzontale,Sereno,Normale,Buona,Ore Diurne,6,0,0,0,12.4579,41.9121,-1,,,,Pedone,F,Rimandato,0,NON DECEDUTO,,,,
3927504,17,20/07/2018 11:00:00,Strada Urbana,VIALE ANGELICO,all'intersezione semaforizzata con,VIA GIOVANNI BETTOLO,VIA GIOVANNI BETTOLO,,,Scontro frontale/laterale SX fra veicoli in marcia,Intersezione semaforizzata,Pi� di due carreggiate,Asciutto,Asfaltata,Verticale ed orizzontale,Sereno,Normale,Buona,Ore Diurne,6,0,0,0,12.4579,41.9121,-1,1,Autovettura privata,In marcia / fermata / arresto,Conducente,M,Rimandato,0,NON DECEDUTO,,,,
3927504,17,20/07/2018 11:00:00,Strada Urbana,VIALE ANGELICO,all'intersezione semaforizzata con,VIA GIOVANNI BETTOLO,VIA GIOVANNI BETTOLO,,,Scontro frontale/laterale SX fra veicoli in marcia,Intersezione semaforizzata,Pi� di due carreggiate,Asciutto,Asfaltata,Verticale ed orizzontale,Sereno,Normale,Buona,Ore Diurne,6,0,0,0,12.4579,41.9121,-1,1,Autovettura privata,In marcia / fermata / arresto,Passeggero,M,Rimandato,0,NON DECEDUTO,,,,
3927504,17,20/07/2018 11:00:00,Strada Urbana,VIALE ANGELICO,all'intersezione semaforizzata con,VIA GIOVANNI BETTOLO,VIA GIOVANNI BETTOLO,,,Scontro frontale/laterale SX fra veicoli in marcia,Intersezione semaforizzata,Pi� di due carreggiate,Asciutto,Asfaltata,Verticale ed orizzontale,Sereno,Normale,Buona,Ore Diurne,6,0,0,0,12.4579,41.9121,-1,1,Autovettura privata,In marcia / fermata / arresto,Passeggero,F,Rimandato,0,NON DECEDUTO,,,,
3927504,17,20/07/2018 11:00:00,Strada Urbana,VIALE ANGELICO,all'intersezione semaforizzata con,VIA GIOVANNI BETTOLO,VIA GIOVANNI BETTOLO,,,Scontro frontale/laterale SX fra veicoli in marcia,Intersezione semaforizzata,Pi� di due carreggiate,Asciutto,Asfaltata,Verticale ed orizzontale,Sereno,Normale,Buona,Ore Diurne,6,0,0,0,12.4579,41.9121,-1,2,Autovettura di polizia,In marcia / fermata / arresto,Conducente,M,Rimandato,0,NON DECEDUTO,,,,
3927504,17,20/07/2018 11:00:00,Strada Urbana,VIALE ANGELICO,all'intersezione semaforizzata con,VIA GIOVANNI BETTOLO,VIA GIOVANNI BETTOLO,,,Scontro frontale/laterale SX fra veicoli in marcia,Intersezione semaforizzata,Pi� di due carreggiate,Asciutto,Asfaltata,Verticale ed orizzontale,Sereno,Normale,Buona,Ore Diurne,6,0,0,0,12.4579,41.9121,-1,2,Autovettura di polizia,In marcia / fermata / arresto,Passeggero,M,Rimandato,0,NON DECEDUTO,,,,
3927532,13,21/07/2018 07:45:00,Strada Urbana,VIADOTTO ATTICO TABACCHI,da specificare,,,,direzione via Capo Spartivento,Scontro laterale fra veicoli in marcia,Rettilineo,Una carreggiata a senso unico di marcia,Asciutto,Asfaltata,Verticale ed orizzontale,Sereno,Normale,Buona,Ore Diurne,0,0,0,3,12.2823,41.7375,-1,1,Autovettura privata,In marcia / fermata / arresto,Conducente,M,Illeso,0,,Non accertato,Inesploso,,
3927532,13,21/07/2018 07:45:00,Strada Urbana,VIADOTTO ATTICO TABACCHI,da specificare,,,,direzione via Capo Spartivento,Scontro laterale fra veicoli in marcia,Rettilineo,Una carreggiata a senso unico di marcia,Asciutto,Asfaltata,Verticale ed orizzontale,Sereno,Normale,Buona,Ore Diurne,0,0,0,3,12.2823,41.7375,-1,2,Autocarro inferiore 35 q.,In marcia / fermata / arresto,Conducente,M,Illeso,0,,Non accertato,Inesploso,,
3927532,13,21/07/2018 07:45:00,Strada Urbana,VIADOTTO ATTICO TABACCHI,da specificare,,,,direzione via Capo Spartivento,Scontro laterale fra veicoli in marcia,Rettilineo,Una carreggiata a senso unico di marcia,Asciutto,Asfaltata,Verticale ed orizzontale,Sereno,Normale,Buona,Ore Diurne,0,0,0,3,12.2823,41.7375,-1,2,Autocarro inferiore 35 q.,In marcia / fermata / arresto,Passeggero,M,Illeso,0,,Non accertato,Inesploso,,
3927537,20,21/07/2018 18:15:00,Strada Urbana,VIALE DI TOR DI QUINTO,in prossimit�,,del civico n.,65,,Scontro laterale fra veicoli in marcia,Rettilineo,Pi� di due carreggiate,Asciutto,Asfaltata,Verticale ed orizzontale,Sereno,Normale,Buona,Ore Diurne,1,0,0,1,12.4835,41.9427,-1,1,Autovettura privata,In marcia / fermata / arresto,Conducente,M,Rimandato,0,NON DECEDUTO,Non accertato,Inesploso,,
3927537,20,21/07/2018 18:15:00,Strada Urbana,VIALE DI TOR DI QUINTO,in prossimit�,,del civico n.,65,,Scontro laterale fra veicoli in marcia,Rettilineo,Pi� di due carreggiate,Asciutto,Asfaltata,Verticale ed orizzontale,Sereno,Normale,Buona,Ore Diurne,1,0,0,1,12.4835,41.9427,-1,2,Autovettura privata,In marcia / fermata / arresto,Conducente,M,Illeso,0,,Non accertato,Inesploso,,
3927549,9,21/07/2018 15:30:00,,PIAZZA RAGUSA,in prossimit�,,del civico n.,37,,Tamponamento,,,,,,,,,,0,0,0,2,,,0,1,Autovettura privata,In marcia / fermata / arresto,Conducente,F,Illeso,0,,Utilizzato,Inesploso,,
3927549,9,21/07/2018 15:30:00,,PIAZZA RAGUSA,in prossimit�,,del civico n.,37,,Tamponamento,,,,,,,,,,0,0,0,2,,,0,2,Autovettura privata,In marcia / fermata / arresto,Conducente,M,Illeso,0,,Utilizzato,Inesploso,,
3927916,13,21/07/2018 18:45:00,Strada Urbana,VIA ANTONIO DA GAETA,in prossimit�,,del civico n.,13,,Investimento di pedone,Rettilineo,Una carreggiata a senso unico di marcia,Asciutto,Asfaltata,Verticale,Sereno,Scarso,Buona,Ore Diurne,1,0,0,2,12.3653,41.7848,-1,,,,Pedone,F,Rimandato,0,NON DECEDUTO,,,,
3927916,13,21/07/2018 18:45:00,Strada Urbana,VIA ANTONIO DA GAETA,in prossimit�,,del civico n.,13,,Investimento di pedone,Rettilineo,Una carreggiata a senso unico di marcia,Asciutto,Asfaltata,Verticale,Sereno,Scarso,Buona,Ore Diurne,1,0,0,2,12.3653,41.7848,-1,1,Autovettura privata,In marcia / fermata / arresto,Conducente,M,Illeso,0,,Non accertato,Inesploso,,
3927916,13,21/07/2018 18:45:00,Strada Urbana,VIA ANTONIO DA GAETA,in prossimit�,,del civico n.,13,,Investimento di pedone,Rettilineo,Una carreggiata a senso unico di marcia,Asciutto,Asfaltata,Verticale,Sereno,Scarso,Buona,Ore Diurne,1,0,0,2,12.3653,41.7848,-1,1,Autovettura privata,In marcia / fermata / arresto,Passeggero,F,Illeso,0,,Non accertato,Inesploso,,
3927930,13,22/07/2018 02:20:00,Strada Urbana,VIA FERDINANDO ACTON,all'intersezione con,PIAZZA ENRICO MILLO,PIAZZA ENRICO MILLO,,,Scontro frontale/laterale SX fra veicoli in marcia,Incrocio,Una carreggiata a doppio senso,Asciutto,Asfaltata,Verticale ed orizzontale,Sereno,Scarso,Buona,Sufficiente,0,0,0,2,12.2901,41.7323,-1,1,Autovettura privata,In marcia / fermata / arresto,Conducente,M,Illeso,0,,Non accertato,Inesploso,,
3927930,13,22/07/2018 02:20:00,Strada Urbana,VIA FERDINANDO ACTON,all'intersezione con,PIAZZA ENRICO MILLO,PIAZZA ENRICO MILLO,,,Scontro frontale/laterale SX fra veicoli in marcia,Incrocio,Una carreggiata a doppio senso,Asciutto,Asfaltata,Verticale ed orizzontale,Sereno,Scarso,Buona,Sufficiente,0,0,0,2,12.2901,41.7323,-1,2,Autovettura privata,In marcia / fermata / arresto,Conducente,M,Illeso,0,,Non accertato,Inesploso,,
3927961,13,21/07/2018 17:35:00,Strada Urbana,VIA DOBBIACO,da specificare,,,,altezza civ.89,Veicolo in marcia contro veicoli in sosta,Rettilineo,Una carreggiata a doppio senso,Asciutto,Asfaltata,Verticale,Sereno,Normale,Buona,Ore Diurne,1,0,0,0,12.3783,41.7276,-1,1,Autovettura privata,In marcia / fermata / arresto,Conducente,M,Rimandato,0,NON DECEDUTO,Non accertato,Inesploso,,
3927964,17,20/07/2018 11:30:00,Strada Urbana,VIA TRIONFALE,in corrispondenza,,del civico n.,187,,Tamponamento Multiplo,Rettilineo,Una carreggiata a doppio senso,Asciutto,Asfaltata,Verticale ed orizzontale,Sereno,Normale,Buona,Ore Diurne,1,0,0,3,12.448,41.9228,-1,1,Autovettura privata,In marcia / fermata / arresto,Conducente,F,Illeso,0,,,Esploso,,
3927964,17,20/07/2018 11:30:00,Strada Urbana,VIA TRIONFALE,in corrispondenza,,del civico n.,187,,Tamponamento Multiplo,Rettilineo,Una carreggiata a doppio senso,Asciutto,Asfaltata,Verticale ed orizzontale,Sereno,Normale,Buona,Ore Diurne,1,0,0,3,12.448,41.9228,-1,1,Autovettura privata,In marcia / fermata / arresto,Passeggero,F,Illeso,0,,,,,
3927964,17,20/07/2018 11:30:00,Strada Urbana,VIA TRIONFALE,in corrispondenza,,del civico n.,187,,Tamponamento Multiplo,Rettilineo,Una carreggiata a doppio senso,Asciutto,Asfaltata,Verticale ed orizzontale,Sereno,Normale,Buona,Ore Diurne,1,0,0,3,12.448,41.9228,-1,2,Motociclo a solo,In marcia / fermata / arresto,Conducente,F,Rimandato,0,NON DECEDUTO,,,,
3927964,17,20/07/2018 11:30:00,Strada Urbana,VIA TRIONFALE,in corrispondenza,,del civico n.,187,,Tamponamento Multiplo,Rettilineo,Una carreggiata a doppio senso,Asciutto,Asfaltata,Verticale ed orizzontale,Sereno,Normale,Buona,Ore Diurne,1,0,0,3,12.448,41.9228,-1,3,Autovettura privata,In marcia / fermata / arresto,Conducente,M,Illeso,0,,,,,
3928008,17,20/07/2018 21:20:00,Strada Urbana,VIA LUIGI ARBIB PASCUCCI,all'intersezione con,VIA GIUSEPPE MOSCATI,VIA GIUSEPPE MOSCATI,,,Scontro laterale fra veicoli in marcia,Intersezione stradale segnalata,Una carreggiata a senso unico di marcia,Asciutto,Asfaltata,Verticale ed orizzontale,Sereno,Normale,Sufficiente,Sufficiente,2,0,0,1,12.4278,41.926,-1,1,Autovettura privata,In marcia / fermata / arresto,Conducente,F,Illeso,0,,,,,
3928008,17,20/07/2018 21:20:00,Strada Urbana,VIA LUIGI ARBIB PASCUCCI,all'intersezione con,VIA GIUSEPPE MOSCATI,VIA GIUSEPPE MOSCATI,,,Scontro laterale fra veicoli in marcia,Intersezione stradale segnalata,Una carreggiata a senso unico di marcia,Asciutto,Asfaltata,Verticale ed orizzontale,Sereno,Normale,Sufficiente,Sufficiente,2,0,0,1,12.4278,41.926,-1,2,Motociclo a solo,In marcia / fermata / arresto,Conducente,M,Rimandato,0,NON DECEDUTO,,,,
3928008,17,20/07/2018 21:20:00,Strada Urbana,VIA LUIGI ARBIB PASCUCCI,all'intersezione con,VIA GIUSEPPE MOSCATI,VIA GIUSEPPE MOSCATI,,,Scontro laterale fra veicoli in marcia,Intersezione stradale segnalata,Una carreggiata a senso unico di marcia,Asciutto,Asfaltata,Verticale ed orizzontale,Sereno,Normale,Sufficiente,Sufficiente,2,0,0,1,12.4278,41.926,-1,2,Motociclo a solo,In marcia / fermata / arresto,Passeggero,M,Rimandato,0,NON DECEDUTO,Non accertato,,,
3928029,17,20/07/2018 23:55:00,Strada Urbana,LUNGOTEVERE MARZIO,in corrispondenza,,del civico n.,1,,Scontro laterale fra veicoli in marcia,Rettilineo,Una carreggiata a senso unico di marcia,Asciutto,Asfaltata,Assente,Sereno,Normale,Buona,Sufficiente,0,0,0,3,12.4749,41.9043,-1,1,Autocarro inferiore 35 q.,In marcia / fermata / arresto,Conducente,M,Illeso,0,,,,,
3928029,17,20/07/2018 23:55:00,Strada Urbana,LUNGOTEVERE MARZIO,in corrispondenza,,del civico n.,1,,Scontro laterale fra veicoli in marcia,Rettilineo,Una carreggiata a senso unico di marcia,Asciutto,Asfaltata,Assente,Sereno,Normale,Buona,Sufficiente,0,0,0,3,12.4749,41.9043,-1,2,Autovettura privata,In marcia / fermata / arresto,Conducente,M,Illeso,0,,,,,
3928029,17,20/07/2018 23:55:00,Strada Urbana,LUNGOTEVERE MARZIO,in corrispondenza,,del civico n.,1,,Scontro laterale fra veicoli in marcia,Rettilineo,Una carreggiata a senso unico di marcia,Asciutto,Asfaltata,Assente,Sereno,Normale,Buona,Sufficiente,0,0,0,3,12.4749,41.9043,-1,2,Autovettura privata,In marcia / fermata / arresto,Passeggero,F,Illeso,0,,,,,
3928047,17,21/07/2018 03:00:00,Strada Urbana,LUNGOTEVERE GUGLIELMO OBERDAN,da specificare,,,,ALTEZZA DISCOTECA,Investimento di pedone,Rettilineo,Una carreggiata a doppio senso,Asciutto,Asfaltata,Assente,Sereno,Scarso,Insufficiente,Insufficiente,1,0,0,1,12.4695,41.9201,-1,,,,Pedone,F,Rimandato,0,NON DECEDUTO,,,,
3928047,17,21/07/2018 03:00:00,Strada Urbana,LUNGOTEVERE GUGLIELMO OBERDAN,da specificare,,,,ALTEZZA DISCOTECA,Investimento di pedone,Rettilineo,Una carreggiata a doppio senso,Asciutto,Asfaltata,Assente,Sereno,Scarso,Insufficiente,Insufficiente,1,0,0,1,12.4695,41.9201,-1,1,Motociclo a solo,In marcia / fermata / arresto,Conducente,M,Illeso,0,,,,,