Protocollo,Gruppo,DataOraIncidente,Localizzazione1,STRADA1,Localizzazione2,STRADA2,Strada02,Chilometrica,DaSpecificare,NaturaIncidente,particolaritastrade,TipoStrada,FondoStradale,Pavimentazione,Segnaletica,CondizioneAtmosferica,Traffico,Visibilita,Illuminazione,NUM_FERITI,NUM_RISERVATA,NUM_MORTI,NUM_ILLESI,Longitudine,Latitudine,Confermato,Progressivo,TipoVeicolo,StatoVeicolo,TipoPersona,Sesso,Tipolesione,Deceduto,DecedutoDopo,CinturaCascoUtilizzato,Airbag,,
3928071,17,21/07/2018 11:30:00,Strada Urbana,PIAZZALE CLODIO,da specificare,,,,FRONTE LARGO LIVATINO,Scontro laterale fra veicoli in marcia,Rettilineo,Due carreggiate,Asciutto,Asfaltata,Verticale ed orizzontale,Sereno,Normale,Buona,Ore Diurne,1,0,0,2,12.4553,41.917,-1,1,Autovettura privata,In marcia / fermata / arresto,Conducente,M,Illeso,0,,,,,
3928071,17,21/07/2018 11:30:00,Strada Urbana,PIAZZALE CLODIO,da specificare,,,,FRONTE LARGO LIVATINO,Scontro laterale fra veicoli in marcia,Rettilineo,Due carreggiate,Asciutto,Asfaltata,Verticale ed orizzontale,Sereno,Normale,Buona,Ore Diurne,1,0,0,2,12.4553,41.917,-1,1,Autovettura privata,In marcia / fermata / arresto,Passeggero,M,Illeso,0,,,,,
3928071,17,21/07/2018 11:30:00,Strada Urbana,PIAZZALE CLODIO,da specificare,,,,FRONTE LARGO LIVATINO,Scontro laterale fra veicoli in marcia,Rettilineo,Due carreggiate,Asciutto,Asfaltata,Verticale ed orizzontale,Sereno,Normale,Buona,Ore Diurne,1,0,0,2,12.4553,41.917,-1,2,Motociclo con passeggero,In marcia / fermata / arresto,Conducente,M,Rimandato,0,NON DECEDUTO,,,,
3928099,17,21/07/2018 23:35:00,Strada Urbana,VIALE DELLO STADIO OLIMPICO,in corrispondenza,,del palo luce n.,24,,Veicolo in marcia contro veicolo in sosta,Rettilineo,Una carreggiata a senso unico di marcia,Asciutto,Asfaltata,Orizzontale,Sereno,Normale,Insufficiente,Insufficiente,0,0,0,6,12.4542,41.9299,-1,1,Autovettura privata,In marcia / fermata / arresto,Conducente,M,Illeso,0,,,,,
3928099,17,21/07/2018 23:35:00,Strada Urbana,VIALE DELLO STADIO OLIMPICO,in corrispondenza,,del palo luce n.,24,,Veicolo in marcia contro veicolo in sosta,Rettilineo,Una carreggiata a senso unico di marcia,Asciutto,Asfaltata,Orizzontale,Sereno,Normale,Insufficiente,Insufficiente,0,0,0,6,12.4542,41.9299,-1,1,Autovettura privata,In marcia / fermata / arresto,Passeggero,F,Illeso,0,,,,,
3928099,17,21/07/2018 23:35:00,Strada Urbana,VIALE DELLO STADIO OLIMPICO,in corrispondenza,,del palo luce n.,24,,Veicolo in marcia contro veicolo in sosta,Rettilineo,Una carreggiata a senso unico di marcia,Asciutto,Asfaltata,Orizzontale,Sereno,Normale,Insufficiente,Insufficiente,0,0,0,6,12.4542,41.9299,-1,2,Autovettura privata,In marcia / fermata / arresto,Conducente,M,Illeso,0,,,,,
3928099,17,21/07/2018 23:35:00,Strada Urbana,VIALE DELLO STADIO OLIMPICO,in corrispondenza,,del palo luce n.,24,,Veicolo in marcia contro veicolo in sosta,Rettilineo,Una carreggiata a senso unico di marcia,Asciutto,Asfaltata,Orizzontale,Sereno,Normale,Insufficiente,Insufficiente,0,0,0,6,12.4542,41.9299,-1,2,Autovettura privata,In marcia / fermata / arresto,Passeggero,M,Illeso,0,,,,,
3928099,17,21/07/2018 23:35:00,Strada Urbana,VIALE DELLO STADIO OLIMPICO,in corrispondenza,,del palo luce n.,24,,Veicolo in marcia contro veicolo in sosta,Rettilineo,Una carreggiata a senso unico di marcia,Asciutto,Asfaltata,Orizzontale,Sereno,Normale,Insufficiente,Insufficiente,0,0,0,6,12.4542,41.9299,-1,2,Autovettura privata,In marcia / fermata / arresto,Passeggero,M,Illeso,0,,,,,
3928099,17,21/07/2018 23:35:00,Strada Urbana,VIALE DELLO STADIO OLIMPICO,in corrispondenza,,del palo luce n.,24,,Veicolo in marcia contro veicolo in sosta,Rettilineo,Una carreggiata a senso unico di marcia,Asciutto,Asfaltata,Orizzontale,Sereno,Normale,Insufficiente,Insufficiente,0,0,0,6,12.4542,41.9299,-1,2,Autovettura privata,In marcia / fermata / arresto,Passeggero,M,Illeso,0,,,,,
3928100,6,22/07/2018 10:30:00,Strada Urbana,VIA CASILINA,in corrispondenza,,del civico n.,403,,Veicolo in marcia contro veicolo in sosta,Rettilineo,Due carreggiate,Asciutto,Asfaltata,Verticale,Sereno,Scarso,Buona,Ore Diurne,1,0,0,0,12.5398,41.8811,-1,1,Autovettura privata,In marcia / fermata / arresto,Conducente,F,Rifiuta cure immediate,0,NON DECEDUTO,Non accertato,Inesploso,,
3928109,10,22/07/2018 10:00:00,Strada Urbana,VIA APPIA NUOVA,da specificare,,,,dri albano km 13,467,Scontro laterale fra veicoli in marcia,Rettilineo,Due carreggiate,Asciutto,Asfaltata,Verticale ed orizzontale,Sereno,Normale,Buona,Ore Diurne,2,0,0,1,12.5719,41.8134,-1,1,Autovettura privata,In marcia / fermata / arresto,Conducente,F,Illeso,0,,Non accertato,Inesploso,
3928109,10,22/07/2018 10:00:00,Strada Urbana,VIA APPIA NUOVA,da specificare,,,,dri albano km 13,467,Scontro laterale fra veicoli in marcia,Rettilineo,Due carreggiate,Asciutto,Asfaltata,Verticale ed orizzontale,Sereno,Normale,Buona,Ore Diurne,2,0,0,1,12.5719,41.8134,-1,2,Motociclo con passeggero,In marcia / fermata / arresto,Conducente,M,Rimandato,0,NON DECEDUTO,Non accertato,,
3928109,10,22/07/2018 10:00:00,Strada Urbana,VIA APPIA NUOVA,da specificare,,,,dri albano km 13,467,Scontro laterale fra veicoli in marcia,Rettilineo,Due carreggiate,Asciutto,Asfaltata,Verticale ed orizzontale,Sereno,Normale,Buona,Ore Diurne,2,0,0,1,12.5719,41.8134,-1,2,Motociclo con passeggero,In marcia / fermata / arresto,Passeggero,F,Rimandato,0,NON DECEDUTO,Non accertato,,
3928227,20,21/07/2018 08:50:00,Strada Urbana,VIA DEL FORO ITALICO,all'intersezione semaforizzata con,VIA DEI MONTI DELLA FARNESINA,VIA DEI MONTI DELLA FARNESINA,,,Scontro frontale fra veicoli in marcia,Incrocio,Una carreggiata a senso unico di marcia,Asciutto,Asfaltata,Verticale ed orizzontale,Nuvoloso,Normale,Buona,Ore Diurne,1,0,0,1,12.4584,41.9384,-1,1,Motociclo a solo,In marcia / fermata / arresto,Conducente,M,Rimandato,0,NON DECEDUTO,Non accertato,,,
3928227,20,21/07/2018 08:50:00,Strada Urbana,VIA DEL FORO ITALICO,all'intersezione semaforizzata con,VIA DEI MONTI DELLA FARNESINA,VIA DEI MONTI DELLA FARNESINA,,,Scontro frontale fra veicoli in marcia,Incrocio,Una carreggiata a senso unico di marcia,Asciutto,Asfaltata,Verticale ed orizzontale,Nuvoloso,Normale,Buona,Ore Diurne,1,0,0,1,12.4584,41.9384,-1,2,Autovettura privata,In marcia / fermata / arresto,Conducente,F,Illeso,0,,Non accertato,,,
3928248,18,22/07/2018 14:50:00,Strada Urbana,VIA DI BOCCEA,in corrispondenza,,del civico n.,631,,Veicolo in marcia contro ostacolo fisso,Rettilineo,Una carreggiata a doppio senso,Asciutto,Asfaltata,Verticale ed orizzontale,Sereno,Normale,Buona,Ore Diurne,0,0,0,1,12.376,41.9205,-1,1,Autovettura privata,In marcia / fermata / arresto,Conducente,M,Illeso,0,,Non accertato,Inesploso,,
3928611,7,20/07/2018 08:25:00,Strada Urbana,VIA DELL'EDERA,in corrispondenza,,del civico n.,66,,Veicolo in marcia contro veicolo arresto,Rettilineo,Una carreggiata a senso unico di marcia,Asciutto,Asfaltata,Assente,Sereno,Normale,Buona,Ore Diurne,0,0,0,2,12.5709,41.8745,-1,1,Autovettura privata,In marcia / fermata / arresto,Conducente,F,Illeso,0,,Non accertato,Inesploso,,
3928611,7,20/07/2018 08:25:00,Strada Urbana,VIA DELL'EDERA,in corrispondenza,,del civico n.,66,,Veicolo in marcia contro veicolo arresto,Rettilineo,Una carreggiata a senso unico di marcia,Asciutto,Asfaltata,Assente,Sereno,Normale,Buona,Ore Diurne,0,0,0,2,12.5709,41.8745,-1,2,Autovettura privata,In marcia / fermata / arresto,Conducente,M,Illeso,0,,Non accertato,Inesploso,,
3928618,9,21/07/2018 04:15:00,Strada Urbana,VIALE BATTISTA BARDANZELLU,in corrispondenza,,del civico n.,43,,Veicolo in marcia contro veicoli in sosta,Rettilineo,Due carreggiate,Asciutto,Asfaltata,Verticale ed orizzontale,Sereno,Normale,Buona,Sufficiente,1,0,0,0,12.5738,41.9153,-1,1,Autovettura privata,In marcia / fermata / arresto,Conducente,M,Rimandato,0,NON DECEDUTO,Non accertato,Inesploso,,
3928622,9,21/07/2018 05:00:00,Strada Urbana,VIA LATINA,in prossimit�,,del civico n.,279,,Tamponamento,Rettilineo,Una carreggiata a senso unico di marcia,Asciutto,Asfaltata,Verticale ed orizzontale,Sereno,Scarso,Buona,Ore Diurne,0,0,0,2,12.5193,41.871,-1,1,Autovettura privata,In marcia / fermata / arresto,Conducente,M,Illeso,0,,Non accertato,Inesploso,,
3928622,9,21/07/2018 05:00:00,Strada Urbana,VIA LATINA,in prossimit�,,del civico n.,279,,Tamponamento,Rettilineo,Una carreggiata a senso unico di marcia,Asciutto,Asfaltata,Verticale ed orizzontale,Sereno,Scarso,Buona,Ore Diurne,0,0,0,2,12.5193,41.871,-1,2,Autovettura privata,In marcia / fermata / arresto,Conducente,M,Illeso,0,,Non accertato,Inesploso,,
3928630,7,20/07/2018 11:40:00,Strada Urbana,VIA DAMETA,in corrispondenza,,del civico n.,3,,Tamponamento Multiplo,Rettilineo,Una carreggiata a senso unico di marcia,Asciutto,Asfaltata,Orizzontale,Sereno,Normale,Buona,Ore Diurne,0,0,0,3,12.6098,41.9141,-1,1,Autovettura privata,In marcia / fermata / arresto,Conducente,F,Illeso,0,,Non accertato,Inesploso,,
3928630,7,20/07/2018 11:40:00,Strada Urbana,VIA DAMETA,in corrispondenza,,del civico n.,3,,Tamponamento Multiplo,Rettilineo,Una carreggiata a senso unico di marcia,Asciutto,Asfaltata,Orizzontale,Sereno,Normale,Buona,Ore Diurne,0,0,0,3,12.6098,41.9141,-1,2,Autovettura privata,In marcia / fermata / arresto,Conducente,F,Illeso,0,,Non accertato,Inesploso,,
3928630,7,20/07/2018 11:40:00,Strada Urbana,VIA DAMETA,in corrispondenza,,del civico n.,3,,Tamponamento Multiplo,Rettilineo,Una carreggiata a senso unico di marcia,Asciutto,Asfaltata,Orizzontale,Sereno,Normale,Buona,Ore Diurne,0,0,0,3,12.6098,41.9141,-1,3,Autovettura privata,In marcia / fermata / arresto,Conducente,M,Illeso,0,,Non accertato,Inesploso,,
3928636,9,21/07/2018 15:15:00,Strada Urbana,VIA TUSCOLANA,all'intersezione con,VIA DI PORTA FURBA,VIA DI PORTA FURBA,,,Tamponamento,Incrocio,Una carreggiata a doppio senso,Asciutto,Asfaltata,Verticale ed orizzontale,Sereno,Scarso,Buona,Ore Diurne,0,0,0,3,12.538,41.8692,-1,1,Autovettura privata,In marcia / fermata / arresto,Conducente,M,Illeso,0,,Non accertato,Inesploso,,
3928636,9,21/07/2018 15:15:00,Strada Urbana,VIA TUSCOLANA,all'intersezione con,VIA DI PORTA FURBA,VIA DI PORTA FURBA,,,Tamponamento,Incrocio,Una carreggiata a doppio senso,Asciutto,Asfaltata,Verticale ed orizzontale,Sereno,Scarso,Buona,Ore Diurne,0,0,0,3,12.538,41.8692,-1,2,Autocarro inferiore 35 q.,In marcia / fermata / arresto,Conducente,M,Illeso,0,,Non accertato,Inesploso,,
3928636,9,21/07/2018 15:15:00,Strada Urbana,VIA TUSCOLANA,all'intersezione con,VIA DI PORTA FURBA,VIA DI PORTA FURBA,,,Tamponamento,Incrocio,Una carreggiata a doppio senso,Asciutto,Asfaltata,Verticale ed orizzontale,Sereno,Scarso,Buona,Ore Diurne,0,0,0,3,12.538,41.8692,-1,2,Autocarro inferiore 35 q.,In marcia / fermata / arresto,Passeggero,M,Illeso,0,,Non accertato,Inesploso,,
3928638,15,20/07/2018 19:10:00,Strada Urbana,VIA PORTUENSE,all'intersezione con,VIALE DI VIGNA PIA,VIALE DI VIGNA PIA,,,Scontro frontale/laterale DX fra veicoli in marcia,Intersezione semaforizzata,Due carreggiate,Asciutto,Asfaltata,Verticale ed orizzontale,Sereno,Normale,Buona,Ore Diurne,1,0,0,1,12.414,41.847,-1,1,Autovettura privata,In marcia / fermata / arresto,Conducente,M,Illeso,0,,,,,
3928638,15,20/07/2018 19:10:00,Strada Urbana,VIA PORTUENSE,all'intersezione con,VIALE DI VIGNA PIA,VIALE DI VIGNA PIA,,,Scontro frontale/laterale DX fra veicoli in marcia,Intersezione semaforizzata,Due carreggiate,Asciutto,Asfaltata,Verticale ed orizzontale,Sereno,Normale,Buona,Ore Diurne,1,0,0,1,12.414,41.847,-1,2,Motociclo a solo,In marcia / fermata / arresto,Conducente,M,Rimandato,0,NON DECEDUTO,,,,
3928640,9,22/07/2018 14:50:00,,VIA LA SPEZIA,da specificare,,,,fronte civico 53,Tamponamento,,,,,,,,,,0,0,0,5,12.5154,41.8863,0,1,Autovettura privata,In marcia / fermata / arresto,Conducente,M,Illeso,0,,Non accertato,Inesploso,,
3928640,9,22/07/2018 14:50:00,,VIA LA SPEZIA,da specificare,,,,fronte civico 53,Tamponamento,,,,,,,,,,0,0,0,5,12.5154,41.8863,0,1,Autovettura privata,In marcia / fermata / arresto,Passeggero,F,Illeso,0,,,,,
3928640,9,22/07/2018 14:50:00,,VIA LA SPEZIA,da specificare,,,,fronte civico 53,Tamponamento,,,,,,,,,,0,0,0,5,12.5154,41.8863,0,2,Autovettura privata,In marcia / fermata / arresto,Conducente,M,Illeso,0,,Non accertato,Inesploso,,
3928640,9,22/07/2018 14:50:00,,VIA LA SPEZIA,da specificare,,,,fronte civico 53,Tamponamento,,,,,,,,,,0,0,0,5,12.5154,41.8863,0,2,Autovettura privata,In marcia / fermata / arresto,Passeggero,F,Illeso,0,,,,,
3928640,9,22/07/2018 14:50:00,,VIA LA SPEZIA,da specificare,,,,fronte civico 53,Tamponamento,,,,,,,,,,0,0,0,5,12.5154,41.8863,0,2,Autovettura privata,In marcia / fermata / arresto,Passeggero,M,Illeso,0,,,,,
3928641,10,20/07/2018 13:50:00,Strada Urbana,VIA STATILIO OTTATO,all'intersezione con,VIA GUIDO ZANOBINI,VIA GUIDO ZANOBINI,,,Scontro frontale/laterale DX fra veicoli in marcia,Incrocio,Una carreggiata a senso unico di marcia,Asciutto,Asfaltata,Verticale ed orizzontale,Sereno,Scarso,Buona,Ore Diurne,0,0,0,2,12.5698,41.8572,-1,1,Autovettura privata,In marcia / fermata / arresto,Conducente,F,Illeso,0,,Non accertato,Inesploso,,
3928641,10,20/07/2018 13:50:00,Strada Urbana,VIA STATILIO OTTATO,all'intersezione con,VIA GUIDO ZANOBINI,VIA GUIDO ZANOBINI,,,Scontro frontale/laterale DX fra veicoli in marcia,Incrocio,Una carreggiata a senso unico di marcia,Asciutto,Asfaltata,Verticale ed orizzontale,Sereno,Scarso,Buona,Ore Diurne,0,0,0,2,12.5698,41.8572,-1,2,Autovettura privata,In marcia / fermata / arresto,Conducente,M,Illeso,0,,Non accertato,Inesploso,,
3928642,10,22/07/2018 05:00:00,Strada Urbana,VIA TUSCOLANA,da specificare,,,,Alt. ex Italcable (B. Petrocelli),Tamponamento,Rettilineo,Una carreggiata a senso unico di marcia,Asciutto,Asfaltata,Verticale ed orizzontale,Sereno,Scarso,Sufficiente,Sufficiente,0,0,0,5,12.6077,41.834,-1,1,Autovettura privata,In marcia / fermata / arresto,Conducente,M,Illeso,0,,Non accertato,Inesploso,,
3928642,10,22/07/2018 05:00:00,Strada Urbana,VIA TUSCOLANA,da specificare,,,,Alt. ex Italcable (B. Petrocelli),Tamponamento,Rettilineo,Una carreggiata a senso unico di marcia,Asciutto,Asfaltata,Verticale ed orizzontale,Sereno,Scarso,Sufficiente,Sufficiente,0,0,0,5,12.6077,41.834,-1,1,Autovettura privata,In marcia / fermata / arresto,Passeggero,M,Illeso,0,,Non accertato,Inesploso,,
3928642,10,22/07/2018 05:00:00,Strada Urbana,VIA TUSCOLANA,da specificare,,,,Alt. ex Italcable (B. Petrocelli),Tamponamento,Rettilineo,Una carreggiata a senso unico di marcia,Asciutto,Asfaltata,Verticale ed orizzontale,Sereno,Scarso,Sufficiente,Sufficiente,0,0,0,5,12.6077,41.834,-1,1,Autovettura privata,In marcia / fermata / arresto,Passeggero,M,Illeso,0,,Non accertato,Inesploso,,
3928642,10,22/07/2018 05:00:00,Strada Urbana,VIA TUSCOLANA,da specificare,,,,Alt. ex Italcable (B. Petrocelli),Tamponamento,Rettilineo,Una carreggiata a senso unico di marcia,Asciutto,Asfaltata,Verticale ed orizzontale,Sereno,Scarso,Sufficiente,Sufficiente,0,0,0,5,12.6077,41.834,-1,2,Autovettura privata,In marcia / fermata / arresto,Conducente,M,Illeso,0,,Non accertato,Inesploso,,
3928643,9,22/07/2018 10:35:00,Strada Urbana,VIA TUSCOLANA,all'intersezione con,VIA PINEROLO,VIA PINEROLO,,,Scontro frontale/laterale SX fra veicoli in marcia,Incrocio,Una carreggiata a senso unico di marcia,Asciutto,Asfaltata,Verticale ed orizzontale,Sereno,Scarso,Buona,Ore Diurne,0,0,0,2,12.516,41.8826,-1,1,Autovettura privata,In marcia / fermata / arresto,Conducente,M,Illeso,0,,Non accertato,Inesploso,,
3928643,9,22/07/2018 10:35:00,Strada Urbana,VIA TUSCOLANA,all'intersezione con,VIA PINEROLO,VIA PINEROLO,,,Scontro frontale/laterale SX fra veicoli in marcia,Incrocio,Una carreggiata a senso unico di marcia,Asciutto,Asfaltata,Verticale ed orizzontale,Sereno,Scarso,Buona,Ore Diurne,0,0,0,2,12.516,41.8826,-1,2,Autovettura privata,In marcia / fermata / arresto,Conducente,M,Illeso,0,,Non accertato,Inesploso,,
3928645,10,20/07/2018 15:40:00,Statale,VIA APPIA NUOVA,in prossimit�,,del civico n.,1558,,Scontro laterale fra veicoli in marcia,Rettilineo,Due carreggiate,Asciutto,Asfaltata,Verticale ed orizzontale,Sereno,Intenso,Buona,Ore Diurne,1,0,0,1,12.5915,41.7931,-1,1,Autovettura privata,In marcia / fermata / arresto,Conducente,M,Illeso,0,,Non accertato,Inesploso,,
3928645,10,20/07/2018 15:40:00,Statale,VIA APPIA NUOVA,in prossimit�,,del civico n.,1558,,Scontro laterale fra veicoli in marcia,Rettilineo,Due carreggiate,Asciutto,Asfaltata,Verticale ed orizzontale,Sereno,Intenso,Buona,Ore Diurne,1,0,0,1,12.5915,41.7931,-1,2,Motociclo a solo,In marcia / fermata / arresto,Conducente,M,Rimandato,0,NON DECEDUTO,Non accertato,,,
3928649,13,22/07/2018 09:15:00,Strada Urbana,VIA VINCENZO VANNUTELLI,all'intersezione con,VIA LUCIO LEPIDIO,VIA LUCIO LEPIDIO,,,Scontro frontale/laterale DX fra veicoli in marcia,Incrocio,Due carreggiate,Asciutto,Asfaltata,Verticale ed orizzontale,Sereno,Scarso,Buona,Ore Diurne,0,0,0,5,12.2813,41.7334,-1,1,Autovettura privata,In marcia / fermata / arresto,Conducente,M,Illeso,0,,Non accertato,,,
3928649,13,22/07/2018 09:15:00,Strada Urbana,VIA VINCENZO VANNUTELLI,all'intersezione con,VIA LUCIO LEPIDIO,VIA LUCIO LEPIDIO,,,Scontro frontale/laterale DX fra veicoli in marcia,Incrocio,Due carreggiate,Asciutto,Asfaltata,Verticale ed orizzontale,Sereno,Scarso,Buona,Ore Diurne,0,0,0,5,12.2813,41.7334,-1,1,Autovettura privata,In marcia / fermata / arresto,Passeggero,F,Illeso,0,,Non accertato,,,
3928649,13,22/07/2018 09:15:00,Strada Urbana,VIA VINCENZO VANNUTELLI,all'intersezione con,VIA LUCIO LEPIDIO,VIA LUCIO LEPIDIO,,,Scontro frontale/laterale DX fra veicoli in marcia,Incrocio,Due carreggiate,Asciutto,Asfaltata,Verticale ed orizzontale,Sereno,Scarso,Buona,Ore Diurne,0,0,0,5,12.2813,41.7334,-1,1,Autovettura privata,In marcia / fermata / arresto,Passeggero,M,Illeso,0,,Non accertato,,,
3928649,13,22/07/2018 09:15:00,Strada Urbana,VIA VINCENZO VANNUTELLI,all'intersezione con,VIA LUCIO LEPIDIO,VIA LUCIO LEPIDIO,,,Scontro frontale/laterale DX fra veicoli in marcia,Incrocio,Due carreggiate,Asciutto,Asfaltata,Verticale ed orizzontale,Sereno,Scarso,Buona,Ore Diurne,0,0,0,5,12.2813,41.7334,-1,2,Autovettura privata,In marcia / fermata / arresto,Conducente,M,Illeso,0,,Non accertato,,,
3928649,13,22/07/2018 09:15:00,Strada Urbana,VIA VINCENZO VANNUTELLI,all'intersezione con,VIA LUCIO LEPIDIO,VIA LUCIO LEPIDIO,,,Scontro frontale/laterale DX fra veicoli in marcia,Incrocio,Due carreggiate,Asciutto,Asfaltata,Verticale ed orizzontale,Sereno,Scarso,Buona,Ore Diurne,0,0,0,5,12.2813,41.7334,-1,2,Autovettura privata,In marcia / fermata / arresto,Passeggero,M,Illeso,0,,,,,
3928650,9,22/07/2018 15:30:00,Strada Urbana,VIA TUSCOLANA,all'intersezione con,VIA ROCCA DI PAPA,VIA ROCCA DI PAPA,,,Scontro frontale/laterale SX fra veicoli in marcia,Incrocio,Due carreggiate,Asciutto,Asfaltata,Verticale ed orizzontale,Sereno,Normale,Buona,Ore Diurne,2,0,0,0,12.5361,41.8701,-1,1,Autovettura privata,In marcia / fermata / arresto,Conducente,M,Rimandato,0,NON DECEDUTO,Non accertato,Inesploso,,
3928650,9,22/07/2018 15:30:00,Strada Urbana,VIA TUSCOLANA,all'intersezione con,VIA ROCCA DI PAPA,VIA ROCCA DI PAPA,,,Scontro frontale/laterale SX fra veicoli in marcia,Incrocio,Due carreggiate,Asciutto,Asfaltata,Verticale ed orizzontale,Sereno,Normale,Buona,Ore Diurne,2,0,0,0,12.5361,41.8701,-1,2,Autovettura privata,In marcia / fermata / arresto,Conducente,M,Rimandato,0,NON DECEDUTO,Non accertato,Inesploso,,
3928653,11,21/07/2018 08:00:00,Strada Urbana,LARGO DELLE SETTE CHIESE,in prossimit�,,del palo luce n.,10,,Infortunio per sola frenata improvvisa,Rotatoria,Una carreggiata a senso unico di marcia,Asciutto,Asfaltata,Verticale ed orizzontale,Nuvoloso,Scarso,Buona,Ore Diurne,2,0,0,0,12.4864,41.8608,-1,1,Motociclo con passeggero,In marcia / fermata / arresto,Conducente,M,Rifiuta cure immediate,0,NON DECEDUTO,Non accertato,,,
3928653,11,21/07/2018 08:00:00,Strada Urbana,LARGO DELLE SETTE CHIESE,in prossimit�,,del palo luce n.,10,,Infortunio per sola frenata improvvisa,Rotatoria,Una carreggiata a senso unico di marcia,Asciutto,Asfaltata,Verticale ed orizzontale,Nuvoloso,Scarso,Buona,Ore Diurne,2,0,0,0,12.4864,41.8608,-1,1,Motociclo con passeggero,In marcia / fermata / arresto,Passeggero,F,Rimandato,0,NON DECEDUTO,,,,
3928679,7,20/07/2018 13:00:00,Strada Urbana,VIA PRENESTINA,in corrispondenza,,del civico n.,690,,Investimento di pedone,Rettilineo,Una carreggiata a doppio senso,Asciutto,Asfaltata,Orizzontale,Sereno,Normale,Buona,Ore Diurne,1,0,0,1,12.5858,41.8938,-1,,,,Pedone,M,Rimandato,0,NON DECEDUTO,,,,
3928679,7,20/07/2018 13:00:00,Strada Urbana,VIA PRENESTINA,in corrispondenza,,del civico n.,690,,Investimento di pedone,Rettilineo,Una carreggiata a doppio senso,Asciutto,Asfaltata,Orizzontale,Sereno,Normale,Buona,Ore Diurne,1,0,0,1,12.5858,41.8938,-1,1,Autovettura privata,In marcia / fermata / arresto,Conducente,F,Illeso,0,,Non accertato,Inesploso,,
3928680,15,20/07/2018 21:15:00,Strada Urbana,VIA DI MONTE CUCCO,all'intersezione con,VIA SARZANA,VIA SARZANA,,,Scontro laterale fra veicoli in marcia,Incrocio,Una carreggiata a doppio senso,Asciutto,Asfaltata,Verticale ed orizzontale,Sereno,Normale,Sufficiente,Sufficiente,0,0,0,3,12.4391,41.8434,-1,1,Autovettura privata,In marcia / fermata / arresto,Conducente,M,Illeso,0,,Non accertato,Inesploso,,
3928680,15,20/07/2018 21:15:00,Strada Urbana,VIA DI MONTE CUCCO,all'intersezione con,VIA SARZANA,VIA SARZANA,,,Scontro laterale fra veicoli in marcia,Incrocio,Una carreggiata a doppio senso,Asciutto,Asfaltata,Verticale ed orizzontale,Sereno,Normale,Sufficiente,Sufficiente,0,0,0,3,12.4391,41.8434,-1,1,Autovettura privata,In marcia / fermata / arresto,Passeggero,M,Illeso,0,,,Inesploso,,
3928680,15,20/07/2018 21:15:00,Strada Urbana,VIA DI MONTE CUCCO,all'intersezione con,VIA SARZANA,VIA SARZANA,,,Scontro laterale fra veicoli in marcia,Incrocio,Una carreggiata a doppio senso,Asciutto,Asfaltata,Verticale ed orizzontale,Sereno,Normale,Sufficiente,Sufficiente,0,0,0,3,12.4391,41.8434,-1,2,Autovettura privata,In marcia / fermata / arresto,Conducente,M,Illeso,0,,Non accertato,Inesploso,,
3928694,13,22/07/2018 19:30:00,Strada Urbana,VIA DEL MARE,all'intersezione con,VIA DELLE CANARIE,VIA DELLE CANARIE,,,Tamponamento,Incrocio,Una carreggiata a doppio senso,Asciutto,Asfaltata,Verticale ed orizzontale,Sereno,Intenso,Buona,Ore Diurne,1,0,0,3,12.4632,41.8403,-1,1,Autovettura privata,In marcia / fermata / arresto,Conducente,M,Illeso,0,,Non accertato,Inesploso,,
3928694,13,22/07/2018 19:30:00,Strada Urbana,VIA DEL MARE,all'intersezione con,VIA DELLE CANARIE,VIA DELLE CANARIE,,,Tamponamento,Incrocio,Una carreggiata a doppio senso,Asciutto,Asfaltata,Verticale ed orizzontale,Sereno,Intenso,Buona,Ore Diurne,1,0,0,3,12.4632,41.8403,-1,1,Autovettura privata,In marcia / fermata / arresto,Passeggero,F,Rimandato,0,NON DECEDUTO,Non accertato,Inesploso,,
3928694,13,22/07/2018 19:30:00,Strada Urbana,VIA DEL MARE,all'intersezione con,VIA DELLE CANARIE,VIA DELLE CANARIE,,,Tamponamento,Incrocio,Una carreggiata a doppio senso,Asciutto,Asfaltata,Verticale ed orizzontale,Sereno,Intenso,Buona,Ore Diurne,1,0,0,3,12.4632,41.8403,-1,2,Autovettura privata,In marcia / fermata / arresto,Conducente,M,Illeso,0,,Non accertato,Inesploso,,
3928694,13,22/07/2018 19:30:00,Strada Urbana,VIA DEL MARE,all'intersezione con,VIA DELLE CANARIE,VIA DELLE CANARIE,,,Tamponamento,Incrocio,Una carreggiata a doppio senso,Asciutto,Asfaltata,Verticale ed orizzontale,Sereno,Intenso,Buona,Ore Diurne,1,0,0,3,12.4632,41.8403,-1,2,Autovettura privata,In marcia / fermata / arresto,Passeggero,M,Illeso,0,,Non accertato,Inesploso,,
3928696,10,22/07/2018 05:00:00,Strada Urbana,VIA ANAGNINA,da specificare,,,,direzione Grottaferrata fr. civ 169,Veicolo in marcia contro ostacolo fisso,Rettilineo,Due carreggiate,Asciutto,Asfaltata,Verticale ed orizzontale,Sereno,Scarso,Sufficiente,Sufficiente,0,0,0,1,12.6115,41.8198,-1,1,Autovettura privata,In marcia / fermata / arresto,Conducente,M,Illeso,0,,Non accertato,Inesploso,,