Protocollo,Gruppo,DataOraIncidente,Localizzazione1,STRADA1,Localizzazione2,STRADA2,Strada02,Chilometrica,DaSpecificare,NaturaIncidente,particolaritastrade,TipoStrada,FondoStradale,Pavimentazione,Segnaletica,CondizioneAtmosferica,Traffico,Visibilita,Illuminazione,NUM_FERITI,NUM_RISERVATA,NUM_MORTI,NUM_ILLESI,Longitudine,Latitudine,Confermato,Progressivo,TipoVeicolo,StatoVeicolo,TipoPersona,Sesso,Tipolesione,Deceduto,DecedutoDopo,CinturaCascoUtilizzato,Airbag,,
3928699,7,21/07/2018 11:45:00,Strada Urbana,VIA PRENESTINA,in corrispondenza,,del civico n.,1056,,Infortunio per sola frenata improvvisa,Rettilineo,Una carreggiata a doppio senso,Asciutto,Asfaltata,Assente,Nuvoloso,Intenso,Buona,Ore Diurne,1,0,0,1,12.6096,41.8934,-1,1,Autovettura privata,In marcia / fermata / arresto,Conducente,M,Illeso,0,,Non accertato,Inesploso,,
3928699,7,21/07/2018 11:45:00,Strada Urbana,VIA PRENESTINA,in corrispondenza,,del civico n.,1056,,Infortunio per sola frenata improvvisa,Rettilineo,Una carreggiata a doppio senso,Asciutto,Asfaltata,Assente,Nuvoloso,Intenso,Buona,Ore Diurne,1,0,0,1,12.6096,41.8934,-1,2,Motociclo a solo,In marcia / fermata / arresto,Conducente,M,Rimandato,0,NON DECEDUTO,Non accertato,,,
3928703,7,21/07/2018 17:35:00,Strada Urbana,VIA DEI CICLAMINI,all'intersezione con,VIA FEDERICO DELPINO,VIA FEDERICO DELPINO,,,Scontro laterale fra veicoli in marcia,Intersezione stradale segnalata,Una carreggiata a doppio senso,Asciutto,Asfaltata,Verticale ed orizzontale,Sereno,Normale,Buona,Ore Diurne,0,0,0,3,12.5663,41.8914,-1,1,Autovettura privata,In marcia / fermata / arresto,Conducente,F,Illeso,0,,Non accertato,Inesploso,,
3928703,7,21/07/2018 17:35:00,Strada Urbana,VIA DEI CICLAMINI,all'intersezione con,VIA FEDERICO DELPINO,VIA FEDERICO DELPINO,,,Scontro laterale fra veicoli in marcia,Intersezione stradale segnalata,Una carreggiata a doppio senso,Asciutto,Asfaltata,Verticale ed orizzontale,Sereno,Normale,Buona,Ore Diurne,0,0,0,3,12.5663,41.8914,-1,1,Autovettura privata,In marcia / fermata / arresto,Passeggero,M,Illeso,0,,Non accertato,Inesploso,,
3928703,7,21/07/2018 17:35:00,Strada Urbana,VIA DEI CICLAMINI,all'intersezione con,VIA FEDERICO DELPINO,VIA FEDERICO DELPINO,,,Scontro laterale fra veicoli in marcia,Intersezione stradale segnalata,Una carreggiata a doppio senso,Asciutto,Asfaltata,Verticale ed orizzontale,Sereno,Normale,Buona,Ore Diurne,0,0,0,3,12.5663,41.8914,-1,2,Autovettura privata,In marcia / fermata / arresto,Conducente,F,Illeso,0,,Non accertato,Inesploso,,
3928710,10,22/07/2018 14:00:00,Strada Urbana,VIA RANUCCIO BIANCHI BANDINELLI,in corrispondenza,,del civico n.,38,,Scontro laterale fra veicoli in marcia,Rettilineo,Una carreggiata a doppio senso,Asciutto,Asfaltata,Verticale ed orizzontale,Sereno,Normale,Buona,Ore Diurne,1,0,0,3,12.5828,41.8208,-1,1,Autovettura privata,In marcia / fermata / arresto,Conducente,F,Illeso,0,,Non accertato,Inesploso,,
3928710,10,22/07/2018 14:00:00,Strada Urbana,VIA RANUCCIO BIANCHI BANDINELLI,in corrispondenza,,del civico n.,38,,Scontro laterale fra veicoli in marcia,Rettilineo,Una carreggiata a doppio senso,Asciutto,Asfaltata,Verticale ed orizzontale,Sereno,Normale,Buona,Ore Diurne,1,0,0,3,12.5828,41.8208,-1,1,Autovettura privata,In marcia / fermata / arresto,Passeggero,M,Illeso,0,,Non accertato,Inesploso,,
3928710,10,22/07/2018 14:00:00,Strada Urbana,VIA RANUCCIO BIANCHI BANDINELLI,in corrispondenza,,del civico n.,38,,Scontro laterale fra veicoli in marcia,Rettilineo,Una carreggiata a doppio senso,Asciutto,Asfaltata,Verticale ed orizzontale,Sereno,Normale,Buona,Ore Diurne,1,0,0,3,12.5828,41.8208,-1,1,Autovettura privata,In marcia / fermata / arresto,Passeggero,M,Illeso,0,,Non accertato,Inesploso,,
3928710,10,22/07/2018 14:00:00,Strada Urbana,VIA RANUCCIO BIANCHI BANDINELLI,in corrispondenza,,del civico n.,38,,Scontro laterale fra veicoli in marcia,Rettilineo,Una carreggiata a doppio senso,Asciutto,Asfaltata,Verticale ed orizzontale,Sereno,Normale,Buona,Ore Diurne,1,0,0,3,12.5828,41.8208,-1,2,Motociclo a solo,In marcia / fermata / arresto,Conducente,M,Rimandato,0,NON DECEDUTO,Non accertato,,,
3928713,11,21/07/2018 10:15:00,Strada Urbana,VIA CRISTOFORO COLOMBO,da specificare,,,,all'intersezione VIA DI GROTTA PERFETTA,Scontro frontale/laterale SX fra veicoli in marcia,Rettilineo,Pi� di due carreggiate,Asciutto,Asfaltata,Verticale ed orizzontale,Nuvoloso,Normale,Buona,Ore Diurne,1,0,0,2,12.4846,41.85,-1,1,Autovettura privata,In marcia / fermata / arresto,Conducente,F,Rifiuta cure immediate,0,NON DECEDUTO,Non accertato,,,
3928713,11,21/07/2018 10:15:00,Strada Urbana,VIA CRISTOFORO COLOMBO,da specificare,,,,all'intersezione VIA DI GROTTA PERFETTA,Scontro frontale/laterale SX fra veicoli in marcia,Rettilineo,Pi� di due carreggiate,Asciutto,Asfaltata,Verticale ed orizzontale,Nuvoloso,Normale,Buona,Ore Diurne,1,0,0,2,12.4846,41.85,-1,2,Autovettura privata,In marcia / fermata / arresto,Conducente,M,Illeso,0,,Non accertato,Inesploso,,
3928713,11,21/07/2018 10:15:00,Strada Urbana,VIA CRISTOFORO COLOMBO,da specificare,,,,all'intersezione VIA DI GROTTA PERFETTA,Scontro frontale/laterale SX fra veicoli in marcia,Rettilineo,Pi� di due carreggiate,Asciutto,Asfaltata,Verticale ed orizzontale,Nuvoloso,Normale,Buona,Ore Diurne,1,0,0,2,12.4846,41.85,-1,2,Autovettura privata,In marcia / fermata / arresto,Passeggero,F,Illeso,0,,,Inesploso,,
3928716,8,21/07/2018 10:50:00,Strada Urbana,VIA CASILINA,all'intersezione con,VIA BOLOGNETTA,VIA BOLOGNETTA,,,Scontro frontale fra veicoli in marcia,Intersezione non regolata/non segnalata,Una carreggiata a doppio senso,Asciutto,Asfaltata,Verticale ed orizzontale,Nuvoloso,Normale,Buona,Ore Diurne,1,0,0,1,13.6497,41.5353,-1,1,Autovettura privata,In marcia / fermata / arresto,Conducente,M,Illeso,0,,Non accertato,Inesploso,,
3928716,8,21/07/2018 10:50:00,Strada Urbana,VIA CASILINA,all'intersezione con,VIA BOLOGNETTA,VIA BOLOGNETTA,,,Scontro frontale fra veicoli in marcia,Intersezione non regolata/non segnalata,Una carreggiata a doppio senso,Asciutto,Asfaltata,Verticale ed orizzontale,Nuvoloso,Normale,Buona,Ore Diurne,1,0,0,1,13.6497,41.5353,-1,2,Autovettura privata,In marcia / fermata / arresto,Conducente,M,Ricoverato,0,NON DECEDUTO,Non accertato,,,
3928721,13,23/07/2018 02:20:00,Strada Urbana,VIA DEI PESCHERECCI,all'intersezione con,PIAZZA DI S. MONICA,PIAZZA DI S. MONICA,,,Scontro laterale fra veicoli in marcia,Incrocio,Una carreggiata a doppio senso,Asciutto,Asfaltata,Verticale,Sereno,Scarso,Buona,Sufficiente,0,0,0,6,12.2731,41.7369,-1,1,Autovettura privata,In marcia / fermata / arresto,Conducente,M,Illeso,0,,Non accertato,Inesploso,,
3928721,13,23/07/2018 02:20:00,Strada Urbana,VIA DEI PESCHERECCI,all'intersezione con,PIAZZA DI S. MONICA,PIAZZA DI S. MONICA,,,Scontro laterale fra veicoli in marcia,Incrocio,Una carreggiata a doppio senso,Asciutto,Asfaltata,Verticale,Sereno,Scarso,Buona,Sufficiente,0,0,0,6,12.2731,41.7369,-1,1,Autovettura privata,In marcia / fermata / arresto,Passeggero,F,Illeso,0,,Non accertato,Inesploso,,
3928721,13,23/07/2018 02:20:00,Strada Urbana,VIA DEI PESCHERECCI,all'intersezione con,PIAZZA DI S. MONICA,PIAZZA DI S. MONICA,,,Scontro laterale fra veicoli in marcia,Incrocio,Una carreggiata a doppio senso,Asciutto,Asfaltata,Verticale,Sereno,Scarso,Buona,Sufficiente,0,0,0,6,12.2731,41.7369,-1,1,Autovettura privata,In marcia / fermata / arresto,Passeggero,M,Illeso,0,,Non accertato,Inesploso,,
3928721,13,23/07/2018 02:20:00,Strada Urbana,VIA DEI PESCHERECCI,all'intersezione con,PIAZZA DI S. MONICA,PIAZZA DI S. MONICA,,,Scontro laterale fra veicoli in marcia,Incrocio,Una carreggiata a doppio senso,Asciutto,Asfaltata,Verticale,Sereno,Scarso,Buona,Sufficiente,0,0,0,6,12.2731,41.7369,-1,2,Autovettura privata,In marcia / fermata / arresto,Conducente,F,Illeso,0,,Non accertato,Inesploso,,
3928721,13,23/07/2018 02:20:00,Strada Urbana,VIA DEI PESCHERECCI,all'intersezione con,PIAZZA DI S. MONICA,PIAZZA DI S. MONICA,,,Scontro laterale fra veicoli in marcia,Incrocio,Una carreggiata a doppio senso,Asciutto,Asfaltata,Verticale,Sereno,Scarso,Buona,Sufficiente,0,0,0,6,12.2731,41.7369,-1,2,Autovettura privata,In marcia / fermata / arresto,Passeggero,M,Illeso,0,,Non accertato,Inesploso,,
3928721,13,23/07/2018 02:20:00,Strada Urbana,VIA DEI PESCHERECCI,all'intersezione con,PIAZZA DI S. MONICA,PIAZZA DI S. MONICA,,,Scontro laterale fra veicoli in marcia,Incrocio,Una carreggiata a doppio senso,Asciutto,Asfaltata,Verticale,Sereno,Scarso,Buona,Sufficiente,0,0,0,6,12.2731,41.7369,-1,2,Autovettura privata,In marcia / fermata / arresto,Passeggero,F,Illeso,0,,Non accertato,Inesploso,,
3928722,8,21/07/2018 11:15:00,Strada Urbana,VIA SILICELLA,da specificare,,,,rotatoria in corrisp via Fosso di Santa Maura,Scontro laterale fra veicoli in marcia,Curva a visuale libera,Una carreggiata a senso unico di marcia,Asciutto,Asfaltata,Orizzontale,Sereno,Scarso,Buona,Ore Diurne,0,0,0,4,12.5987,41.8614,-1,1,Autovettura privata,In marcia / fermata / arresto,Conducente,M,Illeso,0,,Non accertato,Inesploso,,
3928722,8,21/07/2018 11:15:00,Strada Urbana,VIA SILICELLA,da specificare,,,,rotatoria in corrisp via Fosso di Santa Maura,Scontro laterale fra veicoli in marcia,Curva a visuale libera,Una carreggiata a senso unico di marcia,Asciutto,Asfaltata,Orizzontale,Sereno,Scarso,Buona,Ore Diurne,0,0,0,4,12.5987,41.8614,-1,1,Autovettura privata,In marcia / fermata / arresto,Passeggero,F,Illeso,0,,Non accertato,Inesploso,,
3928722,8,21/07/2018 11:15:00,Strada Urbana,VIA SILICELLA,da specificare,,,,rotatoria in corrisp via Fosso di Santa Maura,Scontro laterale fra veicoli in marcia,Curva a visuale libera,Una carreggiata a senso unico di marcia,Asciutto,Asfaltata,Orizzontale,Sereno,Scarso,Buona,Ore Diurne,0,0,0,4,12.5987,41.8614,-1,2,Autovettura privata,In marcia / fermata / arresto,Conducente,M,Illeso,0,,Non accertato,Inesploso,,
3928722,8,21/07/2018 11:15:00,Strada Urbana,VIA SILICELLA,da specificare,,,,rotatoria in corrisp via Fosso di Santa Maura,Scontro laterale fra veicoli in marcia,Curva a visuale libera,Una carreggiata a senso unico di marcia,Asciutto,Asfaltata,Orizzontale,Sereno,Scarso,Buona,Ore Diurne,0,0,0,4,12.5987,41.8614,-1,2,Autovettura privata,In marcia / fermata / arresto,Passeggero,F,Illeso,0,,Non accertato,Inesploso,,
3928723,6,21/07/2018 02:10:00,Strada Urbana,VIA CASILINA,da specificare,,,,altezza VIA DI VILLA SERVENTI,Veicolo in marcia contro ostacolo fisso,Rettilineo,Due carreggiate,Asciutto,Asfaltata,Orizzontale,Sereno,Scarso,Insufficiente,Inesistente,0,0,0,1,12.6271,41.8632,-1,1,Autovettura privata,In marcia / fermata / arresto,Conducente,M,Illeso,0,,,Esploso,,
3928725,15,21/07/2018 23:05:00,Strada Urbana,VIA DELL'IMPRUNETA,all'intersezione con,VIALE VICOPISANO,VIALE VICOPISANO,,,Scontro frontale/laterale SX fra veicoli in marcia,Incrocio,Due carreggiate,Asciutto,Asfaltata,Verticale,Sereno,Normale,Buona,Sufficiente,1,0,0,4,12.46,41.8464,-1,1,Autovettura privata,In marcia / fermata / arresto,Conducente,M,Illeso,0,,,Inesploso,,
3928725,15,21/07/2018 23:05:00,Strada Urbana,VIA DELL'IMPRUNETA,all'intersezione con,VIALE VICOPISANO,VIALE VICOPISANO,,,Scontro frontale/laterale SX fra veicoli in marcia,Incrocio,Due carreggiate,Asciutto,Asfaltata,Verticale,Sereno,Normale,Buona,Sufficiente,1,0,0,4,12.46,41.8464,-1,1,Autovettura privata,In marcia / fermata / arresto,Passeggero,M,Illeso,0,,Non accertato,Inesploso,,
3928725,15,21/07/2018 23:05:00,Strada Urbana,VIA DELL'IMPRUNETA,all'intersezione con,VIALE VICOPISANO,VIALE VICOPISANO,,,Scontro frontale/laterale SX fra veicoli in marcia,Incrocio,Due carreggiate,Asciutto,Asfaltata,Verticale,Sereno,Normale,Buona,Sufficiente,1,0,0,4,12.46,41.8464,-1,1,Autovettura privata,In marcia / fermata / arresto,Passeggero,M,Illeso,0,,Non accertato,Inesploso,,
3928725,15,21/07/2018 23:05:00,Strada Urbana,VIA DELL'IMPRUNETA,all'intersezione con,VIALE VICOPISANO,VIALE VICOPISANO,,,Scontro frontale/laterale SX fra veicoli in marcia,Incrocio,Due carreggiate,Asciutto,Asfaltata,Verticale,Sereno,Normale,Buona,Sufficiente,1,0,0,4,12.46,41.8464,-1,2,Quadriciclo leggero,In marcia / fermata / arresto,Conducente,M,Rifiuta cure immediate,0,NON DECEDUTO,,,,
3928726,7,22/07/2018 08:50:00,Strada Urbana,VIA LUIGI GADOLA,in corrispondenza,,del civico n.,3,,Veicolo in marcia contro ostacolo accidentale,Rettilineo,Una carreggiata a doppio senso,Asciutto,Con buche,Verticale ed orizzontale,Nuvoloso,Scarso,Buona,Ore Diurne,0,0,0,1,12.5862,41.883,-1,1,Autovettura privata,In marcia / fermata / arresto,Conducente,M,Illeso,0,,Non accertato,Inesploso,,
3928727,8,21/07/2018 13:50:00,Strada Urbana,VIA BRONTE,all'intersezione con,VIA CASTELVETRANO,VIA CASTELVETRANO,,,Scontro frontale/laterale SX fra veicoli in marcia,Intersezione stradale segnalata,Una carreggiata a senso unico di marcia,Asciutto,Asfaltata,Verticale ed orizzontale,Sereno,Scarso,Buona,Ore Diurne,2,0,0,3,12.6687,41.8556,-1,1,Autovettura privata,In marcia / fermata / arresto,Conducente,M,Illeso,0,,Non accertato,Inesploso,,
3928727,8,21/07/2018 13:50:00,Strada Urbana,VIA BRONTE,all'intersezione con,VIA CASTELVETRANO,VIA CASTELVETRANO,,,Scontro frontale/laterale SX fra veicoli in marcia,Intersezione stradale segnalata,Una carreggiata a senso unico di marcia,Asciutto,Asfaltata,Verticale ed orizzontale,Sereno,Scarso,Buona,Ore Diurne,2,0,0,3,12.6687,41.8556,-1,1,Autovettura privata,In marcia / fermata / arresto,Passeggero,F,Rimandato,0,NON DECEDUTO,Non accertato,Inesploso,,
3928727,8,21/07/2018 13:50:00,Strada Urbana,VIA BRONTE,all'intersezione con,VIA CASTELVETRANO,VIA CASTELVETRANO,,,Scontro frontale/laterale SX fra veicoli in marcia,Intersezione stradale segnalata,Una carreggiata a senso unico di marcia,Asciutto,Asfaltata,Verticale ed orizzontale,Sereno,Scarso,Buona,Ore Diurne,2,0,0,3,12.6687,41.8556,-1,1,Autovettura privata,In marcia / fermata / arresto,Passeggero,F,Illeso,0,,Non utilizzato,Inesploso,,
3928727,8,21/07/2018 13:50:00,Strada Urbana,VIA BRONTE,all'intersezione con,VIA CASTELVETRANO,VIA CASTELVETRANO,,,Scontro frontale/laterale SX fra veicoli in marcia,Intersezione stradale segnalata,Una carreggiata a senso unico di marcia,Asciutto,Asfaltata,Verticale ed orizzontale,Sereno,Scarso,Buona,Ore Diurne,2,0,0,3,12.6687,41.8556,-1,2,Autobus di linea,In marcia / fermata / arresto,Conducente,M,Illeso,0,,Non accertato,,,
3928727,8,21/07/2018 13:50:00,Strada Urbana,VIA BRONTE,all'intersezione con,VIA CASTELVETRANO,VIA CASTELVETRANO,,,Scontro frontale/laterale SX fra veicoli in marcia,Intersezione stradale segnalata,Una carreggiata a senso unico di marcia,Asciutto,Asfaltata,Verticale ed orizzontale,Sereno,Scarso,Buona,Ore Diurne,2,0,0,3,12.6687,41.8556,-1,2,Autobus di linea,In marcia / fermata / arresto,Passeggero,F,Ricoverato,0,NON DECEDUTO,,,,
3928737,8,21/07/2018 18:45:00,Strada Urbana,VIA COLLATINA,all'intersezione con,VIA CELESTINO ROSATELLI,VIA CELESTINO ROSATELLI,,,Scontro frontale fra veicoli in marcia,Incrocio,Una carreggiata a doppio senso,Asciutto,Asfaltata,Verticale ed orizzontale,Sereno,Normale,Buona,Ore Diurne,1,0,0,2,12.6661,41.9223,-1,1,Autovettura privata,In marcia / fermata / arresto,Conducente,M,Illeso,0,,Non accertato,Inesploso,,
3928737,8,21/07/2018 18:45:00,Strada Urbana,VIA COLLATINA,all'intersezione con,VIA CELESTINO ROSATELLI,VIA CELESTINO ROSATELLI,,,Scontro frontale fra veicoli in marcia,Incrocio,Una carreggiata a doppio senso,Asciutto,Asfaltata,Verticale ed orizzontale,Sereno,Normale,Buona,Ore Diurne,1,0,0,2,12.6661,41.9223,-1,1,Autovettura privata,In marcia / fermata / arresto,Passeggero,F,Illeso,0,,Utilizzato,Inesploso,,
3928737,8,21/07/2018 18:45:00,Strada Urbana,VIA COLLATINA,all'intersezione con,VIA CELESTINO ROSATELLI,VIA CELESTINO ROSATELLI,,,Scontro frontale fra veicoli in marcia,Incrocio,Una carreggiata a doppio senso,Asciutto,Asfaltata,Verticale ed orizzontale,Sereno,Normale,Buona,Ore Diurne,1,0,0,2,12.6661,41.9223,-1,2,Motociclo a solo,In marcia / fermata / arresto,Conducente,M,Rimandato,0,NON DECEDUTO,Non accertato,,,
3928739,7,23/07/2018 05:20:00,Strada Urbana,VIALE PALMIRO TOGLIATTI,all'intersezione semaforizzata con,VIA DEI MELI,VIA DEI MELI,,,Scontro frontale/laterale SX fra veicoli in marcia,Intersezione semaforizzata,Due carreggiate,Asciutto,Asfaltata,Verticale ed orizzontale,Sereno,Scarso,Buona,Sufficiente,0,0,0,3,12.5733,41.8808,-1,1,Autovettura privata,In marcia / fermata / arresto,Conducente,F,Illeso,0,,Non accertato,Inesploso,,
3928739,7,23/07/2018 05:20:00,Strada Urbana,VIALE PALMIRO TOGLIATTI,all'intersezione semaforizzata con,VIA DEI MELI,VIA DEI MELI,,,Scontro frontale/laterale SX fra veicoli in marcia,Intersezione semaforizzata,Due carreggiate,Asciutto,Asfaltata,Verticale ed orizzontale,Sereno,Scarso,Buona,Sufficiente,0,0,0,3,12.5733,41.8808,-1,2,Autovettura privata,In marcia / fermata / arresto,Conducente,M,Illeso,0,,Non accertato,Inesploso,,
3928739,7,23/07/2018 05:20:00,Strada Urbana,VIALE PALMIRO TOGLIATTI,all'intersezione semaforizzata con,VIA DEI MELI,VIA DEI MELI,,,Scontro frontale/laterale SX fra veicoli in marcia,Intersezione semaforizzata,Due carreggiate,Asciutto,Asfaltata,Verticale ed orizzontale,Sereno,Scarso,Buona,Sufficiente,0,0,0,3,12.5733,41.8808,-1,2,Autovettura privata,In marcia / fermata / arresto,Passeggero,F,Illeso,0,,Non accertato,Inesploso,,
3928740,15,21/07/2018 20:00:00,Strada Urbana,VIA DELLA MURATELLA,da specificare,,,,RAMPA DIREZIONE VIA PONTE GALERIA ,Tamponamento,Pendenza,Una carreggiata a doppio senso,Asciutto,Asfaltata,Verticale,Sereno,Normale,Sufficiente,Ore Diurne,1,0,0,2,12.2691,41.8676,-1,1,Autovettura privata,In marcia / fermata / arresto,Conducente,M,Illeso,0,,Non accertato,Esploso,,
3928740,15,21/07/2018 20:00:00,Strada Urbana,VIA DELLA MURATELLA,da specificare,,,,RAMPA DIREZIONE VIA PONTE GALERIA ,Tamponamento,Pendenza,Una carreggiata a doppio senso,Asciutto,Asfaltata,Verticale,Sereno,Normale,Sufficiente,Ore Diurne,1,0,0,2,12.2691,41.8676,-1,1,Autovettura privata,In marcia / fermata / arresto,Passeggero,M,Illeso,0,,Non accertato,Esploso,,
3928740,15,21/07/2018 20:00:00,Strada Urbana,VIA DELLA MURATELLA,da specificare,,,,RAMPA DIREZIONE VIA PONTE GALERIA ,Tamponamento,Pendenza,Una carreggiata a doppio senso,Asciutto,Asfaltata,Verticale,Sereno,Normale,Sufficiente,Ore Diurne,1,0,0,2,12.2691,41.8676,-1,2,Autovettura privata,In marcia / fermata / arresto,Conducente,M,Rimandato,0,NON DECEDUTO,Non accertato,Inesploso,,
3928753,11,21/07/2018 14:30:00,Strada Urbana,VIA DEL PORTO FLUVIALE,da specificare,,,,civico 1C direzione Ostiense,Infortunio per caduta del veicolo,Rettilineo,Una carreggiata a doppio senso,Asciutto,Asfaltata,Orizzontale,Nuvoloso,Normale,Buona,Ore Diurne,1,0,0,3,12.4797,41.8724,-1,1,Autovettura privata,In marcia / fermata / arresto,Conducente,M,Illeso,0,,Non accertato,Inesploso,,
3928753,11,21/07/2018 14:30:00,Strada Urbana,VIA DEL PORTO FLUVIALE,da specificare,,,,civico 1C direzione Ostiense,Infortunio per caduta del veicolo,Rettilineo,Una carreggiata a doppio senso,Asciutto,Asfaltata,Orizzontale,Nuvoloso,Normale,Buona,Ore Diurne,1,0,0,3,12.4797,41.8724,-1,1,Autovettura privata,In marcia / fermata / arresto,Passeggero,M,Illeso,0,,,,,
3928753,11,21/07/2018 14:30:00,Strada Urbana,VIA DEL PORTO FLUVIALE,da specificare,,,,civico 1C direzione Ostiense,Infortunio per caduta del veicolo,Rettilineo,Una carreggiata a doppio senso,Asciutto,Asfaltata,Orizzontale,Nuvoloso,Normale,Buona,Ore Diurne,1,0,0,3,12.4797,41.8724,-1,2,Motociclo con passeggero,In marcia / fermata / arresto,Conducente,M,Illeso,0,,Utilizzato,,,
3928753,11,21/07/2018 14:30:00,Strada Urbana,VIA DEL PORTO FLUVIALE,da specificare,,,,civico 1C direzione Ostiense,Infortunio per caduta del veicolo,Rettilineo,Una carreggiata a doppio senso,Asciutto,Asfaltata,Orizzontale,Nuvoloso,Normale,Buona,Ore Diurne,1,0,0,3,12.4797,41.8724,-1,2,Motociclo con passeggero,In marcia / fermata / arresto,Passeggero,F,Rimandato,0,NON DECEDUTO,,,,
3928754,8,22/07/2018 17:50:00,Strada Urbana,VIALE OXFORD,da specificare,,,,rotatori in corrisp di intersezione con Haidelberg,Scontro laterale fra veicoli in marcia,Rotatoria,Una carreggiata a senso unico di marcia,Asciutto,Asfaltata,Verticale ed orizzontale,Sereno,Intenso,Buona,Ore Diurne,0,0,0,3,12.6278,41.8604,-1,1,Autovettura privata,In marcia / fermata / arresto,Conducente,M,Illeso,0,,Non accertato,Inesploso,,
3928754,8,22/07/2018 17:50:00,Strada Urbana,VIALE OXFORD,da specificare,,,,rotatori in corrisp di intersezione con Haidelberg,Scontro laterale fra veicoli in marcia,Rotatoria,Una carreggiata a senso unico di marcia,Asciutto,Asfaltata,Verticale ed orizzontale,Sereno,Intenso,Buona,Ore Diurne,0,0,0,3,12.6278,41.8604,-1,2,Autovettura privata,In marcia / fermata / arresto,Conducente,M,Illeso,0,,Non accertato,,,
3928754,8,22/07/2018 17:50:00,Strada Urbana,VIALE OXFORD,da specificare,,,,rotatori in corrisp di intersezione con Haidelberg,Scontro laterale fra veicoli in marcia,Rotatoria,Una carreggiata a senso unico di marcia,Asciutto,Asfaltata,Verticale ed orizzontale,Sereno,Intenso,Buona,Ore Diurne,0,0,0,3,12.6278,41.8604,-1,2,Autovettura privata,In marcia / fermata / arresto,Passeggero,F,Illeso,0,,,,,
3928755,7,21/07/2018 00:10:00,Strada Urbana,VIA CASILINA,da specificare,,,,palo luce 830,Tamponamento,Rettilineo,Una carreggiata a doppio senso,Asciutto,Asfaltata,Verticale ed orizzontale,Sereno,Normale,Sufficiente,Sufficiente,0,0,0,3,12.6271,41.8632,-1,1,Autovettura privata,In marcia / fermata / arresto,Conducente,M,Illeso,0,,Non accertato,Inesploso,,
3928755,7,21/07/2018 00:10:00,Strada Urbana,VIA CASILINA,da specificare,,,,palo luce 830,Tamponamento,Rettilineo,Una carreggiata a doppio senso,Asciutto,Asfaltata,Verticale ed orizzontale,Sereno,Normale,Sufficiente,Sufficiente,0,0,0,3,12.6271,41.8632,-1,1,Autovettura privata,In marcia / fermata / arresto,Passeggero,M,Illeso,0,,Non accertato,Inesploso,,
3928755,7,21/07/2018 00:10:00,Strada Urbana,VIA CASILINA,da specificare,,,,palo luce 830,Tamponamento,Rettilineo,Una carreggiata a doppio senso,Asciutto,Asfaltata,Verticale ed orizzontale,Sereno,Normale,Sufficiente,Sufficiente,0,0,0,3,12.6271,41.8632,-1,2,Autovettura privata,In marcia / fermata / arresto,Conducente,M,Illeso,0,,Non accertato,Inesploso,,
3928759,13,22/07/2018 11:50:00,Strada Urbana,VIA DI ACILIA,all'intersezione con,VIA COSTANTINO BESCHI,VIA COSTANTINO BESCHI,,,Scontro frontale/laterale DX fra veicoli in marcia,Incrocio,Una carreggiata a doppio senso,Asciutto,Asfaltata,Orizzontale,Sereno,Normale,Buona,Ore Diurne,0,0,0,1,12.3714,41.7737,-1,1,Autovettura privata,In marcia / fermata / arresto,Conducente,F,Illeso,0,,Non accertato,,,
3928762,8,22/07/2018 18:30:00,Strada Urbana,VIA CASILINA,da specificare,,,,ALTEZZA VIA MUSSUMELI,Tamponamento,Rettilineo,Una carreggiata a doppio senso,Asciutto,Asfaltata,Orizzontale,Sereno,Normale,Buona,Ore Diurne,0,0,0,3,12.6746,41.8639,-1,1,Autovettura privata,In marcia / fermata / arresto,Conducente,M,Illeso,0,,Non accertato,Inesploso,,
3928762,8,22/07/2018 18:30:00,Strada Urbana,VIA CASILINA,da specificare,,,,ALTEZZA VIA MUSSUMELI,Tamponamento,Rettilineo,Una carreggiata a doppio senso,Asciutto,Asfaltata,Orizzontale,Sereno,Normale,Buona,Ore Diurne,0,0,0,3,12.6746,41.8639,-1,1,Autovettura privata,In marcia / fermata / arresto,Passeggero,F,Illeso,0,,,,,
3928762,8,22/07/2018 18:30:00,Strada Urbana,VIA CASILINA,da specificare,,,,ALTEZZA VIA MUSSUMELI,Tamponamento,Rettilineo,Una carreggiata a doppio senso,Asciutto,Asfaltata,Orizzontale,Sereno,Normale,Buona,Ore Diurne,0,0,0,3,12.6746,41.8639,-1,1,Autovettura privata,In marcia / fermata / arresto,Passeggero,F,Illeso,0,,,,,
3928769,8,22/07/2018 21:50:00,Strada Urbana,VIA DI TORRENOVA,all'intersezione con,VIA ALBEROBELLO,VIA ALBEROBELLO,,,Scontro frontale/laterale DX fra veicoli in marcia,Incrocio,Una carreggiata a doppio senso,Asciutto,Asfaltata,Verticale ed orizzontale,Sereno,Normale,Buona,Sufficiente,0,0,0,5,12.6185,41.8775,-1,1,Autovettura privata,In marcia / fermata / arresto,Conducente,F,Illeso,0,,Non accertato,,,
3928769,8,22/07/2018 21:50:00,Strada Urbana,VIA DI TORRENOVA,all'intersezione con,VIA ALBEROBELLO,VIA ALBEROBELLO,,,Scontro frontale/laterale DX fra veicoli in marcia,Incrocio,Una carreggiata a doppio senso,Asciutto,Asfaltata,Verticale ed orizzontale,Sereno,Normale,Buona,Sufficiente,0,0,0,5,12.6185,41.8775,-1,2,Autovettura privata,In marcia / fermata / arresto,Conducente,M,Illeso,0,,Non accertato,Inesploso,,