Protocollo,Gruppo,DataOraIncidente,Localizzazione1,STRADA1,Localizzazione2,STRADA2,Strada02,Chilometrica,DaSpecificare,NaturaIncidente,particolaritastrade,TipoStrada,FondoStradale,Pavimentazione,Segnaletica,CondizioneAtmosferica,Traffico,Visibilita,Illuminazione,NUM_FERITI,NUM_RISERVATA,NUM_MORTI,NUM_ILLESI,Longitudine,Latitudine,Confermato,Progressivo,TipoVeicolo,StatoVeicolo,TipoPersona,Sesso,Tipolesione,Deceduto,DecedutoDopo,CinturaCascoUtilizzato,Airbag,,
3928963,11,23/07/2018 09:25:00,Strada Urbana,VIA ROSA GUARNIERI CARDUCCI,all'intersezione con,VIA ADELAIDE BONO CAIROLI,VIA ADELAIDE BONO CAIROLI,,,Scontro frontale/laterale DX fra veicoli in marcia,Intersezione non regolata/non segnalata,Una carreggiata a doppio senso,Bagnato (pioggia),Asfaltata,Verticale ed orizzontale,Pioggia in atto,Normale,Buona,Ore Diurne,1,0,0,2,12.4895,41.8574,-1,1,Autovettura privata,In marcia / fermata / arresto,Passeggero,F,Rifiuta cure immediate,0,NON DECEDUTO,Non accertato,Inesploso,,
3928963,11,23/07/2018 09:25:00,Strada Urbana,VIA ROSA GUARNIERI CARDUCCI,all'intersezione con,VIA ADELAIDE BONO CAIROLI,VIA ADELAIDE BONO CAIROLI,,,Scontro frontale/laterale DX fra veicoli in marcia,Intersezione non regolata/non segnalata,Una carreggiata a doppio senso,Bagnato (pioggia),Asfaltata,Verticale ed orizzontale,Pioggia in atto,Normale,Buona,Ore Diurne,1,0,0,2,12.4895,41.8574,-1,2,Autovettura privata,In marcia / fermata / arresto,Conducente,F,Illeso,0,,Non accertato,Inesploso,,
3928982,3,19/07/2018 12:50:00,Strada Urbana,VIA TIBURTINA,da specificare,,,,fr civ 279 direz Portonaccio,Veicolo in marcia contro ostacolo accidentale,Rettilineo,Pi� di due carreggiate,Asciutto,Asfaltata,Verticale ed orizzontale,Sereno,Normale,Buona,Ore Diurne,3,0,0,0,12.5254,41.9078,0,1,Autovettura privata,In marcia / fermata / arresto,Conducente,M,Rifiuta cure immediate,0,NON DECEDUTO,Non accertato,Inesploso,,
3928982,3,19/07/2018 12:50:00,Strada Urbana,VIA TIBURTINA,da specificare,,,,fr civ 279 direz Portonaccio,Veicolo in marcia contro ostacolo accidentale,Rettilineo,Pi� di due carreggiate,Asciutto,Asfaltata,Verticale ed orizzontale,Sereno,Normale,Buona,Ore Diurne,3,0,0,0,12.5254,41.9078,0,1,Autovettura privata,In marcia / fermata / arresto,Passeggero,M,Ricoverato,0,NON DECEDUTO,Non accertato,Inesploso,,
3928982,3,19/07/2018 12:50:00,Strada Urbana,VIA TIBURTINA,da specificare,,,,fr civ 279 direz Portonaccio,Veicolo in marcia contro ostacolo accidentale,Rettilineo,Pi� di due carreggiate,Asciutto,Asfaltata,Verticale ed orizzontale,Sereno,Normale,Buona,Ore Diurne,3,0,0,0,12.5254,41.9078,0,1,Autovettura privata,In marcia / fermata / arresto,Passeggero,F,Rifiuta cure immediate,0,NON DECEDUTO,Non accertato,Inesploso,,
3929061,11,23/07/2018 11:00:00,Strada Urbana,VIA ARDEATINA,in prossimit�,,del palo luce n.,306,,Tamponamento,Rettilineo,Una carreggiata a doppio senso,Asciutto,Asfaltata,Verticale ed orizzontale,Sereno,Normale,Buona,Ore Diurne,0,0,0,2,12.5181,41.8259,-1,1,Autovettura privata,In marcia / fermata / arresto,Conducente,F,Illeso,0,,Non accertato,Inesploso,,
3929061,11,23/07/2018 11:00:00,Strada Urbana,VIA ARDEATINA,in prossimit�,,del palo luce n.,306,,Tamponamento,Rettilineo,Una carreggiata a doppio senso,Asciutto,Asfaltata,Verticale ed orizzontale,Sereno,Normale,Buona,Ore Diurne,0,0,0,2,12.5181,41.8259,-1,2,Autovettura privata,In marcia / fermata / arresto,Conducente,M,Illeso,0,,Non accertato,Inesploso,,
3929074,5,21/07/2018 14:15:00,Strada Urbana,VIA ALBERTO BERGAMINI,in prossimit�,,del civico n.,57,,Scontro frontale/laterale SX fra veicoli in marcia,Rettilineo,Una carreggiata a senso unico di marcia,Asciutto,Asfaltata,Verticale ed orizzontale,Sereno,Scarso,Buona,Ore Diurne,2,0,0,1,12.5551,41.906,-1,1,Motociclo a solo,In marcia / fermata / arresto,Conducente,M,Rimandato,0,NON DECEDUTO,Non accertato,,,
3929074,5,21/07/2018 14:15:00,Strada Urbana,VIA ALBERTO BERGAMINI,in prossimit�,,del civico n.,57,,Scontro frontale/laterale SX fra veicoli in marcia,Rettilineo,Una carreggiata a senso unico di marcia,Asciutto,Asfaltata,Verticale ed orizzontale,Sereno,Scarso,Buona,Ore Diurne,2,0,0,1,12.5551,41.906,-1,1,Motociclo a solo,In marcia / fermata / arresto,Passeggero,F,Illeso,0,,Non accertato,,,
3929074,5,21/07/2018 14:15:00,Strada Urbana,VIA ALBERTO BERGAMINI,in prossimit�,,del civico n.,57,,Scontro frontale/laterale SX fra veicoli in marcia,Rettilineo,Una carreggiata a senso unico di marcia,Asciutto,Asfaltata,Verticale ed orizzontale,Sereno,Scarso,Buona,Ore Diurne,2,0,0,1,12.5551,41.906,-1,2,Motociclo con passeggero,In marcia / fermata / arresto,Conducente,M,Rimandato,0,NON DECEDUTO,Non accertato,,,
3929077,12,21/07/2018 14:30:00,Regionale,VIA PONTINA,in prossimit�,,della chilometrica,15.6,,Tamponamento Multiplo,Rettilineo,Due carreggiate,Asciutto,Asfaltata,Verticale ed orizzontale,Sereno,Normale,Buona,Ore Diurne,5,0,0,6,12.7972,41.5094,-1,1,Autovettura privata,In marcia / fermata / arresto,Conducente,F,Illeso,0,,Non accertato,Inesploso,,
3929077,12,21/07/2018 14:30:00,Regionale,VIA PONTINA,in prossimit�,,della chilometrica,15.6,,Tamponamento Multiplo,Rettilineo,Due carreggiate,Asciutto,Asfaltata,Verticale ed orizzontale,Sereno,Normale,Buona,Ore Diurne,5,0,0,6,12.7972,41.5094,-1,1,Autovettura privata,In marcia / fermata / arresto,Passeggero,F,Rimandato,0,NON DECEDUTO,Non accertato,Inesploso,,
3929077,12,21/07/2018 14:30:00,Regionale,VIA PONTINA,in prossimit�,,della chilometrica,15.6,,Tamponamento Multiplo,Rettilineo,Due carreggiate,Asciutto,Asfaltata,Verticale ed orizzontale,Sereno,Normale,Buona,Ore Diurne,5,0,0,6,12.7972,41.5094,-1,2,Autovettura privata,In marcia / fermata / arresto,Conducente,F,Rimandato,0,NON DECEDUTO,Non accertato,Inesploso,,
3929077,12,21/07/2018 14:30:00,Regionale,VIA PONTINA,in prossimit�,,della chilometrica,15.6,,Tamponamento Multiplo,Rettilineo,Due carreggiate,Asciutto,Asfaltata,Verticale ed orizzontale,Sereno,Normale,Buona,Ore Diurne,5,0,0,6,12.7972,41.5094,-1,2,Autovettura privata,In marcia / fermata / arresto,Passeggero,M,Illeso,0,,Non accertato,Inesploso,,
3929077,12,21/07/2018 14:30:00,Regionale,VIA PONTINA,in prossimit�,,della chilometrica,15.6,,Tamponamento Multiplo,Rettilineo,Due carreggiate,Asciutto,Asfaltata,Verticale ed orizzontale,Sereno,Normale,Buona,Ore Diurne,5,0,0,6,12.7972,41.5094,-1,2,Autovettura privata,In marcia / fermata / arresto,Passeggero,M,Illeso,0,,Non accertato,Inesploso,,
3929077,12,21/07/2018 14:30:00,Regionale,VIA PONTINA,in prossimit�,,della chilometrica,15.6,,Tamponamento Multiplo,Rettilineo,Due carreggiate,Asciutto,Asfaltata,Verticale ed orizzontale,Sereno,Normale,Buona,Ore Diurne,5,0,0,6,12.7972,41.5094,-1,3,Autovettura privata,In marcia / fermata / arresto,Conducente,M,Rimandato,0,NON DECEDUTO,Non accertato,Inesploso,,
3929077,12,21/07/2018 14:30:00,Regionale,VIA PONTINA,in prossimit�,,della chilometrica,15.6,,Tamponamento Multiplo,Rettilineo,Due carreggiate,Asciutto,Asfaltata,Verticale ed orizzontale,Sereno,Normale,Buona,Ore Diurne,5,0,0,6,12.7972,41.5094,-1,3,Autovettura privata,In marcia / fermata / arresto,Passeggero,M,Rimandato,0,NON DECEDUTO,Non accertato,Inesploso,,
3929077,12,21/07/2018 14:30:00,Regionale,VIA PONTINA,in prossimit�,,della chilometrica,15.6,,Tamponamento Multiplo,Rettilineo,Due carreggiate,Asciutto,Asfaltata,Verticale ed orizzontale,Sereno,Normale,Buona,Ore Diurne,5,0,0,6,12.7972,41.5094,-1,3,Autovettura privata,In marcia / fermata / arresto,Passeggero,M,Rimandato,0,NON DECEDUTO,Non accertato,Inesploso,,
3929077,12,21/07/2018 14:30:00,Regionale,VIA PONTINA,in prossimit�,,della chilometrica,15.6,,Tamponamento Multiplo,Rettilineo,Due carreggiate,Asciutto,Asfaltata,Verticale ed orizzontale,Sereno,Normale,Buona,Ore Diurne,5,0,0,6,12.7972,41.5094,-1,4,Autovettura privata,In marcia / fermata / arresto,Conducente,F,Illeso,0,,Utilizzato,Inesploso,,
3929077,12,21/07/2018 14:30:00,Regionale,VIA PONTINA,in prossimit�,,della chilometrica,15.6,,Tamponamento Multiplo,Rettilineo,Due carreggiate,Asciutto,Asfaltata,Verticale ed orizzontale,Sereno,Normale,Buona,Ore Diurne,5,0,0,6,12.7972,41.5094,-1,4,Autovettura privata,In marcia / fermata / arresto,Passeggero,F,Illeso,0,,Utilizzato,Inesploso,,
3929077,12,21/07/2018 14:30:00,Regionale,VIA PONTINA,in prossimit�,,della chilometrica,15.6,,Tamponamento Multiplo,Rettilineo,Due carreggiate,Asciutto,Asfaltata,Verticale ed orizzontale,Sereno,Normale,Buona,Ore Diurne,5,0,0,6,12.7972,41.5094,-1,4,Autovettura privata,In marcia / fermata / arresto,Passeggero,M,Illeso,0,,Utilizzato,Inesploso,,
3929093,5,20/07/2018 14:50:00,Strada Urbana,VIA DI PIETRALATA,in corrispondenza,,del civico n.,95,,Investimento di pedone,Rettilineo,Una carreggiata a doppio senso,Asciutto,Asfaltata,Verticale ed orizzontale,Sereno,Normale,Buona,Ore Diurne,1,0,0,0,12.5311,41.9268,0,,,,Pedone,M,Rimandato,0,NON DECEDUTO,,,,
3929095,2,22/07/2018 19:05:00,Strada Urbana,VIA DEL FORO ITALICO,in prossimit�,,del civico n.,558,,Tamponamento,Rettilineo,Due carreggiate,Asciutto,Asfaltata,Verticale ed orizzontale,Sereno,Normale,Buona,Ore Diurne,0,0,0,5,12.4973,41.9401,-1,1,Autovettura privata,In marcia / fermata / arresto,Conducente,M,Illeso,0,,Non accertato,Inesploso,,
3929095,2,22/07/2018 19:05:00,Strada Urbana,VIA DEL FORO ITALICO,in prossimit�,,del civico n.,558,,Tamponamento,Rettilineo,Due carreggiate,Asciutto,Asfaltata,Verticale ed orizzontale,Sereno,Normale,Buona,Ore Diurne,0,0,0,5,12.4973,41.9401,-1,1,Autovettura privata,In marcia / fermata / arresto,Passeggero,M,Illeso,0,,Non accertato,Inesploso,,
3929095,2,22/07/2018 19:05:00,Strada Urbana,VIA DEL FORO ITALICO,in prossimit�,,del civico n.,558,,Tamponamento,Rettilineo,Due carreggiate,Asciutto,Asfaltata,Verticale ed orizzontale,Sereno,Normale,Buona,Ore Diurne,0,0,0,5,12.4973,41.9401,-1,2,Autovettura privata,In marcia / fermata / arresto,Conducente,M,Illeso,0,,Non accertato,Inesploso,,
3929095,2,22/07/2018 19:05:00,Strada Urbana,VIA DEL FORO ITALICO,in prossimit�,,del civico n.,558,,Tamponamento,Rettilineo,Due carreggiate,Asciutto,Asfaltata,Verticale ed orizzontale,Sereno,Normale,Buona,Ore Diurne,0,0,0,5,12.4973,41.9401,-1,2,Autovettura privata,In marcia / fermata / arresto,Passeggero,F,Illeso,0,,Non accertato,Inesploso,,
3929095,2,22/07/2018 19:05:00,Strada Urbana,VIA DEL FORO ITALICO,in prossimit�,,del civico n.,558,,Tamponamento,Rettilineo,Due carreggiate,Asciutto,Asfaltata,Verticale ed orizzontale,Sereno,Normale,Buona,Ore Diurne,0,0,0,5,12.4973,41.9401,-1,2,Autovettura privata,In marcia / fermata / arresto,Passeggero,F,Illeso,0,,Non accertato,Inesploso,,
3929098,2,22/07/2018 16:50:00,Strada Urbana,VIA DEL FORO ITALICO,in prossimit�,,del civico n.,633,,Veicolo in marcia contro ostacolo fisso,Rettilineo,Due carreggiate,Asciutto,Asfaltata,Verticale ed orizzontale,Sereno,Normale,Buona,Ore Diurne,1,0,0,0,12.5023,41.9396,-1,1,Autovettura privata,In marcia / fermata / arresto,Conducente,M,Ricoverato,0,NON DECEDUTO,,,,
3929102,2,22/07/2018 13:10:00,Strada Urbana,VIA PINCIANA,in corrispondenza,,del civico n.,41,,Scontro laterale fra veicoli in marcia,Rettilineo,Una carreggiata a doppio senso,Asciutto,Asfaltata,Verticale ed orizzontale,Sereno,Scarso,Buona,Ore Diurne,0,0,0,3,12.4924,41.912,-1,1,Autovettura pubblica,In marcia / fermata / arresto,Conducente,M,Illeso,0,,Non accertato,Inesploso,,
3929102,2,22/07/2018 13:10:00,Strada Urbana,VIA PINCIANA,in corrispondenza,,del civico n.,41,,Scontro laterale fra veicoli in marcia,Rettilineo,Una carreggiata a doppio senso,Asciutto,Asfaltata,Verticale ed orizzontale,Sereno,Scarso,Buona,Ore Diurne,0,0,0,3,12.4924,41.912,-1,2,Autovettura privata,In marcia / fermata / arresto,Conducente,M,Illeso,0,,Non accertato,Inesploso,,
3929102,2,22/07/2018 13:10:00,Strada Urbana,VIA PINCIANA,in corrispondenza,,del civico n.,41,,Scontro laterale fra veicoli in marcia,Rettilineo,Una carreggiata a doppio senso,Asciutto,Asfaltata,Verticale ed orizzontale,Sereno,Scarso,Buona,Ore Diurne,0,0,0,3,12.4924,41.912,-1,2,Autovettura privata,In marcia / fermata / arresto,Passeggero,F,Illeso,0,,Non accertato,Inesploso,,
3929104,7,23/07/2018 10:30:00,Strada Urbana,VIA DEI PLATANI,in prossimit�,,del civico n.,81,,Scontro frontale/laterale DX fra veicoli in marcia,Rettilineo,Una carreggiata a doppio senso,Bagnato (umidit� in atto),Asfaltata,Orizzontale,Nuvoloso,Normale,Buona,Ore Diurne,0,0,0,2,12.5657,41.8813,-1,1,Autovettura privata,In marcia / fermata / arresto,Conducente,M,Illeso,0,,,,,
3929104,7,23/07/2018 10:30:00,Strada Urbana,VIA DEI PLATANI,in prossimit�,,del civico n.,81,,Scontro frontale/laterale DX fra veicoli in marcia,Rettilineo,Una carreggiata a doppio senso,Bagnato (umidit� in atto),Asfaltata,Orizzontale,Nuvoloso,Normale,Buona,Ore Diurne,0,0,0,2,12.5657,41.8813,-1,2,Autovettura privata,In marcia / fermata / arresto,Conducente,M,Illeso,0,,,,,
3929110,2,22/07/2018 01:30:00,Strada Urbana,VIA DI S. VALENTINO,in prossimit�,,del civico n.,2/i,,Veicolo in marcia contro ostacolo fisso,Curva a visuale libera,Una carreggiata a senso unico di marcia,Asciutto,Asfaltata,Verticale ed orizzontale,Sereno,Scarso,Buona,Sufficiente,0,0,0,1,12.4753,41.927,-1,1,Autovettura privata,In marcia / fermata / arresto,Conducente,M,Illeso,0,,Non accertato,Inesploso,,
3929114,2,22/07/2018 04:00:00,Strada Urbana,VIA CASSIA,in corrispondenza,,del civico n.,1172,,Scontro frontale/laterale SX fra veicoli in marcia,Rettilineo,Una carreggiata a doppio senso,Asciutto,Asfaltata,Verticale ed orizzontale,Sereno,Scarso,Buona,Sufficiente,0,0,0,5,12.4173,41.9801,-1,1,Autovettura privata,In marcia / fermata / arresto,Conducente,M,Illeso,0,,Non accertato,,,
3929114,2,22/07/2018 04:00:00,Strada Urbana,VIA CASSIA,in corrispondenza,,del civico n.,1172,,Scontro frontale/laterale SX fra veicoli in marcia,Rettilineo,Una carreggiata a doppio senso,Asciutto,Asfaltata,Verticale ed orizzontale,Sereno,Scarso,Buona,Sufficiente,0,0,0,5,12.4173,41.9801,-1,1,Autovettura privata,In marcia / fermata / arresto,Passeggero,M,Illeso,0,,,,,
3929114,2,22/07/2018 04:00:00,Strada Urbana,VIA CASSIA,in corrispondenza,,del civico n.,1172,,Scontro frontale/laterale SX fra veicoli in marcia,Rettilineo,Una carreggiata a doppio senso,Asciutto,Asfaltata,Verticale ed orizzontale,Sereno,Scarso,Buona,Sufficiente,0,0,0,5,12.4173,41.9801,-1,2,Autovettura privata,In marcia / fermata / arresto,Conducente,M,Illeso,0,,,,,
3929114,2,22/07/2018 04:00:00,Strada Urbana,VIA CASSIA,in corrispondenza,,del civico n.,1172,,Scontro frontale/laterale SX fra veicoli in marcia,Rettilineo,Una carreggiata a doppio senso,Asciutto,Asfaltata,Verticale ed orizzontale,Sereno,Scarso,Buona,Sufficiente,0,0,0,5,12.4173,41.9801,-1,2,Autovettura privata,In marcia / fermata / arresto,Passeggero,M,Illeso,0,,,,,
3929114,2,22/07/2018 04:00:00,Strada Urbana,VIA CASSIA,in corrispondenza,,del civico n.,1172,,Scontro frontale/laterale SX fra veicoli in marcia,Rettilineo,Una carreggiata a doppio senso,Asciutto,Asfaltata,Verticale ed orizzontale,Sereno,Scarso,Buona,Sufficiente,0,0,0,5,12.4173,41.9801,-1,2,Autovettura privata,In marcia / fermata / arresto,Passeggero,M,Illeso,0,,,,,
3929133,3,20/07/2018 09:10:00,Strada Urbana,VIALE DELL'UNIVERSITA',in prossimit�,,del civico n.,36,,Scontro frontale fra veicoli in marcia,Rettilineo,Una carreggiata a doppio senso,Asciutto,Asfaltata,Verticale ed orizzontale,Sereno,Normale,Buona,Ore Diurne,0,0,0,2,12.5142,41.9049,-1,1,Autovettura privata,In marcia / fermata / arresto,Conducente,M,Illeso,0,,Non accertato,Inesploso,,
3929133,3,20/07/2018 09:10:00,Strada Urbana,VIALE DELL'UNIVERSITA',in prossimit�,,del civico n.,36,,Scontro frontale fra veicoli in marcia,Rettilineo,Una carreggiata a doppio senso,Asciutto,Asfaltata,Verticale ed orizzontale,Sereno,Normale,Buona,Ore Diurne,0,0,0,2,12.5142,41.9049,-1,2,Ciclomotore,In marcia / fermata / arresto,Conducente,F,Illeso,0,,Non accertato,,,
3929134,16,20/07/2018 23:50:00,Strada Urbana,VIA RAFFAELE BALESTRA,all'intersezione con,VIA LORENZO VIDASCHI,VIA LORENZO VIDASCHI,,,Scontro laterale fra veicoli in marcia,Incrocio,Una carreggiata a doppio senso,Asciutto,Asfaltata,Verticale ed orizzontale,Sereno,Scarso,Insufficiente,Insufficiente,0,0,0,5,12.4499,41.8736,-1,1,Autovettura privata,In marcia / fermata / arresto,Conducente,F,Illeso,0,,Non accertato,Inesploso,,
3929134,16,20/07/2018 23:50:00,Strada Urbana,VIA RAFFAELE BALESTRA,all'intersezione con,VIA LORENZO VIDASCHI,VIA LORENZO VIDASCHI,,,Scontro laterale fra veicoli in marcia,Incrocio,Una carreggiata a doppio senso,Asciutto,Asfaltata,Verticale ed orizzontale,Sereno,Scarso,Insufficiente,Insufficiente,0,0,0,5,12.4499,41.8736,-1,1,Autovettura privata,In marcia / fermata / arresto,Passeggero,M,Illeso,0,,Non accertato,Inesploso,,
3929134,16,20/07/2018 23:50:00,Strada Urbana,VIA RAFFAELE BALESTRA,all'intersezione con,VIA LORENZO VIDASCHI,VIA LORENZO VIDASCHI,,,Scontro laterale fra veicoli in marcia,Incrocio,Una carreggiata a doppio senso,Asciutto,Asfaltata,Verticale ed orizzontale,Sereno,Scarso,Insufficiente,Insufficiente,0,0,0,5,12.4499,41.8736,-1,1,Autovettura privata,In marcia / fermata / arresto,Passeggero,F,Illeso,0,,Non accertato,Inesploso,,
3929134,16,20/07/2018 23:50:00,Strada Urbana,VIA RAFFAELE BALESTRA,all'intersezione con,VIA LORENZO VIDASCHI,VIA LORENZO VIDASCHI,,,Scontro laterale fra veicoli in marcia,Incrocio,Una carreggiata a doppio senso,Asciutto,Asfaltata,Verticale ed orizzontale,Sereno,Scarso,Insufficiente,Insufficiente,0,0,0,5,12.4499,41.8736,-1,1,Autovettura privata,In marcia / fermata / arresto,Passeggero,M,Illeso,0,,Non accertato,Inesploso,,
3929134,16,20/07/2018 23:50:00,Strada Urbana,VIA RAFFAELE BALESTRA,all'intersezione con,VIA LORENZO VIDASCHI,VIA LORENZO VIDASCHI,,,Scontro laterale fra veicoli in marcia,Incrocio,Una carreggiata a doppio senso,Asciutto,Asfaltata,Verticale ed orizzontale,Sereno,Scarso,Insufficiente,Insufficiente,0,0,0,5,12.4499,41.8736,-1,2,Autovettura privata,In marcia / fermata / arresto,Conducente,M,Illeso,0,,Non accertato,Inesploso,,
3929135,11,23/07/2018 10:50:00,Strada Urbana,VIA DELLE SETTE CHIESE,all'intersezione semaforizzata con,VIA DI S. PETRONILLA,VIA DI S. PETRONILLA,,,Scontro frontale/laterale DX fra veicoli in marcia,Intersezione semaforizzata,Due carreggiate,Bagnato (pioggia),Asfaltata,Verticale ed orizzontale,Nuvoloso,Normale,Buona,Ore Diurne,0,0,0,4,12.4973,41.8598,-1,1,Autovettura privata,In marcia / fermata / arresto,Conducente,M,Illeso,0,,Non accertato,Inesploso,,
3929135,11,23/07/2018 10:50:00,Strada Urbana,VIA DELLE SETTE CHIESE,all'intersezione semaforizzata con,VIA DI S. PETRONILLA,VIA DI S. PETRONILLA,,,Scontro frontale/laterale DX fra veicoli in marcia,Intersezione semaforizzata,Due carreggiate,Bagnato (pioggia),Asfaltata,Verticale ed orizzontale,Nuvoloso,Normale,Buona,Ore Diurne,0,0,0,4,12.4973,41.8598,-1,1,Autovettura privata,In marcia / fermata / arresto,Passeggero,F,Illeso,0,,Non accertato,Inesploso,,
3929135,11,23/07/2018 10:50:00,Strada Urbana,VIA DELLE SETTE CHIESE,all'intersezione semaforizzata con,VIA DI S. PETRONILLA,VIA DI S. PETRONILLA,,,Scontro frontale/laterale DX fra veicoli in marcia,Intersezione semaforizzata,Due carreggiate,Bagnato (pioggia),Asfaltata,Verticale ed orizzontale,Nuvoloso,Normale,Buona,Ore Diurne,0,0,0,4,12.4973,41.8598,-1,1,Autovettura privata,In marcia / fermata / arresto,Passeggero,M,Illeso,0,,Non accertato,Inesploso,,
3929135,11,23/07/2018 10:50:00,Strada Urbana,VIA DELLE SETTE CHIESE,all'intersezione semaforizzata con,VIA DI S. PETRONILLA,VIA DI S. PETRONILLA,,,Scontro frontale/laterale DX fra veicoli in marcia,Intersezione semaforizzata,Due carreggiate,Bagnato (pioggia),Asfaltata,Verticale ed orizzontale,Nuvoloso,Normale,Buona,Ore Diurne,0,0,0,4,12.4973,41.8598,-1,2,Autovettura privata,In marcia / fermata / arresto,Conducente,M,Illeso,0,,Non accertato,Inesploso,,
3929136,20,23/07/2018 11:30:00,Regionale entro l'abitato,VIA FLAMINIA,in corrispondenza,,del civico n.,806,,Veicolo in marcia contro veicolo in sosta,Rettilineo,Una carreggiata a doppio senso,Asciutto,Asfaltata,Verticale ed orizzontale,Sereno,Normale,Buona,Ore Diurne,0,0,0,2,12.4755,41.9477,-1,1,Autovettura privata,In marcia / fermata / arresto,Conducente,M,Illeso,0,,Non accertato,Inesploso,,
3929136,20,23/07/2018 11:30:00,Regionale entro l'abitato,VIA FLAMINIA,in corrispondenza,,del civico n.,806,,Veicolo in marcia contro veicolo in sosta,Rettilineo,Una carreggiata a doppio senso,Asciutto,Asfaltata,Verticale ed orizzontale,Sereno,Normale,Buona,Ore Diurne,0,0,0,2,12.4755,41.9477,-1,2,Autovettura privata,In marcia / fermata / arresto,Conducente,M,Illeso,0,,Non accertato,Inesploso,,
3929147,3,20/07/2018 09:10:00,Strada Urbana,VIA TIBURTINA,da specificare,,,,dir centro a 50 mt dopo Via Masaniello,Tamponamento Multiplo,Rettilineo,Una carreggiata a senso unico di marcia,Asciutto,Asfaltata,Orizzontale,Sereno,Normale,Buona,Ore Diurne,1,0,0,4,12.5738,41.9256,-1,1,Autovettura privata,In marcia / fermata / arresto,Conducente,F,Illeso,0,,Non accertato,Inesploso,,
3929147,3,20/07/2018 09:10:00,Strada Urbana,VIA TIBURTINA,da specificare,,,,dir centro a 50 mt dopo Via Masaniello,Tamponamento Multiplo,Rettilineo,Una carreggiata a senso unico di marcia,Asciutto,Asfaltata,Orizzontale,Sereno,Normale,Buona,Ore Diurne,1,0,0,4,12.5738,41.9256,-1,2,Autovettura privata,In marcia / fermata / arresto,Conducente,M,Rimandato,0,NON DECEDUTO,Non accertato,Inesploso,,
3929147,3,20/07/2018 09:10:00,Strada Urbana,VIA TIBURTINA,da specificare,,,,dir centro a 50 mt dopo Via Masaniello,Tamponamento Multiplo,Rettilineo,Una carreggiata a senso unico di marcia,Asciutto,Asfaltata,Orizzontale,Sereno,Normale,Buona,Ore Diurne,1,0,0,4,12.5738,41.9256,-1,2,Autovettura privata,In marcia / fermata / arresto,Passeggero,M,Illeso,0,,Non accertato,Inesploso,,
3929147,3,20/07/2018 09:10:00,Strada Urbana,VIA TIBURTINA,da specificare,,,,dir centro a 50 mt dopo Via Masaniello,Tamponamento Multiplo,Rettilineo,Una carreggiata a senso unico di marcia,Asciutto,Asfaltata,Orizzontale,Sereno,Normale,Buona,Ore Diurne,1,0,0,4,12.5738,41.9256,-1,3,Autovettura privata,In marcia / fermata / arresto,Conducente,F,Illeso,0,,Non accertato,Inesploso,,
3929147,3,20/07/2018 09:10:00,Strada Urbana,VIA TIBURTINA,da specificare,,,,dir centro a 50 mt dopo Via Masaniello,Tamponamento Multiplo,Rettilineo,Una carreggiata a senso unico di marcia,Asciutto,Asfaltata,Orizzontale,Sereno,Normale,Buona,Ore Diurne,1,0,0,4,12.5738,41.9256,-1,4,Autovettura privata,In marcia / fermata / arresto,Conducente,M,Illeso,0,,Non accertato,Inesploso,,
3929156,3,21/07/2018 13:30:00,Strada Urbana,VIA TIBURTINA,in prossimit�,,del civico n.,259 b,,Scontro frontale/laterale DX fra veicoli in marcia,Rettilineo,Pi� di due carreggiate,Asciutto,Asfaltata,Verticale,Sereno,Scarso,Buona,Ore Diurne,1,0,0,2,12.5235,41.9072,-1,1,Autovettura privata,In marcia / fermata / arresto,Conducente,M,Illeso,0,,Non accertato,Inesploso,,
3929156,3,21/07/2018 13:30:00,Strada Urbana,VIA TIBURTINA,in prossimit�,,del civico n.,259 b,,Scontro frontale/laterale DX fra veicoli in marcia,Rettilineo,Pi� di due carreggiate,Asciutto,Asfaltata,Verticale,Sereno,Scarso,Buona,Ore Diurne,1,0,0,2,12.5235,41.9072,-1,2,Altro,In marcia / fermata / arresto,Conducente,M,Illeso,0,,Non accertato,Inesploso,,
3929156,3,21/07/2018 13:30:00,Strada Urbana,VIA TIBURTINA,in prossimit�,,del civico n.,259 b,,Scontro frontale/laterale DX fra veicoli in marcia,Rettilineo,Pi� di due carreggiate,Asciutto,Asfaltata,Verticale,Sereno,Scarso,Buona,Ore Diurne,1,0,0,2,12.5235,41.9072,-1,2,Altro,In marcia / fermata / arresto,Passeggero,M,Rifiuta cure immediate,0,NON DECEDUTO,Non accertato,Inesploso,,
3929163,3,20/07/2018 21:15:00,Strada Urbana,VIA TIBURTINA,da specificare,,,,alt civ 30,Veicolo in marcia contro ostacolo fisso,Pendenza,Una carreggiata a doppio senso,Asciutto,Asfaltata,Verticale ed orizzontale,Sereno,Normale,Sufficiente,Sufficiente,0,0,0,1,12.513,41.8974,-1,1,Autocarro inferiore 35 q.,In marcia / fermata / arresto,Conducente,M,Illeso,0,,Non accertato,Inesploso,,