Protocollo,Gruppo,DataOraIncidente,Localizzazione1,STRADA1,Localizzazione2,STRADA2,Strada02,Chilometrica,DaSpecificare,NaturaIncidente,particolaritastrade,TipoStrada,FondoStradale,Pavimentazione,Segnaletica,CondizioneAtmosferica,Traffico,Visibilita,Illuminazione,NUM_FERITI,NUM_RISERVATA,NUM_MORTI,NUM_ILLESI,Longitudine,Latitudine,Confermato,Progressivo,TipoVeicolo,StatoVeicolo,TipoPersona,Sesso,Tipolesione,Deceduto,DecedutoDopo,CinturaCascoUtilizzato,Airbag,,
3929190,3,21/07/2018 14:50:00,Strada Urbana,VIALE DEL POLICLINICO,in prossimit�,,del civico n.,151,,Scontro laterale fra veicoli in marcia,Rettilineo,Due carreggiate,Asciutto,Asfaltata,Orizzontale,Sereno,Scarso,Buona,Ore Diurne,2,0,0,0,12.5088,41.9085,-1,1,Autovettura privata,In marcia / fermata / arresto,Conducente,M,Rimandato,0,NON DECEDUTO,,Esploso,,
3929190,3,21/07/2018 14:50:00,Strada Urbana,VIALE DEL POLICLINICO,in prossimit�,,del civico n.,151,,Scontro laterale fra veicoli in marcia,Rettilineo,Due carreggiate,Asciutto,Asfaltata,Orizzontale,Sereno,Scarso,Buona,Ore Diurne,2,0,0,0,12.5088,41.9085,-1,2,Autovettura privata,In marcia / fermata / arresto,Conducente,M,Rifiuta cure immediate,0,NON DECEDUTO,Non accertato,Inesploso,,
3929252,3,22/07/2018 16:30:00,Strada Urbana,VIA NOMENTANA,all'intersezione con,VIA DEI VILLINI,VIA DEI VILLINI,,,Scontro laterale fra veicoli in marcia,Intersezione stradale segnalata,Una carreggiata a doppio senso,Asciutto,Asfaltata,Verticale,Sereno,Scarso,Buona,Ore Diurne,1,0,0,2,12.5042,41.9112,0,1,Autovettura privata,In marcia / fermata / arresto,Conducente,M,Illeso,0,,Non accertato,Inesploso,,
3929252,3,22/07/2018 16:30:00,Strada Urbana,VIA NOMENTANA,all'intersezione con,VIA DEI VILLINI,VIA DEI VILLINI,,,Scontro laterale fra veicoli in marcia,Intersezione stradale segnalata,Una carreggiata a doppio senso,Asciutto,Asfaltata,Verticale,Sereno,Scarso,Buona,Ore Diurne,1,0,0,2,12.5042,41.9112,0,1,Autovettura privata,In marcia / fermata / arresto,Passeggero,F,Illeso,0,,Non accertato,Inesploso,,
3929252,3,22/07/2018 16:30:00,Strada Urbana,VIA NOMENTANA,all'intersezione con,VIA DEI VILLINI,VIA DEI VILLINI,,,Scontro laterale fra veicoli in marcia,Intersezione stradale segnalata,Una carreggiata a doppio senso,Asciutto,Asfaltata,Verticale,Sereno,Scarso,Buona,Ore Diurne,1,0,0,2,12.5042,41.9112,0,2,Motociclo a solo,In marcia / fermata / arresto,Conducente,M,Rimandato,0,NON DECEDUTO,Non accertato,,,
3929316,4,20/07/2018 13:00:00,Strada Urbana,VIA SALARIA,in corrispondenza,,della chilometrica,12,,Tamponamento Multiplo,Rettilineo,Due carreggiate,Asciutto,Asfaltata,Verticale ed orizzontale,Sereno,Normale,Buona,Ore Diurne,1,0,0,4,12.5172,41.986,-1,1,Autocarro inferiore 35 q.,In marcia / fermata / arresto,Conducente,M,Illeso,0,,Non accertato,,,
3929316,4,20/07/2018 13:00:00,Strada Urbana,VIA SALARIA,in corrispondenza,,della chilometrica,12,,Tamponamento Multiplo,Rettilineo,Due carreggiate,Asciutto,Asfaltata,Verticale ed orizzontale,Sereno,Normale,Buona,Ore Diurne,1,0,0,4,12.5172,41.986,-1,2,Autovettura privata,In marcia / fermata / arresto,Conducente,M,Illeso,0,,Non accertato,,,
3929316,4,20/07/2018 13:00:00,Strada Urbana,VIA SALARIA,in corrispondenza,,della chilometrica,12,,Tamponamento Multiplo,Rettilineo,Due carreggiate,Asciutto,Asfaltata,Verticale ed orizzontale,Sereno,Normale,Buona,Ore Diurne,1,0,0,4,12.5172,41.986,-1,2,Autovettura privata,In marcia / fermata / arresto,Passeggero,F,Illeso,0,,Non accertato,,,
3929316,4,20/07/2018 13:00:00,Strada Urbana,VIA SALARIA,in corrispondenza,,della chilometrica,12,,Tamponamento Multiplo,Rettilineo,Due carreggiate,Asciutto,Asfaltata,Verticale ed orizzontale,Sereno,Normale,Buona,Ore Diurne,1,0,0,4,12.5172,41.986,-1,2,Autovettura privata,In marcia / fermata / arresto,Passeggero,F,Rimandato,0,NON DECEDUTO,Non accertato,,,
3929316,4,20/07/2018 13:00:00,Strada Urbana,VIA SALARIA,in corrispondenza,,della chilometrica,12,,Tamponamento Multiplo,Rettilineo,Due carreggiate,Asciutto,Asfaltata,Verticale ed orizzontale,Sereno,Normale,Buona,Ore Diurne,1,0,0,4,12.5172,41.986,-1,3,Autovettura privata,In marcia / fermata / arresto,Conducente,M,Illeso,0,,,,,
3929321,16,20/07/2018 12:50:00,Strada Urbana,PIAZZA OTTAVILLA,da specificare,,,,fronte civico 17,Infortunio per sola frenata improvvisa,Rettilineo,Una carreggiata a senso unico di marcia,Asciutto,Asfaltata,Verticale ed orizzontale,Sereno,Normale,Buona,Ore Diurne,1,0,0,1,12.4558,41.8834,-1,1,Motociclo a solo,In marcia / fermata / arresto,Conducente,M,Rimandato,0,NON DECEDUTO,Non accertato,,,
3929321,16,20/07/2018 12:50:00,Strada Urbana,PIAZZA OTTAVILLA,da specificare,,,,fronte civico 17,Infortunio per sola frenata improvvisa,Rettilineo,Una carreggiata a senso unico di marcia,Asciutto,Asfaltata,Verticale ed orizzontale,Sereno,Normale,Buona,Ore Diurne,1,0,0,1,12.4558,41.8834,-1,2,Autovettura privata,In marcia / fermata / arresto,Conducente,M,Illeso,0,,Non accertato,Inesploso,,
3929327,1,22/07/2018 04:25:00,Strada Urbana,VIA DANDOLO,in corrispondenza,,del civico n.,24,,Veicolo in marcia contro veicoli in sosta,Rettilineo,Una carreggiata a senso unico di marcia,Asciutto,Asfaltata,Verticale ed orizzontale,Sereno,Scarso,Buona,Sufficiente,0,0,0,1,12.4686,41.8853,-1,1,Autovettura privata,In marcia / fermata / arresto,Conducente,M,Illeso,0,,Non accertato,Inesploso,,
3929377,4,20/07/2018 15:45:00,Strada Urbana,VIA DI SETTEBAGNI,all'intersezione con,VIA LELLO MADDALENO,VIA LELLO MADDALENO,,,Scontro frontale fra veicoli in marcia,Incrocio,Una carreggiata a doppio senso,Asciutto,Asfaltata,Verticale ed orizzontale,Sereno,Normale,Buona,Ore Diurne,0,0,0,2,12.5321,41.9838,-1,1,Autovettura privata,In marcia / fermata / arresto,Conducente,M,Illeso,0,,Non accertato,Esploso,,
3929377,4,20/07/2018 15:45:00,Strada Urbana,VIA DI SETTEBAGNI,all'intersezione con,VIA LELLO MADDALENO,VIA LELLO MADDALENO,,,Scontro frontale fra veicoli in marcia,Incrocio,Una carreggiata a doppio senso,Asciutto,Asfaltata,Verticale ed orizzontale,Sereno,Normale,Buona,Ore Diurne,0,0,0,2,12.5321,41.9838,-1,2,Autovettura privata,In marcia / fermata / arresto,Conducente,M,Illeso,0,,,,,
3929399,1,21/07/2018 11:30:00,Strada Urbana,LUNGOTEVERE GIANICOLENSE,all'intersezione semaforizzata con,PONTE GIUSEPPE MAZZINI,PONTE GIUSEPPE MAZZINI,,,Scontro laterale fra veicoli in marcia,Intersezione semaforizzata,Una carreggiata a senso unico di marcia,Asciutto,Asfaltata,Verticale ed orizzontale,Sereno,Normale,Buona,Ore Diurne,0,0,0,4,12.4636,41.8978,-1,1,Autovettura privata,In marcia / fermata / arresto,Conducente,F,Illeso,0,,Non accertato,Inesploso,,
3929399,1,21/07/2018 11:30:00,Strada Urbana,LUNGOTEVERE GIANICOLENSE,all'intersezione semaforizzata con,PONTE GIUSEPPE MAZZINI,PONTE GIUSEPPE MAZZINI,,,Scontro laterale fra veicoli in marcia,Intersezione semaforizzata,Una carreggiata a senso unico di marcia,Asciutto,Asfaltata,Verticale ed orizzontale,Sereno,Normale,Buona,Ore Diurne,0,0,0,4,12.4636,41.8978,-1,1,Autovettura privata,In marcia / fermata / arresto,Passeggero,F,Illeso,0,,Non accertato,Inesploso,,
3929399,1,21/07/2018 11:30:00,Strada Urbana,LUNGOTEVERE GIANICOLENSE,all'intersezione semaforizzata con,PONTE GIUSEPPE MAZZINI,PONTE GIUSEPPE MAZZINI,,,Scontro laterale fra veicoli in marcia,Intersezione semaforizzata,Una carreggiata a senso unico di marcia,Asciutto,Asfaltata,Verticale ed orizzontale,Sereno,Normale,Buona,Ore Diurne,0,0,0,4,12.4636,41.8978,-1,1,Autovettura privata,In marcia / fermata / arresto,Passeggero,F,Illeso,0,,Non accertato,Inesploso,,
3929399,1,21/07/2018 11:30:00,Strada Urbana,LUNGOTEVERE GIANICOLENSE,all'intersezione semaforizzata con,PONTE GIUSEPPE MAZZINI,PONTE GIUSEPPE MAZZINI,,,Scontro laterale fra veicoli in marcia,Intersezione semaforizzata,Una carreggiata a senso unico di marcia,Asciutto,Asfaltata,Verticale ed orizzontale,Sereno,Normale,Buona,Ore Diurne,0,0,0,4,12.4636,41.8978,-1,2,Motociclo a solo,In marcia / fermata / arresto,Conducente,M,Illeso,0,,Non accertato,,,
3929404,16,22/07/2018 12:40:00,Strada Urbana,VIA QUIRINO MAJORANA,in prossimit�,,del civico n.,265,,Veicolo in marcia contro ostacolo accidentale,Rettilineo,Due carreggiate,Asciutto,Asfaltata,Assente,Sereno,Scarso,Buona,Ore Diurne,1,0,0,0,12.4603,41.8704,-1,1,Motociclo a solo,In marcia / fermata / arresto,Conducente,M,Rimandato,0,NON DECEDUTO,Non accertato,,,
3929419,12,23/07/2018 14:00:00,Strada Urbana,VIALE DELLA TECNICA,in prossimit�,,del civico n.,171,,Scontro frontale/laterale SX fra veicoli in marcia,Rettilineo,Una carreggiata a doppio senso,Asciutto,Asfaltata,Orizzontale,Sereno,Normale,Buona,Ore Diurne,0,1,0,1,12.4598,41.8281,-1,1,Autovettura privata,In marcia / fermata / arresto,Conducente,M,Illeso,0,,Non accertato,Inesploso,,
3929419,12,23/07/2018 14:00:00,Strada Urbana,VIALE DELLA TECNICA,in prossimit�,,del civico n.,171,,Scontro frontale/laterale SX fra veicoli in marcia,Rettilineo,Una carreggiata a doppio senso,Asciutto,Asfaltata,Orizzontale,Sereno,Normale,Buona,Ore Diurne,0,1,0,1,12.4598,41.8281,-1,2,Motociclo a solo,In marcia / fermata / arresto,Conducente,M,Prognosi riservata,0,NON DECEDUTO,,,,
3929443,1,22/07/2018 10:05:00,Strada Urbana,LUNGOTEVERE DEI VALLATI,all'intersezione semaforizzata con,PONTE SISTO,PONTE SISTO,,,Scontro laterale fra veicoli in marcia,Intersezione semaforizzata,Una carreggiata a senso unico di marcia,Asciutto,Asfaltata,Verticale ed orizzontale,Sereno,Normale,Buona,Ore Diurne,1,0,0,9,12.4727,41.8919,-1,1,Autovettura privata,In marcia / fermata / arresto,Conducente,M,Illeso,0,,Non accertato,Inesploso,,
3929443,1,22/07/2018 10:05:00,Strada Urbana,LUNGOTEVERE DEI VALLATI,all'intersezione semaforizzata con,PONTE SISTO,PONTE SISTO,,,Scontro laterale fra veicoli in marcia,Intersezione semaforizzata,Una carreggiata a senso unico di marcia,Asciutto,Asfaltata,Verticale ed orizzontale,Sereno,Normale,Buona,Ore Diurne,1,0,0,9,12.4727,41.8919,-1,1,Autovettura privata,In marcia / fermata / arresto,Passeggero,F,Illeso,0,,Non accertato,Inesploso,,
3929443,1,22/07/2018 10:05:00,Strada Urbana,LUNGOTEVERE DEI VALLATI,all'intersezione semaforizzata con,PONTE SISTO,PONTE SISTO,,,Scontro laterale fra veicoli in marcia,Intersezione semaforizzata,Una carreggiata a senso unico di marcia,Asciutto,Asfaltata,Verticale ed orizzontale,Sereno,Normale,Buona,Ore Diurne,1,0,0,9,12.4727,41.8919,-1,1,Autovettura privata,In marcia / fermata / arresto,Passeggero,M,Illeso,0,,Non accertato,Inesploso,,
3929443,1,22/07/2018 10:05:00,Strada Urbana,LUNGOTEVERE DEI VALLATI,all'intersezione semaforizzata con,PONTE SISTO,PONTE SISTO,,,Scontro laterale fra veicoli in marcia,Intersezione semaforizzata,Una carreggiata a senso unico di marcia,Asciutto,Asfaltata,Verticale ed orizzontale,Sereno,Normale,Buona,Ore Diurne,1,0,0,9,12.4727,41.8919,-1,1,Autovettura privata,In marcia / fermata / arresto,Passeggero,M,Illeso,0,,Non accertato,Inesploso,,
3929443,1,22/07/2018 10:05:00,Strada Urbana,LUNGOTEVERE DEI VALLATI,all'intersezione semaforizzata con,PONTE SISTO,PONTE SISTO,,,Scontro laterale fra veicoli in marcia,Intersezione semaforizzata,Una carreggiata a senso unico di marcia,Asciutto,Asfaltata,Verticale ed orizzontale,Sereno,Normale,Buona,Ore Diurne,1,0,0,9,12.4727,41.8919,-1,1,Autovettura privata,In marcia / fermata / arresto,Passeggero,F,Illeso,0,,Non accertato,Inesploso,,
3929443,1,22/07/2018 10:05:00,Strada Urbana,LUNGOTEVERE DEI VALLATI,all'intersezione semaforizzata con,PONTE SISTO,PONTE SISTO,,,Scontro laterale fra veicoli in marcia,Intersezione semaforizzata,Una carreggiata a senso unico di marcia,Asciutto,Asfaltata,Verticale ed orizzontale,Sereno,Normale,Buona,Ore Diurne,1,0,0,9,12.4727,41.8919,-1,1,Autovettura privata,In marcia / fermata / arresto,Passeggero,M,Illeso,0,,Non accertato,Inesploso,,
3929443,1,22/07/2018 10:05:00,Strada Urbana,LUNGOTEVERE DEI VALLATI,all'intersezione semaforizzata con,PONTE SISTO,PONTE SISTO,,,Scontro laterale fra veicoli in marcia,Intersezione semaforizzata,Una carreggiata a senso unico di marcia,Asciutto,Asfaltata,Verticale ed orizzontale,Sereno,Normale,Buona,Ore Diurne,1,0,0,9,12.4727,41.8919,-1,1,Autovettura privata,In marcia / fermata / arresto,Passeggero,M,Illeso,0,,Non accertato,Inesploso,,
3929443,1,22/07/2018 10:05:00,Strada Urbana,LUNGOTEVERE DEI VALLATI,all'intersezione semaforizzata con,PONTE SISTO,PONTE SISTO,,,Scontro laterale fra veicoli in marcia,Intersezione semaforizzata,Una carreggiata a senso unico di marcia,Asciutto,Asfaltata,Verticale ed orizzontale,Sereno,Normale,Buona,Ore Diurne,1,0,0,9,12.4727,41.8919,-1,1,Autovettura privata,In marcia / fermata / arresto,Passeggero,M,Illeso,0,,Non accertato,,,
3929443,1,22/07/2018 10:05:00,Strada Urbana,LUNGOTEVERE DEI VALLATI,all'intersezione semaforizzata con,PONTE SISTO,PONTE SISTO,,,Scontro laterale fra veicoli in marcia,Intersezione semaforizzata,Una carreggiata a senso unico di marcia,Asciutto,Asfaltata,Verticale ed orizzontale,Sereno,Normale,Buona,Ore Diurne,1,0,0,9,12.4727,41.8919,-1,1,Autovettura privata,In marcia / fermata / arresto,Passeggero,M,Illeso,0,,Non accertato,Inesploso,,
3929443,1,22/07/2018 10:05:00,Strada Urbana,LUNGOTEVERE DEI VALLATI,all'intersezione semaforizzata con,PONTE SISTO,PONTE SISTO,,,Scontro laterale fra veicoli in marcia,Intersezione semaforizzata,Una carreggiata a senso unico di marcia,Asciutto,Asfaltata,Verticale ed orizzontale,Sereno,Normale,Buona,Ore Diurne,1,0,0,9,12.4727,41.8919,-1,2,Motociclo di polizia,In marcia / fermata / arresto,Conducente,M,Rimandato,0,NON DECEDUTO,Non accertato,,,
3929447,19,23/07/2018 07:20:00,Strada Urbana,VIA GIUSEPPE MOSCATI,in prossimit�,,del civico n.,31,,Scontro frontale/laterale SX fra veicoli in marcia,Rotatoria,Una carreggiata a doppio senso,Bagnato (pioggia),Asfaltata,Assente,Pioggia in atto,Normale,Buona,Ore Diurne,0,0,0,2,12.4293,41.9268,-1,1,Autocarro inferiore 35 q.,In marcia / fermata / arresto,Conducente,M,Illeso,0,,Non accertato,Inesploso,,
3929447,19,23/07/2018 07:20:00,Strada Urbana,VIA GIUSEPPE MOSCATI,in prossimit�,,del civico n.,31,,Scontro frontale/laterale SX fra veicoli in marcia,Rotatoria,Una carreggiata a doppio senso,Bagnato (pioggia),Asfaltata,Assente,Pioggia in atto,Normale,Buona,Ore Diurne,0,0,0,2,12.4293,41.9268,-1,2,Autovettura privata,In marcia / fermata / arresto,Conducente,M,Illeso,0,,Non accertato,Inesploso,,
3929463,16,20/07/2018 14:10:00,Strada Urbana,PIAZZALE EUGENIO MORELLI,in prossimit�,,del civico n.,35,,Veicolo in marcia contro veicoli in arresto,Rettilineo,Una carreggiata a senso unico di marcia,Asciutto,Asfaltata,Verticale ed orizzontale,Sereno,Normale,Buona,Ore Diurne,0,0,0,4,12.443,41.8601,-1,1,Motociclo a solo,In marcia / fermata / arresto,Conducente,M,Illeso,0,,Non accertato,,,
3929463,16,20/07/2018 14:10:00,Strada Urbana,PIAZZALE EUGENIO MORELLI,in prossimit�,,del civico n.,35,,Veicolo in marcia contro veicoli in arresto,Rettilineo,Una carreggiata a senso unico di marcia,Asciutto,Asfaltata,Verticale ed orizzontale,Sereno,Normale,Buona,Ore Diurne,0,0,0,4,12.443,41.8601,-1,2,Autovettura privata,In marcia / fermata / arresto,Conducente,M,Illeso,0,,Non accertato,Inesploso,,
3929463,16,20/07/2018 14:10:00,Strada Urbana,PIAZZALE EUGENIO MORELLI,in prossimit�,,del civico n.,35,,Veicolo in marcia contro veicoli in arresto,Rettilineo,Una carreggiata a senso unico di marcia,Asciutto,Asfaltata,Verticale ed orizzontale,Sereno,Normale,Buona,Ore Diurne,0,0,0,4,12.443,41.8601,-1,2,Autovettura privata,In marcia / fermata / arresto,Passeggero,F,Illeso,0,,Non accertato,Inesploso,,
3929463,16,20/07/2018 14:10:00,Strada Urbana,PIAZZALE EUGENIO MORELLI,in prossimit�,,del civico n.,35,,Veicolo in marcia contro veicoli in arresto,Rettilineo,Una carreggiata a senso unico di marcia,Asciutto,Asfaltata,Verticale ed orizzontale,Sereno,Normale,Buona,Ore Diurne,0,0,0,4,12.443,41.8601,-1,3,Autovettura privata,In marcia / fermata / arresto,Conducente,M,Illeso,0,,Non accertato,Inesploso,,
3929464,4,21/07/2018 02:30:00,Statale entro l'abitato,VIA FLAMINIA,in corrispondenza,,del civico n.,871,,Veicolo in marcia contro ostacolo fisso,Rettilineo,Due carreggiate,Asciutto,Asfaltata,Verticale ed orizzontale,Sereno,Normale,Sufficiente,Sufficiente,1,0,0,1,12.4846,41.9557,-1,1,Autovettura privata,In marcia / fermata / arresto,Conducente,M,Illeso,0,,,,,
3929464,4,21/07/2018 02:30:00,Statale entro l'abitato,VIA FLAMINIA,in corrispondenza,,del civico n.,871,,Veicolo in marcia contro ostacolo fisso,Rettilineo,Due carreggiate,Asciutto,Asfaltata,Verticale ed orizzontale,Sereno,Normale,Sufficiente,Sufficiente,1,0,0,1,12.4846,41.9557,-1,1,Autovettura privata,In marcia / fermata / arresto,Passeggero,F,Rimandato,0,NON DECEDUTO,,,,
3929473,1,20/07/2018 12:00:00,Strada Urbana,VIA VITTORIO VENETO,in corrispondenza,,del civico n.,10,,Scontro laterale fra veicoli in marcia,Rettilineo,Una carreggiata a doppio senso,Asciutto,Asfaltata,Verticale ed orizzontale,Sereno,Normale,Buona,Ore Diurne,0,0,0,3,12.4883,41.9044,0,1,Autobus turistico,In marcia / fermata / arresto,Conducente,M,Illeso,0,,,Inesploso,,
3929473,1,20/07/2018 12:00:00,Strada Urbana,VIA VITTORIO VENETO,in corrispondenza,,del civico n.,10,,Scontro laterale fra veicoli in marcia,Rettilineo,Una carreggiata a doppio senso,Asciutto,Asfaltata,Verticale ed orizzontale,Sereno,Normale,Buona,Ore Diurne,0,0,0,3,12.4883,41.9044,0,2,Autovettura privata,In marcia / fermata / arresto,Conducente,M,Illeso,0,,Non accertato,Inesploso,,
3929473,1,20/07/2018 12:00:00,Strada Urbana,VIA VITTORIO VENETO,in corrispondenza,,del civico n.,10,,Scontro laterale fra veicoli in marcia,Rettilineo,Una carreggiata a doppio senso,Asciutto,Asfaltata,Verticale ed orizzontale,Sereno,Normale,Buona,Ore Diurne,0,0,0,3,12.4883,41.9044,0,2,Autovettura privata,In marcia / fermata / arresto,Passeggero,M,Illeso,0,,,,,
3929508,4,21/07/2018 17:00:00,Strada Urbana,VIALE JONIO,in prossimit�,,del civico n.,26,,Veicolo in marcia contro veicolo fermo,Rettilineo,Due carreggiate,Asciutto,Asfaltata,Verticale ed orizzontale,Sereno,Normale,Buona,Ore Diurne,1,0,0,1,12.545,41.9438,-1,1,Autocarro superiore 35 q.,In marcia / fermata / arresto,Conducente,M,Illeso,0,,Non accertato,,,
3929508,4,21/07/2018 17:00:00,Strada Urbana,VIALE JONIO,in prossimit�,,del civico n.,26,,Veicolo in marcia contro veicolo fermo,Rettilineo,Due carreggiate,Asciutto,Asfaltata,Verticale ed orizzontale,Sereno,Normale,Buona,Ore Diurne,1,0,0,1,12.545,41.9438,-1,2,Autovettura privata,In marcia / fermata / arresto,Conducente,M,Ricoverato,0,NON DECEDUTO,Non accertato,,,
3929526,1,21/07/2018 18:40:00,Strada Urbana,VIA EMANUELE FILIBERTO,all'intersezione con,VIA DOMENICO FONTANA,VIA DOMENICO FONTANA,,,Scontro laterale fra veicoli in marcia,Intersezione non regolata/non segnalata,Due carreggiate,Asciutto,Asfaltata,Verticale ed orizzontale,Sereno,Normale,Buona,Ore Diurne,0,0,0,5,12.5079,41.8881,-1,1,Autovettura privata,In marcia / fermata / arresto,Conducente,F,Illeso,0,,Non accertato,Inesploso,,
3929526,1,21/07/2018 18:40:00,Strada Urbana,VIA EMANUELE FILIBERTO,all'intersezione con,VIA DOMENICO FONTANA,VIA DOMENICO FONTANA,,,Scontro laterale fra veicoli in marcia,Intersezione non regolata/non segnalata,Due carreggiate,Asciutto,Asfaltata,Verticale ed orizzontale,Sereno,Normale,Buona,Ore Diurne,0,0,0,5,12.5079,41.8881,-1,1,Autovettura privata,In marcia / fermata / arresto,Passeggero,F,Illeso,0,,,,,
3929526,1,21/07/2018 18:40:00,Strada Urbana,VIA EMANUELE FILIBERTO,all'intersezione con,VIA DOMENICO FONTANA,VIA DOMENICO FONTANA,,,Scontro laterale fra veicoli in marcia,Intersezione non regolata/non segnalata,Due carreggiate,Asciutto,Asfaltata,Verticale ed orizzontale,Sereno,Normale,Buona,Ore Diurne,0,0,0,5,12.5079,41.8881,-1,2,Autovettura privata,In marcia / fermata / arresto,Conducente,F,Illeso,0,,Non accertato,Inesploso,,
3929526,1,21/07/2018 18:40:00,Strada Urbana,VIA EMANUELE FILIBERTO,all'intersezione con,VIA DOMENICO FONTANA,VIA DOMENICO FONTANA,,,Scontro laterale fra veicoli in marcia,Intersezione non regolata/non segnalata,Due carreggiate,Asciutto,Asfaltata,Verticale ed orizzontale,Sereno,Normale,Buona,Ore Diurne,0,0,0,5,12.5079,41.8881,-1,2,Autovettura privata,In marcia / fermata / arresto,Passeggero,F,Illeso,0,,Non accertato,Inesploso,,
3929526,1,21/07/2018 18:40:00,Strada Urbana,VIA EMANUELE FILIBERTO,all'intersezione con,VIA DOMENICO FONTANA,VIA DOMENICO FONTANA,,,Scontro laterale fra veicoli in marcia,Intersezione non regolata/non segnalata,Due carreggiate,Asciutto,Asfaltata,Verticale ed orizzontale,Sereno,Normale,Buona,Ore Diurne,0,0,0,5,12.5079,41.8881,-1,2,Autovettura privata,In marcia / fermata / arresto,Passeggero,F,Illeso,0,,Non accertato,Inesploso,,
3929614,4,22/07/2018 19:20:00,Strada Urbana,VIA UGO OJETTI,all'intersezione con,VIA POLICARPO PETROCCHI,VIA POLICARPO PETROCCHI,,,Infortunio per sola frenata improvvisa,Incrocio,Due carreggiate,Asciutto,Asfaltata,Verticale,Sereno,Normale,Buona,Ore Diurne,0,0,0,2,12.5548,41.9474,-1,1,Motociclo a solo,In marcia / fermata / arresto,Conducente,M,Illeso,0,,,,,
3929614,4,22/07/2018 19:20:00,Strada Urbana,VIA UGO OJETTI,all'intersezione con,VIA POLICARPO PETROCCHI,VIA POLICARPO PETROCCHI,,,Infortunio per sola frenata improvvisa,Incrocio,Due carreggiate,Asciutto,Asfaltata,Verticale,Sereno,Normale,Buona,Ore Diurne,0,0,0,2,12.5548,41.9474,-1,2,Autovettura privata,In marcia / fermata / arresto,Conducente,M,Illeso,0,,,,,
3929621,1,21/07/2018 00:30:00,Strada Urbana,PIAZZA DI PORTA CAPENA,in prossimit�,,del palo luce n.,9,,Scontro laterale fra veicoli in marcia,Rettilineo,Una carreggiata a doppio senso,Asciutto,Asfaltata,Verticale ed orizzontale,Sereno,Scarso,Sufficiente,Sufficiente,1,0,0,2,12.489,41.8844,-1,1,Motociclo a solo,In marcia / fermata / arresto,Conducente,M,Rimandato,0,NON DECEDUTO,Non accertato,,,
3929621,1,21/07/2018 00:30:00,Strada Urbana,PIAZZA DI PORTA CAPENA,in prossimit�,,del palo luce n.,9,,Scontro laterale fra veicoli in marcia,Rettilineo,Una carreggiata a doppio senso,Asciutto,Asfaltata,Verticale ed orizzontale,Sereno,Scarso,Sufficiente,Sufficiente,1,0,0,2,12.489,41.8844,-1,2,Autovettura privata,In marcia / fermata / arresto,Conducente,M,Illeso,0,,Non accertato,Inesploso,,
3929621,1,21/07/2018 00:30:00,Strada Urbana,PIAZZA DI PORTA CAPENA,in prossimit�,,del palo luce n.,9,,Scontro laterale fra veicoli in marcia,Rettilineo,Una carreggiata a doppio senso,Asciutto,Asfaltata,Verticale ed orizzontale,Sereno,Scarso,Sufficiente,Sufficiente,1,0,0,2,12.489,41.8844,-1,2,Autovettura privata,In marcia / fermata / arresto,Passeggero,F,Illeso,0,,Non accertato,Inesploso,,
3929632,12,23/07/2018 16:55:00,Strada Urbana,VIA DELLA DIVISIONE TORINO,all'intersezione con,VIA DEI SOMMOZZATORI,VIA DEI SOMMOZZATORI,,,Scontro frontale/laterale SX fra veicoli in marcia,Incrocio,Una carreggiata a senso unico di marcia,Asciutto,Asfaltata,Verticale ed orizzontale,Sereno,Normale,Buona,Ore Diurne,0,0,0,3,12.4865,41.8214,-1,1,Autovettura privata,In marcia / fermata / arresto,Conducente,M,Illeso,0,,Utilizzato,Inesploso,,
3929632,12,23/07/2018 16:55:00,Strada Urbana,VIA DELLA DIVISIONE TORINO,all'intersezione con,VIA DEI SOMMOZZATORI,VIA DEI SOMMOZZATORI,,,Scontro frontale/laterale SX fra veicoli in marcia,Incrocio,Una carreggiata a senso unico di marcia,Asciutto,Asfaltata,Verticale ed orizzontale,Sereno,Normale,Buona,Ore Diurne,0,0,0,3,12.4865,41.8214,-1,2,Autovettura privata,In marcia / fermata / arresto,Conducente,M,Illeso,0,,Non accertato,Inesploso,,
3929632,12,23/07/2018 16:55:00,Strada Urbana,VIA DELLA DIVISIONE TORINO,all'intersezione con,VIA DEI SOMMOZZATORI,VIA DEI SOMMOZZATORI,,,Scontro frontale/laterale SX fra veicoli in marcia,Incrocio,Una carreggiata a senso unico di marcia,Asciutto,Asfaltata,Verticale ed orizzontale,Sereno,Normale,Buona,Ore Diurne,0,0,0,3,12.4865,41.8214,-1,2,Autovettura privata,In marcia / fermata / arresto,Passeggero,F,Illeso,0,,Non accertato,Inesploso,,
3929639,4,22/07/2018 00:05:00,Provinciale entro l'abitato,VIA NOMENTANA,da specificare,,,,fronte civico 581,Tamponamento Multiplo,Rettilineo,Una carreggiata a doppio senso,Asciutto,Asfaltata,Temporanea di cantiere,Sereno,Normale,Sufficiente,Sufficiente,0,0,0,6,12.5728,41.9579,-1,1,Autovettura privata,In marcia / fermata / arresto,Conducente,M,Illeso,0,,,,,