Protocollo,Gruppo,DataOraIncidente,Localizzazione1,STRADA1,Localizzazione2,STRADA2,Strada02,Chilometrica,DaSpecificare,NaturaIncidente,particolaritastrade,TipoStrada,FondoStradale,Pavimentazione,Segnaletica,CondizioneAtmosferica,Traffico,Visibilita,Illuminazione,NUM_FERITI,NUM_RISERVATA,NUM_MORTI,NUM_ILLESI,Longitudine,Latitudine,Confermato,Progressivo,TipoVeicolo,StatoVeicolo,TipoPersona,Sesso,Tipolesione,Deceduto,DecedutoDopo,CinturaCascoUtilizzato,Airbag,,
3930199,8,23/07/2018 19:15:00,Strada Urbana,VIA CASILINA,in prossimit�,,del civico n.,1757,,Tamponamento Multiplo,Rettilineo,Una carreggiata a doppio senso,Asciutto,Asfaltata,Verticale ed orizzontale,Sereno,Normale,Buona,Ore Diurne,2,0,0,3,12.6744,41.8639,-1,3,Autovettura privata,In marcia / fermata / arresto,Conducente,F,Rifiuta cure immediate,0,NON DECEDUTO,Non accertato,Esploso,,
3930199,8,23/07/2018 19:15:00,Strada Urbana,VIA CASILINA,in prossimit�,,del civico n.,1757,,Tamponamento Multiplo,Rettilineo,Una carreggiata a doppio senso,Asciutto,Asfaltata,Verticale ed orizzontale,Sereno,Normale,Buona,Ore Diurne,2,0,0,3,12.6744,41.8639,-1,4,Autovettura privata,In marcia / fermata / arresto,Conducente,M,Illeso,0,,Non accertato,Inesploso,,
3930199,8,23/07/2018 19:15:00,Strada Urbana,VIA CASILINA,in prossimit�,,del civico n.,1757,,Tamponamento Multiplo,Rettilineo,Una carreggiata a doppio senso,Asciutto,Asfaltata,Verticale ed orizzontale,Sereno,Normale,Buona,Ore Diurne,2,0,0,3,12.6744,41.8639,-1,4,Autovettura privata,In marcia / fermata / arresto,Passeggero,F,Illeso,0,,Non accertato,Inesploso,,
3930205,1,23/07/2018 13:35:00,Strada Urbana,PIAZZA DEI SERVILI,all'intersezione con,VIA DI S. MELANIA,VIA DI S. MELANIA,,,Veicolo in marcia contro veicolo in sosta,Incrocio,Una carreggiata a senso unico di marcia,Asciutto,Asfaltata,Verticale ed orizzontale,Nebbia,Scarso,Buona,Ore Diurne,0,0,0,1,12.4797,41.88,0,1,Autovettura privata,In marcia / fermata / arresto,Conducente,M,Illeso,0,,,,,
3930208,13,23/07/2018 07:40:00,Comunale extraurbana,VIA GUIDO CALZA,da specificare,,,,Prima curva verso sinistra dir.Fiumicino,Veicolo in marcia contro ostacolo fisso,Curva a visuale libera,Una carreggiata a senso unico di marcia,Bagnato (pioggia),Asfaltata,Verticale ed orizzontale,Pioggia in atto,Normale,Sufficiente,Ore Diurne,0,0,0,2,12.5696,41.8582,-1,1,Autovettura privata,In marcia / fermata / arresto,Conducente,F,Illeso,0,,Non accertato,Inesploso,,
3930208,13,23/07/2018 07:40:00,Comunale extraurbana,VIA GUIDO CALZA,da specificare,,,,Prima curva verso sinistra dir.Fiumicino,Veicolo in marcia contro ostacolo fisso,Curva a visuale libera,Una carreggiata a senso unico di marcia,Bagnato (pioggia),Asfaltata,Verticale ed orizzontale,Pioggia in atto,Normale,Sufficiente,Ore Diurne,0,0,0,2,12.5696,41.8582,-1,1,Autovettura privata,In marcia / fermata / arresto,Passeggero,F,Illeso,0,,Non accertato,,,
3930215,13,23/07/2018 10:40:00,Strada Urbana,VIA DELLE TARTANE,in prossimit�,,del civico n.,26/a,,Veicolo in marcia contro veicolo in sosta,Rettilineo,Una carreggiata a doppio senso,Bagnato (umidit� in atto),Asfaltata,Verticale,Sereno,Normale,Buona,Ore Diurne,0,0,0,2,12.2932,41.7257,-1,1,Autovettura privata,In marcia / fermata / arresto,Conducente,F,Illeso,0,,Non accertato,Inesploso,,
3930215,13,23/07/2018 10:40:00,Strada Urbana,VIA DELLE TARTANE,in prossimit�,,del civico n.,26/a,,Veicolo in marcia contro veicolo in sosta,Rettilineo,Una carreggiata a doppio senso,Bagnato (umidit� in atto),Asfaltata,Verticale,Sereno,Normale,Buona,Ore Diurne,0,0,0,2,12.2932,41.7257,-1,1,Autovettura privata,In marcia / fermata / arresto,Passeggero,M,Illeso,0,,Non accertato,Inesploso,,
3930216,11,23/07/2018 18:10:00,Strada Urbana,VIA CRISTOFORO COLOMBO,all'intersezione semaforizzata con,VIA LAURENTINA,VIA LAURENTINA,,,Scontro laterale fra veicoli in marcia,Intersezione semaforizzata,Pi� di due carreggiate,Asciutto,Asfaltata,Verticale ed orizzontale,Sereno,Intenso,Buona,Ore Diurne,0,0,0,3,12.479,41.8459,-1,1,Autovettura privata,In marcia / fermata / arresto,Conducente,M,Illeso,0,,Non accertato,Inesploso,,
3930216,11,23/07/2018 18:10:00,Strada Urbana,VIA CRISTOFORO COLOMBO,all'intersezione semaforizzata con,VIA LAURENTINA,VIA LAURENTINA,,,Scontro laterale fra veicoli in marcia,Intersezione semaforizzata,Pi� di due carreggiate,Asciutto,Asfaltata,Verticale ed orizzontale,Sereno,Intenso,Buona,Ore Diurne,0,0,0,3,12.479,41.8459,-1,1,Autovettura privata,In marcia / fermata / arresto,Passeggero,F,Illeso,0,,Non accertato,Inesploso,,
3930216,11,23/07/2018 18:10:00,Strada Urbana,VIA CRISTOFORO COLOMBO,all'intersezione semaforizzata con,VIA LAURENTINA,VIA LAURENTINA,,,Scontro laterale fra veicoli in marcia,Intersezione semaforizzata,Pi� di due carreggiate,Asciutto,Asfaltata,Verticale ed orizzontale,Sereno,Intenso,Buona,Ore Diurne,0,0,0,3,12.479,41.8459,-1,2,Autovettura privata,In marcia / fermata / arresto,Conducente,M,Illeso,0,,Non accertato,Inesploso,,
3930225,19,23/07/2018 12:00:00,Strada Urbana,VIA STRESA,in prossimit�,,del civico n.,166,,Tamponamento Multiplo,Rettilineo,Una carreggiata a doppio senso,Asciutto,Asfaltata,Orizzontale,Nuvoloso,Normale,Buona,Ore Diurne,0,0,0,4,12.442,41.9378,-1,1,Autocarro inferiore 35 q.,In marcia / fermata / arresto,Conducente,M,Illeso,0,,Non accertato,Inesploso,,
3930225,19,23/07/2018 12:00:00,Strada Urbana,VIA STRESA,in prossimit�,,del civico n.,166,,Tamponamento Multiplo,Rettilineo,Una carreggiata a doppio senso,Asciutto,Asfaltata,Orizzontale,Nuvoloso,Normale,Buona,Ore Diurne,0,0,0,4,12.442,41.9378,-1,2,Autocarro inferiore 35 q.,In marcia / fermata / arresto,Conducente,M,Illeso,0,,Non accertato,Inesploso,,
3930225,19,23/07/2018 12:00:00,Strada Urbana,VIA STRESA,in prossimit�,,del civico n.,166,,Tamponamento Multiplo,Rettilineo,Una carreggiata a doppio senso,Asciutto,Asfaltata,Orizzontale,Nuvoloso,Normale,Buona,Ore Diurne,0,0,0,4,12.442,41.9378,-1,3,Autovettura privata,In marcia / fermata / arresto,Conducente,M,Illeso,0,,Non accertato,Inesploso,,
3930225,19,23/07/2018 12:00:00,Strada Urbana,VIA STRESA,in prossimit�,,del civico n.,166,,Tamponamento Multiplo,Rettilineo,Una carreggiata a doppio senso,Asciutto,Asfaltata,Orizzontale,Nuvoloso,Normale,Buona,Ore Diurne,0,0,0,4,12.442,41.9378,-1,3,Autovettura privata,In marcia / fermata / arresto,Passeggero,M,Illeso,0,,Non accertato,Inesploso,,
3930257,20,23/07/2018 13:50:00,Strada Urbana,VIA DELLA CAMILLUCCIA,in prossimit�,,del civico n.,699,,Fuoriuscita dalla sede stradale,Curva a visuale libera,Una carreggiata a doppio senso,Asciutto,Asfaltata,Verticale ed orizzontale,Sereno,Scarso,Buona,Ore Diurne,1,0,0,0,12.4557,41.9498,-1,1,Motociclo a solo,In marcia / fermata / arresto,Conducente,M,Rimandato,0,NON DECEDUTO,Non accertato,,,
3930258,13,23/07/2018 16:00:00,Strada Urbana,VIA CRISTOFORO COLOMBO,da specificare,,,,prossimit� viale di Castel Porziano,Veicolo in marcia contro veicolo fermo,Rettilineo,Pi� di due carreggiate,Asciutto,Asfaltata,Verticale ed orizzontale,Sereno,Normale,Buona,Ore Diurne,0,0,0,2,12.4116,41.7858,-1,1,Autovettura privata,In marcia / fermata / arresto,Conducente,M,Illeso,0,,Non accertato,Inesploso,,
3930258,13,23/07/2018 16:00:00,Strada Urbana,VIA CRISTOFORO COLOMBO,da specificare,,,,prossimit� viale di Castel Porziano,Veicolo in marcia contro veicolo fermo,Rettilineo,Pi� di due carreggiate,Asciutto,Asfaltata,Verticale ed orizzontale,Sereno,Normale,Buona,Ore Diurne,0,0,0,2,12.4116,41.7858,-1,2,Autovettura privata,In marcia / fermata / arresto,Conducente,M,Illeso,0,,Non accertato,Inesploso,,
3930262,13,23/07/2018 22:10:00,Strada Urbana,VIALE VASCO DE GAMA,in prossimit�,,del civico n.,47,,Tamponamento,Rettilineo,Due carreggiate,Asciutto,Asfaltata,Verticale ed orizzontale,Sereno,Normale,Sufficiente,Sufficiente,0,0,0,1,12.2774,41.7335,-1,2,Autovettura privata,In marcia / fermata / arresto,Conducente,M,Illeso,0,,Non accertato,Inesploso,,
3930264,10,23/07/2018 12:56:00,Strada Urbana,VIA TUSCOLANA,in corrispondenza,,del civico n.,1245,,Scontro laterale fra veicoli in marcia,Rettilineo,Pi� di due carreggiate,Asciutto,Asfaltata,Verticale ed orizzontale,Sereno,Normale,Buona,Ore Diurne,0,0,0,5,12.6023,41.8366,-1,1,Autovettura privata,In marcia / fermata / arresto,Conducente,F,Illeso,0,,Non accertato,Inesploso,,
3930264,10,23/07/2018 12:56:00,Strada Urbana,VIA TUSCOLANA,in corrispondenza,,del civico n.,1245,,Scontro laterale fra veicoli in marcia,Rettilineo,Pi� di due carreggiate,Asciutto,Asfaltata,Verticale ed orizzontale,Sereno,Normale,Buona,Ore Diurne,0,0,0,5,12.6023,41.8366,-1,1,Autovettura privata,In marcia / fermata / arresto,Passeggero,F,Illeso,0,,Non accertato,Inesploso,,
3930264,10,23/07/2018 12:56:00,Strada Urbana,VIA TUSCOLANA,in corrispondenza,,del civico n.,1245,,Scontro laterale fra veicoli in marcia,Rettilineo,Pi� di due carreggiate,Asciutto,Asfaltata,Verticale ed orizzontale,Sereno,Normale,Buona,Ore Diurne,0,0,0,5,12.6023,41.8366,-1,1,Autovettura privata,In marcia / fermata / arresto,Passeggero,F,Illeso,0,,Non accertato,Inesploso,,
3930264,10,23/07/2018 12:56:00,Strada Urbana,VIA TUSCOLANA,in corrispondenza,,del civico n.,1245,,Scontro laterale fra veicoli in marcia,Rettilineo,Pi� di due carreggiate,Asciutto,Asfaltata,Verticale ed orizzontale,Sereno,Normale,Buona,Ore Diurne,0,0,0,5,12.6023,41.8366,-1,2,Autocarro inferiore 35 q.,In marcia / fermata / arresto,Conducente,M,Illeso,0,,Non accertato,Inesploso,,
3930264,10,23/07/2018 12:56:00,Strada Urbana,VIA TUSCOLANA,in corrispondenza,,del civico n.,1245,,Scontro laterale fra veicoli in marcia,Rettilineo,Pi� di due carreggiate,Asciutto,Asfaltata,Verticale ed orizzontale,Sereno,Normale,Buona,Ore Diurne,0,0,0,5,12.6023,41.8366,-1,2,Autocarro inferiore 35 q.,In marcia / fermata / arresto,Passeggero,M,Illeso,0,,Non accertato,Inesploso,,
3930269,20,23/07/2018 16:50:00,Regionale entro l'abitato,VIA FLAMINIA,in prossimit�,,della chilometrica,11.5,,Tamponamento,Rettilineo,Due carreggiate,Asciutto,Asfaltata,Verticale ed orizzontale,Sereno,Normale,Buona,Ore Diurne,0,0,0,2,12.4718,41.9419,-1,1,Autocarro inferiore 35 q.,In marcia / fermata / arresto,Conducente,M,Illeso,0,,Utilizzato,Inesploso,,
3930269,20,23/07/2018 16:50:00,Regionale entro l'abitato,VIA FLAMINIA,in prossimit�,,della chilometrica,11.5,,Tamponamento,Rettilineo,Due carreggiate,Asciutto,Asfaltata,Verticale ed orizzontale,Sereno,Normale,Buona,Ore Diurne,0,0,0,2,12.4718,41.9419,-1,2,Autovettura privata,In marcia / fermata / arresto,Conducente,M,Illeso,0,,Non accertato,Inesploso,,
3930271,5,23/07/2018 10:10:00,Strada Urbana,VIA DEI MONTI TIBURTINI,da specificare,,,,fronte civico 594,Scontro laterale fra veicoli in marcia,Rettilineo,Due carreggiate,Asciutto,Asfaltata,Verticale ed orizzontale,Sereno,,Buona,Ore Diurne,1,0,0,2,12.5482,41.9155,-1,1,Autovettura privata,In marcia / fermata / arresto,Conducente,F,Illeso,0,,Non accertato,Inesploso,,
3930271,5,23/07/2018 10:10:00,Strada Urbana,VIA DEI MONTI TIBURTINI,da specificare,,,,fronte civico 594,Scontro laterale fra veicoli in marcia,Rettilineo,Due carreggiate,Asciutto,Asfaltata,Verticale ed orizzontale,Sereno,,Buona,Ore Diurne,1,0,0,2,12.5482,41.9155,-1,1,Autovettura privata,In marcia / fermata / arresto,Passeggero,F,Illeso,0,,,,,
3930271,5,23/07/2018 10:10:00,Strada Urbana,VIA DEI MONTI TIBURTINI,da specificare,,,,fronte civico 594,Scontro laterale fra veicoli in marcia,Rettilineo,Due carreggiate,Asciutto,Asfaltata,Verticale ed orizzontale,Sereno,,Buona,Ore Diurne,1,0,0,2,12.5482,41.9155,-1,2,Motociclo a solo,In marcia / fermata / arresto,Conducente,M,Rimandato,0,NON DECEDUTO,Non accertato,,,
3930273,4,23/07/2018 17:55:00,Strada Urbana,VIA TEOFILO FOLENGO,all'intersezione con,VIA ANTONIO FOGAZZARO,VIA ANTONIO FOGAZZARO,,,Scontro laterale fra veicoli in marcia,Incrocio,Una carreggiata a senso unico di marcia,Asciutto,Asfaltata,Orizzontale,Sereno,Normale,Buona,Ore Diurne,0,0,0,2,12.55,41.9436,-1,1,Autovettura privata,In marcia / fermata / arresto,Conducente,F,Illeso,0,,Non accertato,,,
3930273,4,23/07/2018 17:55:00,Strada Urbana,VIA TEOFILO FOLENGO,all'intersezione con,VIA ANTONIO FOGAZZARO,VIA ANTONIO FOGAZZARO,,,Scontro laterale fra veicoli in marcia,Incrocio,Una carreggiata a senso unico di marcia,Asciutto,Asfaltata,Orizzontale,Sereno,Normale,Buona,Ore Diurne,0,0,0,2,12.55,41.9436,-1,2,Autovettura privata,In marcia / fermata / arresto,Conducente,F,Illeso,0,,Non accertato,,,
3930292,5,23/07/2018 14:30:00,Strada Urbana,VIA SALVATORE VALITUTTI,da specificare,,,,parcheggio metro B P.te Mammolo lato via Valitutti,Tamponamento,Rettilineo,Una carreggiata a senso unico di marcia,Asciutto,Asfaltata,Orizzontale,Sereno,Normale,Buona,Ore Diurne,0,0,0,3,12.5666,41.9192,-1,1,Autovettura di polizia,In marcia / fermata / arresto,Conducente,M,Illeso,0,,Non accertato,Inesploso,,
3930292,5,23/07/2018 14:30:00,Strada Urbana,VIA SALVATORE VALITUTTI,da specificare,,,,parcheggio metro B P.te Mammolo lato via Valitutti,Tamponamento,Rettilineo,Una carreggiata a senso unico di marcia,Asciutto,Asfaltata,Orizzontale,Sereno,Normale,Buona,Ore Diurne,0,0,0,3,12.5666,41.9192,-1,1,Autovettura di polizia,In marcia / fermata / arresto,Passeggero,M,Illeso,0,,Non accertato,Inesploso,,
3930292,5,23/07/2018 14:30:00,Strada Urbana,VIA SALVATORE VALITUTTI,da specificare,,,,parcheggio metro B P.te Mammolo lato via Valitutti,Tamponamento,Rettilineo,Una carreggiata a senso unico di marcia,Asciutto,Asfaltata,Orizzontale,Sereno,Normale,Buona,Ore Diurne,0,0,0,3,12.5666,41.9192,-1,2,Autovettura privata,In marcia / fermata / arresto,Conducente,M,Illeso,0,,Non accertato,Inesploso,,
3930294,5,23/07/2018 15:50:00,Strada Urbana,VIA FILIPPO MEDA,all'intersezione con,VIA ACHILLE BENEDETTI,VIA ACHILLE BENEDETTI,,,Scontro frontale/laterale SX fra veicoli in marcia,Incrocio,Una carreggiata a doppio senso,Asciutto,Asfaltata,Verticale ed orizzontale,Sereno,Normale,Buona,Ore Diurne,1,0,0,2,12.5435,41.9132,-1,1,Autovettura privata,In marcia / fermata / arresto,Conducente,F,Rimandato,0,NON DECEDUTO,Non accertato,Esploso,,
3930294,5,23/07/2018 15:50:00,Strada Urbana,VIA FILIPPO MEDA,all'intersezione con,VIA ACHILLE BENEDETTI,VIA ACHILLE BENEDETTI,,,Scontro frontale/laterale SX fra veicoli in marcia,Incrocio,Una carreggiata a doppio senso,Asciutto,Asfaltata,Verticale ed orizzontale,Sereno,Normale,Buona,Ore Diurne,1,0,0,2,12.5435,41.9132,-1,2,Autocarro inferiore 35 q.,In marcia / fermata / arresto,Conducente,M,Illeso,0,,Non accertato,Inesploso,,
3930294,5,23/07/2018 15:50:00,Strada Urbana,VIA FILIPPO MEDA,all'intersezione con,VIA ACHILLE BENEDETTI,VIA ACHILLE BENEDETTI,,,Scontro frontale/laterale SX fra veicoli in marcia,Incrocio,Una carreggiata a doppio senso,Asciutto,Asfaltata,Verticale ed orizzontale,Sereno,Normale,Buona,Ore Diurne,1,0,0,2,12.5435,41.9132,-1,2,Autocarro inferiore 35 q.,In marcia / fermata / arresto,Passeggero,F,Illeso,0,,Non accertato,Inesploso,,
3930302,4,23/07/2018 18:00:00,Strada Urbana,VIA DELLA CESARINA,da specificare,,,,a circa 1km. da via Nomentana,Scontro frontale fra veicoli in marcia,Curva senza visuale libera,Una carreggiata a doppio senso,Asciutto,Asfaltata,Assente,Sereno,Normale,Buona,Ore Diurne,3,0,0,0,12.5855,41.9756,-1,1,Autocarro inferiore 35 q.,In marcia / fermata / arresto,Conducente,M,Rimandato,0,NON DECEDUTO,Non accertato,,,
3930302,4,23/07/2018 18:00:00,Strada Urbana,VIA DELLA CESARINA,da specificare,,,,a circa 1km. da via Nomentana,Scontro frontale fra veicoli in marcia,Curva senza visuale libera,Una carreggiata a doppio senso,Asciutto,Asfaltata,Assente,Sereno,Normale,Buona,Ore Diurne,3,0,0,0,12.5855,41.9756,-1,1,Autocarro inferiore 35 q.,In marcia / fermata / arresto,Passeggero,M,Rimandato,0,NON DECEDUTO,,,,
3930302,4,23/07/2018 18:00:00,Strada Urbana,VIA DELLA CESARINA,da specificare,,,,a circa 1km. da via Nomentana,Scontro frontale fra veicoli in marcia,Curva senza visuale libera,Una carreggiata a doppio senso,Asciutto,Asfaltata,Assente,Sereno,Normale,Buona,Ore Diurne,3,0,0,0,12.5855,41.9756,-1,2,Autovettura privata,In marcia / fermata / arresto,Conducente,F,Rimandato,0,NON DECEDUTO,Non accertato,,,
3930303,1,23/07/2018 13:20:00,Strada Urbana, Sottovia Cappellini,da specificare,,,,in prossimit� uscita su VIA GIOLITTI,Scontro laterale fra veicoli in marcia,Galleria illuminata,Due carreggiate,Asciutto,Asfaltata,Orizzontale,Sereno,Scarso,Sufficiente,Ore Diurne,1,0,0,0,12.5048,41.8973,-1,1,Velocipede,In marcia / fermata / arresto,Conducente,F,Rimandato,0,NON DECEDUTO,Esente,,,
3930306,5,23/07/2018 19:50:00,Strada Urbana,VIA DEI DURANTINI,all'intersezione con,VIA CARLO RIVA,VIA CARLO RIVA,,,Scontro laterale fra veicoli in marcia,Intersezione semaforizzata,Una carreggiata a doppio senso,Asciutto,Asfaltata,Verticale,Sereno,Normale,Buona,Ore Diurne,0,0,0,2,12.5433,41.9173,-1,1,Motociclo a solo,In marcia / fermata / arresto,Conducente,M,Illeso,0,,Non accertato,,,
3930306,5,23/07/2018 19:50:00,Strada Urbana,VIA DEI DURANTINI,all'intersezione con,VIA CARLO RIVA,VIA CARLO RIVA,,,Scontro laterale fra veicoli in marcia,Intersezione semaforizzata,Una carreggiata a doppio senso,Asciutto,Asfaltata,Verticale,Sereno,Normale,Buona,Ore Diurne,0,0,0,2,12.5433,41.9173,-1,2,Autovettura privata,In marcia / fermata / arresto,Conducente,F,Illeso,0,,Non accertato,,,
3930309,20,23/07/2018 23:50:00,Strada Urbana,VIA CASSIA,in corrispondenza,,del civico n.,16,,Scontro frontale/laterale SX fra veicoli in marcia,Rettilineo,Una carreggiata a senso unico di marcia,Asciutto,Asfaltata,Verticale ed orizzontale,Sereno,Normale,Buona,Sufficiente,1,0,0,2,12.4661,41.9387,-1,1,Motociclo a solo,In marcia / fermata / arresto,Conducente,M,Illeso,0,,Non accertato,,,
3930309,20,23/07/2018 23:50:00,Strada Urbana,VIA CASSIA,in corrispondenza,,del civico n.,16,,Scontro frontale/laterale SX fra veicoli in marcia,Rettilineo,Una carreggiata a senso unico di marcia,Asciutto,Asfaltata,Verticale ed orizzontale,Sereno,Normale,Buona,Sufficiente,1,0,0,2,12.4661,41.9387,-1,2,Quadriciclo,In marcia / fermata / arresto,Conducente,F,Illeso,0,,Non accertato,Inesploso,,
3930309,20,23/07/2018 23:50:00,Strada Urbana,VIA CASSIA,in corrispondenza,,del civico n.,16,,Scontro frontale/laterale SX fra veicoli in marcia,Rettilineo,Una carreggiata a senso unico di marcia,Asciutto,Asfaltata,Verticale ed orizzontale,Sereno,Normale,Buona,Sufficiente,1,0,0,2,12.4661,41.9387,-1,3,Motociclo a solo,In marcia / fermata / arresto,Conducente,M,Rifiuta cure immediate,0,NON DECEDUTO,Non accertato,,,
3930313,10,23/07/2018 14:40:00,Strada Urbana,VIA ANNIA REGILLA,in corrispondenza,,del civico n.,129,,Scontro laterale fra veicoli in marcia,Rettilineo,Una carreggiata a senso unico di marcia,Asciutto,Asfaltata,Assente,Sereno,Normale,Buona,Ore Diurne,1,0,0,1,12.5487,41.8441,-1,1,Autocarro inferiore 35 q.,In marcia / fermata / arresto,Conducente,M,Illeso,0,,Non accertato,Inesploso,,
3930313,10,23/07/2018 14:40:00,Strada Urbana,VIA ANNIA REGILLA,in corrispondenza,,del civico n.,129,,Scontro laterale fra veicoli in marcia,Rettilineo,Una carreggiata a senso unico di marcia,Asciutto,Asfaltata,Assente,Sereno,Normale,Buona,Ore Diurne,1,0,0,1,12.5487,41.8441,-1,2,Velocipede,In marcia / fermata / arresto,Conducente,M,Rimandato,0,NON DECEDUTO,Esente,,,
3930319,5,23/07/2018 20:00:00,Strada Urbana,VIA DEI MONTI TIBURTINI,in prossimit�,,del civico n.,509,,Investimento di pedone,Rettilineo,Pi� di due carreggiate,Asciutto,Asfaltata,Assente,Sereno,Scarso,Buona,Ore Diurne,1,0,0,1,12.5457,41.9162,-1,,,,Pedone,M,Rimandato,0,NON DECEDUTO,,,,
3930319,5,23/07/2018 20:00:00,Strada Urbana,VIA DEI MONTI TIBURTINI,in prossimit�,,del civico n.,509,,Investimento di pedone,Rettilineo,Pi� di due carreggiate,Asciutto,Asfaltata,Assente,Sereno,Scarso,Buona,Ore Diurne,1,0,0,1,12.5457,41.9162,-1,1,Autovettura privata,In marcia / fermata / arresto,Conducente,M,Illeso,0,,Non accertato,Inesploso,,
3930322,5,23/07/2018 23:00:00,Strada Urbana,VIA DI CASAL BERTONE,in prossimit�,,del civico n.,195,,Scontro frontale/laterale DX fra veicoli in marcia,Rettilineo,Una carreggiata a doppio senso,Asciutto,Asfaltata,Verticale ed orizzontale,Nebbia,Intenso,Sufficiente,Sufficiente,0,0,0,5,12.5372,41.8989,-1,1,Autovettura privata,In marcia / fermata / arresto,Conducente,M,Illeso,0,,Non accertato,Inesploso,,
3930322,5,23/07/2018 23:00:00,Strada Urbana,VIA DI CASAL BERTONE,in prossimit�,,del civico n.,195,,Scontro frontale/laterale DX fra veicoli in marcia,Rettilineo,Una carreggiata a doppio senso,Asciutto,Asfaltata,Verticale ed orizzontale,Nebbia,Intenso,Sufficiente,Sufficiente,0,0,0,5,12.5372,41.8989,-1,1,Autovettura privata,In marcia / fermata / arresto,Passeggero,M,Illeso,0,,Non accertato,Inesploso,,
3930322,5,23/07/2018 23:00:00,Strada Urbana,VIA DI CASAL BERTONE,in prossimit�,,del civico n.,195,,Scontro frontale/laterale DX fra veicoli in marcia,Rettilineo,Una carreggiata a doppio senso,Asciutto,Asfaltata,Verticale ed orizzontale,Nebbia,Intenso,Sufficiente,Sufficiente,0,0,0,5,12.5372,41.8989,-1,2,Autovettura di polizia,In marcia / fermata / arresto,Conducente,M,Illeso,0,,,,,
3930322,5,23/07/2018 23:00:00,Strada Urbana,VIA DI CASAL BERTONE,in prossimit�,,del civico n.,195,,Scontro frontale/laterale DX fra veicoli in marcia,Rettilineo,Una carreggiata a doppio senso,Asciutto,Asfaltata,Verticale ed orizzontale,Nebbia,Intenso,Sufficiente,Sufficiente,0,0,0,5,12.5372,41.8989,-1,2,Autovettura di polizia,In marcia / fermata / arresto,Passeggero,M,Illeso,0,,Non accertato,Inesploso,,
3930322,5,23/07/2018 23:00:00,Strada Urbana,VIA DI CASAL BERTONE,in prossimit�,,del civico n.,195,,Scontro frontale/laterale DX fra veicoli in marcia,Rettilineo,Una carreggiata a doppio senso,Asciutto,Asfaltata,Verticale ed orizzontale,Nebbia,Intenso,Sufficiente,Sufficiente,0,0,0,5,12.5372,41.8989,-1,2,Autovettura di polizia,In marcia / fermata / arresto,Passeggero,M,Illeso,0,,Non accertato,Inesploso,,
3930338,10,23/07/2018 18:30:00,Strada Urbana,VIA APPIA NUOVA,all'intersezione con,VIA DELLE CAPANNELLE,VIA DELLE CAPANNELLE,,,Tamponamento,Intersezione semaforizzata,Due carreggiate,Asciutto,Asfaltata,Verticale ed orizzontale,Sereno,Normale,Buona,Ore Diurne,0,0,0,4,12.562,41.8246,-1,1,Autovettura privata,In marcia / fermata / arresto,Conducente,M,Illeso,0,,Non accertato,Inesploso,,
3930338,10,23/07/2018 18:30:00,Strada Urbana,VIA APPIA NUOVA,all'intersezione con,VIA DELLE CAPANNELLE,VIA DELLE CAPANNELLE,,,Tamponamento,Intersezione semaforizzata,Due carreggiate,Asciutto,Asfaltata,Verticale ed orizzontale,Sereno,Normale,Buona,Ore Diurne,0,0,0,4,12.562,41.8246,-1,2,Autovettura privata,In marcia / fermata / arresto,Conducente,F,Illeso,0,,Non accertato,Inesploso,,
3930338,10,23/07/2018 18:30:00,Strada Urbana,VIA APPIA NUOVA,all'intersezione con,VIA DELLE CAPANNELLE,VIA DELLE CAPANNELLE,,,Tamponamento,Intersezione semaforizzata,Due carreggiate,Asciutto,Asfaltata,Verticale ed orizzontale,Sereno,Normale,Buona,Ore Diurne,0,0,0,4,12.562,41.8246,-1,2,Autovettura privata,In marcia / fermata / arresto,Passeggero,F,Illeso,0,,Non accertato,Inesploso,,
3930338,10,23/07/2018 18:30:00,Strada Urbana,VIA APPIA NUOVA,all'intersezione con,VIA DELLE CAPANNELLE,VIA DELLE CAPANNELLE,,,Tamponamento,Intersezione semaforizzata,Due carreggiate,Asciutto,Asfaltata,Verticale ed orizzontale,Sereno,Normale,Buona,Ore Diurne,0,0,0,4,12.562,41.8246,-1,2,Autovettura privata,In marcia / fermata / arresto,Passeggero,F,Illeso,0,,Non accertato,Inesploso,,
3930341,1,23/07/2018 14:30:00,Strada Urbana,PIAZZA DELL'EMPORIO,all'intersezione semaforizzata con,VIA AMERIGO VESPUCCI,VIA AMERIGO VESPUCCI,,,Tamponamento,Intersezione semaforizzata,Due carreggiate,Asciutto,Asfaltata,Temporanea di cantiere,Sereno,Normale,Buona,Ore Diurne,1,0,0,1,12.476,41.8827,-1,1,Autovettura privata,In marcia / fermata / arresto,Conducente,M,Illeso,0,,Utilizzato,Inesploso,,
3930341,1,23/07/2018 14:30:00,Strada Urbana,PIAZZA DELL'EMPORIO,all'intersezione semaforizzata con,VIA AMERIGO VESPUCCI,VIA AMERIGO VESPUCCI,,,Tamponamento,Intersezione semaforizzata,Due carreggiate,Asciutto,Asfaltata,Temporanea di cantiere,Sereno,Normale,Buona,Ore Diurne,1,0,0,1,12.476,41.8827,-1,2,Motociclo a solo,In marcia / fermata / arresto,Conducente,M,Ricoverato,0,NON DECEDUTO,Utilizzato,,,