Protocollo,Gruppo,DataOraIncidente,Localizzazione1,STRADA1,Localizzazione2,STRADA2,Strada02,Chilometrica,DaSpecificare,NaturaIncidente,particolaritastrade,TipoStrada,FondoStradale,Pavimentazione,Segnaletica,CondizioneAtmosferica,Traffico,Visibilita,Illuminazione,NUM_FERITI,NUM_RISERVATA,NUM_MORTI,NUM_ILLESI,Longitudine,Latitudine,Confermato,Progressivo,TipoVeicolo,StatoVeicolo,TipoPersona,Sesso,Tipolesione,Deceduto,DecedutoDopo,CinturaCascoUtilizzato,Airbag,,
3930357,17,23/07/2018 08:50:00,Strada Urbana,LUNGOTEVERE VATICANO,all'intersezione semaforizzata con,PONTE VITTORIO EMANUELE II,PONTE VITTORIO EMANUELE II,,,Scontro frontale fra veicoli in marcia,Intersezione semaforizzata,Due carreggiate,Bagnato (pioggia),Asfaltata,Verticale ed orizzontale,Pioggia in atto,Normale,Buona,Ore Diurne,0,0,0,2,12.4643,41.902,-1,1,Autovettura privata,In marcia / fermata / arresto,Conducente,F,Illeso,0,,,,,
3930357,17,23/07/2018 08:50:00,Strada Urbana,LUNGOTEVERE VATICANO,all'intersezione semaforizzata con,PONTE VITTORIO EMANUELE II,PONTE VITTORIO EMANUELE II,,,Scontro frontale fra veicoli in marcia,Intersezione semaforizzata,Due carreggiate,Bagnato (pioggia),Asfaltata,Verticale ed orizzontale,Pioggia in atto,Normale,Buona,Ore Diurne,0,0,0,2,12.4643,41.902,-1,2,Motociclo a solo,In marcia / fermata / arresto,Conducente,M,Illeso,0,,,,,
3930358,1,23/07/2018 23:40:00,Strada Urbana,VIA DEI CERCHI,all'intersezione semaforizzata con,VIA DI S. TEODORO,VIA DI S. TEODORO,,,Infortunio per sola frenata improvvisa,Intersezione semaforizzata,Una carreggiata a senso unico di marcia,Asciutto,In cubetti di porfido,Verticale ed orizzontale,Sereno,Normale,Buona,Sufficiente,2,0,0,1,12.4855,41.8869,-1,1,Motociclo con passeggero,In marcia / fermata / arresto,Conducente,M,Rimandato,0,NON DECEDUTO,Non accertato,,,
3930358,1,23/07/2018 23:40:00,Strada Urbana,VIA DEI CERCHI,all'intersezione semaforizzata con,VIA DI S. TEODORO,VIA DI S. TEODORO,,,Infortunio per sola frenata improvvisa,Intersezione semaforizzata,Una carreggiata a senso unico di marcia,Asciutto,In cubetti di porfido,Verticale ed orizzontale,Sereno,Normale,Buona,Sufficiente,2,0,0,1,12.4855,41.8869,-1,1,Motociclo con passeggero,In marcia / fermata / arresto,Passeggero,F,Rimandato,0,NON DECEDUTO,Non accertato,,,
3930358,1,23/07/2018 23:40:00,Strada Urbana,VIA DEI CERCHI,all'intersezione semaforizzata con,VIA DI S. TEODORO,VIA DI S. TEODORO,,,Infortunio per sola frenata improvvisa,Intersezione semaforizzata,Una carreggiata a senso unico di marcia,Asciutto,In cubetti di porfido,Verticale ed orizzontale,Sereno,Normale,Buona,Sufficiente,2,0,0,1,12.4855,41.8869,-1,2,Autovettura privata,In marcia / fermata / arresto,Conducente,F,Illeso,0,,Non accertato,Inesploso,,
3930418,1,23/07/2018 21:00:00,Strada Urbana,VIA ELENIANA,da specificare,,,,in prossimit� P.ZZA S. CROCE IN GERUSALEMME,Infortunio per caduta del veicolo,Curva a visuale libera,Due carreggiate,Asciutto,Asfaltata,Verticale ed orizzontale,Nuvoloso,Normale,Buona,Sufficiente,1,0,0,0,12.5153,41.8892,-1,1,Motociclo a solo,In marcia / fermata / arresto,Conducente,M,Rimandato,0,NON DECEDUTO,Non accertato,,,
3930422,10,23/07/2018 22:15:00,Strada Urbana,VIALE MARCO FULVIO NOBILIORE,all'intersezione con,PIAZZA S. GIOVANNI BOSCO,PIAZZA S. GIOVANNI BOSCO,,,Scontro frontale/laterale SX fra veicoli in marcia,Incrocio,Due carreggiate,Asciutto,Asfaltata,Verticale ed orizzontale,Sereno,Normale,Buona,Sufficiente,0,0,0,2,12.5644,41.8588,-1,1,Autovettura privata,In marcia / fermata / arresto,Conducente,M,Illeso,0,,Non accertato,Inesploso,,
3930422,10,23/07/2018 22:15:00,Strada Urbana,VIALE MARCO FULVIO NOBILIORE,all'intersezione con,PIAZZA S. GIOVANNI BOSCO,PIAZZA S. GIOVANNI BOSCO,,,Scontro frontale/laterale SX fra veicoli in marcia,Incrocio,Due carreggiate,Asciutto,Asfaltata,Verticale ed orizzontale,Sereno,Normale,Buona,Sufficiente,0,0,0,2,12.5644,41.8588,-1,2,Autocarro inferiore 35 q.,In marcia / fermata / arresto,Conducente,M,Illeso,0,,Non accertato,Inesploso,,
3930435,1,23/07/2018 18:30:00,Strada Urbana,PASSEGGIATA DEL GIANICOLO,da specificare,,,,fronte RAMPA DELLA QUERCIA,Veicolo in marcia contro ostacolo accidentale,Curva a visuale libera,Una carreggiata a doppio senso,Viscido da liquidi oleosi,Asfaltata,Verticale ed orizzontale,Sereno,Normale,Sufficiente,Ore Diurne,2,0,0,0,12.4606,41.8936,-1,1,Motociclo con passeggero,In marcia / fermata / arresto,Conducente,M,Rifiuta cure immediate,0,NON DECEDUTO,Non accertato,,,
3930435,1,23/07/2018 18:30:00,Strada Urbana,PASSEGGIATA DEL GIANICOLO,da specificare,,,,fronte RAMPA DELLA QUERCIA,Veicolo in marcia contro ostacolo accidentale,Curva a visuale libera,Una carreggiata a doppio senso,Viscido da liquidi oleosi,Asfaltata,Verticale ed orizzontale,Sereno,Normale,Sufficiente,Ore Diurne,2,0,0,0,12.4606,41.8936,-1,1,Motociclo con passeggero,In marcia / fermata / arresto,Passeggero,F,Rimandato,0,NON DECEDUTO,Non accertato,,,
3930455,3,23/07/2018 19:29:00,Strada Urbana,VIA LORENZO IL MAGNIFICO,in prossimit�,,del civico n.,127,,Investimento di pedone,Rettilineo,Una carreggiata a doppio senso,Asciutto,Asfaltata,Verticale ed orizzontale,Sereno,Normale,Buona,Ore Diurne,0,1,0,1,12.5284,41.9111,0,,,,Pedone,F,Prognosi riservata,0,NON DECEDUTO,,,,
3930455,3,23/07/2018 19:29:00,Strada Urbana,VIA LORENZO IL MAGNIFICO,in prossimit�,,del civico n.,127,,Investimento di pedone,Rettilineo,Una carreggiata a doppio senso,Asciutto,Asfaltata,Verticale ed orizzontale,Sereno,Normale,Buona,Ore Diurne,0,1,0,1,12.5284,41.9111,0,1,Motociclo a solo,In marcia / fermata / arresto,Conducente,M,Illeso,0,,Non accertato,,,
3930465,1,23/07/2018 20:50:00,Strada Urbana,VIA VENTI SETTEMBRE,da specificare,,,,fronte VIA AURELIANA,Investimento di pedone,Rettilineo,Una carreggiata a senso unico di marcia,Asciutto,Asfaltata,Verticale,Sereno,Normale,Sufficiente,Ore Diurne,2,0,0,1,12.4966,41.9059,0,,,,Pedone,M,Rifiuta cure immediate,0,NON DECEDUTO,,,,
3930465,1,23/07/2018 20:50:00,Strada Urbana,VIA VENTI SETTEMBRE,da specificare,,,,fronte VIA AURELIANA,Investimento di pedone,Rettilineo,Una carreggiata a senso unico di marcia,Asciutto,Asfaltata,Verticale,Sereno,Normale,Sufficiente,Ore Diurne,2,0,0,1,12.4966,41.9059,0,1,Ciclomotore con passeggero,In marcia / fermata / arresto,Conducente,M,Illeso,0,,Utilizzato,,,
3930465,1,23/07/2018 20:50:00,Strada Urbana,VIA VENTI SETTEMBRE,da specificare,,,,fronte VIA AURELIANA,Investimento di pedone,Rettilineo,Una carreggiata a senso unico di marcia,Asciutto,Asfaltata,Verticale,Sereno,Normale,Sufficiente,Ore Diurne,2,0,0,1,12.4966,41.9059,0,1,Ciclomotore con passeggero,In marcia / fermata / arresto,Passeggero,F,Rimandato,0,NON DECEDUTO,Utilizzato,,,
3930491,23,23/07/2018 16:20:00,Strada Urbana,PIAZZA DI PONTE S. ANGELO,in corrispondenza,,del civico n.,31,,Scontro frontale fra veicoli in marcia,Rettilineo,Una carreggiata a senso unico di marcia,Asciutto,Asfaltata,Verticale ed orizzontale,Sereno,Normale,Buona,Ore Diurne,1,0,0,2,12.4663,41.901,-1,1,Autovettura privata,In marcia / fermata / arresto,Conducente,M,Illeso,0,,Non accertato,Inesploso,,
3930491,23,23/07/2018 16:20:00,Strada Urbana,PIAZZA DI PONTE S. ANGELO,in corrispondenza,,del civico n.,31,,Scontro frontale fra veicoli in marcia,Rettilineo,Una carreggiata a senso unico di marcia,Asciutto,Asfaltata,Verticale ed orizzontale,Sereno,Normale,Buona,Ore Diurne,1,0,0,2,12.4663,41.901,-1,2,Autovettura privata,In marcia / fermata / arresto,Conducente,M,Rimandato,0,NON DECEDUTO,,,,
3930491,23,23/07/2018 16:20:00,Strada Urbana,PIAZZA DI PONTE S. ANGELO,in corrispondenza,,del civico n.,31,,Scontro frontale fra veicoli in marcia,Rettilineo,Una carreggiata a senso unico di marcia,Asciutto,Asfaltata,Verticale ed orizzontale,Sereno,Normale,Buona,Ore Diurne,1,0,0,2,12.4663,41.901,-1,2,Autovettura privata,In marcia / fermata / arresto,Passeggero,F,Illeso,0,,Utilizzato,Inesistente,,
3930511,17,23/07/2018 10:00:00,Strada Urbana,VIALE GIULIO CESARE,in prossimit�,,del civico n.,19,,Scontro laterale fra veicoli in marcia,Rettilineo,Pi� di due carreggiate,Asciutto,Asfaltata,Verticale ed orizzontale,Sereno,Normale,Buona,Ore Diurne,0,0,0,2,12.4679,41.9116,-1,1,Autovettura privata,In marcia / fermata / arresto,Conducente,M,Illeso,0,,,,,
3930511,17,23/07/2018 10:00:00,Strada Urbana,VIALE GIULIO CESARE,in prossimit�,,del civico n.,19,,Scontro laterale fra veicoli in marcia,Rettilineo,Pi� di due carreggiate,Asciutto,Asfaltata,Verticale ed orizzontale,Sereno,Normale,Buona,Ore Diurne,0,0,0,2,12.4679,41.9116,-1,2,Autovettura pubblica,In marcia / fermata / arresto,Conducente,M,Illeso,0,,,,,
3930520,6,24/07/2018 09:40:00,Statale entro l'abitato,VIA CASILINA,all'intersezione semaforizzata con,VIALE FILARETE,VIALE FILARETE,,,Scontro laterale fra veicoli in marcia,Intersezione semaforizzata,Due carreggiate,Asciutto,Asfaltata,Verticale ed orizzontale,Sereno,Normale,Buona,Ore Diurne,1,0,0,1,12.5387,41.8813,-1,1,Motociclo a solo,In marcia / fermata / arresto,Conducente,M,Rifiuta cure immediate,0,NON DECEDUTO,Utilizzato,,,
3930520,6,24/07/2018 09:40:00,Statale entro l'abitato,VIA CASILINA,all'intersezione semaforizzata con,VIALE FILARETE,VIALE FILARETE,,,Scontro laterale fra veicoli in marcia,Intersezione semaforizzata,Due carreggiate,Asciutto,Asfaltata,Verticale ed orizzontale,Sereno,Normale,Buona,Ore Diurne,1,0,0,1,12.5387,41.8813,-1,2,Autocarro inferiore 35 q.,In marcia / fermata / arresto,Conducente,M,Illeso,0,,Non accertato,Inesploso,,
3930562,12,21/07/2018 18:15:00,Strada Urbana,VIALE DELL'OCEANO ATLANTICO,da specificare,,,,area di parcheggio OVS,Veicolo in marcia contro veicoli in sosta,Rettilineo,Una carreggiata a doppio senso,Asciutto,Asfaltata,Verticale ed orizzontale,Sereno,Normale,Buona,Ore Diurne,0,0,0,5,12.4643,41.8183,-1,1,Autovettura privata,In marcia / fermata / arresto,Conducente,M,Illeso,0,,Utilizzato,,,
3930562,12,21/07/2018 18:15:00,Strada Urbana,VIALE DELL'OCEANO ATLANTICO,da specificare,,,,area di parcheggio OVS,Veicolo in marcia contro veicoli in sosta,Rettilineo,Una carreggiata a doppio senso,Asciutto,Asfaltata,Verticale ed orizzontale,Sereno,Normale,Buona,Ore Diurne,0,0,0,5,12.4643,41.8183,-1,1,Autovettura privata,In marcia / fermata / arresto,Passeggero,F,Illeso,0,,Utilizzato,,,
3930562,12,21/07/2018 18:15:00,Strada Urbana,VIALE DELL'OCEANO ATLANTICO,da specificare,,,,area di parcheggio OVS,Veicolo in marcia contro veicoli in sosta,Rettilineo,Una carreggiata a doppio senso,Asciutto,Asfaltata,Verticale ed orizzontale,Sereno,Normale,Buona,Ore Diurne,0,0,0,5,12.4643,41.8183,-1,1,Autovettura privata,In marcia / fermata / arresto,Passeggero,F,Illeso,0,,Utilizzato,,,
3930562,12,21/07/2018 18:15:00,Strada Urbana,VIALE DELL'OCEANO ATLANTICO,da specificare,,,,area di parcheggio OVS,Veicolo in marcia contro veicoli in sosta,Rettilineo,Una carreggiata a doppio senso,Asciutto,Asfaltata,Verticale ed orizzontale,Sereno,Normale,Buona,Ore Diurne,0,0,0,5,12.4643,41.8183,-1,1,Autovettura privata,In marcia / fermata / arresto,Passeggero,F,Illeso,0,,Utilizzato,,,
3930562,12,21/07/2018 18:15:00,Strada Urbana,VIALE DELL'OCEANO ATLANTICO,da specificare,,,,area di parcheggio OVS,Veicolo in marcia contro veicoli in sosta,Rettilineo,Una carreggiata a doppio senso,Asciutto,Asfaltata,Verticale ed orizzontale,Sereno,Normale,Buona,Ore Diurne,0,0,0,5,12.4643,41.8183,-1,1,Autovettura privata,In marcia / fermata / arresto,Passeggero,F,Illeso,0,,Utilizzato,,,
3930574,12,23/07/2018 10:00:00,Strada Urbana,VIA DELLE TRE FONTANE,all'intersezione con,VIALE DELL'INDUSTRIA,VIALE DELL'INDUSTRIA,,,Scontro frontale/laterale DX fra veicoli in marcia,Incrocio,Una carreggiata a doppio senso,Asciutto,Asfaltata,Verticale ed orizzontale,Sereno,Normale,Buona,Ore Diurne,1,0,0,1,12.4737,41.8393,-1,1,Autovettura privata,In marcia / fermata / arresto,Conducente,M,Rimandato,0,NON DECEDUTO,Utilizzato,Inesploso,,
3930574,12,23/07/2018 10:00:00,Strada Urbana,VIA DELLE TRE FONTANE,all'intersezione con,VIALE DELL'INDUSTRIA,VIALE DELL'INDUSTRIA,,,Scontro frontale/laterale DX fra veicoli in marcia,Incrocio,Una carreggiata a doppio senso,Asciutto,Asfaltata,Verticale ed orizzontale,Sereno,Normale,Buona,Ore Diurne,1,0,0,1,12.4737,41.8393,-1,2,Autovettura privata,In marcia / fermata / arresto,Conducente,M,Illeso,0,,,,,
3930621,16,20/07/2018 17:00:00,Strada Urbana,VIALE DEI COLLI PORTUENSI,in prossimit�,,del civico n.,280,,Tamponamento,Rettilineo,Due carreggiate,Asciutto,Asfaltata,Verticale ed orizzontale,Sereno,Normale,Buona,Ore Diurne,0,0,0,2,12.4436,41.8669,-1,1,Autovettura privata,In marcia / fermata / arresto,Conducente,M,Illeso,0,,Non accertato,Inesploso,,
3930621,16,20/07/2018 17:00:00,Strada Urbana,VIALE DEI COLLI PORTUENSI,in prossimit�,,del civico n.,280,,Tamponamento,Rettilineo,Due carreggiate,Asciutto,Asfaltata,Verticale ed orizzontale,Sereno,Normale,Buona,Ore Diurne,0,0,0,2,12.4436,41.8669,-1,2,Autovettura privata,In marcia / fermata / arresto,Conducente,M,Illeso,0,,Non accertato,Inesploso,,
3930622,2,23/07/2018 08:35:00,Strada Urbana,VIA PO,in prossimit�,,del civico n.,32,,Tamponamento,Rettilineo,Una carreggiata a doppio senso,Bagnato (pioggia),Asfaltata,Verticale ed orizzontale,Pioggia in atto,Normale,Buona,Ore Diurne,0,0,0,2,12.4956,41.9144,-1,1,Autocarro inferiore 35 q.,In marcia / fermata / arresto,Conducente,M,Illeso,0,,Non accertato,Inesploso,,
3930622,2,23/07/2018 08:35:00,Strada Urbana,VIA PO,in prossimit�,,del civico n.,32,,Tamponamento,Rettilineo,Una carreggiata a doppio senso,Bagnato (pioggia),Asfaltata,Verticale ed orizzontale,Pioggia in atto,Normale,Buona,Ore Diurne,0,0,0,2,12.4956,41.9144,-1,2,Autovettura privata,In marcia / fermata / arresto,Conducente,M,Illeso,0,,Non accertato,Inesistente,,
3930626,2,23/07/2018 09:40:00,Strada Urbana,CORSO TRIESTE,all'intersezione con,VIA ZARA,VIA ZARA,,,Ribaltamento senza urto contro ostacolo fisso,Incrocio,Una carreggiata a senso unico di marcia,Bagnato (umidit� in atto),Asfaltata,Verticale ed orizzontale,Sereno,Normale,Buona,Ore Diurne,1,0,0,1,12.5077,41.9152,-1,1,Autovettura privata,In marcia / fermata / arresto,Conducente,M,Illeso,0,,,,,
3930626,2,23/07/2018 09:40:00,Strada Urbana,CORSO TRIESTE,all'intersezione con,VIA ZARA,VIA ZARA,,,Ribaltamento senza urto contro ostacolo fisso,Incrocio,Una carreggiata a senso unico di marcia,Bagnato (umidit� in atto),Asfaltata,Verticale ed orizzontale,Sereno,Normale,Buona,Ore Diurne,1,0,0,1,12.5077,41.9152,-1,2,Motociclo a solo,In marcia / fermata / arresto,Conducente,F,Rimandato,0,NON DECEDUTO,,,,
3930628,2,23/07/2018 14:40:00,Strada Urbana,VIA SAVERIO MERCADANTE,in prossimit�,,del civico n.,13,,Veicolo in marcia contro veicoli in arresto,Rettilineo,Una carreggiata a senso unico di marcia,Asciutto,Asfaltata,Orizzontale,Sereno,Normale,Buona,Ore Diurne,0,0,0,3,12.4928,41.9175,-1,1,Autovettura privata,In marcia / fermata / arresto,Conducente,M,Illeso,0,,,,,
3930628,2,23/07/2018 14:40:00,Strada Urbana,VIA SAVERIO MERCADANTE,in prossimit�,,del civico n.,13,,Veicolo in marcia contro veicoli in arresto,Rettilineo,Una carreggiata a senso unico di marcia,Asciutto,Asfaltata,Orizzontale,Sereno,Normale,Buona,Ore Diurne,0,0,0,3,12.4928,41.9175,-1,1,Autovettura privata,In marcia / fermata / arresto,Passeggero,M,Illeso,0,,,,,
3930628,2,23/07/2018 14:40:00,Strada Urbana,VIA SAVERIO MERCADANTE,in prossimit�,,del civico n.,13,,Veicolo in marcia contro veicoli in arresto,Rettilineo,Una carreggiata a senso unico di marcia,Asciutto,Asfaltata,Orizzontale,Sereno,Normale,Buona,Ore Diurne,0,0,0,3,12.4928,41.9175,-1,2,Motociclo a solo,In marcia / fermata / arresto,Conducente,M,Illeso,0,,,,,
3930629,2,23/07/2018 16:30:00,Strada Urbana,VIA TICINO,in prossimit�,,del civico n.,12,,Veicolo in marcia contro veicolo fermo,Rettilineo,Una carreggiata a senso unico di marcia,Asciutto,Asfaltata,Verticale ed orizzontale,Sereno,Scarso,Buona,Ore Diurne,0,0,0,2,12.5047,41.9176,-1,1,Autovettura privata,In marcia / fermata / arresto,Conducente,M,Illeso,0,,,,,
3930629,2,23/07/2018 16:30:00,Strada Urbana,VIA TICINO,in prossimit�,,del civico n.,12,,Veicolo in marcia contro veicolo fermo,Rettilineo,Una carreggiata a senso unico di marcia,Asciutto,Asfaltata,Verticale ed orizzontale,Sereno,Scarso,Buona,Ore Diurne,0,0,0,2,12.5047,41.9176,-1,2,Autovettura privata,In marcia / fermata / arresto,Conducente,F,Illeso,0,,,,,
3930630,2,23/07/2018 17:10:00,Strada Urbana,VIA DEL FORO ITALICO,in prossimit�,,del civico n.,501,,Tamponamento,Rettilineo,Due carreggiate,Asciutto,Asfaltata,Verticale ed orizzontale,Sereno,Scarso,Buona,Ore Diurne,1,0,0,2,12.4939,41.9406,-1,1,Autovettura privata,In marcia / fermata / arresto,Conducente,M,Illeso,0,,Non accertato,Inesploso,,
3930630,2,23/07/2018 17:10:00,Strada Urbana,VIA DEL FORO ITALICO,in prossimit�,,del civico n.,501,,Tamponamento,Rettilineo,Due carreggiate,Asciutto,Asfaltata,Verticale ed orizzontale,Sereno,Scarso,Buona,Ore Diurne,1,0,0,2,12.4939,41.9406,-1,1,Autovettura privata,In marcia / fermata / arresto,Passeggero,F,Illeso,0,,Non accertato,Inesploso,,
3930630,2,23/07/2018 17:10:00,Strada Urbana,VIA DEL FORO ITALICO,in prossimit�,,del civico n.,501,,Tamponamento,Rettilineo,Due carreggiate,Asciutto,Asfaltata,Verticale ed orizzontale,Sereno,Scarso,Buona,Ore Diurne,1,0,0,2,12.4939,41.9406,-1,2,Motociclo a solo,In marcia / fermata / arresto,Conducente,M,Rimandato,0,NON DECEDUTO,,,,
3930636,2,23/07/2018 19:45:00,Strada Urbana,VIA DI GROTTAROSSA,in prossimit�,,del civico n.,1037,,Veicolo in marcia contro veicolo in sosta,Rettilineo,Una carreggiata a doppio senso,Asciutto,Asfaltata,Verticale ed orizzontale,Sereno,Scarso,Buona,Ore Diurne,0,0,0,2,12.4704,41.9826,0,2,Quadriciclo,In marcia / fermata / arresto,Conducente,F,Illeso,0,,,,,
3930636,2,23/07/2018 19:45:00,Strada Urbana,VIA DI GROTTAROSSA,in prossimit�,,del civico n.,1037,,Veicolo in marcia contro veicolo in sosta,Rettilineo,Una carreggiata a doppio senso,Asciutto,Asfaltata,Verticale ed orizzontale,Sereno,Scarso,Buona,Ore Diurne,0,0,0,2,12.4704,41.9826,0,2,Quadriciclo,In marcia / fermata / arresto,Passeggero,F,Illeso,0,,,,,
3930637,2,23/07/2018 21:30:00,Strada Urbana,VIA CASSIA,in prossimit�,,del civico n.,666,,Scontro frontale/laterale DX fra veicoli in marcia,Rettilineo,Una carreggiata a doppio senso,Asciutto,Asfaltata,Verticale ed orizzontale,Sereno,Normale,Buona,Sufficiente,1,0,0,3,12.4462,41.9639,-1,1,Autovettura privata,In marcia / fermata / arresto,Conducente,F,Illeso,0,,Non accertato,Inesploso,,
3930637,2,23/07/2018 21:30:00,Strada Urbana,VIA CASSIA,in prossimit�,,del civico n.,666,,Scontro frontale/laterale DX fra veicoli in marcia,Rettilineo,Una carreggiata a doppio senso,Asciutto,Asfaltata,Verticale ed orizzontale,Sereno,Normale,Buona,Sufficiente,1,0,0,3,12.4462,41.9639,-1,1,Autovettura privata,In marcia / fermata / arresto,Passeggero,M,Illeso,0,,Non accertato,Inesploso,,
3930637,2,23/07/2018 21:30:00,Strada Urbana,VIA CASSIA,in prossimit�,,del civico n.,666,,Scontro frontale/laterale DX fra veicoli in marcia,Rettilineo,Una carreggiata a doppio senso,Asciutto,Asfaltata,Verticale ed orizzontale,Sereno,Normale,Buona,Sufficiente,1,0,0,3,12.4462,41.9639,-1,1,Autovettura privata,In marcia / fermata / arresto,Passeggero,F,Illeso,0,,Non accertato,Inesploso,,
3930637,2,23/07/2018 21:30:00,Strada Urbana,VIA CASSIA,in prossimit�,,del civico n.,666,,Scontro frontale/laterale DX fra veicoli in marcia,Rettilineo,Una carreggiata a doppio senso,Asciutto,Asfaltata,Verticale ed orizzontale,Sereno,Normale,Buona,Sufficiente,1,0,0,3,12.4462,41.9639,-1,2,Motociclo a solo,In marcia / fermata / arresto,Conducente,M,Rimandato,0,NON DECEDUTO,,,,
3930648,2,24/07/2018 00:30:00,Strada Urbana,VIALE BRUNO BUOZZI,in prossimit�,,del civico n.,36,,Veicolo in marcia contro veicoli in sosta,Curva a visuale libera,Una carreggiata a doppio senso,Asciutto,Asfaltata,Verticale ed orizzontale,Sereno,Scarso,Buona,Sufficiente,0,0,0,1,12.4853,41.9218,-1,1,Autovettura privata,In marcia / fermata / arresto,Conducente,F,Illeso,0,,,,,
3930654,16,24/07/2018 07:20:00,Strada Urbana,VIA VIRGINIA AGNELLI,in prossimit�,,del civico n.,55,,Veicolo in marcia contro ostacolo accidentale,Rettilineo,Due carreggiate,Asciutto,Asfaltata,Verticale ed orizzontale,Sereno,Scarso,Buona,Ore Diurne,0,0,0,1,12.4453,41.8619,-1,1,Autovettura privata,In marcia / fermata / arresto,Conducente,M,Illeso,0,,,,,
3930713,12,24/07/2018 05:20:00,Strada Urbana,VIADOTTO DELLA MAGLIANA,da specificare,,,,dir. EUR pross. uscita SHERATON VIA PATTINAGGIO,Scontro laterale fra veicoli in marcia,Rettilineo,Due carreggiate,Asciutto,Asfaltata,Verticale ed orizzontale,Sereno,Scarso,Buona,Ore Diurne,0,0,0,2,12.4694,41.8426,-1,1,Autobus turistico,In marcia / fermata / arresto,Conducente,M,Illeso,0,,Non accertato,Inesploso,,
3930713,12,24/07/2018 05:20:00,Strada Urbana,VIADOTTO DELLA MAGLIANA,da specificare,,,,dir. EUR pross. uscita SHERATON VIA PATTINAGGIO,Scontro laterale fra veicoli in marcia,Rettilineo,Due carreggiate,Asciutto,Asfaltata,Verticale ed orizzontale,Sereno,Scarso,Buona,Ore Diurne,0,0,0,2,12.4694,41.8426,-1,2,Autovettura privata,In marcia / fermata / arresto,Conducente,M,Illeso,0,,Non accertato,Inesploso,,
3930743,12,24/07/2018 11:45:00,Strada Urbana,VIA DI TRIGORIA,in prossimit�,,del palo luce n.,146,,Ribaltamento senza urto contro ostacolo fisso,Rettilineo,Una carreggiata a doppio senso,Asciutto,Asfaltata,Verticale ed orizzontale,Sereno,Normale,Buona,Ore Diurne,1,0,0,0,12.457,41.7465,-1,1,Autovettura privata,In marcia / fermata / arresto,Conducente,F,Rimandato,0,NON DECEDUTO,,Esploso,,
3930859,18,22/07/2018 17:30:00,Strada Urbana,VIA DELLA MAGLIANELLA,in corrispondenza,,del civico n.,254A,,Veicolo in marcia contro ostacolo fisso,Rettilineo,Una carreggiata a doppio senso,Asciutto,Asfaltata,Orizzontale,Nuvoloso,Normale,Buona,Ore Diurne,0,0,0,1,12.3824,41.9079,-1,1,Autovettura privata,In marcia / fermata / arresto,Conducente,F,Illeso,0,,,,,
3930910,18,23/07/2018 12:30:00,Strada Urbana,LARGO TOMASO PERASSI,all'intersezione semaforizzata con,VIA AURELIA ANTICA,VIA AURELIA ANTICA,,,Scontro laterale fra veicoli in marcia,Intersezione semaforizzata,Due carreggiate,Asciutto,Asfaltata,Verticale ed orizzontale,Nuvoloso,Normale,Buona,Ore Diurne,0,0,0,5,12.41,41.8894,-1,1,Autovettura privata,In marcia / fermata / arresto,Conducente,F,Illeso,0,,,,,
3930910,18,23/07/2018 12:30:00,Strada Urbana,LARGO TOMASO PERASSI,all'intersezione semaforizzata con,VIA AURELIA ANTICA,VIA AURELIA ANTICA,,,Scontro laterale fra veicoli in marcia,Intersezione semaforizzata,Due carreggiate,Asciutto,Asfaltata,Verticale ed orizzontale,Nuvoloso,Normale,Buona,Ore Diurne,0,0,0,5,12.41,41.8894,-1,1,Autovettura privata,In marcia / fermata / arresto,Passeggero,M,Illeso,0,,,,,
3930910,18,23/07/2018 12:30:00,Strada Urbana,LARGO TOMASO PERASSI,all'intersezione semaforizzata con,VIA AURELIA ANTICA,VIA AURELIA ANTICA,,,Scontro laterale fra veicoli in marcia,Intersezione semaforizzata,Due carreggiate,Asciutto,Asfaltata,Verticale ed orizzontale,Nuvoloso,Normale,Buona,Ore Diurne,0,0,0,5,12.41,41.8894,-1,1,Autovettura privata,In marcia / fermata / arresto,Passeggero,F,Illeso,0,,,,,
3930910,18,23/07/2018 12:30:00,Strada Urbana,LARGO TOMASO PERASSI,all'intersezione semaforizzata con,VIA AURELIA ANTICA,VIA AURELIA ANTICA,,,Scontro laterale fra veicoli in marcia,Intersezione semaforizzata,Due carreggiate,Asciutto,Asfaltata,Verticale ed orizzontale,Nuvoloso,Normale,Buona,Ore Diurne,0,0,0,5,12.41,41.8894,-1,1,Autovettura privata,In marcia / fermata / arresto,Passeggero,M,Illeso,0,,,,,
3930910,18,23/07/2018 12:30:00,Strada Urbana,LARGO TOMASO PERASSI,all'intersezione semaforizzata con,VIA AURELIA ANTICA,VIA AURELIA ANTICA,,,Scontro laterale fra veicoli in marcia,Intersezione semaforizzata,Due carreggiate,Asciutto,Asfaltata,Verticale ed orizzontale,Nuvoloso,Normale,Buona,Ore Diurne,0,0,0,5,12.41,41.8894,-1,2,Autocarro superiore 35 q.,In marcia / fermata / arresto,Conducente,M,Illeso,0,,,,,
3930917,18,23/07/2018 11:40:00,Strada Urbana,VIA DI PORTA PERTUSA,all'intersezione con,VIA AURELIA,VIA AURELIA,,,Tamponamento,Incrocio,Una carreggiata a doppio senso,Asciutto,Asfaltata,Verticale ed orizzontale,Sereno,Scarso,Buona,Ore Diurne,0,0,0,2,12.4002,41.8857,-1,1,Autovettura privata,In marcia / fermata / arresto,Conducente,M,Illeso,0,,,,,