Protocollo,Gruppo,DataOraIncidente,Localizzazione1,STRADA1,Localizzazione2,STRADA2,Strada02,Chilometrica,DaSpecificare,NaturaIncidente,particolaritastrade,TipoStrada,FondoStradale,Pavimentazione,Segnaletica,CondizioneAtmosferica,Traffico,Visibilita,Illuminazione,NUM_FERITI,NUM_RISERVATA,NUM_MORTI,NUM_ILLESI,Longitudine,Latitudine,Confermato,Progressivo,TipoVeicolo,StatoVeicolo,TipoPersona,Sesso,Tipolesione,Deceduto,DecedutoDopo,CinturaCascoUtilizzato,Airbag,,
3930917,18,23/07/2018 11:40:00,Strada Urbana,VIA DI PORTA PERTUSA,all'intersezione con,VIA AURELIA,VIA AURELIA,,,Tamponamento,Incrocio,Una carreggiata a doppio senso,Asciutto,Asfaltata,Verticale ed orizzontale,Sereno,Scarso,Buona,Ore Diurne,0,0,0,2,12.4002,41.8857,-1,2,Autovettura privata,In marcia / fermata / arresto,Conducente,M,Illeso,0,,,,,
3930930,16,23/07/2018 13:15:00,Strada Urbana,VIA DEL FONTANILE ARENATO,in prossimit�,,del civico n.,32,,Scontro frontale/laterale SX fra veicoli in marcia,Rettilineo,Una carreggiata a senso unico di marcia,Asciutto,Asfaltata,Temporanea di cantiere,Sereno,Normale,Buona,Ore Diurne,1,0,0,1,12.4205,41.8872,-1,1,Autovettura privata,In marcia / fermata / arresto,Conducente,M,Illeso,0,,Non accertato,Inesploso,,
3930930,16,23/07/2018 13:15:00,Strada Urbana,VIA DEL FONTANILE ARENATO,in prossimit�,,del civico n.,32,,Scontro frontale/laterale SX fra veicoli in marcia,Rettilineo,Una carreggiata a senso unico di marcia,Asciutto,Asfaltata,Temporanea di cantiere,Sereno,Normale,Buona,Ore Diurne,1,0,0,1,12.4205,41.8872,-1,2,Motociclo a solo,In marcia / fermata / arresto,Conducente,F,Rimandato,0,NON DECEDUTO,Non accertato,,,
3930978,16,23/07/2018 17:20:00,Strada Urbana,VIA LEONE XIII,all'intersezione semaforizzata con,VIA DEL FORTE BRAVETTA,VIA DEL FORTE BRAVETTA,,,Scontro laterale fra veicoli in marcia,Intersezione semaforizzata,Due carreggiate,Asciutto,Asfaltata,Verticale,Sereno,Normale,Buona,Ore Diurne,1,0,0,1,12.441,41.88,-1,1,Autovettura privata,In marcia / fermata / arresto,Conducente,M,Illeso,0,,Non accertato,Inesploso,,
3930978,16,23/07/2018 17:20:00,Strada Urbana,VIA LEONE XIII,all'intersezione semaforizzata con,VIA DEL FORTE BRAVETTA,VIA DEL FORTE BRAVETTA,,,Scontro laterale fra veicoli in marcia,Intersezione semaforizzata,Due carreggiate,Asciutto,Asfaltata,Verticale,Sereno,Normale,Buona,Ore Diurne,1,0,0,1,12.441,41.88,-1,2,Motociclo a solo,In marcia / fermata / arresto,Conducente,M,Rimandato,0,NON DECEDUTO,Non accertato,,,
3931005,18,24/07/2018 14:00:00,Strada Urbana,VIA AURELIA,in prossimit�,,del civico n.,559,,Scontro laterale fra veicoli in marcia,Rettilineo,Una carreggiata a doppio senso,Asciutto,Asfaltata,Verticale,Sereno,Normale,Buona,Ore Diurne,0,0,0,2,12.4202,41.8955,-1,1,Autovettura privata,In marcia / fermata / arresto,Conducente,F,Illeso,0,,Non accertato,Inesploso,,
3931005,18,24/07/2018 14:00:00,Strada Urbana,VIA AURELIA,in prossimit�,,del civico n.,559,,Scontro laterale fra veicoli in marcia,Rettilineo,Una carreggiata a doppio senso,Asciutto,Asfaltata,Verticale,Sereno,Normale,Buona,Ore Diurne,0,0,0,2,12.4202,41.8955,-1,2,Motociclo a solo,In marcia / fermata / arresto,Conducente,F,Illeso,0,,Non accertato,,,
3931024,17,23/07/2018 19:10:00,Strada Urbana,VIA CRESCENZIO,all'intersezione con,VIA PROPERZIO,VIA PROPERZIO,,,Investimento di pedone,Intersezione non regolata/non segnalata,Una carreggiata a doppio senso,Asciutto,In cubetti di porfido,Verticale ed orizzontale,Sereno,Normale,Buona,Ore Diurne,1,0,0,1,12.4613,41.9059,-1,,,,Pedone,F,Rimandato,0,NON DECEDUTO,,,,
3931024,17,23/07/2018 19:10:00,Strada Urbana,VIA CRESCENZIO,all'intersezione con,VIA PROPERZIO,VIA PROPERZIO,,,Investimento di pedone,Intersezione non regolata/non segnalata,Una carreggiata a doppio senso,Asciutto,In cubetti di porfido,Verticale ed orizzontale,Sereno,Normale,Buona,Ore Diurne,1,0,0,1,12.4613,41.9059,-1,1,Autovettura privata,In marcia / fermata / arresto,Conducente,M,Illeso,0,,,,,
3931031,1,24/07/2018 09:45:00,Strada Urbana,PIAZZA VENEZIA,in corrispondenza,,del civico n.,16,,Scontro laterale fra veicoli in marcia,Rettilineo,Una carreggiata a senso unico di marcia,Asciutto,In cubetti di porfido,Verticale ed orizzontale,Sereno,Normale,Buona,Ore Diurne,1,0,0,1,12.4828,41.896,-1,1,Autovettura pubblica,In marcia / fermata / arresto,Conducente,M,Illeso,0,,Non accertato,,,
3931031,1,24/07/2018 09:45:00,Strada Urbana,PIAZZA VENEZIA,in corrispondenza,,del civico n.,16,,Scontro laterale fra veicoli in marcia,Rettilineo,Una carreggiata a senso unico di marcia,Asciutto,In cubetti di porfido,Verticale ed orizzontale,Sereno,Normale,Buona,Ore Diurne,1,0,0,1,12.4828,41.896,-1,2,Velocipede,In marcia / fermata / arresto,Conducente,M,Rimandato,0,NON DECEDUTO,Esente,,,
3931035,12,23/07/2018 08:00:00,Strada Urbana,VIALE DI VAL FIORITA,da specificare,,,,fronte Via Frugoni,Veicolo in marcia contro veicolo fermo,Curva senza visuale libera,Una carreggiata a doppio senso,Bagnato (pioggia),Asfaltata,Verticale ed orizzontale,Pioggia in atto,Normale,Buona,Ore Diurne,0,0,0,2,12.4648,41.8399,-1,1,Autovettura privata,In marcia / fermata / arresto,Conducente,F,Illeso,0,,Utilizzato,Inesploso,,
3931035,12,23/07/2018 08:00:00,Strada Urbana,VIALE DI VAL FIORITA,da specificare,,,,fronte Via Frugoni,Veicolo in marcia contro veicolo fermo,Curva senza visuale libera,Una carreggiata a doppio senso,Bagnato (pioggia),Asfaltata,Verticale ed orizzontale,Pioggia in atto,Normale,Buona,Ore Diurne,0,0,0,2,12.4648,41.8399,-1,2,Autocarro inferiore 35 q.,In marcia / fermata / arresto,Conducente,M,Illeso,0,,Utilizzato,Inesploso,,
3931065,12,23/07/2018 12:10:00,Strada Urbana,VIA DEL FOSSO DEL TORRINO,all'intersezione con,VIA OSTIENSE,VIA OSTIENSE,,,Scontro frontale/laterale SX fra veicoli in marcia,Incrocio,Una carreggiata a doppio senso,Asciutto,Asfaltata,Verticale ed orizzontale,Sereno,Normale,Buona,Ore Diurne,0,0,0,3,12.4328,41.8169,-1,1,Autovettura privata,In marcia / fermata / arresto,Conducente,M,Illeso,0,,Utilizzato,Inesploso,,
3931065,12,23/07/2018 12:10:00,Strada Urbana,VIA DEL FOSSO DEL TORRINO,all'intersezione con,VIA OSTIENSE,VIA OSTIENSE,,,Scontro frontale/laterale SX fra veicoli in marcia,Incrocio,Una carreggiata a doppio senso,Asciutto,Asfaltata,Verticale ed orizzontale,Sereno,Normale,Buona,Ore Diurne,0,0,0,3,12.4328,41.8169,-1,1,Autovettura privata,In marcia / fermata / arresto,Passeggero,M,Illeso,0,,Utilizzato,Inesploso,,
3931065,12,23/07/2018 12:10:00,Strada Urbana,VIA DEL FOSSO DEL TORRINO,all'intersezione con,VIA OSTIENSE,VIA OSTIENSE,,,Scontro frontale/laterale SX fra veicoli in marcia,Incrocio,Una carreggiata a doppio senso,Asciutto,Asfaltata,Verticale ed orizzontale,Sereno,Normale,Buona,Ore Diurne,0,0,0,3,12.4328,41.8169,-1,2,Autovettura privata,In marcia / fermata / arresto,Conducente,M,Illeso,0,,Utilizzato,Inesploso,,
3931066,1,24/07/2018 09:30:00,Strada Urbana,VIA GALVANI,all'intersezione con,PIAZZA ORAZIO GIUSTINIANI,PIAZZA ORAZIO GIUSTINIANI,,,Tamponamento,Incrocio,Una carreggiata a doppio senso,Asciutto,Asfaltata,Verticale ed orizzontale,Sereno,Normale,Buona,Ore Diurne,2,0,0,1,12.4768,41.8778,-1,,,,Pedone,M,Rimandato,0,NON DECEDUTO,,,,
3931066,1,24/07/2018 09:30:00,Strada Urbana,VIA GALVANI,all'intersezione con,PIAZZA ORAZIO GIUSTINIANI,PIAZZA ORAZIO GIUSTINIANI,,,Tamponamento,Incrocio,Una carreggiata a doppio senso,Asciutto,Asfaltata,Verticale ed orizzontale,Sereno,Normale,Buona,Ore Diurne,2,0,0,1,12.4768,41.8778,-1,1,Autovettura privata,In marcia / fermata / arresto,Conducente,F,Illeso,0,,Non accertato,,,
3931066,1,24/07/2018 09:30:00,Strada Urbana,VIA GALVANI,all'intersezione con,PIAZZA ORAZIO GIUSTINIANI,PIAZZA ORAZIO GIUSTINIANI,,,Tamponamento,Incrocio,Una carreggiata a doppio senso,Asciutto,Asfaltata,Verticale ed orizzontale,Sereno,Normale,Buona,Ore Diurne,2,0,0,1,12.4768,41.8778,-1,2,Motociclo a solo,In marcia / fermata / arresto,Conducente,M,Rifiuta cure immediate,0,NON DECEDUTO,Non accertato,,,
3931106,13,18/07/2018 14:50:00,Strada Urbana,VIA DI MACCHIA SAPONARA,da specificare,,,,civ. 90 inters. V.M.Palocco,Veicolo in marcia contro veicolo in sosta,Rettilineo,Una carreggiata a senso unico di marcia,Bagnato (pioggia),Asfaltata,Assente,Sereno,Intenso,Buona,Ore Diurne,0,0,0,1,12.3576,41.7675,-1,1,Autovettura privata,In marcia / fermata / arresto,Conducente,F,Illeso,0,,,,,
3931111,19,24/07/2018 15:40:00,Strada Urbana,VIA DELLA VALLE DEI FONTANILI,all'intersezione con,VIA FRATELLI GRIMM,VIA FRATELLI GRIMM,,,Scontro laterale fra veicoli in marcia,Incrocio,Una carreggiata a doppio senso,Asciutto,Asfaltata,Verticale ed orizzontale,Nuvoloso,Normale,Buona,Ore Diurne,0,0,0,3,12.4068,41.928,-1,1,Motociclo a solo,In marcia / fermata / arresto,Conducente,M,Illeso,0,,Non accertato,,,
3931111,19,24/07/2018 15:40:00,Strada Urbana,VIA DELLA VALLE DEI FONTANILI,all'intersezione con,VIA FRATELLI GRIMM,VIA FRATELLI GRIMM,,,Scontro laterale fra veicoli in marcia,Incrocio,Una carreggiata a doppio senso,Asciutto,Asfaltata,Verticale ed orizzontale,Nuvoloso,Normale,Buona,Ore Diurne,0,0,0,3,12.4068,41.928,-1,2,Autovettura privata,In marcia / fermata / arresto,Conducente,F,Illeso,0,,Non accertato,Inesploso,,
3931111,19,24/07/2018 15:40:00,Strada Urbana,VIA DELLA VALLE DEI FONTANILI,all'intersezione con,VIA FRATELLI GRIMM,VIA FRATELLI GRIMM,,,Scontro laterale fra veicoli in marcia,Incrocio,Una carreggiata a doppio senso,Asciutto,Asfaltata,Verticale ed orizzontale,Nuvoloso,Normale,Buona,Ore Diurne,0,0,0,3,12.4068,41.928,-1,2,Autovettura privata,In marcia / fermata / arresto,Passeggero,F,Illeso,0,,Non accertato,Inesploso,,
3931144,7,24/07/2018 15:00:00,Strada Urbana,VIA COLLATINA,in prossimit�,,del civico n.,402,,Tamponamento Multiplo,Rettilineo,Una carreggiata a doppio senso,Asciutto,Asfaltata,Orizzontale,Sereno,Normale,Buona,Ore Diurne,1,0,0,5,12.6036,41.9049,-1,1,Autovettura privata,In marcia / fermata / arresto,Conducente,F,Illeso,0,,Non accertato,Inesploso,,
3931144,7,24/07/2018 15:00:00,Strada Urbana,VIA COLLATINA,in prossimit�,,del civico n.,402,,Tamponamento Multiplo,Rettilineo,Una carreggiata a doppio senso,Asciutto,Asfaltata,Orizzontale,Sereno,Normale,Buona,Ore Diurne,1,0,0,5,12.6036,41.9049,-1,1,Autovettura privata,In marcia / fermata / arresto,Passeggero,F,Illeso,0,,Non accertato,Inesploso,,
3931144,7,24/07/2018 15:00:00,Strada Urbana,VIA COLLATINA,in prossimit�,,del civico n.,402,,Tamponamento Multiplo,Rettilineo,Una carreggiata a doppio senso,Asciutto,Asfaltata,Orizzontale,Sereno,Normale,Buona,Ore Diurne,1,0,0,5,12.6036,41.9049,-1,1,Autovettura privata,In marcia / fermata / arresto,Passeggero,F,Illeso,0,,Non accertato,Inesploso,,
3931144,7,24/07/2018 15:00:00,Strada Urbana,VIA COLLATINA,in prossimit�,,del civico n.,402,,Tamponamento Multiplo,Rettilineo,Una carreggiata a doppio senso,Asciutto,Asfaltata,Orizzontale,Sereno,Normale,Buona,Ore Diurne,1,0,0,5,12.6036,41.9049,-1,2,Autovettura privata,In marcia / fermata / arresto,Conducente,F,Rimandato,0,NON DECEDUTO,Non accertato,Inesploso,,
3931144,7,24/07/2018 15:00:00,Strada Urbana,VIA COLLATINA,in prossimit�,,del civico n.,402,,Tamponamento Multiplo,Rettilineo,Una carreggiata a doppio senso,Asciutto,Asfaltata,Orizzontale,Sereno,Normale,Buona,Ore Diurne,1,0,0,5,12.6036,41.9049,-1,2,Autovettura privata,In marcia / fermata / arresto,Passeggero,M,Illeso,0,,Non accertato,Inesploso,,
3931144,7,24/07/2018 15:00:00,Strada Urbana,VIA COLLATINA,in prossimit�,,del civico n.,402,,Tamponamento Multiplo,Rettilineo,Una carreggiata a doppio senso,Asciutto,Asfaltata,Orizzontale,Sereno,Normale,Buona,Ore Diurne,1,0,0,5,12.6036,41.9049,-1,3,Autovettura privata,In marcia / fermata / arresto,Conducente,M,Illeso,0,,,,,
3931241,15,24/07/2018 14:30:00,Strada Urbana,PIAZZA AUGUSTO RIGHI,all'intersezione semaforizzata con,PONTE GUGLIELMO MARCONI,PONTE GUGLIELMO MARCONI,,,Scontro frontale fra veicoli in marcia,Intersezione semaforizzata,Una carreggiata a doppio senso,Asciutto,Asfaltata,Verticale ed orizzontale,Sereno,Normale,Buona,Ore Diurne,0,0,0,2,12.4701,41.8613,-1,1,Autocarro inferiore 35 q.,In marcia / fermata / arresto,Conducente,M,Illeso,0,,Non accertato,Inesploso,,
3931241,15,24/07/2018 14:30:00,Strada Urbana,PIAZZA AUGUSTO RIGHI,all'intersezione semaforizzata con,PONTE GUGLIELMO MARCONI,PONTE GUGLIELMO MARCONI,,,Scontro frontale fra veicoli in marcia,Intersezione semaforizzata,Una carreggiata a doppio senso,Asciutto,Asfaltata,Verticale ed orizzontale,Sereno,Normale,Buona,Ore Diurne,0,0,0,2,12.4701,41.8613,-1,2,Autovettura privata,In marcia / fermata / arresto,Conducente,M,Illeso,0,,Non accertato,Inesploso,,
3931305,18,24/07/2018 17:35:00,Strada Urbana,VIA CARDINALE MASSIMI,all'intersezione con,VIA MATTIA BATTISTINI,VIA MATTIA BATTISTINI,,,Scontro laterale fra veicoli in marcia,Intersezione stradale segnalata,Una carreggiata a doppio senso,Asciutto,Asfaltata,Verticale ed orizzontale,Sereno,Normale,Buona,Ore Diurne,0,0,0,3,12.4163,41.9072,-1,1,Autovettura privata,In marcia / fermata / arresto,Conducente,M,Illeso,0,,Non accertato,Inesploso,,
3931305,18,24/07/2018 17:35:00,Strada Urbana,VIA CARDINALE MASSIMI,all'intersezione con,VIA MATTIA BATTISTINI,VIA MATTIA BATTISTINI,,,Scontro laterale fra veicoli in marcia,Intersezione stradale segnalata,Una carreggiata a doppio senso,Asciutto,Asfaltata,Verticale ed orizzontale,Sereno,Normale,Buona,Ore Diurne,0,0,0,3,12.4163,41.9072,-1,2,Autovettura privata,In marcia / fermata / arresto,Conducente,M,Illeso,0,,Non accertato,Inesploso,,
3931305,18,24/07/2018 17:35:00,Strada Urbana,VIA CARDINALE MASSIMI,all'intersezione con,VIA MATTIA BATTISTINI,VIA MATTIA BATTISTINI,,,Scontro laterale fra veicoli in marcia,Intersezione stradale segnalata,Una carreggiata a doppio senso,Asciutto,Asfaltata,Verticale ed orizzontale,Sereno,Normale,Buona,Ore Diurne,0,0,0,3,12.4163,41.9072,-1,2,Autovettura privata,In marcia / fermata / arresto,Passeggero,F,Illeso,0,,Non accertato,Inesploso,,
3931311,10,24/07/2018 17:35:00,Strada Urbana,VIA ORAZIO PULVILLO,all'intersezione con,VIA QUINTO PUBLICIO,VIA QUINTO PUBLICIO,,,Scontro laterale fra veicoli in marcia,Rotatoria,Due carreggiate,Asciutto,Asfaltata,Verticale ed orizzontale,Sereno,Normale,Sufficiente,Ore Diurne,0,0,0,2,12.569,41.8555,-1,1,Autovettura privata,In marcia / fermata / arresto,Conducente,M,Illeso,0,,Non accertato,Inesploso,,
3931311,10,24/07/2018 17:35:00,Strada Urbana,VIA ORAZIO PULVILLO,all'intersezione con,VIA QUINTO PUBLICIO,VIA QUINTO PUBLICIO,,,Scontro laterale fra veicoli in marcia,Rotatoria,Due carreggiate,Asciutto,Asfaltata,Verticale ed orizzontale,Sereno,Normale,Sufficiente,Ore Diurne,0,0,0,2,12.569,41.8555,-1,2,Autovettura privata,In marcia / fermata / arresto,Conducente,M,Illeso,0,,,,,
3931332,1,24/07/2018 12:00:00,Strada Urbana,PIAZZA DELLE CINQUE SCOLE,all'intersezione con,VIA CATALANA,VIA CATALANA,,,Veicolo in marcia contro ostacolo fisso,Incrocio,Una carreggiata a senso unico di marcia,Asciutto,Asfaltata,Verticale ed orizzontale,Sereno,Scarso,Buona,Ore Diurne,0,0,0,2,12.4765,41.8926,-1,1,Autocarro inferiore 35 q.,In marcia / fermata / arresto,Conducente,M,Illeso,0,,Non accertato,Inesploso,,
3931332,1,24/07/2018 12:00:00,Strada Urbana,PIAZZA DELLE CINQUE SCOLE,all'intersezione con,VIA CATALANA,VIA CATALANA,,,Veicolo in marcia contro ostacolo fisso,Incrocio,Una carreggiata a senso unico di marcia,Asciutto,Asfaltata,Verticale ed orizzontale,Sereno,Scarso,Buona,Ore Diurne,0,0,0,2,12.4765,41.8926,-1,1,Autocarro inferiore 35 q.,In marcia / fermata / arresto,Passeggero,M,Illeso,0,,Non accertato,Inesploso,,
3931338,9,24/07/2018 15:15:00,Strada Urbana,VIA APPIA NUOVA,all'intersezione semaforizzata con,VIA DELL'ARCO DI TRAVERTINO,VIA DELL'ARCO DI TRAVERTINO,,,Tamponamento,Incrocio,Due carreggiate,Asciutto,Asfaltata,Verticale ed orizzontale,Sereno,Normale,Buona,Ore Diurne,0,0,0,3,12.533,41.8625,-1,1,Autovettura privata,In marcia / fermata / arresto,Conducente,M,Illeso,0,,Non accertato,Inesploso,,
3931338,9,24/07/2018 15:15:00,Strada Urbana,VIA APPIA NUOVA,all'intersezione semaforizzata con,VIA DELL'ARCO DI TRAVERTINO,VIA DELL'ARCO DI TRAVERTINO,,,Tamponamento,Incrocio,Due carreggiate,Asciutto,Asfaltata,Verticale ed orizzontale,Sereno,Normale,Buona,Ore Diurne,0,0,0,3,12.533,41.8625,-1,2,Autovettura privata,In marcia / fermata / arresto,Conducente,M,Illeso,0,,Non accertato,Inesploso,,
3931338,9,24/07/2018 15:15:00,Strada Urbana,VIA APPIA NUOVA,all'intersezione semaforizzata con,VIA DELL'ARCO DI TRAVERTINO,VIA DELL'ARCO DI TRAVERTINO,,,Tamponamento,Incrocio,Due carreggiate,Asciutto,Asfaltata,Verticale ed orizzontale,Sereno,Normale,Buona,Ore Diurne,0,0,0,3,12.533,41.8625,-1,2,Autovettura privata,In marcia / fermata / arresto,Passeggero,F,Illeso,0,,Non accertato,Inesploso,,
3931341,9,24/07/2018 16:10:00,Strada Urbana,PIAZZA DEI RE DI ROMA,all'intersezione con,VIA APPIA NUOVA,VIA APPIA NUOVA,,,Scontro frontale/laterale SX fra veicoli in marcia,Rotatoria,Una carreggiata a senso unico di marcia,Asciutto,Asfaltata,Verticale ed orizzontale,Sereno,Normale,Buona,Ore Diurne,0,0,0,3,12.5137,41.8824,-1,1,Autocarro inferiore 35 q.,In marcia / fermata / arresto,Conducente,M,Illeso,0,,Non accertato,Inesploso,,
3931341,9,24/07/2018 16:10:00,Strada Urbana,PIAZZA DEI RE DI ROMA,all'intersezione con,VIA APPIA NUOVA,VIA APPIA NUOVA,,,Scontro frontale/laterale SX fra veicoli in marcia,Rotatoria,Una carreggiata a senso unico di marcia,Asciutto,Asfaltata,Verticale ed orizzontale,Sereno,Normale,Buona,Ore Diurne,0,0,0,3,12.5137,41.8824,-1,2,Autovettura privata,In marcia / fermata / arresto,Conducente,M,Illeso,0,,Non accertato,,,
3931341,9,24/07/2018 16:10:00,Strada Urbana,PIAZZA DEI RE DI ROMA,all'intersezione con,VIA APPIA NUOVA,VIA APPIA NUOVA,,,Scontro frontale/laterale SX fra veicoli in marcia,Rotatoria,Una carreggiata a senso unico di marcia,Asciutto,Asfaltata,Verticale ed orizzontale,Sereno,Normale,Buona,Ore Diurne,0,0,0,3,12.5137,41.8824,-1,2,Autovettura privata,In marcia / fermata / arresto,Passeggero,F,Illeso,0,,Non accertato,Inesploso,,
3931353,11,24/07/2018 16:00:00,Strada Urbana,VIA DI VIGNA MURATA,all'intersezione semaforizzata con,VIALE STEFANO GRADI,VIALE STEFANO GRADI,,,Scontro frontale/laterale SX fra veicoli in marcia,Intersezione semaforizzata,Pi� di due carreggiate,Asciutto,Asfaltata,Verticale ed orizzontale,Sereno,Normale,Buona,Ore Diurne,0,0,0,2,12.5054,41.8272,-1,1,Autovettura privata,In marcia / fermata / arresto,Conducente,M,Illeso,0,,Non accertato,Esploso,,
3931353,11,24/07/2018 16:00:00,Strada Urbana,VIA DI VIGNA MURATA,all'intersezione semaforizzata con,VIALE STEFANO GRADI,VIALE STEFANO GRADI,,,Scontro frontale/laterale SX fra veicoli in marcia,Intersezione semaforizzata,Pi� di due carreggiate,Asciutto,Asfaltata,Verticale ed orizzontale,Sereno,Normale,Buona,Ore Diurne,0,0,0,2,12.5054,41.8272,-1,2,Autocarro inferiore 35 q.,In marcia / fermata / arresto,Conducente,M,Illeso,0,,Non accertato,Inesploso,,
3931379,17,24/07/2018 14:20:00,Strada Urbana,VIALE DEI BASTIONI DI MICHELANGELO,in prossimit�,,del civico n.,25,,Tamponamento,Rettilineo,Una carreggiata a doppio senso,Asciutto,Asfaltata,Verticale ed orizzontale,Sereno,Normale,Buona,Ore Diurne,1,0,0,2,12.4559,41.9068,-1,1,Autovettura privata,In marcia / fermata / arresto,Conducente,M,Illeso,0,,Non accertato,Inesploso,,
3931379,17,24/07/2018 14:20:00,Strada Urbana,VIALE DEI BASTIONI DI MICHELANGELO,in prossimit�,,del civico n.,25,,Tamponamento,Rettilineo,Una carreggiata a doppio senso,Asciutto,Asfaltata,Verticale ed orizzontale,Sereno,Normale,Buona,Ore Diurne,1,0,0,2,12.4559,41.9068,-1,1,Autovettura privata,In marcia / fermata / arresto,Passeggero,F,Illeso,0,,,,,
3931379,17,24/07/2018 14:20:00,Strada Urbana,VIALE DEI BASTIONI DI MICHELANGELO,in prossimit�,,del civico n.,25,,Tamponamento,Rettilineo,Una carreggiata a doppio senso,Asciutto,Asfaltata,Verticale ed orizzontale,Sereno,Normale,Buona,Ore Diurne,1,0,0,2,12.4559,41.9068,-1,2,Motociclo a solo,In marcia / fermata / arresto,Conducente,M,Rimandato,0,NON DECEDUTO,,,,
3931385,12,24/07/2018 16:05:00,Strada Urbana,VIALE DON PASQUINO BORGHI,in prossimit�,,del civico n.,182,,Scontro laterale fra veicoli in marcia,Rettilineo,Una carreggiata a doppio senso,Asciutto,Asfaltata,Verticale ed orizzontale,Sereno,Normale,Buona,Ore Diurne,1,0,0,1,12.4434,41.8111,-1,1,Motociclo a solo,In marcia / fermata / arresto,Conducente,M,Rimandato,0,NON DECEDUTO,Utilizzato,,,
3931385,12,24/07/2018 16:05:00,Strada Urbana,VIALE DON PASQUINO BORGHI,in prossimit�,,del civico n.,182,,Scontro laterale fra veicoli in marcia,Rettilineo,Una carreggiata a doppio senso,Asciutto,Asfaltata,Verticale ed orizzontale,Sereno,Normale,Buona,Ore Diurne,1,0,0,1,12.4434,41.8111,-1,2,Autocarro inferiore 35 q.,In marcia / fermata / arresto,Conducente,M,Illeso,0,,Utilizzato,Inesploso,,
3931393,17,24/07/2018 15:45:00,Strada Urbana,VIALE DEI BASTIONI DI MICHELANGELO,all'intersezione con,VIA GERMANICO,VIA GERMANICO,,,Scontro frontale/laterale DX fra veicoli in marcia,Incrocio,Una carreggiata a doppio senso,Asciutto,Asfaltata,Verticale ed orizzontale,Sereno,Normale,Buona,Ore Diurne,1,0,0,1,12.4558,41.9065,-1,1,Autocarro inferiore 35 q.,In marcia / fermata / arresto,Conducente,M,Illeso,0,,,,,
3931393,17,24/07/2018 15:45:00,Strada Urbana,VIALE DEI BASTIONI DI MICHELANGELO,all'intersezione con,VIA GERMANICO,VIA GERMANICO,,,Scontro frontale/laterale DX fra veicoli in marcia,Incrocio,Una carreggiata a doppio senso,Asciutto,Asfaltata,Verticale ed orizzontale,Sereno,Normale,Buona,Ore Diurne,1,0,0,1,12.4558,41.9065,-1,2,Motociclo a solo,In marcia / fermata / arresto,Conducente,F,Rimandato,0,NON DECEDUTO,,,,
3931424,20,24/07/2018 18:10:00,Regionale entro l'abitato,VIA CASSIA,in prossimit�,,del civico n.,1730,,Investimento di pedone,Rettilineo,Una carreggiata a doppio senso,Asciutto,Asfaltata,Verticale ed orizzontale,Sereno,Scarso,Buona,Ore Diurne,1,0,0,1,12.3791,42.009,-1,,,,Pedone,M,Ricoverato,0,NON DECEDUTO,,,,
3931424,20,24/07/2018 18:10:00,Regionale entro l'abitato,VIA CASSIA,in prossimit�,,del civico n.,1730,,Investimento di pedone,Rettilineo,Una carreggiata a doppio senso,Asciutto,Asfaltata,Verticale ed orizzontale,Sereno,Scarso,Buona,Ore Diurne,1,0,0,1,12.3791,42.009,-1,1,Autovettura privata,In marcia / fermata / arresto,Conducente,M,Illeso,0,,Non accertato,Inesploso,,
3931603,9,24/07/2018 19:20:00,,VIA TERNI,all'intersezione con,VIA ORVIETO,VIA ORVIETO,,,Scontro frontale/laterale DX fra veicoli in marcia,,,,,,,,,,0,0,0,2,12.5174,41.8853,0,1,Autovettura privata,In marcia / fermata / arresto,Conducente,F,Illeso,0,,Non accertato,Inesploso,,
3931603,9,24/07/2018 19:20:00,,VIA TERNI,all'intersezione con,VIA ORVIETO,VIA ORVIETO,,,Scontro frontale/laterale DX fra veicoli in marcia,,,,,,,,,,0,0,0,2,12.5174,41.8853,0,2,Autovettura privata,In marcia / fermata / arresto,Conducente,M,Illeso,0,,Non accertato,Inesploso,,
3931613,7,24/07/2018 23:55:00,Strada Urbana,VIA CASILINA,da specificare,,,,altezza ponte GRA,Scontro laterale fra veicoli in marcia,Rettilineo,Una carreggiata a senso unico di marcia,Asciutto,Asfaltata,Orizzontale,Sereno,Normale,Buona,Sufficiente,0,0,0,2,12.6002,41.8655,-1,1,Autovettura privata,In marcia / fermata / arresto,Conducente,M,Illeso,0,,Non accertato,Inesploso,,
3931613,7,24/07/2018 23:55:00,Strada Urbana,VIA CASILINA,da specificare,,,,altezza ponte GRA,Scontro laterale fra veicoli in marcia,Rettilineo,Una carreggiata a senso unico di marcia,Asciutto,Asfaltata,Orizzontale,Sereno,Normale,Buona,Sufficiente,0,0,0,2,12.6002,41.8655,-1,2,Autocarro inferiore 35 q.,In marcia / fermata / arresto,Conducente,M,Illeso,0,,Non accertato,Inesploso,,
3931625,13,24/07/2018 08:30:00,Strada Urbana,VIA ERMANNO WOLF FERRARI,da specificare,,,,altezza distributore ESSO,Scontro frontale/laterale DX fra veicoli in marcia,Rettilineo,Una carreggiata a doppio senso,Asciutto,Asfaltata,Verticale ed orizzontale,Sereno,Intenso,Buona,Ore Diurne,0,0,0,3,12.3779,41.7482,-1,1,Autovettura privata,In marcia / fermata / arresto,Conducente,F,Illeso,0,,Non accertato,Inesploso,,
3931625,13,24/07/2018 08:30:00,Strada Urbana,VIA ERMANNO WOLF FERRARI,da specificare,,,,altezza distributore ESSO,Scontro frontale/laterale DX fra veicoli in marcia,Rettilineo,Una carreggiata a doppio senso,Asciutto,Asfaltata,Verticale ed orizzontale,Sereno,Intenso,Buona,Ore Diurne,0,0,0,3,12.3779,41.7482,-1,1,Autovettura privata,In marcia / fermata / arresto,Passeggero,M,Illeso,0,,Non accertato,Inesploso,,