Protocollo,Gruppo,DataOraIncidente,Localizzazione1,STRADA1,Localizzazione2,STRADA2,Strada02,Chilometrica,DaSpecificare,NaturaIncidente,particolaritastrade,TipoStrada,FondoStradale,Pavimentazione,Segnaletica,CondizioneAtmosferica,Traffico,Visibilita,Illuminazione,NUM_FERITI,NUM_RISERVATA,NUM_MORTI,NUM_ILLESI,Longitudine,Latitudine,Confermato,Progressivo,TipoVeicolo,StatoVeicolo,TipoPersona,Sesso,Tipolesione,Deceduto,DecedutoDopo,CinturaCascoUtilizzato,Airbag,,
3931625,13,24/07/2018 08:30:00,Strada Urbana,VIA ERMANNO WOLF FERRARI,da specificare,,,,altezza distributore ESSO,Scontro frontale/laterale DX fra veicoli in marcia,Rettilineo,Una carreggiata a doppio senso,Asciutto,Asfaltata,Verticale ed orizzontale,Sereno,Intenso,Buona,Ore Diurne,0,0,0,3,12.3779,41.7482,-1,2,Autocarro superiore 35 q.,In marcia / fermata / arresto,Conducente,M,Illeso,0,,Non accertato,Inesploso,,
3931630,10,24/07/2018 09:45:00,Strada Urbana,VIA DI TOR VERGATA,da specificare,,,,fronte civico 265,Scontro laterale fra veicoli in marcia,Rettilineo,Una carreggiata a senso unico di marcia,Asciutto,Asfaltata,Verticale ed orizzontale,Sereno,Normale,Buona,Ore Diurne,0,0,0,3,12.6226,41.8468,-1,1,Autocarro inferiore 35 q.,In marcia / fermata / arresto,Conducente,M,Illeso,0,,Non accertato,Inesploso,,
3931630,10,24/07/2018 09:45:00,Strada Urbana,VIA DI TOR VERGATA,da specificare,,,,fronte civico 265,Scontro laterale fra veicoli in marcia,Rettilineo,Una carreggiata a senso unico di marcia,Asciutto,Asfaltata,Verticale ed orizzontale,Sereno,Normale,Buona,Ore Diurne,0,0,0,3,12.6226,41.8468,-1,1,Autocarro inferiore 35 q.,In marcia / fermata / arresto,Passeggero,M,Illeso,0,,Non accertato,Inesploso,,
3931630,10,24/07/2018 09:45:00,Strada Urbana,VIA DI TOR VERGATA,da specificare,,,,fronte civico 265,Scontro laterale fra veicoli in marcia,Rettilineo,Una carreggiata a senso unico di marcia,Asciutto,Asfaltata,Verticale ed orizzontale,Sereno,Normale,Buona,Ore Diurne,0,0,0,3,12.6226,41.8468,-1,2,Autovettura privata,In marcia / fermata / arresto,Conducente,M,Illeso,0,,Non accertato,Inesploso,,
3931635,10,24/07/2018 12:00:00,Strada Urbana,VIA DELLE CAPANNELLE,all'intersezione con,VIA DEL CALICE,VIA DEL CALICE,,,Tamponamento,Incrocio,Una carreggiata a doppio senso,Asciutto,Asfaltata,Verticale ed orizzontale,Sereno,Normale,Buona,Ore Diurne,0,0,0,2,12.5659,41.8289,-1,1,Motociclo a solo,In marcia / fermata / arresto,Conducente,M,Illeso,0,,,,,
3931635,10,24/07/2018 12:00:00,Strada Urbana,VIA DELLE CAPANNELLE,all'intersezione con,VIA DEL CALICE,VIA DEL CALICE,,,Tamponamento,Incrocio,Una carreggiata a doppio senso,Asciutto,Asfaltata,Verticale ed orizzontale,Sereno,Normale,Buona,Ore Diurne,0,0,0,2,12.5659,41.8289,-1,2,Autovettura privata,In marcia / fermata / arresto,Conducente,F,Illeso,0,,Non accertato,Inesploso,,
3931640,10,25/07/2018 01:20:00,Strada Urbana,VIA DELLE CAPANNELLE,in prossimit�,,del civico n.,190,,Ribaltamento senza urto contro ostacolo fisso,Rettilineo,Una carreggiata a doppio senso,Asciutto,Asfaltata,Verticale ed orizzontale,Sereno,Scarso,Sufficiente,Sufficiente,0,0,0,1,12.575,41.8417,-1,1,Autovettura privata,In marcia / fermata / arresto,Conducente,M,Illeso,0,,Non accertato,Esploso,,
3931643,13,24/07/2018 10:35:00,Strada Urbana,VIA DELLA TOLDA,all'intersezione con,VIA DELLE TARTANE,VIA DELLE TARTANE,,,Scontro frontale/laterale SX fra veicoli in marcia,Incrocio,Una carreggiata a doppio senso,Asciutto,Asfaltata,Verticale,Sereno,Normale,Buona,Ore Diurne,0,0,0,6,12.2931,41.7257,-1,1,Autovettura privata,In marcia / fermata / arresto,Conducente,M,Illeso,0,,Non accertato,Inesploso,,
3931643,13,24/07/2018 10:35:00,Strada Urbana,VIA DELLA TOLDA,all'intersezione con,VIA DELLE TARTANE,VIA DELLE TARTANE,,,Scontro frontale/laterale SX fra veicoli in marcia,Incrocio,Una carreggiata a doppio senso,Asciutto,Asfaltata,Verticale,Sereno,Normale,Buona,Ore Diurne,0,0,0,6,12.2931,41.7257,-1,1,Autovettura privata,In marcia / fermata / arresto,Passeggero,M,Illeso,0,,Non accertato,Inesistente,,
3931643,13,24/07/2018 10:35:00,Strada Urbana,VIA DELLA TOLDA,all'intersezione con,VIA DELLE TARTANE,VIA DELLE TARTANE,,,Scontro frontale/laterale SX fra veicoli in marcia,Incrocio,Una carreggiata a doppio senso,Asciutto,Asfaltata,Verticale,Sereno,Normale,Buona,Ore Diurne,0,0,0,6,12.2931,41.7257,-1,2,Autovettura privata,In marcia / fermata / arresto,Conducente,M,Illeso,0,,Non accertato,Inesploso,,
3931643,13,24/07/2018 10:35:00,Strada Urbana,VIA DELLA TOLDA,all'intersezione con,VIA DELLE TARTANE,VIA DELLE TARTANE,,,Scontro frontale/laterale SX fra veicoli in marcia,Incrocio,Una carreggiata a doppio senso,Asciutto,Asfaltata,Verticale,Sereno,Normale,Buona,Ore Diurne,0,0,0,6,12.2931,41.7257,-1,2,Autovettura privata,In marcia / fermata / arresto,Passeggero,F,Illeso,0,,Non accertato,Inesistente,,
3931643,13,24/07/2018 10:35:00,Strada Urbana,VIA DELLA TOLDA,all'intersezione con,VIA DELLE TARTANE,VIA DELLE TARTANE,,,Scontro frontale/laterale SX fra veicoli in marcia,Incrocio,Una carreggiata a doppio senso,Asciutto,Asfaltata,Verticale,Sereno,Normale,Buona,Ore Diurne,0,0,0,6,12.2931,41.7257,-1,2,Autovettura privata,In marcia / fermata / arresto,Passeggero,M,Illeso,0,,Non accertato,Inesploso,,
3931643,13,24/07/2018 10:35:00,Strada Urbana,VIA DELLA TOLDA,all'intersezione con,VIA DELLE TARTANE,VIA DELLE TARTANE,,,Scontro frontale/laterale SX fra veicoli in marcia,Incrocio,Una carreggiata a doppio senso,Asciutto,Asfaltata,Verticale,Sereno,Normale,Buona,Ore Diurne,0,0,0,6,12.2931,41.7257,-1,2,Autovettura privata,In marcia / fermata / arresto,Passeggero,M,Illeso,0,,Non accertato,Inesploso,,
3931665,20,24/07/2018 18:55:00,Strada Urbana,VIA DEL FORO ITALICO,all'intersezione con,LARGO FERRARIS IV,LARGO FERRARIS IV,,,Tamponamento,Intersezione semaforizzata,Una carreggiata a senso unico di marcia,Asciutto,Asfaltata,Verticale ed orizzontale,Sereno,Normale,Buona,Ore Diurne,1,0,0,1,12.4838,41.9399,-1,1,Motociclo a solo,In marcia / fermata / arresto,Conducente,M,Rifiuta cure immediate,0,NON DECEDUTO,Non accertato,,,
3931665,20,24/07/2018 18:55:00,Strada Urbana,VIA DEL FORO ITALICO,all'intersezione con,LARGO FERRARIS IV,LARGO FERRARIS IV,,,Tamponamento,Intersezione semaforizzata,Una carreggiata a senso unico di marcia,Asciutto,Asfaltata,Verticale ed orizzontale,Sereno,Normale,Buona,Ore Diurne,1,0,0,1,12.4838,41.9399,-1,2,Autovettura privata,In marcia / fermata / arresto,Conducente,M,Illeso,0,,Non accertato,,,
3931680,8,24/07/2018 15:30:00,Regionale entro l'abitato,VIA CASILINA,in prossimit�,,del civico n.,1374,,Tamponamento Multiplo,Rettilineo,Una carreggiata a doppio senso,Asciutto,Asfaltata,Verticale ed orizzontale,Sereno,Normale,Buona,Ore Diurne,1,0,0,6,12.6146,41.8625,-1,1,Autovettura privata,In marcia / fermata / arresto,Conducente,M,Illeso,0,,,,,
3931680,8,24/07/2018 15:30:00,Regionale entro l'abitato,VIA CASILINA,in prossimit�,,del civico n.,1374,,Tamponamento Multiplo,Rettilineo,Una carreggiata a doppio senso,Asciutto,Asfaltata,Verticale ed orizzontale,Sereno,Normale,Buona,Ore Diurne,1,0,0,6,12.6146,41.8625,-1,2,Autovettura privata,In marcia / fermata / arresto,Conducente,M,Rimandato,0,NON DECEDUTO,,,,
3931680,8,24/07/2018 15:30:00,Regionale entro l'abitato,VIA CASILINA,in prossimit�,,del civico n.,1374,,Tamponamento Multiplo,Rettilineo,Una carreggiata a doppio senso,Asciutto,Asfaltata,Verticale ed orizzontale,Sereno,Normale,Buona,Ore Diurne,1,0,0,6,12.6146,41.8625,-1,3,Autovettura privata,In marcia / fermata / arresto,Conducente,F,Illeso,0,,,,,
3931680,8,24/07/2018 15:30:00,Regionale entro l'abitato,VIA CASILINA,in prossimit�,,del civico n.,1374,,Tamponamento Multiplo,Rettilineo,Una carreggiata a doppio senso,Asciutto,Asfaltata,Verticale ed orizzontale,Sereno,Normale,Buona,Ore Diurne,1,0,0,6,12.6146,41.8625,-1,3,Autovettura privata,In marcia / fermata / arresto,Passeggero,F,Illeso,0,,,,,
3931680,8,24/07/2018 15:30:00,Regionale entro l'abitato,VIA CASILINA,in prossimit�,,del civico n.,1374,,Tamponamento Multiplo,Rettilineo,Una carreggiata a doppio senso,Asciutto,Asfaltata,Verticale ed orizzontale,Sereno,Normale,Buona,Ore Diurne,1,0,0,6,12.6146,41.8625,-1,3,Autovettura privata,In marcia / fermata / arresto,Passeggero,M,Illeso,0,,,,,
3931680,8,24/07/2018 15:30:00,Regionale entro l'abitato,VIA CASILINA,in prossimit�,,del civico n.,1374,,Tamponamento Multiplo,Rettilineo,Una carreggiata a doppio senso,Asciutto,Asfaltata,Verticale ed orizzontale,Sereno,Normale,Buona,Ore Diurne,1,0,0,6,12.6146,41.8625,-1,3,Autovettura privata,In marcia / fermata / arresto,Passeggero,M,Illeso,0,,,,,
3931680,8,24/07/2018 15:30:00,Regionale entro l'abitato,VIA CASILINA,in prossimit�,,del civico n.,1374,,Tamponamento Multiplo,Rettilineo,Una carreggiata a doppio senso,Asciutto,Asfaltata,Verticale ed orizzontale,Sereno,Normale,Buona,Ore Diurne,1,0,0,6,12.6146,41.8625,-1,3,Autovettura privata,In marcia / fermata / arresto,Passeggero,F,Illeso,0,,,,,
3931716,11,24/07/2018 18:10:00,Strada Urbana,VIA ARDEATINA,all'intersezione semaforizzata con,VIA DELLA FOTOGRAFIA,VIA DELLA FOTOGRAFIA,,,Scontro frontale fra veicoli in marcia,Intersezione stradale segnalata,Una carreggiata a doppio senso,Asciutto,Asfaltata,Verticale ed orizzontale,Sereno,Scarso,Buona,Ore Diurne,0,0,0,2,12.518,41.8393,-1,1,Autovettura privata,In marcia / fermata / arresto,Conducente,F,Illeso,0,,Non accertato,Inesploso,,
3931716,11,24/07/2018 18:10:00,Strada Urbana,VIA ARDEATINA,all'intersezione semaforizzata con,VIA DELLA FOTOGRAFIA,VIA DELLA FOTOGRAFIA,,,Scontro frontale fra veicoli in marcia,Intersezione stradale segnalata,Una carreggiata a doppio senso,Asciutto,Asfaltata,Verticale ed orizzontale,Sereno,Scarso,Buona,Ore Diurne,0,0,0,2,12.518,41.8393,-1,2,Motociclo a solo,In marcia / fermata / arresto,Conducente,M,Illeso,0,,Non accertato,,,
3931718,20,24/07/2018 10:40:00,Regionale entro l'abitato,VIA CASSIA,in prossimit�,,del civico n.,1273,,Scontro frontale/laterale DX fra veicoli in marcia,Rettilineo,Una carreggiata a doppio senso,Asciutto,Asfaltata,Orizzontale,Sereno,Normale,Buona,Ore Diurne,0,0,0,3,12.4093,41.9837,-1,1,Autovettura privata,In marcia / fermata / arresto,Conducente,F,Illeso,0,,Non accertato,,,
3931718,20,24/07/2018 10:40:00,Regionale entro l'abitato,VIA CASSIA,in prossimit�,,del civico n.,1273,,Scontro frontale/laterale DX fra veicoli in marcia,Rettilineo,Una carreggiata a doppio senso,Asciutto,Asfaltata,Orizzontale,Sereno,Normale,Buona,Ore Diurne,0,0,0,3,12.4093,41.9837,-1,2,Autovettura privata,In marcia / fermata / arresto,Conducente,F,Illeso,0,,Non accertato,,,
3931718,20,24/07/2018 10:40:00,Regionale entro l'abitato,VIA CASSIA,in prossimit�,,del civico n.,1273,,Scontro frontale/laterale DX fra veicoli in marcia,Rettilineo,Una carreggiata a doppio senso,Asciutto,Asfaltata,Orizzontale,Sereno,Normale,Buona,Ore Diurne,0,0,0,3,12.4093,41.9837,-1,2,Autovettura privata,In marcia / fermata / arresto,Passeggero,F,Illeso,0,,Non accertato,,,
3931721,13,24/07/2018 14:10:00,Provinciale entro l'abitato,VIA DEL MARE,in prossimit�,,della chilometrica,22.6,,Tamponamento Multiplo,Rettilineo,Una carreggiata a doppio senso,Asciutto,Asfaltata,Verticale ed orizzontale,Sereno,Normale,Buona,Ore Diurne,4,0,0,2,12.4632,41.8403,-1,1,Autovettura privata,In marcia / fermata / arresto,Conducente,F,Rimandato,0,NON DECEDUTO,Non accertato,Inesploso,,
3931721,13,24/07/2018 14:10:00,Provinciale entro l'abitato,VIA DEL MARE,in prossimit�,,della chilometrica,22.6,,Tamponamento Multiplo,Rettilineo,Una carreggiata a doppio senso,Asciutto,Asfaltata,Verticale ed orizzontale,Sereno,Normale,Buona,Ore Diurne,4,0,0,2,12.4632,41.8403,-1,2,Autovettura privata,In marcia / fermata / arresto,Conducente,M,Rimandato,0,NON DECEDUTO,Non accertato,Inesploso,,
3931721,13,24/07/2018 14:10:00,Provinciale entro l'abitato,VIA DEL MARE,in prossimit�,,della chilometrica,22.6,,Tamponamento Multiplo,Rettilineo,Una carreggiata a doppio senso,Asciutto,Asfaltata,Verticale ed orizzontale,Sereno,Normale,Buona,Ore Diurne,4,0,0,2,12.4632,41.8403,-1,2,Autovettura privata,In marcia / fermata / arresto,Passeggero,M,Illeso,0,,Non accertato,Inesploso,,
3931721,13,24/07/2018 14:10:00,Provinciale entro l'abitato,VIA DEL MARE,in prossimit�,,della chilometrica,22.6,,Tamponamento Multiplo,Rettilineo,Una carreggiata a doppio senso,Asciutto,Asfaltata,Verticale ed orizzontale,Sereno,Normale,Buona,Ore Diurne,4,0,0,2,12.4632,41.8403,-1,2,Autovettura privata,In marcia / fermata / arresto,Passeggero,F,Rimandato,0,NON DECEDUTO,Non accertato,Inesploso,,
3931721,13,24/07/2018 14:10:00,Provinciale entro l'abitato,VIA DEL MARE,in prossimit�,,della chilometrica,22.6,,Tamponamento Multiplo,Rettilineo,Una carreggiata a doppio senso,Asciutto,Asfaltata,Verticale ed orizzontale,Sereno,Normale,Buona,Ore Diurne,4,0,0,2,12.4632,41.8403,-1,2,Autovettura privata,In marcia / fermata / arresto,Passeggero,F,Rimandato,0,NON DECEDUTO,Non accertato,Inesploso,,
3931721,13,24/07/2018 14:10:00,Provinciale entro l'abitato,VIA DEL MARE,in prossimit�,,della chilometrica,22.6,,Tamponamento Multiplo,Rettilineo,Una carreggiata a doppio senso,Asciutto,Asfaltata,Verticale ed orizzontale,Sereno,Normale,Buona,Ore Diurne,4,0,0,2,12.4632,41.8403,-1,3,Autocarro inferiore 35 q.,In marcia / fermata / arresto,Conducente,M,Illeso,0,,Non accertato,Inesploso,,
3931731,8,24/07/2018 18:35:00,Strada Urbana,VIA MOTTA CAMASTRA,in prossimit�,,del civico n.,64,,Veicolo in marcia contro ostacolo fisso,Rettilineo,Una carreggiata a doppio senso,Asciutto,Asfaltata,Verticale ed orizzontale,Sereno,Scarso,Buona,Ore Diurne,1,0,0,0,12.6845,41.8664,-1,1,Motociclo a solo,In marcia / fermata / arresto,Conducente,M,Rimandato,0,NON DECEDUTO,,,,
3931736,8,24/07/2018 17:50:00,Provinciale entro l'abitato,VIA PRENESTINA,in corrispondenza,,del civico n.,1280,,Tamponamento,Rettilineo,Una carreggiata a doppio senso,Asciutto,Asfaltata,Orizzontale,Sereno,Normale,Buona,Ore Diurne,0,0,0,2,12.6202,41.8931,-1,1,Autocarro inferiore 35 q.,In marcia / fermata / arresto,Conducente,M,Illeso,0,,Non accertato,Inesploso,,
3931736,8,24/07/2018 17:50:00,Provinciale entro l'abitato,VIA PRENESTINA,in corrispondenza,,del civico n.,1280,,Tamponamento,Rettilineo,Una carreggiata a doppio senso,Asciutto,Asfaltata,Orizzontale,Sereno,Normale,Buona,Ore Diurne,0,0,0,2,12.6202,41.8931,-1,2,Autovettura privata,In marcia / fermata / arresto,Conducente,F,Illeso,0,,Non accertato,Inesploso,,
3931754,13,24/07/2018 12:00:00,Strada Urbana,VIA CARLO CASINI,all'intersezione con,VIA ENRICO VERJUS,VIA ENRICO VERJUS,,,Scontro frontale/laterale DX fra veicoli in marcia,Incrocio,Una carreggiata a senso unico di marcia,Asciutto,Asfaltata,Assente,Sereno,Normale,Buona,Ore Diurne,3,0,0,0,12.3374,41.7823,-1,1,Autovettura privata,In marcia / fermata / arresto,Conducente,M,Rimandato,0,NON DECEDUTO,,,,
3931754,13,24/07/2018 12:00:00,Strada Urbana,VIA CARLO CASINI,all'intersezione con,VIA ENRICO VERJUS,VIA ENRICO VERJUS,,,Scontro frontale/laterale DX fra veicoli in marcia,Incrocio,Una carreggiata a senso unico di marcia,Asciutto,Asfaltata,Assente,Sereno,Normale,Buona,Ore Diurne,3,0,0,0,12.3374,41.7823,-1,1,Autovettura privata,In marcia / fermata / arresto,Passeggero,F,Rimandato,0,NON DECEDUTO,,,,
3931754,13,24/07/2018 12:00:00,Strada Urbana,VIA CARLO CASINI,all'intersezione con,VIA ENRICO VERJUS,VIA ENRICO VERJUS,,,Scontro frontale/laterale DX fra veicoli in marcia,Incrocio,Una carreggiata a senso unico di marcia,Asciutto,Asfaltata,Assente,Sereno,Normale,Buona,Ore Diurne,3,0,0,0,12.3374,41.7823,-1,2,Autovettura privata,In marcia / fermata / arresto,Conducente,M,Rimandato,0,NON DECEDUTO,,,,
3931760,13,24/07/2018 15:30:00,Provinciale entro l'abitato,VIA DEL FOSSO DI DRAGONCELLO,da specificare,,,,Circa 200 mt da via Canale Della Lingua,Veicolo in marcia contro ostacolo accidentale,Rettilineo,Una carreggiata a senso unico di marcia,Asciutto,Asfaltata,Verticale ed orizzontale,Sereno,Normale,Buona,Ore Diurne,1,0,0,0,12.3299,41.7577,-1,1,Autovettura privata,In marcia / fermata / arresto,Conducente,M,Rimandato,0,NON DECEDUTO,Non accertato,Inesploso,,
3931762,1,24/07/2018 16:45:00,Strada Urbana,VIALE DELLE TERME DI CARACALLA,all'intersezione semaforizzata con,PIAZZALE NUMA POMPILIO,PIAZZALE NUMA POMPILIO,,,Scontro laterale fra veicoli in marcia,Intersezione semaforizzata,Una carreggiata a doppio senso,Asciutto,Asfaltata,Verticale ed orizzontale,Sereno,Normale,Sufficiente,Ore Diurne,0,0,0,4,12.4957,41.8797,0,1,Autovettura privata,In marcia / fermata / arresto,Conducente,M,Illeso,0,,Utilizzato,Inesploso,,
3931762,1,24/07/2018 16:45:00,Strada Urbana,VIALE DELLE TERME DI CARACALLA,all'intersezione semaforizzata con,PIAZZALE NUMA POMPILIO,PIAZZALE NUMA POMPILIO,,,Scontro laterale fra veicoli in marcia,Intersezione semaforizzata,Una carreggiata a doppio senso,Asciutto,Asfaltata,Verticale ed orizzontale,Sereno,Normale,Sufficiente,Ore Diurne,0,0,0,4,12.4957,41.8797,0,1,Autovettura privata,In marcia / fermata / arresto,Passeggero,M,Illeso,0,,Non accertato,,,
3931762,1,24/07/2018 16:45:00,Strada Urbana,VIALE DELLE TERME DI CARACALLA,all'intersezione semaforizzata con,PIAZZALE NUMA POMPILIO,PIAZZALE NUMA POMPILIO,,,Scontro laterale fra veicoli in marcia,Intersezione semaforizzata,Una carreggiata a doppio senso,Asciutto,Asfaltata,Verticale ed orizzontale,Sereno,Normale,Sufficiente,Ore Diurne,0,0,0,4,12.4957,41.8797,0,2,Motociclo con passeggero,In marcia / fermata / arresto,Conducente,M,Illeso,0,,Non accertato,,,
3931762,1,24/07/2018 16:45:00,Strada Urbana,VIALE DELLE TERME DI CARACALLA,all'intersezione semaforizzata con,PIAZZALE NUMA POMPILIO,PIAZZALE NUMA POMPILIO,,,Scontro laterale fra veicoli in marcia,Intersezione semaforizzata,Una carreggiata a doppio senso,Asciutto,Asfaltata,Verticale ed orizzontale,Sereno,Normale,Sufficiente,Ore Diurne,0,0,0,4,12.4957,41.8797,0,2,Motociclo con passeggero,In marcia / fermata / arresto,Passeggero,F,Illeso,0,,Utilizzato,,,
3931767,4,24/07/2018 11:30:00,Strada Urbana,VIA DELLA BUFALOTTA,all'intersezione con,VIA DI SETTEBAGNI,VIA DI SETTEBAGNI,,,Scontro frontale/laterale DX fra veicoli in marcia,Intersezione semaforizzata,Una carreggiata a doppio senso,Asciutto,Asfaltata,Verticale ed orizzontale,Sereno,Normale,Buona,Ore Diurne,0,0,0,2,12.5498,41.9674,-1,1,Autovettura privata,In marcia / fermata / arresto,Conducente,M,Illeso,0,,Non accertato,Inesploso,,
3931767,4,24/07/2018 11:30:00,Strada Urbana,VIA DELLA BUFALOTTA,all'intersezione con,VIA DI SETTEBAGNI,VIA DI SETTEBAGNI,,,Scontro frontale/laterale DX fra veicoli in marcia,Intersezione semaforizzata,Una carreggiata a doppio senso,Asciutto,Asfaltata,Verticale ed orizzontale,Sereno,Normale,Buona,Ore Diurne,0,0,0,2,12.5498,41.9674,-1,2,Autovettura privata,In marcia / fermata / arresto,Conducente,M,Illeso,0,,Non accertato,Inesploso,,
3931768,19,24/07/2018 10:45:00,Strada Urbana,VIA MATTIA BATTISTINI,all'intersezione con,VIA DEL FORTE BRASCHI,VIA DEL FORTE BRASCHI,,,Scontro frontale/laterale DX fra veicoli in marcia,Incrocio,Una carreggiata a doppio senso,Asciutto,Asfaltata,Verticale ed orizzontale,Sereno,Normale,Buona,Ore Diurne,0,0,0,2,12.4185,41.9127,-1,1,Autovettura privata,In marcia / fermata / arresto,Conducente,M,Illeso,0,,Non accertato,Inesploso,,
3931768,19,24/07/2018 10:45:00,Strada Urbana,VIA MATTIA BATTISTINI,all'intersezione con,VIA DEL FORTE BRASCHI,VIA DEL FORTE BRASCHI,,,Scontro frontale/laterale DX fra veicoli in marcia,Incrocio,Una carreggiata a doppio senso,Asciutto,Asfaltata,Verticale ed orizzontale,Sereno,Normale,Buona,Ore Diurne,0,0,0,2,12.4185,41.9127,-1,2,Autovettura privata,In marcia / fermata / arresto,Conducente,M,Illeso,0,,Non accertato,Inesploso,,
3931771,18,24/07/2018 17:20:00,Strada Urbana,VIA DI BOCCEA,da specificare,,,,in prossimit� di via A.L. BONANOME,Scontro laterale fra veicoli in marcia,Rettilineo,Una carreggiata a doppio senso,Asciutto,Asfaltata,Verticale ed orizzontale,Sereno,Normale,Buona,Ore Diurne,0,0,0,3,12.3847,41.9149,-1,1,Autovettura privata,In marcia / fermata / arresto,Conducente,M,Illeso,0,,,,,
3931771,18,24/07/2018 17:20:00,Strada Urbana,VIA DI BOCCEA,da specificare,,,,in prossimit� di via A.L. BONANOME,Scontro laterale fra veicoli in marcia,Rettilineo,Una carreggiata a doppio senso,Asciutto,Asfaltata,Verticale ed orizzontale,Sereno,Normale,Buona,Ore Diurne,0,0,0,3,12.3847,41.9149,-1,1,Autovettura privata,In marcia / fermata / arresto,Passeggero,M,Illeso,0,,,,,
3931771,18,24/07/2018 17:20:00,Strada Urbana,VIA DI BOCCEA,da specificare,,,,in prossimit� di via A.L. BONANOME,Scontro laterale fra veicoli in marcia,Rettilineo,Una carreggiata a doppio senso,Asciutto,Asfaltata,Verticale ed orizzontale,Sereno,Normale,Buona,Ore Diurne,0,0,0,3,12.3847,41.9149,-1,2,Autocarro inferiore 35 q.,In marcia / fermata / arresto,Conducente,M,Illeso,0,,,,,
3931788,13,24/07/2018 10:00:00,Strada Urbana,VIA MAR DEI SARGASSI,in prossimit�,,del civico n.,29,,Scontro frontale/laterale DX fra veicoli in marcia,Rettilineo,Una carreggiata a doppio senso,Asciutto,Asfaltata,Orizzontale,Sereno,Scarso,Sufficiente,Ore Diurne,0,0,0,2,12.3002,41.7271,-1,1,Autovettura privata,In marcia / fermata / arresto,Conducente,F,Illeso,0,,Non accertato,Inesploso,,
3931788,13,24/07/2018 10:00:00,Strada Urbana,VIA MAR DEI SARGASSI,in prossimit�,,del civico n.,29,,Scontro frontale/laterale DX fra veicoli in marcia,Rettilineo,Una carreggiata a doppio senso,Asciutto,Asfaltata,Orizzontale,Sereno,Scarso,Sufficiente,Ore Diurne,0,0,0,2,12.3002,41.7271,-1,2,Autovettura privata,In marcia / fermata / arresto,Conducente,F,Illeso,0,,Non accertato,Inesploso,,
3931804,13,24/07/2018 16:15:00,Strada Urbana,VIALE DEI ROMAGNOLI,da specificare,,,,prossimit� via Francesco Donati,Tamponamento Multiplo,Rettilineo,Una carreggiata a doppio senso,Asciutto,Asfaltata,Orizzontale,Sereno,Normale,Buona,Ore Diurne,0,0,0,6,12.3224,41.7691,-1,1,Autovettura privata,In marcia / fermata / arresto,Conducente,M,Illeso,0,,Non accertato,Esploso,,
3931804,13,24/07/2018 16:15:00,Strada Urbana,VIALE DEI ROMAGNOLI,da specificare,,,,prossimit� via Francesco Donati,Tamponamento Multiplo,Rettilineo,Una carreggiata a doppio senso,Asciutto,Asfaltata,Orizzontale,Sereno,Normale,Buona,Ore Diurne,0,0,0,6,12.3224,41.7691,-1,2,Autocarro inferiore 35 q.,In marcia / fermata / arresto,Conducente,M,Illeso,0,,Non accertato,Inesploso,,
3931804,13,24/07/2018 16:15:00,Strada Urbana,VIALE DEI ROMAGNOLI,da specificare,,,,prossimit� via Francesco Donati,Tamponamento Multiplo,Rettilineo,Una carreggiata a doppio senso,Asciutto,Asfaltata,Orizzontale,Sereno,Normale,Buona,Ore Diurne,0,0,0,6,12.3224,41.7691,-1,2,Autocarro inferiore 35 q.,In marcia / fermata / arresto,Passeggero,F,Illeso,0,,Non accertato,Inesploso,,
3931804,13,24/07/2018 16:15:00,Strada Urbana,VIALE DEI ROMAGNOLI,da specificare,,,,prossimit� via Francesco Donati,Tamponamento Multiplo,Rettilineo,Una carreggiata a doppio senso,Asciutto,Asfaltata,Orizzontale,Sereno,Normale,Buona,Ore Diurne,0,0,0,6,12.3224,41.7691,-1,2,Autocarro inferiore 35 q.,In marcia / fermata / arresto,Passeggero,F,Illeso,0,,Non accertato,Inesploso,,
3931804,13,24/07/2018 16:15:00,Strada Urbana,VIALE DEI ROMAGNOLI,da specificare,,,,prossimit� via Francesco Donati,Tamponamento Multiplo,Rettilineo,Una carreggiata a doppio senso,Asciutto,Asfaltata,Orizzontale,Sereno,Normale,Buona,Ore Diurne,0,0,0,6,12.3224,41.7691,-1,3,Autocarro inferiore 35 q.,In marcia / fermata / arresto,Conducente,M,Illeso,0,,Non accertato,Inesploso,,
3931804,13,24/07/2018 16:15:00,Strada Urbana,VIALE DEI ROMAGNOLI,da specificare,,,,prossimit� via Francesco Donati,Tamponamento Multiplo,Rettilineo,Una carreggiata a doppio senso,Asciutto,Asfaltata,Orizzontale,Sereno,Normale,Buona,Ore Diurne,0,0,0,6,12.3224,41.7691,-1,4,Autovettura privata,In marcia / fermata / arresto,Conducente,F,Illeso,0,,Non accertato,Inesploso,,
3931807,19,24/07/2018 10:50:00,Strada Urbana,VIA COGOLETO,in prossimit�,,del civico n.,108/110,,Scontro laterale fra veicoli in marcia,Rettilineo,Una carreggiata a doppio senso,Asciutto,Asfaltata,Assente,Sereno,Normale,Buona,Ore Diurne,0,0,0,2,12.4231,41.9279,-1,1,Autovettura privata,In marcia / fermata / arresto,Conducente,M,Illeso,0,,Non accertato,Inesploso,,