Protocollo,Gruppo,DataOraIncidente,Localizzazione1,STRADA1,Localizzazione2,STRADA2,Strada02,Chilometrica,DaSpecificare,NaturaIncidente,particolaritastrade,TipoStrada,FondoStradale,Pavimentazione,Segnaletica,CondizioneAtmosferica,Traffico,Visibilita,Illuminazione,NUM_FERITI,NUM_RISERVATA,NUM_MORTI,NUM_ILLESI,Longitudine,Latitudine,Confermato,Progressivo,TipoVeicolo,StatoVeicolo,TipoPersona,Sesso,Tipolesione,Deceduto,DecedutoDopo,CinturaCascoUtilizzato,Airbag,,
3931807,19,24/07/2018 10:50:00,Strada Urbana,VIA COGOLETO,in prossimit�,,del civico n.,108/110,,Scontro laterale fra veicoli in marcia,Rettilineo,Una carreggiata a doppio senso,Asciutto,Asfaltata,Assente,Sereno,Normale,Buona,Ore Diurne,0,0,0,2,12.4231,41.9279,-1,2,Autovettura privata,In marcia / fermata / arresto,Conducente,M,Illeso,0,,Non accertato,Inesploso,,
3931813,1,24/07/2018 18:25:00,Strada Urbana,VIA DEL QUIRINALE,in prossimit�,,del civico n.,23,,Tamponamento Multiplo,Rettilineo,Una carreggiata a doppio senso,Asciutto,Asfaltata,Verticale ed orizzontale,Sereno,Normale,Buona,Ore Diurne,2,0,0,2,12.49,41.9015,-1,1,Autovettura privata,In marcia / fermata / arresto,Conducente,F,Illeso,0,,Non accertato,Inesploso,,
3931813,1,24/07/2018 18:25:00,Strada Urbana,VIA DEL QUIRINALE,in prossimit�,,del civico n.,23,,Tamponamento Multiplo,Rettilineo,Una carreggiata a doppio senso,Asciutto,Asfaltata,Verticale ed orizzontale,Sereno,Normale,Buona,Ore Diurne,2,0,0,2,12.49,41.9015,-1,2,Motociclo con passeggero,In marcia / fermata / arresto,Conducente,F,Rifiuta cure immediate,0,NON DECEDUTO,Non accertato,,,
3931813,1,24/07/2018 18:25:00,Strada Urbana,VIA DEL QUIRINALE,in prossimit�,,del civico n.,23,,Tamponamento Multiplo,Rettilineo,Una carreggiata a doppio senso,Asciutto,Asfaltata,Verticale ed orizzontale,Sereno,Normale,Buona,Ore Diurne,2,0,0,2,12.49,41.9015,-1,2,Motociclo con passeggero,In marcia / fermata / arresto,Passeggero,F,Rifiuta cure immediate,0,NON DECEDUTO,Non accertato,,,
3931813,1,24/07/2018 18:25:00,Strada Urbana,VIA DEL QUIRINALE,in prossimit�,,del civico n.,23,,Tamponamento Multiplo,Rettilineo,Una carreggiata a doppio senso,Asciutto,Asfaltata,Verticale ed orizzontale,Sereno,Normale,Buona,Ore Diurne,2,0,0,2,12.49,41.9015,-1,3,Autobus turistico,In marcia / fermata / arresto,Conducente,M,Illeso,0,,Non accertato,,,
3931816,17,24/07/2018 12:50:00,Strada Urbana,VIA TRIONFALE,all'intersezione con,VIA RODI,VIA RODI,,,Scontro frontale/laterale DX fra veicoli in marcia,Intersezione stradale segnalata,Una carreggiata a doppio senso,Asciutto,Asfaltata,Verticale ed orizzontale,Sereno,Scarso,Buona,Ore Diurne,0,0,0,3,12.4526,41.9124,0,1,Autovettura privata,In marcia / fermata / arresto,Conducente,M,Illeso,0,,,,,
3931816,17,24/07/2018 12:50:00,Strada Urbana,VIA TRIONFALE,all'intersezione con,VIA RODI,VIA RODI,,,Scontro frontale/laterale DX fra veicoli in marcia,Intersezione stradale segnalata,Una carreggiata a doppio senso,Asciutto,Asfaltata,Verticale ed orizzontale,Sereno,Scarso,Buona,Ore Diurne,0,0,0,3,12.4526,41.9124,0,1,Autovettura privata,In marcia / fermata / arresto,Passeggero,F,Illeso,0,,,,,
3931816,17,24/07/2018 12:50:00,Strada Urbana,VIA TRIONFALE,all'intersezione con,VIA RODI,VIA RODI,,,Scontro frontale/laterale DX fra veicoli in marcia,Intersezione stradale segnalata,Una carreggiata a doppio senso,Asciutto,Asfaltata,Verticale ed orizzontale,Sereno,Scarso,Buona,Ore Diurne,0,0,0,3,12.4526,41.9124,0,2,Autocarro inferiore 35 q.,In marcia / fermata / arresto,Conducente,M,Illeso,0,,,,,
3931821,19,24/07/2018 11:32:00,Strada Urbana,VIA DELLA VALLE DEI FONTANILI,all'intersezione con,VIA DEI DUMAS,VIA DEI DUMAS,,,Scontro frontale/laterale DX fra veicoli in marcia,Intersezione stradale segnalata,Una carreggiata a doppio senso,Asciutto,Asfaltata,Verticale ed orizzontale,Sereno,Normale,Buona,Ore Diurne,0,0,0,2,12.4068,41.928,-1,1,Autovettura privata,In marcia / fermata / arresto,Conducente,M,Illeso,0,,Non accertato,,,
3931821,19,24/07/2018 11:32:00,Strada Urbana,VIA DELLA VALLE DEI FONTANILI,all'intersezione con,VIA DEI DUMAS,VIA DEI DUMAS,,,Scontro frontale/laterale DX fra veicoli in marcia,Intersezione stradale segnalata,Una carreggiata a doppio senso,Asciutto,Asfaltata,Verticale ed orizzontale,Sereno,Normale,Buona,Ore Diurne,0,0,0,2,12.4068,41.928,-1,2,Autovettura privata,In marcia / fermata / arresto,Conducente,M,Illeso,0,,Non accertato,,,
3931823,15,24/07/2018 23:00:00,Comunale extraurbana,VIA DELLA PISANA,da specificare,,,,PROSSIMITA' VIA DI BRAVA,Tamponamento,Rettilineo,Una carreggiata a doppio senso,Asciutto,Asfaltata,Orizzontale,Sereno,Intenso,Buona,Ore Diurne,1,0,0,2,12.389,41.8577,-1,1,Autocarro inferiore 35 q.,In marcia / fermata / arresto,Conducente,M,Illeso,0,,Non accertato,Inesploso,,
3931823,15,24/07/2018 23:00:00,Comunale extraurbana,VIA DELLA PISANA,da specificare,,,,PROSSIMITA' VIA DI BRAVA,Tamponamento,Rettilineo,Una carreggiata a doppio senso,Asciutto,Asfaltata,Orizzontale,Sereno,Intenso,Buona,Ore Diurne,1,0,0,2,12.389,41.8577,-1,1,Autocarro inferiore 35 q.,In marcia / fermata / arresto,Passeggero,M,Illeso,0,,Non accertato,Inesploso,,
3931823,15,24/07/2018 23:00:00,Comunale extraurbana,VIA DELLA PISANA,da specificare,,,,PROSSIMITA' VIA DI BRAVA,Tamponamento,Rettilineo,Una carreggiata a doppio senso,Asciutto,Asfaltata,Orizzontale,Sereno,Intenso,Buona,Ore Diurne,1,0,0,2,12.389,41.8577,-1,2,Motociclo a solo,In marcia / fermata / arresto,Conducente,M,Ricoverato,0,NON DECEDUTO,Non accertato,,,
3931824,12,25/07/2018 06:15:00,Strada Urbana,VIALE CESARE PAVESE,in prossimit�,,del civico n.,153,,Veicolo in marcia contro veicolo in sosta,Curva senza visuale libera,Due carreggiate,Asciutto,Asfaltata,Verticale ed orizzontale,Sereno,Normale,Buona,Ore Diurne,0,0,0,1,12.4748,41.8174,-1,2,Autovettura privata,In marcia / fermata / arresto,Conducente,F,Illeso,0,,Utilizzato,Inesploso,,
3931828,5,24/07/2018 06:50:00,Strada Urbana,VIALE PALMIRO TOGLIATTI,in prossimit�,,del civico n.,1448,,Scontro frontale/laterale SX fra veicoli in marcia,Rettilineo,Pi� di due carreggiate,Asciutto,Asfaltata,Verticale ed orizzontale,Sereno,Intenso,Buona,Ore Diurne,2,0,0,1,12.5722,41.9112,-1,1,Autovettura privata,In marcia / fermata / arresto,Conducente,M,Rimandato,0,NON DECEDUTO,Non accertato,Inesploso,,
3931828,5,24/07/2018 06:50:00,Strada Urbana,VIALE PALMIRO TOGLIATTI,in prossimit�,,del civico n.,1448,,Scontro frontale/laterale SX fra veicoli in marcia,Rettilineo,Pi� di due carreggiate,Asciutto,Asfaltata,Verticale ed orizzontale,Sereno,Intenso,Buona,Ore Diurne,2,0,0,1,12.5722,41.9112,-1,1,Autovettura privata,In marcia / fermata / arresto,Passeggero,F,Rimandato,0,NON DECEDUTO,Non accertato,Inesploso,,
3931828,5,24/07/2018 06:50:00,Strada Urbana,VIALE PALMIRO TOGLIATTI,in prossimit�,,del civico n.,1448,,Scontro frontale/laterale SX fra veicoli in marcia,Rettilineo,Pi� di due carreggiate,Asciutto,Asfaltata,Verticale ed orizzontale,Sereno,Intenso,Buona,Ore Diurne,2,0,0,1,12.5722,41.9112,-1,2,Autovettura privata,In marcia / fermata / arresto,Conducente,M,Illeso,0,,Non accertato,Inesploso,,
3931835,4,24/07/2018 20:20:00,Strada Urbana,VIALE DI TOR DI QUINTO,all'intersezione con,VIA CIVITA CASTELLANA,VIA CIVITA CASTELLANA,,,Scontro laterale fra veicoli in marcia,Intersezione stradale segnalata,Una carreggiata a doppio senso,Asciutto,Asfaltata,Verticale ed orizzontale,Sereno,Normale,Buona,Ore Diurne,1,0,0,1,12.4785,41.9447,-1,1,Autovettura privata,In marcia / fermata / arresto,Conducente,M,Illeso,0,,,,,
3931835,4,24/07/2018 20:20:00,Strada Urbana,VIALE DI TOR DI QUINTO,all'intersezione con,VIA CIVITA CASTELLANA,VIA CIVITA CASTELLANA,,,Scontro laterale fra veicoli in marcia,Intersezione stradale segnalata,Una carreggiata a doppio senso,Asciutto,Asfaltata,Verticale ed orizzontale,Sereno,Normale,Buona,Ore Diurne,1,0,0,1,12.4785,41.9447,-1,2,Motociclo a solo,In marcia / fermata / arresto,Conducente,M,Rimandato,0,NON DECEDUTO,,,,
3931844,15,24/07/2018 08:50:00,Strada Urbana,VIA FRANCESCO PALLAVICINI,in corrispondenza,,del civico n.,13,,Veicolo in marcia contro veicolo in sosta,Rettilineo,Una carreggiata a doppio senso,Asciutto,Asfaltata,Orizzontale,Nebbia,Normale,Buona,Ore Diurne,0,0,0,1,12.4539,41.8597,-1,2,Autovettura privata,In marcia / fermata / arresto,Conducente,F,Illeso,0,,Utilizzato,Inesploso,,
3931846,5,24/07/2018 11:15:00,Strada Urbana,VIA DOMENICO DE DOMINICIS,in corrispondenza,,del civico n.,1,,Scontro laterale fra veicoli in marcia,Rettilineo,Due carreggiate,Asciutto,Asfaltata,Assente,Sereno,Scarso,Buona,Ore Diurne,0,0,0,2,12.535,41.901,-1,1,Autovettura privata,In marcia / fermata / arresto,Conducente,F,Illeso,0,,Non accertato,,,
3931846,5,24/07/2018 11:15:00,Strada Urbana,VIA DOMENICO DE DOMINICIS,in corrispondenza,,del civico n.,1,,Scontro laterale fra veicoli in marcia,Rettilineo,Due carreggiate,Asciutto,Asfaltata,Assente,Sereno,Scarso,Buona,Ore Diurne,0,0,0,2,12.535,41.901,-1,2,Autovettura pubblica,In marcia / fermata / arresto,Conducente,M,Illeso,0,,Non accertato,,,
3931848,19,24/07/2018 12:40:00,Strada Urbana,VIA DELLA PINETA SACCHETTI,all'intersezione con,VIA FRANCESCO CRUCITTI,VIA FRANCESCO CRUCITTI,,,Scontro laterale fra veicoli in marcia,Incrocio,Una carreggiata a senso unico di marcia,Asciutto,Asfaltata,Orizzontale,Sereno,Normale,Buona,Ore Diurne,0,0,0,5,12.4265,41.9302,-1,1,Motociclo a solo,In marcia / fermata / arresto,Conducente,M,Illeso,0,,,,,
3931848,19,24/07/2018 12:40:00,Strada Urbana,VIA DELLA PINETA SACCHETTI,all'intersezione con,VIA FRANCESCO CRUCITTI,VIA FRANCESCO CRUCITTI,,,Scontro laterale fra veicoli in marcia,Incrocio,Una carreggiata a senso unico di marcia,Asciutto,Asfaltata,Orizzontale,Sereno,Normale,Buona,Ore Diurne,0,0,0,5,12.4265,41.9302,-1,1,Motociclo a solo,In marcia / fermata / arresto,Passeggero,F,Illeso,0,,,,,
3931848,19,24/07/2018 12:40:00,Strada Urbana,VIA DELLA PINETA SACCHETTI,all'intersezione con,VIA FRANCESCO CRUCITTI,VIA FRANCESCO CRUCITTI,,,Scontro laterale fra veicoli in marcia,Incrocio,Una carreggiata a senso unico di marcia,Asciutto,Asfaltata,Orizzontale,Sereno,Normale,Buona,Ore Diurne,0,0,0,5,12.4265,41.9302,-1,2,Autovettura privata,In marcia / fermata / arresto,Conducente,F,Illeso,0,,,,,
3931848,19,24/07/2018 12:40:00,Strada Urbana,VIA DELLA PINETA SACCHETTI,all'intersezione con,VIA FRANCESCO CRUCITTI,VIA FRANCESCO CRUCITTI,,,Scontro laterale fra veicoli in marcia,Incrocio,Una carreggiata a senso unico di marcia,Asciutto,Asfaltata,Orizzontale,Sereno,Normale,Buona,Ore Diurne,0,0,0,5,12.4265,41.9302,-1,2,Autovettura privata,In marcia / fermata / arresto,Passeggero,F,Illeso,0,,,,,
3931848,19,24/07/2018 12:40:00,Strada Urbana,VIA DELLA PINETA SACCHETTI,all'intersezione con,VIA FRANCESCO CRUCITTI,VIA FRANCESCO CRUCITTI,,,Scontro laterale fra veicoli in marcia,Incrocio,Una carreggiata a senso unico di marcia,Asciutto,Asfaltata,Orizzontale,Sereno,Normale,Buona,Ore Diurne,0,0,0,5,12.4265,41.9302,-1,2,Autovettura privata,In marcia / fermata / arresto,Passeggero,F,Illeso,0,,,,,
3931858,12,24/07/2018 16:50:00,Strada Urbana,VIALE DELL'OCEANO ATLANTICO,all'intersezione con,VIA RHODESIA,VIA RHODESIA,,,Scontro frontale/laterale SX fra veicoli in marcia,Incrocio,Due carreggiate,Asciutto,Asfaltata,Verticale ed orizzontale,Sereno,Normale,Buona,Ore Diurne,0,0,0,2,12.4714,41.8201,-1,1,Autovettura privata,In marcia / fermata / arresto,Conducente,F,Illeso,0,,Non accertato,Esploso,,
3931858,12,24/07/2018 16:50:00,Strada Urbana,VIALE DELL'OCEANO ATLANTICO,all'intersezione con,VIA RHODESIA,VIA RHODESIA,,,Scontro frontale/laterale SX fra veicoli in marcia,Incrocio,Due carreggiate,Asciutto,Asfaltata,Verticale ed orizzontale,Sereno,Normale,Buona,Ore Diurne,0,0,0,2,12.4714,41.8201,-1,2,Autovettura privata,In marcia / fermata / arresto,Conducente,F,Illeso,0,,Non accertato,Inesploso,,
3931861,15,24/07/2018 11:00:00,Strada Urbana,PIAZZA DELLA RADIO,in prossimit�,,del civico n.,73,,Scontro laterale fra veicoli in marcia,Rettilineo,Due carreggiate,Asciutto,Asfaltata,Verticale ed orizzontale,Sereno,Normale,Buona,Ore Diurne,0,0,0,3,12.4677,41.8708,-1,1,Autocarro superiore 35 q.,In marcia / fermata / arresto,Conducente,M,Illeso,0,,Non accertato,Inesploso,,
3931861,15,24/07/2018 11:00:00,Strada Urbana,PIAZZA DELLA RADIO,in prossimit�,,del civico n.,73,,Scontro laterale fra veicoli in marcia,Rettilineo,Due carreggiate,Asciutto,Asfaltata,Verticale ed orizzontale,Sereno,Normale,Buona,Ore Diurne,0,0,0,3,12.4677,41.8708,-1,2,Autovettura privata,In marcia / fermata / arresto,Conducente,M,Illeso,0,,Non accertato,Inesploso,,
3931861,15,24/07/2018 11:00:00,Strada Urbana,PIAZZA DELLA RADIO,in prossimit�,,del civico n.,73,,Scontro laterale fra veicoli in marcia,Rettilineo,Due carreggiate,Asciutto,Asfaltata,Verticale ed orizzontale,Sereno,Normale,Buona,Ore Diurne,0,0,0,3,12.4677,41.8708,-1,2,Autovettura privata,In marcia / fermata / arresto,Passeggero,F,Illeso,0,,Non accertato,Inesploso,,
3931865,5,24/07/2018 11:00:00,Strada Urbana,VIA BELMONTE IN SABINA,da specificare,,,,prov.via Cappi inters. Belm. in Sab. prov.D'Aquino,Scontro laterale fra veicoli in marcia,Curva a visuale libera,Due carreggiate,Asciutto,Asfaltata,Verticale ed orizzontale,Sereno,Intenso,Buona,Ore Diurne,0,0,0,2,12.5901,41.9452,-1,1,Autovettura privata,In marcia / fermata / arresto,Conducente,F,Illeso,0,,Non accertato,,,
3931865,5,24/07/2018 11:00:00,Strada Urbana,VIA BELMONTE IN SABINA,da specificare,,,,prov.via Cappi inters. Belm. in Sab. prov.D'Aquino,Scontro laterale fra veicoli in marcia,Curva a visuale libera,Due carreggiate,Asciutto,Asfaltata,Verticale ed orizzontale,Sereno,Intenso,Buona,Ore Diurne,0,0,0,2,12.5901,41.9452,-1,2,Autovettura privata,In marcia / fermata / arresto,Conducente,M,Illeso,0,,Non accertato,,,
3931872,1,24/07/2018 23:55:00,Strada Urbana,VIA CLAUDIA,in prossimit�,,del civico n.,10,,Scontro frontale/laterale SX fra veicoli in marcia,Rettilineo,Una carreggiata a doppio senso,Asciutto,Asfaltata,Verticale ed orizzontale,Sereno,Scarso,Sufficiente,Sufficiente,1,0,0,2,12.494,41.8888,-1,1,Motociclo a solo,In marcia / fermata / arresto,Conducente,F,Rifiuta cure immediate,0,NON DECEDUTO,Non accertato,,,
3931872,1,24/07/2018 23:55:00,Strada Urbana,VIA CLAUDIA,in prossimit�,,del civico n.,10,,Scontro frontale/laterale SX fra veicoli in marcia,Rettilineo,Una carreggiata a doppio senso,Asciutto,Asfaltata,Verticale ed orizzontale,Sereno,Scarso,Sufficiente,Sufficiente,1,0,0,2,12.494,41.8888,-1,2,Autovettura privata,In marcia / fermata / arresto,Conducente,M,Illeso,0,,Non accertato,,,
3931872,1,24/07/2018 23:55:00,Strada Urbana,VIA CLAUDIA,in prossimit�,,del civico n.,10,,Scontro frontale/laterale SX fra veicoli in marcia,Rettilineo,Una carreggiata a doppio senso,Asciutto,Asfaltata,Verticale ed orizzontale,Sereno,Scarso,Sufficiente,Sufficiente,1,0,0,2,12.494,41.8888,-1,2,Autovettura privata,In marcia / fermata / arresto,Passeggero,F,Illeso,0,,,,,
3931873,5,24/07/2018 12:10:00,Strada Urbana,VIA FABRIANO,all'intersezione con,VIA FIUMINATA,VIA FIUMINATA,,,Scontro frontale/laterale DX fra veicoli in marcia,Incrocio,Una carreggiata a doppio senso,Asciutto,Asfaltata,Verticale ed orizzontale,Sereno,Normale,Buona,Ore Diurne,0,0,0,3,12.5845,41.9408,-1,1,Autovettura privata,In marcia / fermata / arresto,Conducente,M,Illeso,0,,Non accertato,Inesploso,,
3931873,5,24/07/2018 12:10:00,Strada Urbana,VIA FABRIANO,all'intersezione con,VIA FIUMINATA,VIA FIUMINATA,,,Scontro frontale/laterale DX fra veicoli in marcia,Incrocio,Una carreggiata a doppio senso,Asciutto,Asfaltata,Verticale ed orizzontale,Sereno,Normale,Buona,Ore Diurne,0,0,0,3,12.5845,41.9408,-1,1,Autovettura privata,In marcia / fermata / arresto,Passeggero,M,Illeso,0,,Non accertato,Inesploso,,
3931873,5,24/07/2018 12:10:00,Strada Urbana,VIA FABRIANO,all'intersezione con,VIA FIUMINATA,VIA FIUMINATA,,,Scontro frontale/laterale DX fra veicoli in marcia,Incrocio,Una carreggiata a doppio senso,Asciutto,Asfaltata,Verticale ed orizzontale,Sereno,Normale,Buona,Ore Diurne,0,0,0,3,12.5845,41.9408,-1,2,Autovettura privata,In marcia / fermata / arresto,Conducente,M,Illeso,0,,Non accertato,Inesploso,,
3931878,13,24/07/2018 12:50:00,Strada Urbana,VIA TORCEGNO,all'intersezione con,VIA SALORNO,VIA SALORNO,,,Scontro frontale/laterale DX fra veicoli in marcia,Incrocio,Una carreggiata a doppio senso,Asciutto,Asfaltata,Verticale,Sereno,Normale,Buona,Ore Diurne,0,0,0,2,12.3759,41.7323,-1,1,Autobus di linea,In marcia / fermata / arresto,Conducente,M,Illeso,0,,,,,
3931878,13,24/07/2018 12:50:00,Strada Urbana,VIA TORCEGNO,all'intersezione con,VIA SALORNO,VIA SALORNO,,,Scontro frontale/laterale DX fra veicoli in marcia,Incrocio,Una carreggiata a doppio senso,Asciutto,Asfaltata,Verticale,Sereno,Normale,Buona,Ore Diurne,0,0,0,2,12.3759,41.7323,-1,2,Autovettura privata,In marcia / fermata / arresto,Conducente,F,Illeso,0,,Non accertato,Inesploso,,
3931879,13,24/07/2018 14:15:00,Strada Urbana,CORSO DUCA DI GENOVA,in corrispondenza,,del civico n.,30,,Scontro laterale fra veicoli in marcia,Rettilineo,Una carreggiata a doppio senso,Asciutto,Asfaltata,Verticale ed orizzontale,Sereno,Normale,Buona,Ore Diurne,0,0,0,5,12.2733,41.7334,-1,1,Autovettura privata,In marcia / fermata / arresto,Conducente,M,Illeso,0,,Non accertato,Inesploso,,
3931879,13,24/07/2018 14:15:00,Strada Urbana,CORSO DUCA DI GENOVA,in corrispondenza,,del civico n.,30,,Scontro laterale fra veicoli in marcia,Rettilineo,Una carreggiata a doppio senso,Asciutto,Asfaltata,Verticale ed orizzontale,Sereno,Normale,Buona,Ore Diurne,0,0,0,5,12.2733,41.7334,-1,1,Autovettura privata,In marcia / fermata / arresto,Passeggero,F,Illeso,0,,Non accertato,Inesploso,,
3931879,13,24/07/2018 14:15:00,Strada Urbana,CORSO DUCA DI GENOVA,in corrispondenza,,del civico n.,30,,Scontro laterale fra veicoli in marcia,Rettilineo,Una carreggiata a doppio senso,Asciutto,Asfaltata,Verticale ed orizzontale,Sereno,Normale,Buona,Ore Diurne,0,0,0,5,12.2733,41.7334,-1,1,Autovettura privata,In marcia / fermata / arresto,Passeggero,M,Illeso,0,,Non accertato,Inesploso,,
3931879,13,24/07/2018 14:15:00,Strada Urbana,CORSO DUCA DI GENOVA,in corrispondenza,,del civico n.,30,,Scontro laterale fra veicoli in marcia,Rettilineo,Una carreggiata a doppio senso,Asciutto,Asfaltata,Verticale ed orizzontale,Sereno,Normale,Buona,Ore Diurne,0,0,0,5,12.2733,41.7334,-1,1,Autovettura privata,In marcia / fermata / arresto,Passeggero,M,Illeso,0,,Non accertato,Inesploso,,
3931879,13,24/07/2018 14:15:00,Strada Urbana,CORSO DUCA DI GENOVA,in corrispondenza,,del civico n.,30,,Scontro laterale fra veicoli in marcia,Rettilineo,Una carreggiata a doppio senso,Asciutto,Asfaltata,Verticale ed orizzontale,Sereno,Normale,Buona,Ore Diurne,0,0,0,5,12.2733,41.7334,-1,2,Autovettura privata,In marcia / fermata / arresto,Conducente,M,Illeso,0,,Non accertato,Inesploso,,
3931886,5,24/07/2018 12:30:00,Strada Urbana,VIA PIEVEBOVIGLIANA,all'intersezione con,LARGO CAMERANO,LARGO CAMERANO,,,Tamponamento,Incrocio,Una carreggiata a doppio senso,Asciutto,Asfaltata,Verticale ed orizzontale,Sereno,Normale,Sufficiente,Ore Diurne,0,0,0,2,12.587,41.9394,-1,1,Autovettura privata,In marcia / fermata / arresto,Conducente,F,Illeso,0,,Non accertato,Inesploso,,
3931886,5,24/07/2018 12:30:00,Strada Urbana,VIA PIEVEBOVIGLIANA,all'intersezione con,LARGO CAMERANO,LARGO CAMERANO,,,Tamponamento,Incrocio,Una carreggiata a doppio senso,Asciutto,Asfaltata,Verticale ed orizzontale,Sereno,Normale,Sufficiente,Ore Diurne,0,0,0,2,12.587,41.9394,-1,2,Autovettura privata,In marcia / fermata / arresto,Conducente,M,Illeso,0,,,,,
3931894,20,25/07/2018 08:20:00,Provinciale entro l'abitato,VIA TIBERINA,all'intersezione con,VIA TENUTA PICCIRILLI,VIA TENUTA PICCIRILLI,,,Scontro frontale/laterale DX fra veicoli in marcia,Incrocio,Una carreggiata a doppio senso,Asciutto,Asfaltata,Verticale ed orizzontale,Sereno,Normale,Buona,Ore Diurne,0,0,0,3,12.5052,42.0194,-1,1,Autovettura privata,In marcia / fermata / arresto,Conducente,M,Illeso,0,,Non accertato,Inesploso,,
3931894,20,25/07/2018 08:20:00,Provinciale entro l'abitato,VIA TIBERINA,all'intersezione con,VIA TENUTA PICCIRILLI,VIA TENUTA PICCIRILLI,,,Scontro frontale/laterale DX fra veicoli in marcia,Incrocio,Una carreggiata a doppio senso,Asciutto,Asfaltata,Verticale ed orizzontale,Sereno,Normale,Buona,Ore Diurne,0,0,0,3,12.5052,42.0194,-1,2,Autovettura privata,In marcia / fermata / arresto,Conducente,M,Illeso,0,,Non accertato,Inesploso,,
3931894,20,25/07/2018 08:20:00,Provinciale entro l'abitato,VIA TIBERINA,all'intersezione con,VIA TENUTA PICCIRILLI,VIA TENUTA PICCIRILLI,,,Scontro frontale/laterale DX fra veicoli in marcia,Incrocio,Una carreggiata a doppio senso,Asciutto,Asfaltata,Verticale ed orizzontale,Sereno,Normale,Buona,Ore Diurne,0,0,0,3,12.5052,42.0194,-1,2,Autovettura privata,In marcia / fermata / arresto,Passeggero,F,Illeso,0,,Non accertato,Inesploso,,
3931901,5,24/07/2018 16:00:00,Strada Urbana,VIA GIOVANNI PITTALUGA,all'intersezione con,VIA DOMENICO CUCCHIARI,VIA DOMENICO CUCCHIARI,,,Scontro frontale/laterale SX fra veicoli in marcia,Incrocio,Due carreggiate,Asciutto,Asfaltata,Verticale ed orizzontale,Sereno,Normale,Buona,Ore Diurne,1,0,0,1,12.5369,41.8997,-1,1,Autovettura privata,In marcia / fermata / arresto,Conducente,M,Illeso,0,,Non accertato,Inesploso,,
3931901,5,24/07/2018 16:00:00,Strada Urbana,VIA GIOVANNI PITTALUGA,all'intersezione con,VIA DOMENICO CUCCHIARI,VIA DOMENICO CUCCHIARI,,,Scontro frontale/laterale SX fra veicoli in marcia,Incrocio,Due carreggiate,Asciutto,Asfaltata,Verticale ed orizzontale,Sereno,Normale,Buona,Ore Diurne,1,0,0,1,12.5369,41.8997,-1,2,Autovettura privata,In marcia / fermata / arresto,Conducente,M,Rimandato,0,NON DECEDUTO,Non accertato,Inesploso,,
3931933,23,24/07/2018 15:30:00,Strada Urbana,VIA CRISTOFORO COLOMBO,all'intersezione con,VIA ANACREONTE,VIA ANACREONTE,,,Veicolo in marcia contro ostacolo fisso,Intersezione stradale segnalata,Una carreggiata a doppio senso,Asciutto,Asfaltata,Verticale ed orizzontale,Sereno,Scarso,Buona,Ore Diurne,0,0,0,1,12.4116,41.7858,-1,1,Autovettura privata,In marcia / fermata / arresto,Conducente,M,Illeso,0,,Non accertato,Esploso,,
3931970,4,24/07/2018 15:20:00,Strada Urbana,VIA VIRGILIO TALLI,all'intersezione semaforizzata con,VIADOTTO GIOVANNI GRONCHI,VIADOTTO GIOVANNI GRONCHI,,,Scontro frontale/laterale SX fra veicoli in marcia,Intersezione semaforizzata,Due carreggiate,Asciutto,Asfaltata,Verticale ed orizzontale,Sereno,Normale,Buona,Ore Diurne,0,0,0,2,12.5229,41.9646,-1,1,Autovettura privata,In marcia / fermata / arresto,Conducente,F,Illeso,0,,,,,
3931970,4,24/07/2018 15:20:00,Strada Urbana,VIA VIRGILIO TALLI,all'intersezione semaforizzata con,VIADOTTO GIOVANNI GRONCHI,VIADOTTO GIOVANNI GRONCHI,,,Scontro frontale/laterale SX fra veicoli in marcia,Intersezione semaforizzata,Due carreggiate,Asciutto,Asfaltata,Verticale ed orizzontale,Sereno,Normale,Buona,Ore Diurne,0,0,0,2,12.5229,41.9646,-1,2,Autovettura privata,In marcia / fermata / arresto,Conducente,M,Illeso,0,,,,,
3931973,1,25/07/2018 01:05:00,Strada Urbana,VIA FILIPPO TURATI,all'intersezione semaforizzata con,VIA RATTAZZI,VIA RATTAZZI,,,Scontro frontale/laterale DX fra veicoli in marcia,Intersezione semaforizzata,Una carreggiata a senso unico di marcia,Asciutto,Asfaltata,Verticale ed orizzontale,Sereno,Scarso,Sufficiente,Sufficiente,1,0,0,1,12.5035,41.8978,-1,1,Autobus di linea,In marcia / fermata / arresto,Conducente,M,Illeso,0,,Non accertato,,,
3931973,1,25/07/2018 01:05:00,Strada Urbana,VIA FILIPPO TURATI,all'intersezione semaforizzata con,VIA RATTAZZI,VIA RATTAZZI,,,Scontro frontale/laterale DX fra veicoli in marcia,Intersezione semaforizzata,Una carreggiata a senso unico di marcia,Asciutto,Asfaltata,Verticale ed orizzontale,Sereno,Scarso,Sufficiente,Sufficiente,1,0,0,1,12.5035,41.8978,-1,2,Autovettura privata,In marcia / fermata / arresto,Conducente,F,Rimandato,0,NON DECEDUTO,Non accertato,,,