Protocollo,Gruppo,DataOraIncidente,Localizzazione1,STRADA1,Localizzazione2,STRADA2,Strada02,Chilometrica,DaSpecificare,NaturaIncidente,particolaritastrade,TipoStrada,FondoStradale,Pavimentazione,Segnaletica,CondizioneAtmosferica,Traffico,Visibilita,Illuminazione,NUM_FERITI,NUM_RISERVATA,NUM_MORTI,NUM_ILLESI,Longitudine,Latitudine,Confermato,Progressivo,TipoVeicolo,StatoVeicolo,TipoPersona,Sesso,Tipolesione,Deceduto,DecedutoDopo,CinturaCascoUtilizzato,Airbag,,
3931999,4,24/07/2018 07:30:00,Strada Urbana,VIA SALARIA,all'intersezione con,RACCORDO SALARIO SETTEBAGNI,RACCORDO SALARIO SETTEBAGNI,,,Scontro laterale fra veicoli in marcia,Incrocio,Una carreggiata a doppio senso,Asciutto,Asfaltata,Verticale ed orizzontale,Sereno,Normale,Buona,Ore Diurne,2,0,0,5,12.5172,41.986,-1,1,Autobus di linea,In marcia / fermata / arresto,Conducente,M,Illeso,0,,,,,
3931999,4,24/07/2018 07:30:00,Strada Urbana,VIA SALARIA,all'intersezione con,RACCORDO SALARIO SETTEBAGNI,RACCORDO SALARIO SETTEBAGNI,,,Scontro laterale fra veicoli in marcia,Incrocio,Una carreggiata a doppio senso,Asciutto,Asfaltata,Verticale ed orizzontale,Sereno,Normale,Buona,Ore Diurne,2,0,0,5,12.5172,41.986,-1,1,Autobus di linea,In marcia / fermata / arresto,Passeggero,F,Illeso,0,,,,,
3931999,4,24/07/2018 07:30:00,Strada Urbana,VIA SALARIA,all'intersezione con,RACCORDO SALARIO SETTEBAGNI,RACCORDO SALARIO SETTEBAGNI,,,Scontro laterale fra veicoli in marcia,Incrocio,Una carreggiata a doppio senso,Asciutto,Asfaltata,Verticale ed orizzontale,Sereno,Normale,Buona,Ore Diurne,2,0,0,5,12.5172,41.986,-1,1,Autobus di linea,In marcia / fermata / arresto,Passeggero,F,Rimandato,0,NON DECEDUTO,Non accertato,,,
3931999,4,24/07/2018 07:30:00,Strada Urbana,VIA SALARIA,all'intersezione con,RACCORDO SALARIO SETTEBAGNI,RACCORDO SALARIO SETTEBAGNI,,,Scontro laterale fra veicoli in marcia,Incrocio,Una carreggiata a doppio senso,Asciutto,Asfaltata,Verticale ed orizzontale,Sereno,Normale,Buona,Ore Diurne,2,0,0,5,12.5172,41.986,-1,1,Autobus di linea,In marcia / fermata / arresto,Passeggero,F,Illeso,0,,,,,
3931999,4,24/07/2018 07:30:00,Strada Urbana,VIA SALARIA,all'intersezione con,RACCORDO SALARIO SETTEBAGNI,RACCORDO SALARIO SETTEBAGNI,,,Scontro laterale fra veicoli in marcia,Incrocio,Una carreggiata a doppio senso,Asciutto,Asfaltata,Verticale ed orizzontale,Sereno,Normale,Buona,Ore Diurne,2,0,0,5,12.5172,41.986,-1,1,Autobus di linea,In marcia / fermata / arresto,Passeggero,F,Illeso,0,,,,,
3931999,4,24/07/2018 07:30:00,Strada Urbana,VIA SALARIA,all'intersezione con,RACCORDO SALARIO SETTEBAGNI,RACCORDO SALARIO SETTEBAGNI,,,Scontro laterale fra veicoli in marcia,Incrocio,Una carreggiata a doppio senso,Asciutto,Asfaltata,Verticale ed orizzontale,Sereno,Normale,Buona,Ore Diurne,2,0,0,5,12.5172,41.986,-1,1,Autobus di linea,In marcia / fermata / arresto,Passeggero,F,Illeso,0,,,,,
3931999,4,24/07/2018 07:30:00,Strada Urbana,VIA SALARIA,all'intersezione con,RACCORDO SALARIO SETTEBAGNI,RACCORDO SALARIO SETTEBAGNI,,,Scontro laterale fra veicoli in marcia,Incrocio,Una carreggiata a doppio senso,Asciutto,Asfaltata,Verticale ed orizzontale,Sereno,Normale,Buona,Ore Diurne,2,0,0,5,12.5172,41.986,-1,2,Autovettura privata,In marcia / fermata / arresto,Conducente,F,Rimandato,0,NON DECEDUTO,,,,
3932004,18,25/07/2018 09:15:00,Strada Urbana,VIA AURELIA,in prossimit�,,del civico n.,773,,Tamponamento Multiplo,Rettilineo,Due carreggiate,Asciutto,Asfaltata,Verticale,Sereno,Intenso,Buona,Ore Diurne,0,0,0,3,12.4122,41.8901,-1,1,Autovettura privata,In marcia / fermata / arresto,Conducente,M,Illeso,0,,Non accertato,Inesploso,,
3932004,18,25/07/2018 09:15:00,Strada Urbana,VIA AURELIA,in prossimit�,,del civico n.,773,,Tamponamento Multiplo,Rettilineo,Due carreggiate,Asciutto,Asfaltata,Verticale,Sereno,Intenso,Buona,Ore Diurne,0,0,0,3,12.4122,41.8901,-1,2,Autovettura privata,In marcia / fermata / arresto,Conducente,F,Illeso,0,,Non accertato,Inesploso,,
3932004,18,25/07/2018 09:15:00,Strada Urbana,VIA AURELIA,in prossimit�,,del civico n.,773,,Tamponamento Multiplo,Rettilineo,Due carreggiate,Asciutto,Asfaltata,Verticale,Sereno,Intenso,Buona,Ore Diurne,0,0,0,3,12.4122,41.8901,-1,3,Autovettura privata,In marcia / fermata / arresto,Conducente,M,Illeso,0,,Non accertato,Esploso,,
3932010,6,25/07/2018 08:30:00,Strada Urbana,VIA PISINO,in corrispondenza,,del civico n.,81,,Veicolo in marcia contro veicolo arresto,Rettilineo,Una carreggiata a doppio senso,Asciutto,Asfaltata,Verticale ed orizzontale,Sereno,Normale,Buona,Ore Diurne,0,0,0,2,12.5587,41.8982,-1,1,Autovettura privata,In marcia / fermata / arresto,Conducente,M,Illeso,0,,Non accertato,Inesploso,,
3932010,6,25/07/2018 08:30:00,Strada Urbana,VIA PISINO,in corrispondenza,,del civico n.,81,,Veicolo in marcia contro veicolo arresto,Rettilineo,Una carreggiata a doppio senso,Asciutto,Asfaltata,Verticale ed orizzontale,Sereno,Normale,Buona,Ore Diurne,0,0,0,2,12.5587,41.8982,-1,2,Autovettura privata,In marcia / fermata / arresto,Conducente,M,Illeso,0,,Non accertato,Inesploso,,
3932024,2,24/07/2018 08:10:00,Strada Urbana,VIALE REGINA MARGHERITA,all'intersezione con,VIA GARIGLIANO,VIA GARIGLIANO,,,Scontro frontale/laterale DX fra veicoli in marcia,Incrocio,Una carreggiata a doppio senso,Asciutto,Asfaltata,Verticale ed orizzontale,Sereno,Normale,Buona,Ore Diurne,1,0,0,3,12.4995,41.9188,-1,1,Motociclo a solo,In marcia / fermata / arresto,Conducente,M,Rifiuta cure immediate,0,NON DECEDUTO,,,,
3932024,2,24/07/2018 08:10:00,Strada Urbana,VIALE REGINA MARGHERITA,all'intersezione con,VIA GARIGLIANO,VIA GARIGLIANO,,,Scontro frontale/laterale DX fra veicoli in marcia,Incrocio,Una carreggiata a doppio senso,Asciutto,Asfaltata,Verticale ed orizzontale,Sereno,Normale,Buona,Ore Diurne,1,0,0,3,12.4995,41.9188,-1,2,Autovettura privata,In marcia / fermata / arresto,Conducente,M,Illeso,0,,,,,
3932024,2,24/07/2018 08:10:00,Strada Urbana,VIALE REGINA MARGHERITA,all'intersezione con,VIA GARIGLIANO,VIA GARIGLIANO,,,Scontro frontale/laterale DX fra veicoli in marcia,Incrocio,Una carreggiata a doppio senso,Asciutto,Asfaltata,Verticale ed orizzontale,Sereno,Normale,Buona,Ore Diurne,1,0,0,3,12.4995,41.9188,-1,2,Autovettura privata,In marcia / fermata / arresto,Passeggero,F,Illeso,0,,,,,
3932024,2,24/07/2018 08:10:00,Strada Urbana,VIALE REGINA MARGHERITA,all'intersezione con,VIA GARIGLIANO,VIA GARIGLIANO,,,Scontro frontale/laterale DX fra veicoli in marcia,Incrocio,Una carreggiata a doppio senso,Asciutto,Asfaltata,Verticale ed orizzontale,Sereno,Normale,Buona,Ore Diurne,1,0,0,3,12.4995,41.9188,-1,2,Autovettura privata,In marcia / fermata / arresto,Passeggero,M,Illeso,0,,,,,
3932026,2,24/07/2018 15:45:00,Strada Urbana,VIA VOLSINIO,in prossimit�,,del civico n.,15,,Veicolo in marcia contro veicolo fermo,Rettilineo,Una carreggiata a senso unico di marcia,Asciutto,Asfaltata,Verticale ed orizzontale,Sereno,Normale,Buona,Ore Diurne,0,0,0,2,12.5078,41.9229,-1,1,Motociclo a solo,In marcia / fermata / arresto,Conducente,M,Illeso,0,,Non accertato,,,
3932026,2,24/07/2018 15:45:00,Strada Urbana,VIA VOLSINIO,in prossimit�,,del civico n.,15,,Veicolo in marcia contro veicolo fermo,Rettilineo,Una carreggiata a senso unico di marcia,Asciutto,Asfaltata,Verticale ed orizzontale,Sereno,Normale,Buona,Ore Diurne,0,0,0,2,12.5078,41.9229,-1,2,Autovettura privata,In marcia / fermata / arresto,Conducente,F,Illeso,0,,Non accertato,Inesploso,,
3932029,2,24/07/2018 17:20:00,Strada Urbana,VIALE PARIOLI,all'intersezione con,VIA ANTONIO STOPPANI,VIA ANTONIO STOPPANI,,,Scontro laterale fra veicoli in marcia,Incrocio,Una carreggiata a doppio senso,Asciutto,Asfaltata,Verticale ed orizzontale,Sereno,Normale,Buona,Ore Diurne,0,0,0,3,12.4918,41.9228,-1,1,Autovettura privata,In marcia / fermata / arresto,Conducente,F,Illeso,0,,,,,
3932029,2,24/07/2018 17:20:00,Strada Urbana,VIALE PARIOLI,all'intersezione con,VIA ANTONIO STOPPANI,VIA ANTONIO STOPPANI,,,Scontro laterale fra veicoli in marcia,Incrocio,Una carreggiata a doppio senso,Asciutto,Asfaltata,Verticale ed orizzontale,Sereno,Normale,Buona,Ore Diurne,0,0,0,3,12.4918,41.9228,-1,1,Autovettura privata,In marcia / fermata / arresto,Passeggero,F,Illeso,0,,,,,
3932029,2,24/07/2018 17:20:00,Strada Urbana,VIALE PARIOLI,all'intersezione con,VIA ANTONIO STOPPANI,VIA ANTONIO STOPPANI,,,Scontro laterale fra veicoli in marcia,Incrocio,Una carreggiata a doppio senso,Asciutto,Asfaltata,Verticale ed orizzontale,Sereno,Normale,Buona,Ore Diurne,0,0,0,3,12.4918,41.9228,-1,2,Autobus di linea,In marcia / fermata / arresto,Conducente,M,Illeso,0,,,,,
3932157,4,24/07/2018 19:30:00,Strada Urbana,VIA DELLA BUFALOTTA,in prossimit�,,del civico n.,550,,Scontro frontale/laterale SX fra veicoli in marcia,Rettilineo,Una carreggiata a doppio senso,Asciutto,Asfaltata,Verticale ed orizzontale,Sereno,Scarso,Buona,Ore Diurne,0,0,0,1,12.5457,41.9578,-1,1,Motociclo a solo,In marcia / fermata / arresto,Conducente,M,Illeso,0,,Non accertato,,,
3932161,19,25/07/2018 10:40:00,Strada Urbana,VIA DELLA RISERVA GRANDE,all'intersezione con,VIA SANTI MARTIRI DI SELVA CANDIDA,VIA SANTI MARTIRI DI SELVA CANDIDA,,,Scontro frontale/laterale SX fra veicoli in marcia,Incrocio,Una carreggiata a doppio senso,Asciutto,Asfaltata,Verticale ed orizzontale,Sereno,Normale,Buona,Ore Diurne,0,0,0,3,12.3745,41.9466,-1,1,Autovettura privata,In marcia / fermata / arresto,Conducente,F,Illeso,0,,Non accertato,Inesploso,,
3932161,19,25/07/2018 10:40:00,Strada Urbana,VIA DELLA RISERVA GRANDE,all'intersezione con,VIA SANTI MARTIRI DI SELVA CANDIDA,VIA SANTI MARTIRI DI SELVA CANDIDA,,,Scontro frontale/laterale SX fra veicoli in marcia,Incrocio,Una carreggiata a doppio senso,Asciutto,Asfaltata,Verticale ed orizzontale,Sereno,Normale,Buona,Ore Diurne,0,0,0,3,12.3745,41.9466,-1,1,Autovettura privata,In marcia / fermata / arresto,Passeggero,M,Illeso,0,,Non accertato,Inesploso,,
3932161,19,25/07/2018 10:40:00,Strada Urbana,VIA DELLA RISERVA GRANDE,all'intersezione con,VIA SANTI MARTIRI DI SELVA CANDIDA,VIA SANTI MARTIRI DI SELVA CANDIDA,,,Scontro frontale/laterale SX fra veicoli in marcia,Incrocio,Una carreggiata a doppio senso,Asciutto,Asfaltata,Verticale ed orizzontale,Sereno,Normale,Buona,Ore Diurne,0,0,0,3,12.3745,41.9466,-1,2,Autovettura privata,In marcia / fermata / arresto,Conducente,F,Illeso,0,,Non accertato,Inesploso,,
3932191,12,25/07/2018 10:30:00,Strada Urbana,VIALE DELL'UMANESIMO,all'intersezione semaforizzata con,PIAZZALE DELL'UMANESIMO,PIAZZALE DELL'UMANESIMO,,,Tamponamento,Intersezione semaforizzata,Una carreggiata a doppio senso,Asciutto,Asfaltata,Verticale ed orizzontale,Sereno,Normale,Buona,Ore Diurne,0,0,0,3,12.472,41.8226,-1,1,Autovettura privata,In marcia / fermata / arresto,Conducente,M,Illeso,0,,Utilizzato,Inesploso,,
3932191,12,25/07/2018 10:30:00,Strada Urbana,VIALE DELL'UMANESIMO,all'intersezione semaforizzata con,PIAZZALE DELL'UMANESIMO,PIAZZALE DELL'UMANESIMO,,,Tamponamento,Intersezione semaforizzata,Una carreggiata a doppio senso,Asciutto,Asfaltata,Verticale ed orizzontale,Sereno,Normale,Buona,Ore Diurne,0,0,0,3,12.472,41.8226,-1,2,Autocarro inferiore 35 q.,In marcia / fermata / arresto,Conducente,M,Illeso,0,,Utilizzato,Inesistente,,
3932191,12,25/07/2018 10:30:00,Strada Urbana,VIALE DELL'UMANESIMO,all'intersezione semaforizzata con,PIAZZALE DELL'UMANESIMO,PIAZZALE DELL'UMANESIMO,,,Tamponamento,Intersezione semaforizzata,Una carreggiata a doppio senso,Asciutto,Asfaltata,Verticale ed orizzontale,Sereno,Normale,Buona,Ore Diurne,0,0,0,3,12.472,41.8226,-1,2,Autocarro inferiore 35 q.,In marcia / fermata / arresto,Passeggero,M,Illeso,0,,Utilizzato,Inesistente,,
3932313,6,25/07/2018 11:40:00,Strada Urbana,VIA TEANO,in corrispondenza,,del civico n.,38,,Tamponamento,Rettilineo,Una carreggiata a doppio senso,Asciutto,Asfaltata,Assente,Sereno,Normale,Buona,Ore Diurne,1,0,0,2,12.5479,41.8896,-1,1,Autovettura privata,In marcia / fermata / arresto,Conducente,M,Illeso,0,,Non accertato,Inesploso,,
3932313,6,25/07/2018 11:40:00,Strada Urbana,VIA TEANO,in corrispondenza,,del civico n.,38,,Tamponamento,Rettilineo,Una carreggiata a doppio senso,Asciutto,Asfaltata,Assente,Sereno,Normale,Buona,Ore Diurne,1,0,0,2,12.5479,41.8896,-1,1,Autovettura privata,In marcia / fermata / arresto,Passeggero,F,Illeso,0,,Non accertato,Inesploso,,
3932313,6,25/07/2018 11:40:00,Strada Urbana,VIA TEANO,in corrispondenza,,del civico n.,38,,Tamponamento,Rettilineo,Una carreggiata a doppio senso,Asciutto,Asfaltata,Assente,Sereno,Normale,Buona,Ore Diurne,1,0,0,2,12.5479,41.8896,-1,2,Autovettura privata,In marcia / fermata / arresto,Conducente,M,Ricoverato,0,NON DECEDUTO,Non accertato,Inesploso,,
3932336,10,25/07/2018 11:25:00,Statale entro l'abitato,VIA APPIA NUOVA,da specificare,,,, svincolo dir. Albano altezza GRA,Scontro laterale fra veicoli in marcia,Rettilineo,Una carreggiata a senso unico di marcia,Asciutto,Asfaltata,Orizzontale,Sereno,Normale,Sufficiente,Ore Diurne,0,0,0,2,12.5599,41.8264,-1,1,Autovettura privata,In marcia / fermata / arresto,Conducente,M,Illeso,0,,Non accertato,Inesploso,,
3932336,10,25/07/2018 11:25:00,Statale entro l'abitato,VIA APPIA NUOVA,da specificare,,,, svincolo dir. Albano altezza GRA,Scontro laterale fra veicoli in marcia,Rettilineo,Una carreggiata a senso unico di marcia,Asciutto,Asfaltata,Orizzontale,Sereno,Normale,Sufficiente,Ore Diurne,0,0,0,2,12.5599,41.8264,-1,2,Autoarticolato,In marcia / fermata / arresto,Conducente,M,Illeso,0,,Non accertato,Inesploso,,
3932366,9,25/07/2018 07:50:00,Strada Urbana,VIA PINEROLO,in prossimit�,,del civico n.,49,,Scontro laterale fra veicoli in marcia,Rettilineo,Una carreggiata a doppio senso,Asciutto,Asfaltata,Assente,Sereno,Intenso,Buona,Ore Diurne,0,0,0,2,12.5164,41.8833,-1,1,Autovettura privata,In marcia / fermata / arresto,Conducente,M,Illeso,0,,Non accertato,Inesploso,,
3932366,9,25/07/2018 07:50:00,Strada Urbana,VIA PINEROLO,in prossimit�,,del civico n.,49,,Scontro laterale fra veicoli in marcia,Rettilineo,Una carreggiata a doppio senso,Asciutto,Asfaltata,Assente,Sereno,Intenso,Buona,Ore Diurne,0,0,0,2,12.5164,41.8833,-1,2,Autovettura privata,In marcia / fermata / arresto,Conducente,M,Illeso,0,,Non accertato,Inesploso,,
3932367,4,25/07/2018 02:20:00,Statale,VIA FLAMINIA,in prossimit�,,del civico n.,860,,Ribaltamento senza urto contro ostacolo fisso,Rettilineo,Due carreggiate,Asciutto,Asfaltata,Orizzontale,Sereno,Scarso,Buona,Sufficiente,1,0,0,0,12.4849,41.9551,-1,1,Autovettura privata,In marcia / fermata / arresto,Conducente,F,Rimandato,0,NON DECEDUTO,Non accertato,,,
3932395,16,24/07/2018 09:45:00,Strada Urbana,VIA DEL FOSSO DI BRAVETTA,in prossimit�,,del civico n.,32,,Scontro frontale/laterale SX fra veicoli in marcia,Rettilineo,Una carreggiata a doppio senso,Asciutto,Asfaltata,Verticale ed orizzontale,Sereno,Normale,Buona,Ore Diurne,1,0,0,1,12.4161,41.8741,-1,1,Motociclo a solo,In marcia / fermata / arresto,Conducente,M,Rimandato,0,NON DECEDUTO,Non accertato,,,
3932395,16,24/07/2018 09:45:00,Strada Urbana,VIA DEL FOSSO DI BRAVETTA,in prossimit�,,del civico n.,32,,Scontro frontale/laterale SX fra veicoli in marcia,Rettilineo,Una carreggiata a doppio senso,Asciutto,Asfaltata,Verticale ed orizzontale,Sereno,Normale,Buona,Ore Diurne,1,0,0,1,12.4161,41.8741,-1,2,Autovettura privata,In marcia / fermata / arresto,Conducente,M,Illeso,0,,Non accertato,Inesploso,,
3932456,10,25/07/2018 12:00:00,Strada Urbana,VIA DEI SETTE METRI,all'intersezione con,VIA DEL FONTANILE ANAGNINO,VIA DEL FONTANILE ANAGNINO,,,Scontro frontale/laterale DX fra veicoli in marcia,Incrocio,Una carreggiata a doppio senso,Asciutto,Asfaltata,Verticale ed orizzontale,Sereno,Normale,Buona,Ore Diurne,0,0,0,2,12.6058,41.8143,-1,1,Autovettura privata,In marcia / fermata / arresto,Conducente,M,Illeso,0,,Non accertato,Inesploso,,
3932456,10,25/07/2018 12:00:00,Strada Urbana,VIA DEI SETTE METRI,all'intersezione con,VIA DEL FONTANILE ANAGNINO,VIA DEL FONTANILE ANAGNINO,,,Scontro frontale/laterale DX fra veicoli in marcia,Incrocio,Una carreggiata a doppio senso,Asciutto,Asfaltata,Verticale ed orizzontale,Sereno,Normale,Buona,Ore Diurne,0,0,0,2,12.6058,41.8143,-1,2,Autovettura privata,In marcia / fermata / arresto,Conducente,M,Illeso,0,,Non accertato,Inesploso,,
3932510,16,24/07/2018 18:10:00,,VIALE DEI COLLI PORTUENSI,in corrispondenza,,del civico n.,142,,Veicolo in marcia contro veicolo fermo,,,,,,,,,,0,0,0,4,12.4431,41.8705,0,1,Motociclo con passeggero,In marcia / fermata / arresto,Conducente,M,Illeso,0,,Non accertato,,,
3932510,16,24/07/2018 18:10:00,,VIALE DEI COLLI PORTUENSI,in corrispondenza,,del civico n.,142,,Veicolo in marcia contro veicolo fermo,,,,,,,,,,0,0,0,4,12.4431,41.8705,0,1,Motociclo con passeggero,In marcia / fermata / arresto,Passeggero,M,Illeso,0,,Non accertato,,,
3932510,16,24/07/2018 18:10:00,,VIALE DEI COLLI PORTUENSI,in corrispondenza,,del civico n.,142,,Veicolo in marcia contro veicolo fermo,,,,,,,,,,0,0,0,4,12.4431,41.8705,0,2,Autovettura privata,Sosta,Conducente,M,Illeso,0,,Non accertato,Inesploso,,
3932510,16,24/07/2018 18:10:00,,VIALE DEI COLLI PORTUENSI,in corrispondenza,,del civico n.,142,,Veicolo in marcia contro veicolo fermo,,,,,,,,,,0,0,0,4,12.4431,41.8705,0,3,Autovettura privata,In marcia / fermata / arresto,Conducente,M,Illeso,0,,Non accertato,Inesploso,,
3932513,20,25/07/2018 12:45:00,Strada Urbana,VIA DELLA CAMILLUCCIA,in prossimit�,,del civico n.,603,,Tamponamento,Rettilineo,Una carreggiata a doppio senso,Asciutto,Asfaltata,Verticale ed orizzontale,Sereno,Normale,Buona,Ore Diurne,1,0,0,1,12.4504,41.9442,-1,1,Autovettura privata,In marcia / fermata / arresto,Conducente,F,Illeso,0,,Non accertato,Inesploso,,
3932513,20,25/07/2018 12:45:00,Strada Urbana,VIA DELLA CAMILLUCCIA,in prossimit�,,del civico n.,603,,Tamponamento,Rettilineo,Una carreggiata a doppio senso,Asciutto,Asfaltata,Verticale ed orizzontale,Sereno,Normale,Buona,Ore Diurne,1,0,0,1,12.4504,41.9442,-1,2,Motociclo a solo,In marcia / fermata / arresto,Conducente,M,Ricoverato,0,NON DECEDUTO,Non accertato,,,
3932580,12,20/07/2018 16:45:00,Regionale,VIA PONTINA,da specificare,,,,km 20.700 dir. Pomezia,Tamponamento Multiplo,Rettilineo,Due carreggiate,Asciutto,Asfaltata,Verticale ed orizzontale,Sereno,Intenso,Buona,Ore Diurne,1,0,0,3,12.7986,41.5088,-1,1,Autovettura privata,In marcia / fermata / arresto,Conducente,M,Illeso,0,,,,,
3932580,12,20/07/2018 16:45:00,Regionale,VIA PONTINA,da specificare,,,,km 20.700 dir. Pomezia,Tamponamento Multiplo,Rettilineo,Due carreggiate,Asciutto,Asfaltata,Verticale ed orizzontale,Sereno,Intenso,Buona,Ore Diurne,1,0,0,3,12.7986,41.5088,-1,2,Autovettura privata,In marcia / fermata / arresto,Conducente,M,Illeso,0,,,,,
3932580,12,20/07/2018 16:45:00,Regionale,VIA PONTINA,da specificare,,,,km 20.700 dir. Pomezia,Tamponamento Multiplo,Rettilineo,Due carreggiate,Asciutto,Asfaltata,Verticale ed orizzontale,Sereno,Intenso,Buona,Ore Diurne,1,0,0,3,12.7986,41.5088,-1,2,Autovettura privata,In marcia / fermata / arresto,Passeggero,M,Illeso,0,,,,,
3932580,12,20/07/2018 16:45:00,Regionale,VIA PONTINA,da specificare,,,,km 20.700 dir. Pomezia,Tamponamento Multiplo,Rettilineo,Due carreggiate,Asciutto,Asfaltata,Verticale ed orizzontale,Sereno,Intenso,Buona,Ore Diurne,1,0,0,3,12.7986,41.5088,-1,3,Autovettura privata,In marcia / fermata / arresto,Conducente,M,Rimandato,0,NON DECEDUTO,,,,
3932621,19,25/07/2018 13:20:00,Strada Urbana,VIA CESARE CASTIGLIONI,all'intersezione con,VIA SEBASTIANO VINCI,VIA SEBASTIANO VINCI,,,Scontro laterale fra veicoli in marcia,Incrocio,Una carreggiata a doppio senso,Asciutto,Asfaltata,Verticale ed orizzontale,Sereno,Normale,Buona,Ore Diurne,1,0,0,2,12.4217,41.9379,-1,1,Autovettura privata,In marcia / fermata / arresto,Conducente,F,Illeso,0,,,,,
3932621,19,25/07/2018 13:20:00,Strada Urbana,VIA CESARE CASTIGLIONI,all'intersezione con,VIA SEBASTIANO VINCI,VIA SEBASTIANO VINCI,,,Scontro laterale fra veicoli in marcia,Incrocio,Una carreggiata a doppio senso,Asciutto,Asfaltata,Verticale ed orizzontale,Sereno,Normale,Buona,Ore Diurne,1,0,0,2,12.4217,41.9379,-1,1,Autovettura privata,In marcia / fermata / arresto,Passeggero,F,Illeso,0,,,,,
3932621,19,25/07/2018 13:20:00,Strada Urbana,VIA CESARE CASTIGLIONI,all'intersezione con,VIA SEBASTIANO VINCI,VIA SEBASTIANO VINCI,,,Scontro laterale fra veicoli in marcia,Incrocio,Una carreggiata a doppio senso,Asciutto,Asfaltata,Verticale ed orizzontale,Sereno,Normale,Buona,Ore Diurne,1,0,0,2,12.4217,41.9379,-1,2,Motociclo a solo,In marcia / fermata / arresto,Conducente,F,Rimandato,0,NON DECEDUTO,,,,
3932638,12,21/07/2018 04:10:00,Strada Urbana,VIA MONTAIGNE,da specificare,,,,ALT.PALO ACEA N.6,Scontro frontale/laterale SX fra veicoli in marcia,Rettilineo,Una carreggiata a doppio senso,Asciutto,Asfaltata,Verticale ed orizzontale,Sereno,Scarso,Buona,Sufficiente,0,0,0,3,12.4733,41.8334,-1,1,Autovettura privata,In marcia / fermata / arresto,Conducente,M,Illeso,0,,Utilizzato,Inesploso,,
3932638,12,21/07/2018 04:10:00,Strada Urbana,VIA MONTAIGNE,da specificare,,,,ALT.PALO ACEA N.6,Scontro frontale/laterale SX fra veicoli in marcia,Rettilineo,Una carreggiata a doppio senso,Asciutto,Asfaltata,Verticale ed orizzontale,Sereno,Scarso,Buona,Sufficiente,0,0,0,3,12.4733,41.8334,-1,1,Autovettura privata,In marcia / fermata / arresto,Passeggero,M,Illeso,0,,,,,
3932638,12,21/07/2018 04:10:00,Strada Urbana,VIA MONTAIGNE,da specificare,,,,ALT.PALO ACEA N.6,Scontro frontale/laterale SX fra veicoli in marcia,Rettilineo,Una carreggiata a doppio senso,Asciutto,Asfaltata,Verticale ed orizzontale,Sereno,Scarso,Buona,Sufficiente,0,0,0,3,12.4733,41.8334,-1,2,Autovettura privata,In marcia / fermata / arresto,Conducente,M,Illeso,0,,Utilizzato,Inesploso,,
3932659,12,21/07/2018 23:10:00,Strada Urbana,VIA CRISTOFORO COLOMBO,all'intersezione con,VIA OROPA,VIA OROPA,,,Scontro frontale/laterale SX fra veicoli in marcia,Intersezione semaforizzata,Pi� di due carreggiate,Asciutto,Asfaltata,Verticale ed orizzontale,Sereno,Intenso,Buona,Sufficiente,2,0,0,4,12.4808,41.8476,-1,1,Autovettura privata,In marcia / fermata / arresto,Conducente,M,Illeso,0,,Non accertato,Inesploso,,
3932659,12,21/07/2018 23:10:00,Strada Urbana,VIA CRISTOFORO COLOMBO,all'intersezione con,VIA OROPA,VIA OROPA,,,Scontro frontale/laterale SX fra veicoli in marcia,Intersezione semaforizzata,Pi� di due carreggiate,Asciutto,Asfaltata,Verticale ed orizzontale,Sereno,Intenso,Buona,Sufficiente,2,0,0,4,12.4808,41.8476,-1,1,Autovettura privata,In marcia / fermata / arresto,Passeggero,F,Illeso,0,,Non accertato,Inesploso,,
3932659,12,21/07/2018 23:10:00,Strada Urbana,VIA CRISTOFORO COLOMBO,all'intersezione con,VIA OROPA,VIA OROPA,,,Scontro frontale/laterale SX fra veicoli in marcia,Intersezione semaforizzata,Pi� di due carreggiate,Asciutto,Asfaltata,Verticale ed orizzontale,Sereno,Intenso,Buona,Sufficiente,2,0,0,4,12.4808,41.8476,-1,1,Autovettura privata,In marcia / fermata / arresto,Passeggero,M,Rimandato,0,NON DECEDUTO,Non accertato,Inesploso,,
3932659,12,21/07/2018 23:10:00,Strada Urbana,VIA CRISTOFORO COLOMBO,all'intersezione con,VIA OROPA,VIA OROPA,,,Scontro frontale/laterale SX fra veicoli in marcia,Intersezione semaforizzata,Pi� di due carreggiate,Asciutto,Asfaltata,Verticale ed orizzontale,Sereno,Intenso,Buona,Sufficiente,2,0,0,4,12.4808,41.8476,-1,1,Autovettura privata,In marcia / fermata / arresto,Passeggero,F,Rimandato,0,NON DECEDUTO,Non accertato,Inesploso,,
3932659,12,21/07/2018 23:10:00,Strada Urbana,VIA CRISTOFORO COLOMBO,all'intersezione con,VIA OROPA,VIA OROPA,,,Scontro frontale/laterale SX fra veicoli in marcia,Intersezione semaforizzata,Pi� di due carreggiate,Asciutto,Asfaltata,Verticale ed orizzontale,Sereno,Intenso,Buona,Sufficiente,2,0,0,4,12.4808,41.8476,-1,2,Autovettura privata,In marcia / fermata / arresto,Conducente,M,Illeso,0,,Non accertato,Inesploso,,
3932659,12,21/07/2018 23:10:00,Strada Urbana,VIA CRISTOFORO COLOMBO,all'intersezione con,VIA OROPA,VIA OROPA,,,Scontro frontale/laterale SX fra veicoli in marcia,Intersezione semaforizzata,Pi� di due carreggiate,Asciutto,Asfaltata,Verticale ed orizzontale,Sereno,Intenso,Buona,Sufficiente,2,0,0,4,12.4808,41.8476,-1,2,Autovettura privata,In marcia / fermata / arresto,Passeggero,M,Illeso,0,,Non accertato,Inesploso,,