Protocollo,Gruppo,DataOraIncidente,Localizzazione1,STRADA1,Localizzazione2,STRADA2,Strada02,Chilometrica,DaSpecificare,NaturaIncidente,particolaritastrade,TipoStrada,FondoStradale,Pavimentazione,Segnaletica,CondizioneAtmosferica,Traffico,Visibilita,Illuminazione,NUM_FERITI,NUM_RISERVATA,NUM_MORTI,NUM_ILLESI,Longitudine,Latitudine,Confermato,Progressivo,TipoVeicolo,StatoVeicolo,TipoPersona,Sesso,Tipolesione,Deceduto,DecedutoDopo,CinturaCascoUtilizzato,Airbag,,
3932668,20,25/07/2018 14:10:00,Strada Urbana,VIA MONTEFIASCONE,all'intersezione con,VIA BAGNOREGIO,VIA BAGNOREGIO,,,Scontro laterale fra veicoli in marcia,Intersezione stradale segnalata,Una carreggiata a doppio senso,Asciutto,Asfaltata,Verticale ed orizzontale,Sereno,Scarso,Buona,Ore Diurne,0,0,0,3,12.442,41.9717,-1,1,Autocarro inferiore 35 q.,In marcia / fermata / arresto,Conducente,M,Illeso,0,,Non accertato,Inesploso,,
3932668,20,25/07/2018 14:10:00,Strada Urbana,VIA MONTEFIASCONE,all'intersezione con,VIA BAGNOREGIO,VIA BAGNOREGIO,,,Scontro laterale fra veicoli in marcia,Intersezione stradale segnalata,Una carreggiata a doppio senso,Asciutto,Asfaltata,Verticale ed orizzontale,Sereno,Scarso,Buona,Ore Diurne,0,0,0,3,12.442,41.9717,-1,2,Autovettura privata,In marcia / fermata / arresto,Conducente,M,Illeso,0,,Non accertato,Inesploso,,
3932668,20,25/07/2018 14:10:00,Strada Urbana,VIA MONTEFIASCONE,all'intersezione con,VIA BAGNOREGIO,VIA BAGNOREGIO,,,Scontro laterale fra veicoli in marcia,Intersezione stradale segnalata,Una carreggiata a doppio senso,Asciutto,Asfaltata,Verticale ed orizzontale,Sereno,Scarso,Buona,Ore Diurne,0,0,0,3,12.442,41.9717,-1,2,Autovettura privata,In marcia / fermata / arresto,Passeggero,F,Illeso,0,,Non accertato,Inesploso,,
3932679,12,22/07/2018 19:15:00,Strada Urbana,VIALE DELL'OCEANO ATLANTICO,all'intersezione con,VIALE CESARE PAVESE,VIALE CESARE PAVESE,,,Tamponamento,Intersezione semaforizzata,Due carreggiate,Asciutto,Asfaltata,Verticale ed orizzontale,Sereno,Normale,Buona,Ore Diurne,1,0,0,3,12.4675,41.8193,-1,1,Autovettura privata,In marcia / fermata / arresto,Conducente,F,Illeso,0,,,,,
3932679,12,22/07/2018 19:15:00,Strada Urbana,VIALE DELL'OCEANO ATLANTICO,all'intersezione con,VIALE CESARE PAVESE,VIALE CESARE PAVESE,,,Tamponamento,Intersezione semaforizzata,Due carreggiate,Asciutto,Asfaltata,Verticale ed orizzontale,Sereno,Normale,Buona,Ore Diurne,1,0,0,3,12.4675,41.8193,-1,1,Autovettura privata,In marcia / fermata / arresto,Passeggero,F,Illeso,0,,,,,
3932679,12,22/07/2018 19:15:00,Strada Urbana,VIALE DELL'OCEANO ATLANTICO,all'intersezione con,VIALE CESARE PAVESE,VIALE CESARE PAVESE,,,Tamponamento,Intersezione semaforizzata,Due carreggiate,Asciutto,Asfaltata,Verticale ed orizzontale,Sereno,Normale,Buona,Ore Diurne,1,0,0,3,12.4675,41.8193,-1,2,Autovettura privata,In marcia / fermata / arresto,Conducente,M,Illeso,0,,,Esploso,,
3932679,12,22/07/2018 19:15:00,Strada Urbana,VIALE DELL'OCEANO ATLANTICO,all'intersezione con,VIALE CESARE PAVESE,VIALE CESARE PAVESE,,,Tamponamento,Intersezione semaforizzata,Due carreggiate,Asciutto,Asfaltata,Verticale ed orizzontale,Sereno,Normale,Buona,Ore Diurne,1,0,0,3,12.4675,41.8193,-1,2,Autovettura privata,In marcia / fermata / arresto,Passeggero,F,Rimandato,0,NON DECEDUTO,,,,
3932714,12,22/07/2018 18:45:00,Provinciale,VIA LAURENTINA,da specificare,,,,DIR. ROMA KM 19,0,Tamponamento,Rettilineo,Una carreggiata a doppio senso,Asciutto,Asfaltata,Verticale ed orizzontale,Sereno,Scarso,Buona,Ore Diurne,0,0,0,8,12.4853,41.8102,-1,1,Autovettura privata,In marcia / fermata / arresto,Conducente,M,Illeso,0,,,,
3932714,12,22/07/2018 18:45:00,Provinciale,VIA LAURENTINA,da specificare,,,,DIR. ROMA KM 19,0,Tamponamento,Rettilineo,Una carreggiata a doppio senso,Asciutto,Asfaltata,Verticale ed orizzontale,Sereno,Scarso,Buona,Ore Diurne,0,0,0,8,12.4853,41.8102,-1,1,Autovettura privata,In marcia / fermata / arresto,Passeggero,M,Illeso,0,,,,
3932714,12,22/07/2018 18:45:00,Provinciale,VIA LAURENTINA,da specificare,,,,DIR. ROMA KM 19,0,Tamponamento,Rettilineo,Una carreggiata a doppio senso,Asciutto,Asfaltata,Verticale ed orizzontale,Sereno,Scarso,Buona,Ore Diurne,0,0,0,8,12.4853,41.8102,-1,1,Autovettura privata,In marcia / fermata / arresto,Passeggero,F,Illeso,0,,,,
3932714,12,22/07/2018 18:45:00,Provinciale,VIA LAURENTINA,da specificare,,,,DIR. ROMA KM 19,0,Tamponamento,Rettilineo,Una carreggiata a doppio senso,Asciutto,Asfaltata,Verticale ed orizzontale,Sereno,Scarso,Buona,Ore Diurne,0,0,0,8,12.4853,41.8102,-1,2,Autovettura privata,In marcia / fermata / arresto,Conducente,M,Illeso,0,,,,
3932714,12,22/07/2018 18:45:00,Provinciale,VIA LAURENTINA,da specificare,,,,DIR. ROMA KM 19,0,Tamponamento,Rettilineo,Una carreggiata a doppio senso,Asciutto,Asfaltata,Verticale ed orizzontale,Sereno,Scarso,Buona,Ore Diurne,0,0,0,8,12.4853,41.8102,-1,2,Autovettura privata,In marcia / fermata / arresto,Passeggero,F,Illeso,0,,,,
3932714,12,22/07/2018 18:45:00,Provinciale,VIA LAURENTINA,da specificare,,,,DIR. ROMA KM 19,0,Tamponamento,Rettilineo,Una carreggiata a doppio senso,Asciutto,Asfaltata,Verticale ed orizzontale,Sereno,Scarso,Buona,Ore Diurne,0,0,0,8,12.4853,41.8102,-1,2,Autovettura privata,In marcia / fermata / arresto,Passeggero,M,Illeso,0,,,,
3932714,12,22/07/2018 18:45:00,Provinciale,VIA LAURENTINA,da specificare,,,,DIR. ROMA KM 19,0,Tamponamento,Rettilineo,Una carreggiata a doppio senso,Asciutto,Asfaltata,Verticale ed orizzontale,Sereno,Scarso,Buona,Ore Diurne,0,0,0,8,12.4853,41.8102,-1,2,Autovettura privata,In marcia / fermata / arresto,Passeggero,M,Illeso,0,,,,
3932714,12,22/07/2018 18:45:00,Provinciale,VIA LAURENTINA,da specificare,,,,DIR. ROMA KM 19,0,Tamponamento,Rettilineo,Una carreggiata a doppio senso,Asciutto,Asfaltata,Verticale ed orizzontale,Sereno,Scarso,Buona,Ore Diurne,0,0,0,8,12.4853,41.8102,-1,2,Autovettura privata,In marcia / fermata / arresto,Passeggero,M,Illeso,0,,,,
3932724,1,25/07/2018 10:15:00,Strada Urbana,VIA BOCCA DI LEONE,in corrispondenza,,del civico n.,18A,,Veicolo in marcia contro ostacolo accidentale,Rettilineo,Una carreggiata a senso unico di marcia,Asciutto,In cubetti di porfido,Verticale,Sereno,Scarso,Buona,Ore Diurne,0,0,0,1,12.4806,41.9049,-1,1,Motociclo a solo,In marcia / fermata / arresto,Conducente,M,Illeso,0,,Non accertato,,,
3932730,1,25/07/2018 08:20:00,Strada Urbana,LUNGOTEVERE RIPA,da specificare,,,,altezza VIA DEI VASCELLARI,Tamponamento,Curva a visuale libera,Una carreggiata a senso unico di marcia,Asciutto,Asfaltata,Verticale ed orizzontale,Sereno,Normale,Buona,Ore Diurne,1,0,0,1,12.4788,41.888,-1,1,Autovettura privata,In marcia / fermata / arresto,Conducente,F,Illeso,0,,Non accertato,Inesploso,,
3932730,1,25/07/2018 08:20:00,Strada Urbana,LUNGOTEVERE RIPA,da specificare,,,,altezza VIA DEI VASCELLARI,Tamponamento,Curva a visuale libera,Una carreggiata a senso unico di marcia,Asciutto,Asfaltata,Verticale ed orizzontale,Sereno,Normale,Buona,Ore Diurne,1,0,0,1,12.4788,41.888,-1,2,Motociclo a solo,In marcia / fermata / arresto,Conducente,F,Rifiuta cure immediate,0,NON DECEDUTO,Non accertato,,,
3932751,3,24/07/2018 18:10:00,Strada Urbana,VIALE REGINA ELENA,all'intersezione semaforizzata con,VIALE DELL'UNIVERSITA',VIALE DELL'UNIVERSITA',,,Infortunio per sola frenata improvvisa,Intersezione semaforizzata,Pi� di due carreggiate,Asciutto,Asfaltata,Verticale ed orizzontale,Sereno,Normale,Buona,Ore Diurne,1,0,0,1,12.5156,41.9056,-1,1,Autovettura privata,In marcia / fermata / arresto,Conducente,M,Illeso,0,,Non accertato,Inesploso,,
3932751,3,24/07/2018 18:10:00,Strada Urbana,VIALE REGINA ELENA,all'intersezione semaforizzata con,VIALE DELL'UNIVERSITA',VIALE DELL'UNIVERSITA',,,Infortunio per sola frenata improvvisa,Intersezione semaforizzata,Pi� di due carreggiate,Asciutto,Asfaltata,Verticale ed orizzontale,Sereno,Normale,Buona,Ore Diurne,1,0,0,1,12.5156,41.9056,-1,2,Motociclo a solo,In marcia / fermata / arresto,Conducente,M,Rimandato,0,NON DECEDUTO,Non accertato,,,
3932818,12,22/07/2018 05:00:00,Provinciale,VIA OSTIENSE,da specificare,,,,ALT. PARCHEGGIO METRO MAGLIANA ,Scontro frontale/laterale DX fra veicoli in marcia,Curva a visuale libera,Una carreggiata a doppio senso,Asciutto,Asfaltata,Verticale ed orizzontale,Sereno,Scarso,Buona,Inesistente,1,0,0,3,12.4628,41.8397,-1,1,Autovettura privata,In marcia / fermata / arresto,Conducente,F,Illeso,0,,,,,
3932818,12,22/07/2018 05:00:00,Provinciale,VIA OSTIENSE,da specificare,,,,ALT. PARCHEGGIO METRO MAGLIANA ,Scontro frontale/laterale DX fra veicoli in marcia,Curva a visuale libera,Una carreggiata a doppio senso,Asciutto,Asfaltata,Verticale ed orizzontale,Sereno,Scarso,Buona,Inesistente,1,0,0,3,12.4628,41.8397,-1,1,Autovettura privata,In marcia / fermata / arresto,Passeggero,M,Rimandato,0,NON DECEDUTO,,,,
3932818,12,22/07/2018 05:00:00,Provinciale,VIA OSTIENSE,da specificare,,,,ALT. PARCHEGGIO METRO MAGLIANA ,Scontro frontale/laterale DX fra veicoli in marcia,Curva a visuale libera,Una carreggiata a doppio senso,Asciutto,Asfaltata,Verticale ed orizzontale,Sereno,Scarso,Buona,Inesistente,1,0,0,3,12.4628,41.8397,-1,1,Autovettura privata,In marcia / fermata / arresto,Passeggero,F,Illeso,0,,,Inesploso,,
3932818,12,22/07/2018 05:00:00,Provinciale,VIA OSTIENSE,da specificare,,,,ALT. PARCHEGGIO METRO MAGLIANA ,Scontro frontale/laterale DX fra veicoli in marcia,Curva a visuale libera,Una carreggiata a doppio senso,Asciutto,Asfaltata,Verticale ed orizzontale,Sereno,Scarso,Buona,Inesistente,1,0,0,3,12.4628,41.8397,-1,2,Autovettura privata,In marcia / fermata / arresto,Conducente,M,Illeso,0,,,,,
3932827,3,25/07/2018 03:30:00,Strada Urbana,VIA GIULIO FRASCHERI,da specificare,,,,civ 10,Veicolo in marcia contro veicoli in sosta,Rettilineo,Una carreggiata a senso unico di marcia,Asciutto,Asfaltata,Verticale ed orizzontale,Sereno,Scarso,Sufficiente,Sufficiente,0,0,0,1,12.4827,41.9927,-1,1,Autovettura privata,In marcia / fermata / arresto,Conducente,F,Illeso,0,,Non accertato,Inesploso,,
3932876,17,25/07/2018 01:45:00,Strada Urbana,PIAZZA DELLA ROVERE,all'intersezione semaforizzata con,PONTE PRINCIPE AMEDEO SAVOIA AOSTA,PONTE PRINCIPE AMEDEO SAVOIA AOSTA,,,Veicolo in marcia contro ostacolo fisso,Intersezione semaforizzata,Una carreggiata a senso unico di marcia,Asciutto,Asfaltata,Verticale ed orizzontale,Sereno,Scarso,Buona,Sufficiente,0,0,0,2,12.4626,41.899,-1,1,Autovettura privata,In marcia / fermata / arresto,Conducente,M,Illeso,0,,Non accertato,Esploso,,
3932876,17,25/07/2018 01:45:00,Strada Urbana,PIAZZA DELLA ROVERE,all'intersezione semaforizzata con,PONTE PRINCIPE AMEDEO SAVOIA AOSTA,PONTE PRINCIPE AMEDEO SAVOIA AOSTA,,,Veicolo in marcia contro ostacolo fisso,Intersezione semaforizzata,Una carreggiata a senso unico di marcia,Asciutto,Asfaltata,Verticale ed orizzontale,Sereno,Scarso,Buona,Sufficiente,0,0,0,2,12.4626,41.899,-1,1,Autovettura privata,In marcia / fermata / arresto,Passeggero,F,Illeso,0,,,,,
3932886,12,23/07/2018 03:50:00,Provinciale entro l'abitato,VIA LAURENTINA,da specificare,,,,ROTATORIA PROX VIA DI TOR PAGNOTTA DIR. GRA,Veicolo in marcia contro ostacolo fisso,Rotatoria,Due carreggiate,Asciutto,Asfaltata,Verticale ed orizzontale,Sereno,Scarso,Buona,Sufficiente,0,0,0,3,12.4822,41.8037,-1,1,Autovettura privata,In marcia / fermata / arresto,Conducente,M,Illeso,0,,Non accertato,Inesploso,,
3932886,12,23/07/2018 03:50:00,Provinciale entro l'abitato,VIA LAURENTINA,da specificare,,,,ROTATORIA PROX VIA DI TOR PAGNOTTA DIR. GRA,Veicolo in marcia contro ostacolo fisso,Rotatoria,Due carreggiate,Asciutto,Asfaltata,Verticale ed orizzontale,Sereno,Scarso,Buona,Sufficiente,0,0,0,3,12.4822,41.8037,-1,1,Autovettura privata,In marcia / fermata / arresto,Passeggero,F,Illeso,0,,Non accertato,Inesploso,,
3932886,12,23/07/2018 03:50:00,Provinciale entro l'abitato,VIA LAURENTINA,da specificare,,,,ROTATORIA PROX VIA DI TOR PAGNOTTA DIR. GRA,Veicolo in marcia contro ostacolo fisso,Rotatoria,Due carreggiate,Asciutto,Asfaltata,Verticale ed orizzontale,Sereno,Scarso,Buona,Sufficiente,0,0,0,3,12.4822,41.8037,-1,1,Autovettura privata,In marcia / fermata / arresto,Passeggero,M,Illeso,0,,Non accertato,Inesploso,,
3932891,10,25/07/2018 16:40:00,Provinciale entro l'abitato,VIA ANAGNINA,da specificare,,,,dir. grottaferrata prossimita rampa gra corsia int,Scontro frontale/laterale SX fra veicoli in marcia,Rettilineo,Una carreggiata a senso unico di marcia,Asciutto,Asfaltata,Verticale ed orizzontale,Sereno,Normale,Buona,Ore Diurne,0,0,0,3,12.5899,41.8383,-1,1,Autovettura privata,In marcia / fermata / arresto,Conducente,F,Illeso,0,,Non accertato,Inesploso,,
3932891,10,25/07/2018 16:40:00,Provinciale entro l'abitato,VIA ANAGNINA,da specificare,,,,dir. grottaferrata prossimita rampa gra corsia int,Scontro frontale/laterale SX fra veicoli in marcia,Rettilineo,Una carreggiata a senso unico di marcia,Asciutto,Asfaltata,Verticale ed orizzontale,Sereno,Normale,Buona,Ore Diurne,0,0,0,3,12.5899,41.8383,-1,2,Autovettura privata,In marcia / fermata / arresto,Conducente,M,Illeso,0,,Non accertato,Inesploso,,
3932891,10,25/07/2018 16:40:00,Provinciale entro l'abitato,VIA ANAGNINA,da specificare,,,,dir. grottaferrata prossimita rampa gra corsia int,Scontro frontale/laterale SX fra veicoli in marcia,Rettilineo,Una carreggiata a senso unico di marcia,Asciutto,Asfaltata,Verticale ed orizzontale,Sereno,Normale,Buona,Ore Diurne,0,0,0,3,12.5899,41.8383,-1,2,Autovettura privata,In marcia / fermata / arresto,Passeggero,F,Illeso,0,,Non accertato,Inesploso,,
3932902,20,25/07/2018 16:00:00,Strada Urbana,VIA FILACCIANO,da specificare,,,,altezza sopra passo via Flaminia,Veicolo in marcia contro ostacolo fisso,Rettilineo,Una carreggiata a senso unico di marcia,Asciutto,Asfaltata,Orizzontale,Sereno,Normale,Buona,Ore Diurne,0,0,0,1,12.4905,41.9763,-1,1,Autovettura privata,In marcia / fermata / arresto,Conducente,M,Illeso,0,,Non accertato,Inesploso,,
3932905,3,23/07/2018 19:50:00,Strada Urbana,CIRCONVALLAZIONE NOMENTANA,da specificare,,,,dir salaria alt sottopasso pedonale Via Livorno,Tamponamento,Sottopasso illuminato,Pi� di due carreggiate,Asciutto,Asfaltata,Verticale ed orizzontale,Sereno,Intenso,Buona,Ore Diurne,1,0,0,1,12.5272,41.9185,-1,1,Autovettura privata,In marcia / fermata / arresto,Conducente,F,Illeso,0,,Non accertato,Inesploso,,
3932905,3,23/07/2018 19:50:00,Strada Urbana,CIRCONVALLAZIONE NOMENTANA,da specificare,,,,dir salaria alt sottopasso pedonale Via Livorno,Tamponamento,Sottopasso illuminato,Pi� di due carreggiate,Asciutto,Asfaltata,Verticale ed orizzontale,Sereno,Intenso,Buona,Ore Diurne,1,0,0,1,12.5272,41.9185,-1,2,Motociclo a solo,In marcia / fermata / arresto,Conducente,M,Rimandato,0,NON DECEDUTO,Non accertato,,,
3932912,3,23/07/2018 07:20:00,Strada Urbana,VIA NOMENTANA,da specificare,,,,fr civ 56,Investimento di pedone,Rettilineo,Pi� di due carreggiate,Asciutto,Asfaltata,Verticale ed orizzontale,Nuvoloso,Normale,Buona,Ore Diurne,1,0,0,1,12.5728,41.9579,-1,,,,Pedone,M,Rimandato,0,NON DECEDUTO,,,,
3932912,3,23/07/2018 07:20:00,Strada Urbana,VIA NOMENTANA,da specificare,,,,fr civ 56,Investimento di pedone,Rettilineo,Pi� di due carreggiate,Asciutto,Asfaltata,Verticale ed orizzontale,Nuvoloso,Normale,Buona,Ore Diurne,1,0,0,1,12.5728,41.9579,-1,1,Motociclo a solo,In marcia / fermata / arresto,Conducente,M,Illeso,0,,Non accertato,,,
3932913,12,25/07/2018 17:30:00,Strada Urbana,PIAZZALE DELL'INDUSTRIA,in prossimit�,,del civico n.,40,,Scontro frontale/laterale SX fra veicoli in marcia,Rettilineo,Una carreggiata a doppio senso,Asciutto,Asfaltata,Verticale ed orizzontale,Sereno,Normale,Buona,Ore Diurne,0,0,0,2,12.474,41.8364,-1,1,Autovettura privata,In marcia / fermata / arresto,Conducente,M,Illeso,0,,Non accertato,Inesploso,,
3932913,12,25/07/2018 17:30:00,Strada Urbana,PIAZZALE DELL'INDUSTRIA,in prossimit�,,del civico n.,40,,Scontro frontale/laterale SX fra veicoli in marcia,Rettilineo,Una carreggiata a doppio senso,Asciutto,Asfaltata,Verticale ed orizzontale,Sereno,Normale,Buona,Ore Diurne,0,0,0,2,12.474,41.8364,-1,2,Autovettura privata,In marcia / fermata / arresto,Conducente,F,Illeso,0,,Non accertato,Inesploso,,
3932917,3,25/07/2018 08:00:00,Strada Urbana,VIALE IPPOCRATE,da specificare,,,,fronte civico 91/C,Scontro frontale/laterale SX fra veicoli in marcia,Rettilineo,Due carreggiate,Asciutto,Asfaltata,Verticale ed orizzontale,Sereno,Normale,Sufficiente,Ore Diurne,0,0,0,2,12.5181,41.9071,-1,1,Motociclo a solo,In marcia / fermata / arresto,Conducente,M,Illeso,0,,,,,
3932917,3,25/07/2018 08:00:00,Strada Urbana,VIALE IPPOCRATE,da specificare,,,,fronte civico 91/C,Scontro frontale/laterale SX fra veicoli in marcia,Rettilineo,Due carreggiate,Asciutto,Asfaltata,Verticale ed orizzontale,Sereno,Normale,Sufficiente,Ore Diurne,0,0,0,2,12.5181,41.9071,-1,2,Autovettura privata,In marcia / fermata / arresto,Conducente,F,Illeso,0,,Non accertato,,,
3932928,3,24/07/2018 08:45:00,Strada Urbana,VIALE DELL'UNIVERSITA',in prossimit�,,del civico n.,33,,Scontro frontale/laterale DX fra veicoli in marcia,Rettilineo,Una carreggiata a doppio senso,Asciutto,Asfaltata,Verticale ed orizzontale,Sereno,Normale,Buona,Ore Diurne,1,0,0,3,12.513,41.9051,-1,1,Autovettura privata,In marcia / fermata / arresto,Conducente,M,Illeso,0,,Non accertato,Inesploso,,
3932928,3,24/07/2018 08:45:00,Strada Urbana,VIALE DELL'UNIVERSITA',in prossimit�,,del civico n.,33,,Scontro frontale/laterale DX fra veicoli in marcia,Rettilineo,Una carreggiata a doppio senso,Asciutto,Asfaltata,Verticale ed orizzontale,Sereno,Normale,Buona,Ore Diurne,1,0,0,3,12.513,41.9051,-1,1,Autovettura privata,In marcia / fermata / arresto,Passeggero,F,Illeso,0,,Non accertato,Inesploso,,
3932928,3,24/07/2018 08:45:00,Strada Urbana,VIALE DELL'UNIVERSITA',in prossimit�,,del civico n.,33,,Scontro frontale/laterale DX fra veicoli in marcia,Rettilineo,Una carreggiata a doppio senso,Asciutto,Asfaltata,Verticale ed orizzontale,Sereno,Normale,Buona,Ore Diurne,1,0,0,3,12.513,41.9051,-1,1,Autovettura privata,In marcia / fermata / arresto,Passeggero,F,Illeso,0,,Non accertato,Inesploso,,
3932928,3,24/07/2018 08:45:00,Strada Urbana,VIALE DELL'UNIVERSITA',in prossimit�,,del civico n.,33,,Scontro frontale/laterale DX fra veicoli in marcia,Rettilineo,Una carreggiata a doppio senso,Asciutto,Asfaltata,Verticale ed orizzontale,Sereno,Normale,Buona,Ore Diurne,1,0,0,3,12.513,41.9051,-1,2,Motociclo a solo,In marcia / fermata / arresto,Conducente,M,Rimandato,0,NON DECEDUTO,Non accertato,,,
3932932,12,24/07/2018 21:30:00,Strada Urbana,VIA CRISTOFORO COLOMBO,da specificare,,,,DIR. ROMA ALT.PALO ACEA 541,Scontro laterale fra veicoli in marcia,Rettilineo,Due carreggiate,Asciutto,Asfaltata,Verticale ed orizzontale,Sereno,Normale,Buona,Sufficiente,1,0,0,1,12.4653,41.8226,-1,1,Autovettura privata,In marcia / fermata / arresto,Conducente,M,Illeso,0,,,,,
3932932,12,24/07/2018 21:30:00,Strada Urbana,VIA CRISTOFORO COLOMBO,da specificare,,,,DIR. ROMA ALT.PALO ACEA 541,Scontro laterale fra veicoli in marcia,Rettilineo,Due carreggiate,Asciutto,Asfaltata,Verticale ed orizzontale,Sereno,Normale,Buona,Sufficiente,1,0,0,1,12.4653,41.8226,-1,2,Motociclo a solo,In marcia / fermata / arresto,Conducente,M,Rimandato,0,NON DECEDUTO,Utilizzato,,,
3932933,3,24/07/2018 13:10:00,Strada Urbana,VIALE REGINA ELENA,da specificare,,,,fronte civico 285,Tamponamento Multiplo,Rettilineo,Pi� di due carreggiate,Asciutto,Asfaltata,Verticale ed orizzontale,Sereno,Normale,Buona,Ore Diurne,0,0,0,4,12.5123,41.9082,-1,1,Autovettura privata,In marcia / fermata / arresto,Conducente,F,Illeso,0,,Non accertato,,,
3932933,3,24/07/2018 13:10:00,Strada Urbana,VIALE REGINA ELENA,da specificare,,,,fronte civico 285,Tamponamento Multiplo,Rettilineo,Pi� di due carreggiate,Asciutto,Asfaltata,Verticale ed orizzontale,Sereno,Normale,Buona,Ore Diurne,0,0,0,4,12.5123,41.9082,-1,2,Autovettura privata,In marcia / fermata / arresto,Conducente,M,Illeso,0,,Non accertato,,,
3932933,3,24/07/2018 13:10:00,Strada Urbana,VIALE REGINA ELENA,da specificare,,,,fronte civico 285,Tamponamento Multiplo,Rettilineo,Pi� di due carreggiate,Asciutto,Asfaltata,Verticale ed orizzontale,Sereno,Normale,Buona,Ore Diurne,0,0,0,4,12.5123,41.9082,-1,2,Autovettura privata,In marcia / fermata / arresto,Passeggero,F,Illeso,0,,Non accertato,,,
3932933,3,24/07/2018 13:10:00,Strada Urbana,VIALE REGINA ELENA,da specificare,,,,fronte civico 285,Tamponamento Multiplo,Rettilineo,Pi� di due carreggiate,Asciutto,Asfaltata,Verticale ed orizzontale,Sereno,Normale,Buona,Ore Diurne,0,0,0,4,12.5123,41.9082,-1,3,Autovettura privata,In marcia / fermata / arresto,Conducente,M,Illeso,0,,Non accertato,,,
3932946,12,23/07/2018 00:20:00,Strada Urbana,VIA DI MEZZOCAMMINO,in prossimit�,,del civico n.,121/A,,Veicolo in marcia contro veicoli in sosta,Rettilineo,Una carreggiata a doppio senso,Asciutto,Asfaltata,Verticale ed orizzontale,Sereno,Scarso,Buona,Sufficiente,0,0,0,1,12.4292,41.786,-1,1,Autovettura privata,In marcia / fermata / arresto,Conducente,F,Illeso,0,,,,,
3932949,17,24/07/2018 17:25:00,Strada Urbana,VIA DELLE FOSSE DI CASTELLO,in prossimit�,,del civico n.,13,,Tamponamento Multiplo,Rettilineo,Una carreggiata a senso unico di marcia,Asciutto,Asfaltata,Verticale ed orizzontale,Sereno,Normale,Buona,Ore Diurne,1,0,0,3,12.4635,41.9039,-1,1,Autovettura pubblica,In marcia / fermata / arresto,Conducente,M,Rifiuta cure immediate,0,NON DECEDUTO,,,,
3932949,17,24/07/2018 17:25:00,Strada Urbana,VIA DELLE FOSSE DI CASTELLO,in prossimit�,,del civico n.,13,,Tamponamento Multiplo,Rettilineo,Una carreggiata a senso unico di marcia,Asciutto,Asfaltata,Verticale ed orizzontale,Sereno,Normale,Buona,Ore Diurne,1,0,0,3,12.4635,41.9039,-1,2,Autovettura privata,In marcia / fermata / arresto,Conducente,F,Illeso,0,,,,,
3932949,17,24/07/2018 17:25:00,Strada Urbana,VIA DELLE FOSSE DI CASTELLO,in prossimit�,,del civico n.,13,,Tamponamento Multiplo,Rettilineo,Una carreggiata a senso unico di marcia,Asciutto,Asfaltata,Verticale ed orizzontale,Sereno,Normale,Buona,Ore Diurne,1,0,0,3,12.4635,41.9039,-1,2,Autovettura privata,In marcia / fermata / arresto,Passeggero,F,Illeso,0,,,,,
3932949,17,24/07/2018 17:25:00,Strada Urbana,VIA DELLE FOSSE DI CASTELLO,in prossimit�,,del civico n.,13,,Tamponamento Multiplo,Rettilineo,Una carreggiata a senso unico di marcia,Asciutto,Asfaltata,Verticale ed orizzontale,Sereno,Normale,Buona,Ore Diurne,1,0,0,3,12.4635,41.9039,-1,3,Autovettura privata,In marcia / fermata / arresto,Conducente,F,Illeso,0,,,,,
3932997,17,24/07/2018 18:00:00,Strada Urbana,VIA ANGELO EMO,in corrispondenza,,del civico n.,21,,Scontro laterale fra veicoli in marcia,Rettilineo,Due carreggiate,Bagnato (pioggia),Asfaltata,Verticale ed orizzontale,Sereno,Normale,Buona,Ore Diurne,1,0,0,1,12.4485,41.9056,-1,1,Motociclo a solo,In marcia / fermata / arresto,Conducente,M,Rimandato,0,NON DECEDUTO,,,,
3932997,17,24/07/2018 18:00:00,Strada Urbana,VIA ANGELO EMO,in corrispondenza,,del civico n.,21,,Scontro laterale fra veicoli in marcia,Rettilineo,Due carreggiate,Bagnato (pioggia),Asfaltata,Verticale ed orizzontale,Sereno,Normale,Buona,Ore Diurne,1,0,0,1,12.4485,41.9056,-1,2,Autovettura privata,In marcia / fermata / arresto,Conducente,M,Illeso,0,,,,,
3933013,9,25/07/2018 16:45:00,Strada Urbana,VIA AOSTA,all'intersezione con,VIA FIDENZA,VIA FIDENZA,,,Investimento di pedone,Incrocio,Una carreggiata a doppio senso,Asciutto,Asfaltata,Verticale ed orizzontale,Sereno,Normale,Buona,Ore Diurne,2,0,0,0,12.5147,41.8835,-1,,,,Pedone,F,Rimandato,0,NON DECEDUTO,,,,
3933013,9,25/07/2018 16:45:00,Strada Urbana,VIA AOSTA,all'intersezione con,VIA FIDENZA,VIA FIDENZA,,,Investimento di pedone,Incrocio,Una carreggiata a doppio senso,Asciutto,Asfaltata,Verticale ed orizzontale,Sereno,Normale,Buona,Ore Diurne,2,0,0,0,12.5147,41.8835,-1,1,Motociclo a solo,In marcia / fermata / arresto,Conducente,M,Rimandato,0,NON DECEDUTO,Utilizzato,,,
3933020,2,25/07/2018 13:45:00,Strada Urbana,VIA DEI MONTI PARIOLI,all'intersezione con,VIA PIETRO PAOLO RUBENS,VIA PIETRO PAOLO RUBENS,,,Veicolo in marcia contro ostacolo accidentale,Incrocio,Una carreggiata a senso unico di marcia,Asciutto,Asfaltata,Verticale ed orizzontale,Sereno,Scarso,Buona,Ore Diurne,2,0,0,0,12.4761,41.9233,-1,1,Motociclo con passeggero,In marcia / fermata / arresto,Conducente,M,Rimandato,0,NON DECEDUTO,,,,