Protocollo,Gruppo,DataOraIncidente,Localizzazione1,STRADA1,Localizzazione2,STRADA2,Strada02,Chilometrica,DaSpecificare,NaturaIncidente,particolaritastrade,TipoStrada,FondoStradale,Pavimentazione,Segnaletica,CondizioneAtmosferica,Traffico,Visibilita,Illuminazione,NUM_FERITI,NUM_RISERVATA,NUM_MORTI,NUM_ILLESI,Longitudine,Latitudine,Confermato,Progressivo,TipoVeicolo,StatoVeicolo,TipoPersona,Sesso,Tipolesione,Deceduto,DecedutoDopo,CinturaCascoUtilizzato,Airbag,,
3933562,15,25/07/2018 17:15:00,Strada Urbana,VIA ODERISI DA GUBBIO,all'intersezione con,VIA BORGHESANO LUCCHESE,VIA BORGHESANO LUCCHESE,,,Scontro frontale/laterale DX fra veicoli in marcia,Intersezione semaforizzata,Una carreggiata a doppio senso,Asciutto,Asfaltata,Verticale ed orizzontale,Sereno,Intenso,Buona,Ore Diurne,1,0,0,1,12.4653,41.8654,-1,2,Autovettura privata,In marcia / fermata / arresto,Conducente,M,Illeso,0,,Utilizzato,Inesploso,,
3933576,4,25/07/2018 12:40:00,Strada Urbana,VIA SALARIA,all'intersezione con,VIA PIOMBINO,VIA PIOMBINO,,,Scontro laterale fra veicoli in marcia,Intersezione non regolata/non segnalata,Una carreggiata a doppio senso,Asciutto,Asfaltata,Verticale,Sereno,Scarso,Buona,Ore Diurne,0,0,0,2,12.5201,42.0113,-1,1,Autovettura privata,In marcia / fermata / arresto,Conducente,M,Illeso,0,,,,,
3933576,4,25/07/2018 12:40:00,Strada Urbana,VIA SALARIA,all'intersezione con,VIA PIOMBINO,VIA PIOMBINO,,,Scontro laterale fra veicoli in marcia,Intersezione non regolata/non segnalata,Una carreggiata a doppio senso,Asciutto,Asfaltata,Verticale,Sereno,Scarso,Buona,Ore Diurne,0,0,0,2,12.5201,42.0113,-1,2,Autovettura privata,In marcia / fermata / arresto,Conducente,M,Illeso,0,,,,,
3933593,7,25/07/2018 11:30:00,Strada Urbana,VIA MOLFETTA,in corrispondenza,,del palo luce n.,41,,Scontro laterale fra veicoli in marcia,Pendenza,Una carreggiata a doppio senso,Asciutto,Asfaltata,Orizzontale,Sereno,Normale,Buona,Ore Diurne,0,0,0,3,12.5806,41.8904,-1,1,Motociclo con passeggero,In marcia / fermata / arresto,Conducente,M,Illeso,0,,,,,
3933593,7,25/07/2018 11:30:00,Strada Urbana,VIA MOLFETTA,in corrispondenza,,del palo luce n.,41,,Scontro laterale fra veicoli in marcia,Pendenza,Una carreggiata a doppio senso,Asciutto,Asfaltata,Orizzontale,Sereno,Normale,Buona,Ore Diurne,0,0,0,3,12.5806,41.8904,-1,2,Autovettura privata,In marcia / fermata / arresto,Conducente,F,Illeso,0,,,,,
3933593,7,25/07/2018 11:30:00,Strada Urbana,VIA MOLFETTA,in corrispondenza,,del palo luce n.,41,,Scontro laterale fra veicoli in marcia,Pendenza,Una carreggiata a doppio senso,Asciutto,Asfaltata,Orizzontale,Sereno,Normale,Buona,Ore Diurne,0,0,0,3,12.5806,41.8904,-1,3,Autovettura privata,In marcia / fermata / arresto,Conducente,M,Illeso,0,,,,,
3933599,4,25/07/2018 14:47:00,Strada Urbana,VIA GIORGIO MOSER,all'intersezione con,VIA PUPELLA MAGGIO,VIA PUPELLA MAGGIO,,,Scontro frontale/laterale DX fra veicoli in marcia,Incrocio,Una carreggiata a doppio senso,Asciutto,Asfaltata,Verticale ed orizzontale,Sereno,Scarso,Buona,Ore Diurne,4,0,0,0,12.5358,41.9716,-1,1,Autovettura privata,In marcia / fermata / arresto,Conducente,M,Rifiuta cure immediate,0,NON DECEDUTO,Non accertato,Inesploso,,
3933599,4,25/07/2018 14:47:00,Strada Urbana,VIA GIORGIO MOSER,all'intersezione con,VIA PUPELLA MAGGIO,VIA PUPELLA MAGGIO,,,Scontro frontale/laterale DX fra veicoli in marcia,Incrocio,Una carreggiata a doppio senso,Asciutto,Asfaltata,Verticale ed orizzontale,Sereno,Scarso,Buona,Ore Diurne,4,0,0,0,12.5358,41.9716,-1,1,Autovettura privata,In marcia / fermata / arresto,Passeggero,F,Rimandato,0,NON DECEDUTO,Non accertato,Inesploso,,
3933599,4,25/07/2018 14:47:00,Strada Urbana,VIA GIORGIO MOSER,all'intersezione con,VIA PUPELLA MAGGIO,VIA PUPELLA MAGGIO,,,Scontro frontale/laterale DX fra veicoli in marcia,Incrocio,Una carreggiata a doppio senso,Asciutto,Asfaltata,Verticale ed orizzontale,Sereno,Scarso,Buona,Ore Diurne,4,0,0,0,12.5358,41.9716,-1,1,Autovettura privata,In marcia / fermata / arresto,Passeggero,M,Rimandato,0,NON DECEDUTO,Non accertato,Inesploso,,
3933599,4,25/07/2018 14:47:00,Strada Urbana,VIA GIORGIO MOSER,all'intersezione con,VIA PUPELLA MAGGIO,VIA PUPELLA MAGGIO,,,Scontro frontale/laterale DX fra veicoli in marcia,Incrocio,Una carreggiata a doppio senso,Asciutto,Asfaltata,Verticale ed orizzontale,Sereno,Scarso,Buona,Ore Diurne,4,0,0,0,12.5358,41.9716,-1,2,Autovettura privata,In marcia / fermata / arresto,Conducente,F,Rimandato,0,NON DECEDUTO,Non accertato,Inesploso,,
3933605,10,25/07/2018 21:17:00,Strada Urbana,VIA APPIA NUOVA,da specificare,,,,"ingresso eserc. comm.le ""Rinaldo all'Acquedotto""",Scontro frontale/laterale DX fra veicoli in marcia,Rettilineo,Due carreggiate,Asciutto,Asfaltata,Verticale ed orizzontale,Sereno,Normale,Sufficiente,Sufficiente,0,0,0,2,12.5724,41.8148,-1,1,Autocarro inferiore 35 q.,In marcia / fermata / arresto,Conducente,M,Illeso,0,,Non accertato,Inesploso,,
3933605,10,25/07/2018 21:17:00,Strada Urbana,VIA APPIA NUOVA,da specificare,,,,"ingresso eserc. comm.le ""Rinaldo all'Acquedotto""",Scontro frontale/laterale DX fra veicoli in marcia,Rettilineo,Due carreggiate,Asciutto,Asfaltata,Verticale ed orizzontale,Sereno,Normale,Sufficiente,Sufficiente,0,0,0,2,12.5724,41.8148,-1,2,Autovettura privata,In marcia / fermata / arresto,Conducente,M,Illeso,0,,Non accertato,Inesploso,,
3933626,7,25/07/2018 02:30:00,Strada Urbana,VIA PRENESTINA,da specificare,,,,alt togliatti,Investimento di pedone,Rettilineo,Una carreggiata a doppio senso,Asciutto,Asfaltata,Assente,Sereno,Scarso,Insufficiente,Sufficiente,1,0,0,1,12.577,41.8945,-1,,,,Pedone,M,Rimandato,0,NON DECEDUTO,,,,
3933626,7,25/07/2018 02:30:00,Strada Urbana,VIA PRENESTINA,da specificare,,,,alt togliatti,Investimento di pedone,Rettilineo,Una carreggiata a doppio senso,Asciutto,Asfaltata,Assente,Sereno,Scarso,Insufficiente,Sufficiente,1,0,0,1,12.577,41.8945,-1,1,Autovettura privata,In marcia / fermata / arresto,Conducente,M,Illeso,0,,,,,
3933639,1,25/07/2018 19:00:00,Strada Urbana,LUNGOTEVERE MARZIO,da specificare,,,,ALT. PIAZZA PORTO DI RIPETTA,Scontro laterale fra veicoli in marcia,Rettilineo,Una carreggiata a senso unico di marcia,Asciutto,Asfaltata,Verticale ed orizzontale,Sereno,Intenso,Buona,Ore Diurne,0,0,0,2,12.4739,41.9032,-1,1,Autovettura privata,In marcia / fermata / arresto,Conducente,M,Illeso,0,,,,,
3933639,1,25/07/2018 19:00:00,Strada Urbana,LUNGOTEVERE MARZIO,da specificare,,,,ALT. PIAZZA PORTO DI RIPETTA,Scontro laterale fra veicoli in marcia,Rettilineo,Una carreggiata a senso unico di marcia,Asciutto,Asfaltata,Verticale ed orizzontale,Sereno,Intenso,Buona,Ore Diurne,0,0,0,2,12.4739,41.9032,-1,2,Autobus turistico,In marcia / fermata / arresto,Conducente,M,Illeso,0,,Non accertato,,,
3933641,4,25/07/2018 08:15:00,Statale,VIA SALARIA,da specificare,,,,all'intersezione con svincolo A1,Scontro laterale fra veicoli in marcia,Rettilineo,Due carreggiate,Asciutto,Asfaltata,Verticale ed orizzontale,Sereno,Normale,Buona,Ore Diurne,0,0,0,3,12.514,41.9921,-1,1,Motrice,In marcia / fermata / arresto,Conducente,M,Illeso,0,,Non accertato,Inesploso,,
3933641,4,25/07/2018 08:15:00,Statale,VIA SALARIA,da specificare,,,,all'intersezione con svincolo A1,Scontro laterale fra veicoli in marcia,Rettilineo,Due carreggiate,Asciutto,Asfaltata,Verticale ed orizzontale,Sereno,Normale,Buona,Ore Diurne,0,0,0,3,12.514,41.9921,-1,2,Rimorchio,In marcia / fermata / arresto,Conducente,M,Illeso,0,,Non accertato,Inesploso,,
3933641,4,25/07/2018 08:15:00,Statale,VIA SALARIA,da specificare,,,,all'intersezione con svincolo A1,Scontro laterale fra veicoli in marcia,Rettilineo,Due carreggiate,Asciutto,Asfaltata,Verticale ed orizzontale,Sereno,Normale,Buona,Ore Diurne,0,0,0,3,12.514,41.9921,-1,3,Autovettura privata,In marcia / fermata / arresto,Conducente,M,Illeso,0,,Non accertato,Inesploso,,
3933644,17,25/07/2018 17:50:00,Strada Urbana,LUNGOTEVERE MICHELANGELO,all'intersezione con,PIAZZA DELLA LIBERTA',PIAZZA DELLA LIBERTA',,,Scontro laterale fra veicoli in marcia,Intersezione stradale segnalata,Una carreggiata a senso unico di marcia,Asciutto,Asfaltata,Verticale ed orizzontale,Sereno,Normale,Buona,Ore Diurne,0,0,0,4,12.4706,41.9119,-1,1,Autovettura privata,In marcia / fermata / arresto,Conducente,F,Illeso,0,,,,,
3933644,17,25/07/2018 17:50:00,Strada Urbana,LUNGOTEVERE MICHELANGELO,all'intersezione con,PIAZZA DELLA LIBERTA',PIAZZA DELLA LIBERTA',,,Scontro laterale fra veicoli in marcia,Intersezione stradale segnalata,Una carreggiata a senso unico di marcia,Asciutto,Asfaltata,Verticale ed orizzontale,Sereno,Normale,Buona,Ore Diurne,0,0,0,4,12.4706,41.9119,-1,1,Autovettura privata,In marcia / fermata / arresto,Passeggero,F,Illeso,0,,,,,
3933644,17,25/07/2018 17:50:00,Strada Urbana,LUNGOTEVERE MICHELANGELO,all'intersezione con,PIAZZA DELLA LIBERTA',PIAZZA DELLA LIBERTA',,,Scontro laterale fra veicoli in marcia,Intersezione stradale segnalata,Una carreggiata a senso unico di marcia,Asciutto,Asfaltata,Verticale ed orizzontale,Sereno,Normale,Buona,Ore Diurne,0,0,0,4,12.4706,41.9119,-1,2,Autovettura privata,In marcia / fermata / arresto,Conducente,F,Illeso,0,,,,,
3933644,17,25/07/2018 17:50:00,Strada Urbana,LUNGOTEVERE MICHELANGELO,all'intersezione con,PIAZZA DELLA LIBERTA',PIAZZA DELLA LIBERTA',,,Scontro laterale fra veicoli in marcia,Intersezione stradale segnalata,Una carreggiata a senso unico di marcia,Asciutto,Asfaltata,Verticale ed orizzontale,Sereno,Normale,Buona,Ore Diurne,0,0,0,4,12.4706,41.9119,-1,2,Autovettura privata,In marcia / fermata / arresto,Passeggero,F,Illeso,0,,,,,
3933658,7,26/07/2018 00:30:00,Strada Urbana,VIA GINO SEVERINI,in corrispondenza,,del palo luce n.,18,,Scontro frontale/laterale SX fra veicoli in marcia,Rettilineo,Una carreggiata a doppio senso,Asciutto,Asfaltata,Orizzontale,Sereno,Scarso,Sufficiente,Sufficiente,1,0,0,1,12.5806,41.9006,-1,1,Autovettura privata,In marcia / fermata / arresto,Conducente,M,Illeso,0,,,,,
3933658,7,26/07/2018 00:30:00,Strada Urbana,VIA GINO SEVERINI,in corrispondenza,,del palo luce n.,18,,Scontro frontale/laterale SX fra veicoli in marcia,Rettilineo,Una carreggiata a doppio senso,Asciutto,Asfaltata,Orizzontale,Sereno,Scarso,Sufficiente,Sufficiente,1,0,0,1,12.5806,41.9006,-1,2,Velocipede,In marcia / fermata / arresto,Conducente,M,Rimandato,0,NON DECEDUTO,Esente,,,
3933661,23,24/07/2018 19:00:00,Strada Urbana,VIA CRISTOFORO COLOMBO,all'intersezione semaforizzata con,VIA CESARE FEDERICI,VIA CESARE FEDERICI,,,Scontro frontale/laterale DX fra veicoli in marcia,Intersezione semaforizzata,Due carreggiate,Asciutto,Asfaltata,Verticale ed orizzontale,Sereno,Normale,Buona,Ore Diurne,1,0,0,1,12.4979,41.8638,-1,1,Autovettura privata,In marcia / fermata / arresto,Conducente,F,Illeso,0,,Utilizzato,Esploso,,
3933661,23,24/07/2018 19:00:00,Strada Urbana,VIA CRISTOFORO COLOMBO,all'intersezione semaforizzata con,VIA CESARE FEDERICI,VIA CESARE FEDERICI,,,Scontro frontale/laterale DX fra veicoli in marcia,Intersezione semaforizzata,Due carreggiate,Asciutto,Asfaltata,Verticale ed orizzontale,Sereno,Normale,Buona,Ore Diurne,1,0,0,1,12.4979,41.8638,-1,2,Motociclo con passeggero,In marcia / fermata / arresto,Conducente,M,Rimandato,0,NON DECEDUTO,Utilizzato,,,
3933662,1,25/07/2018 08:35:00,Strada Urbana,PIAZZA DI PORTA PORTESE,da specificare,,,,ponte sublicio,Scontro frontale/laterale SX fra veicoli in marcia,Rettilineo,Una carreggiata a doppio senso,Asciutto,Asfaltata,Verticale ed orizzontale,Sereno,Normale,Buona,Ore Diurne,1,0,0,0,12.4742,41.8839,0,1,Motociclo a solo,In marcia / fermata / arresto,Conducente,F,Rimandato,0,NON DECEDUTO,Non accertato,,,
3933672,6,25/07/2018 08:30:00,Strada Urbana,VIA FILIPPO SMALDONE,da specificare,,,,fronte civico 4,Infortunio per caduta del veicolo,Rettilineo,Una carreggiata a senso unico di marcia,Asciutto,Asfaltata,Verticale ed orizzontale,Sereno,Scarso,Buona,Ore Diurne,0,0,0,1,12.5611,41.8938,-1,1,Autovettura privata,In marcia / fermata / arresto,Conducente,M,Illeso,0,,Non accertato,Inesploso,,
3933674,18,25/07/2018 19:30:00,Strada Urbana,VIA MICHELE PIRONTI,in prossimit�,,del civico n.,51,,Scontro laterale fra veicoli in marcia,Pendenza,Una carreggiata a senso unico di marcia,Asciutto,Asfaltata,Verticale ed orizzontale,Sereno,Normale,Buona,Ore Diurne,0,0,0,2,12.4119,41.8929,-1,1,Autovettura privata,In marcia / fermata / arresto,Conducente,M,Illeso,0,,Non accertato,Inesploso,,
3933674,18,25/07/2018 19:30:00,Strada Urbana,VIA MICHELE PIRONTI,in prossimit�,,del civico n.,51,,Scontro laterale fra veicoli in marcia,Pendenza,Una carreggiata a senso unico di marcia,Asciutto,Asfaltata,Verticale ed orizzontale,Sereno,Normale,Buona,Ore Diurne,0,0,0,2,12.4119,41.8929,-1,2,Autovettura privata,In marcia / fermata / arresto,Conducente,F,Illeso,0,,Non accertato,Inesploso,,
3933676,23,24/07/2018 20:00:00,Strada Urbana,VIA PORTUENSE,da specificare,,,,viadotto isacco newton,Veicolo in marcia contro ostacolo fisso,Curva a visuale libera,Due carreggiate,Asciutto,Asfaltata,Orizzontale,Sereno,Scarso,Buona,Sufficiente,0,0,0,1,12.4414,41.8536,-1,1,Autovettura privata,In marcia / fermata / arresto,Conducente,F,Illeso,0,,Non accertato,Esploso,,
3933695,4,25/07/2018 10:20:00,Strada Urbana,VIA SALARIA,in corrispondenza,,del civico n.,825,,Scontro frontale/laterale DX fra veicoli in marcia,Rettilineo,Due carreggiate,Asciutto,Asfaltata,Verticale ed orizzontale,Sereno,Normale,Buona,Ore Diurne,0,0,0,2,12.5057,41.9544,-1,1,Motociclo a solo,In marcia / fermata / arresto,Conducente,M,Illeso,0,,Non accertato,,,
3933695,4,25/07/2018 10:20:00,Strada Urbana,VIA SALARIA,in corrispondenza,,del civico n.,825,,Scontro frontale/laterale DX fra veicoli in marcia,Rettilineo,Due carreggiate,Asciutto,Asfaltata,Verticale ed orizzontale,Sereno,Normale,Buona,Ore Diurne,0,0,0,2,12.5057,41.9544,-1,2,Autovettura privata,In marcia / fermata / arresto,Conducente,M,Illeso,0,,Non accertato,Inesploso,,
3933722,3,25/07/2018 16:10:00,Strada Urbana,CIRCONVALLAZIONE NOMENTANA,da specificare,,,,dir. SALARIA f.c. 384,Tamponamento,Rettilineo,Una carreggiata a senso unico di marcia,Asciutto,Asfaltata,Verticale ed orizzontale,Sereno,Intenso,Buona,Ore Diurne,1,0,0,1,12.5273,41.918,-1,1,Autovettura privata,In marcia / fermata / arresto,Conducente,M,Illeso,0,,Non accertato,Inesploso,,
3933722,3,25/07/2018 16:10:00,Strada Urbana,CIRCONVALLAZIONE NOMENTANA,da specificare,,,,dir. SALARIA f.c. 384,Tamponamento,Rettilineo,Una carreggiata a senso unico di marcia,Asciutto,Asfaltata,Verticale ed orizzontale,Sereno,Intenso,Buona,Ore Diurne,1,0,0,1,12.5273,41.918,-1,2,Motociclo a solo,In marcia / fermata / arresto,Conducente,M,Rimandato,0,NON DECEDUTO,Non accertato,,,
3933729,4,25/07/2018 19:20:00,Strada Urbana,VIA FLAMINIA,in prossimit�,,del civico n.,670,,Tamponamento Multiplo,Rettilineo,Una carreggiata a doppio senso,Asciutto,Asfaltata,Orizzontale,Sereno,Normale,Buona,Ore Diurne,1,0,0,2,12.4721,41.943,-1,1,Autovettura privata,In marcia / fermata / arresto,Conducente,F,Illeso,0,,,,,
3933729,4,25/07/2018 19:20:00,Strada Urbana,VIA FLAMINIA,in prossimit�,,del civico n.,670,,Tamponamento Multiplo,Rettilineo,Una carreggiata a doppio senso,Asciutto,Asfaltata,Orizzontale,Sereno,Normale,Buona,Ore Diurne,1,0,0,2,12.4721,41.943,-1,2,Motociclo a solo,In marcia / fermata / arresto,Conducente,M,Rimandato,0,NON DECEDUTO,,,,
3933729,4,25/07/2018 19:20:00,Strada Urbana,VIA FLAMINIA,in prossimit�,,del civico n.,670,,Tamponamento Multiplo,Rettilineo,Una carreggiata a doppio senso,Asciutto,Asfaltata,Orizzontale,Sereno,Normale,Buona,Ore Diurne,1,0,0,2,12.4721,41.943,-1,3,Autovettura privata,In marcia / fermata / arresto,Conducente,F,Illeso,0,,,,,
3933753,6,25/07/2018 21:00:00,Strada Urbana,VIA PIEVE TORINA,in prossimit�,,del civico n.,27,,Investimento di pedone,Rettilineo,Una carreggiata a doppio senso,Asciutto,Asfaltata,Assente,Sereno,Scarso,Sufficiente,Sufficiente,0,1,0,0,12.5869,41.9343,-1,,,,Pedone,F,Prognosi riservata,0,NON DECEDUTO,,,,
3933767,10,26/07/2018 10:00:00,Strada Urbana,VIA TARQUINIO COLLATINO,all'intersezione con,VIA CALPURNIO PISONE,VIA CALPURNIO PISONE,,,Scontro frontale/laterale SX fra veicoli in marcia,Intersezione stradale segnalata,Una carreggiata a senso unico di marcia,Asciutto,Asfaltata,Verticale ed orizzontale,Sereno,Scarso,Buona,Ore Diurne,0,0,0,3,12.5645,41.8612,-1,1,Autovettura privata,In marcia / fermata / arresto,Conducente,M,Illeso,0,,Non accertato,Inesploso,,
3933767,10,26/07/2018 10:00:00,Strada Urbana,VIA TARQUINIO COLLATINO,all'intersezione con,VIA CALPURNIO PISONE,VIA CALPURNIO PISONE,,,Scontro frontale/laterale SX fra veicoli in marcia,Intersezione stradale segnalata,Una carreggiata a senso unico di marcia,Asciutto,Asfaltata,Verticale ed orizzontale,Sereno,Scarso,Buona,Ore Diurne,0,0,0,3,12.5645,41.8612,-1,1,Autovettura privata,In marcia / fermata / arresto,Passeggero,F,Illeso,0,,Non accertato,Inesploso,,
3933767,10,26/07/2018 10:00:00,Strada Urbana,VIA TARQUINIO COLLATINO,all'intersezione con,VIA CALPURNIO PISONE,VIA CALPURNIO PISONE,,,Scontro frontale/laterale SX fra veicoli in marcia,Intersezione stradale segnalata,Una carreggiata a senso unico di marcia,Asciutto,Asfaltata,Verticale ed orizzontale,Sereno,Scarso,Buona,Ore Diurne,0,0,0,3,12.5645,41.8612,-1,2,Autovettura privata,In marcia / fermata / arresto,Conducente,M,Illeso,0,,Non accertato,Inesploso,,
3933835,4,25/07/2018 18:30:00,Strada Urbana,VIA SALARIA,in prossimit�,,del civico n.,1399,,Scontro frontale/laterale SX fra veicoli in marcia,Rettilineo,Una carreggiata a doppio senso,Asciutto,Asfaltata,Verticale,Sereno,Normale,Buona,Ore Diurne,1,0,0,1,12.5177,42.0046,-1,1,Autovettura privata,In marcia / fermata / arresto,Conducente,M,Illeso,0,,,,,
3933835,4,25/07/2018 18:30:00,Strada Urbana,VIA SALARIA,in prossimit�,,del civico n.,1399,,Scontro frontale/laterale SX fra veicoli in marcia,Rettilineo,Una carreggiata a doppio senso,Asciutto,Asfaltata,Verticale,Sereno,Normale,Buona,Ore Diurne,1,0,0,1,12.5177,42.0046,-1,2,Motociclo a solo,In marcia / fermata / arresto,Conducente,M,Ricoverato,0,NON DECEDUTO,,,,
3933864,18,25/07/2018 23:10:00,Strada Urbana,VIA AURELIA,in prossimit�,,del civico n.,472,,Tamponamento,Rettilineo,Una carreggiata a doppio senso,Asciutto,Asfaltata,Verticale ed orizzontale,Sereno,Normale,Buona,Sufficiente,1,0,0,3,12.4247,41.8985,-1,1,Autovettura privata,In marcia / fermata / arresto,Conducente,M,Rimandato,0,NON DECEDUTO,,,,
3933864,18,25/07/2018 23:10:00,Strada Urbana,VIA AURELIA,in prossimit�,,del civico n.,472,,Tamponamento,Rettilineo,Una carreggiata a doppio senso,Asciutto,Asfaltata,Verticale ed orizzontale,Sereno,Normale,Buona,Sufficiente,1,0,0,3,12.4247,41.8985,-1,2,Autovettura privata,In marcia / fermata / arresto,Conducente,M,Illeso,0,,,,,
3933864,18,25/07/2018 23:10:00,Strada Urbana,VIA AURELIA,in prossimit�,,del civico n.,472,,Tamponamento,Rettilineo,Una carreggiata a doppio senso,Asciutto,Asfaltata,Verticale ed orizzontale,Sereno,Normale,Buona,Sufficiente,1,0,0,3,12.4247,41.8985,-1,2,Autovettura privata,In marcia / fermata / arresto,Passeggero,M,Illeso,0,,,,,
3933864,18,25/07/2018 23:10:00,Strada Urbana,VIA AURELIA,in prossimit�,,del civico n.,472,,Tamponamento,Rettilineo,Una carreggiata a doppio senso,Asciutto,Asfaltata,Verticale ed orizzontale,Sereno,Normale,Buona,Sufficiente,1,0,0,3,12.4247,41.8985,-1,2,Autovettura privata,In marcia / fermata / arresto,Passeggero,M,Illeso,0,,,,,
3933881,19,27/07/2018 09:30:00,Strada Urbana,VIA VINCENZO TOMASSINI,all'intersezione con,VIA AUGUSTO TEBALDI,VIA AUGUSTO TEBALDI,,,Scontro frontale/laterale SX fra veicoli in marcia,Incrocio,Una carreggiata a senso unico di marcia,Asciutto,Asfaltata,Verticale ed orizzontale,Sereno,Normale,Buona,Ore Diurne,0,0,0,2,12.4132,41.928,-1,1,Autovettura privata,In marcia / fermata / arresto,Conducente,M,Illeso,0,,Non accertato,Inesploso,,
3933881,19,27/07/2018 09:30:00,Strada Urbana,VIA VINCENZO TOMASSINI,all'intersezione con,VIA AUGUSTO TEBALDI,VIA AUGUSTO TEBALDI,,,Scontro frontale/laterale SX fra veicoli in marcia,Incrocio,Una carreggiata a senso unico di marcia,Asciutto,Asfaltata,Verticale ed orizzontale,Sereno,Normale,Buona,Ore Diurne,0,0,0,2,12.4132,41.928,-1,2,Autovettura privata,In marcia / fermata / arresto,Conducente,F,Illeso,0,,Non accertato,Inesploso,,
3933915,18,26/07/2018 07:45:00,Strada Urbana,VIA BALDO DEGLI UBALDI,in prossimit�,,del civico n.,60,,Veicolo in marcia contro ostacolo accidentale,Rettilineo,Due carreggiate,Asciutto,Asfaltata,Verticale ed orizzontale,Sereno,Normale,Buona,Ore Diurne,1,0,0,0,12.4317,41.8984,-1,1,Ciclomotore,In marcia / fermata / arresto,Conducente,M,Rimandato,0,NON DECEDUTO,Non accertato,,,
3934008,2,26/07/2018 08:48:00,Strada Urbana,VIALE REGINA MARGHERITA,in prossimit�,,del civico n.,48,,Scontro laterale fra veicoli in marcia,Rettilineo,Una carreggiata a doppio senso,Asciutto,Asfaltata,Verticale ed orizzontale,Sereno,Normale,Buona,Ore Diurne,0,0,0,2,12.4997,41.9184,-1,1,Autovettura pubblica,In marcia / fermata / arresto,Conducente,M,Illeso,0,,,,,
3934008,2,26/07/2018 08:48:00,Strada Urbana,VIALE REGINA MARGHERITA,in prossimit�,,del civico n.,48,,Scontro laterale fra veicoli in marcia,Rettilineo,Una carreggiata a doppio senso,Asciutto,Asfaltata,Verticale ed orizzontale,Sereno,Normale,Buona,Ore Diurne,0,0,0,2,12.4997,41.9184,-1,2,Autovettura privata,In marcia / fermata / arresto,Conducente,M,Illeso,0,,,,,
3934078,2,25/07/2018 08:00:00,Strada Urbana,VIA ANAPO,all'intersezione con,VIA CERESIO,VIA CERESIO,,,Scontro frontale/laterale DX fra veicoli in marcia,Incrocio,Due carreggiate,Asciutto,Asfaltata,Verticale ed orizzontale,Sereno,Normale,Buona,Ore Diurne,1,0,0,1,12.5079,41.9257,-1,1,Motociclo a solo,In marcia / fermata / arresto,Conducente,M,Rimandato,0,NON DECEDUTO,Non accertato,,,
3934078,2,25/07/2018 08:00:00,Strada Urbana,VIA ANAPO,all'intersezione con,VIA CERESIO,VIA CERESIO,,,Scontro frontale/laterale DX fra veicoli in marcia,Incrocio,Due carreggiate,Asciutto,Asfaltata,Verticale ed orizzontale,Sereno,Normale,Buona,Ore Diurne,1,0,0,1,12.5079,41.9257,-1,2,Autovettura privata,In marcia / fermata / arresto,Conducente,M,Illeso,0,,Non accertato,Inesploso,,
3934082,2,25/07/2018 19:00:00,Strada Urbana,VIA DOMENICO CHELINI,in prossimit�,,del civico n.,6,,Scontro frontale/laterale SX fra veicoli in marcia,Rettilineo,Una carreggiata a doppio senso,Asciutto,Asfaltata,Orizzontale,Sereno,Normale,Buona,Ore Diurne,1,0,0,1,12.4833,41.9254,-1,1,Autovettura privata,In marcia / fermata / arresto,Conducente,M,Illeso,0,,Non accertato,Inesploso,,
3934082,2,25/07/2018 19:00:00,Strada Urbana,VIA DOMENICO CHELINI,in prossimit�,,del civico n.,6,,Scontro frontale/laterale SX fra veicoli in marcia,Rettilineo,Una carreggiata a doppio senso,Asciutto,Asfaltata,Orizzontale,Sereno,Normale,Buona,Ore Diurne,1,0,0,1,12.4833,41.9254,-1,2,Motociclo a solo,In marcia / fermata / arresto,Conducente,M,Rimandato,0,NON DECEDUTO,Non accertato,,,
3934083,20,26/07/2018 11:45:00,Strada Urbana,VIA DI GROTTAROSSA,in prossimit�,,del civico n.,92,,Veicolo in marcia contro veicolo arresto,Rettilineo,Una carreggiata a doppio senso,Asciutto,Asfaltata,Verticale,Sereno,Scarso,Buona,Ore Diurne,0,0,0,4,12.4385,41.972,-1,1,Autovettura privata,In marcia / fermata / arresto,Conducente,M,Illeso,0,,Non accertato,Inesploso,,
3934083,20,26/07/2018 11:45:00,Strada Urbana,VIA DI GROTTAROSSA,in prossimit�,,del civico n.,92,,Veicolo in marcia contro veicolo arresto,Rettilineo,Una carreggiata a doppio senso,Asciutto,Asfaltata,Verticale,Sereno,Scarso,Buona,Ore Diurne,0,0,0,4,12.4385,41.972,-1,2,Autovettura privata,In marcia / fermata / arresto,Conducente,M,Illeso,0,,Non accertato,Inesploso,,
3934083,20,26/07/2018 11:45:00,Strada Urbana,VIA DI GROTTAROSSA,in prossimit�,,del civico n.,92,,Veicolo in marcia contro veicolo arresto,Rettilineo,Una carreggiata a doppio senso,Asciutto,Asfaltata,Verticale,Sereno,Scarso,Buona,Ore Diurne,0,0,0,4,12.4385,41.972,-1,2,Autovettura privata,In marcia / fermata / arresto,Passeggero,M,Illeso,0,,Non accertato,Inesploso,,
3934083,20,26/07/2018 11:45:00,Strada Urbana,VIA DI GROTTAROSSA,in prossimit�,,del civico n.,92,,Veicolo in marcia contro veicolo arresto,Rettilineo,Una carreggiata a doppio senso,Asciutto,Asfaltata,Verticale,Sereno,Scarso,Buona,Ore Diurne,0,0,0,4,12.4385,41.972,-1,2,Autovettura privata,In marcia / fermata / arresto,Passeggero,M,Illeso,0,,Non accertato,Inesploso,,