Protocollo,Gruppo,DataOraIncidente,Localizzazione1,STRADA1,Localizzazione2,STRADA2,Strada02,Chilometrica,DaSpecificare,NaturaIncidente,particolaritastrade,TipoStrada,FondoStradale,Pavimentazione,Segnaletica,CondizioneAtmosferica,Traffico,Visibilita,Illuminazione,NUM_FERITI,NUM_RISERVATA,NUM_MORTI,NUM_ILLESI,Longitudine,Latitudine,Confermato,Progressivo,TipoVeicolo,StatoVeicolo,TipoPersona,Sesso,Tipolesione,Deceduto,DecedutoDopo,CinturaCascoUtilizzato,Airbag,,
3934085,18,26/07/2018 11:20:00,Strada Urbana,VIA DELLE FORNACI,all'intersezione con,VIA DOMENICO SILVERI,VIA DOMENICO SILVERI,,,Scontro laterale fra veicoli in marcia,Intersezione non regolata/non segnalata,Una carreggiata a doppio senso,Asciutto,Asfaltata,Verticale ed orizzontale,Sereno,Normale,Buona,Ore Diurne,1,0,0,1,12.4576,41.8939,-1,1,Autovettura privata,In marcia / fermata / arresto,Conducente,M,Illeso,0,,Non accertato,Inesploso,,
3934085,18,26/07/2018 11:20:00,Strada Urbana,VIA DELLE FORNACI,all'intersezione con,VIA DOMENICO SILVERI,VIA DOMENICO SILVERI,,,Scontro laterale fra veicoli in marcia,Intersezione non regolata/non segnalata,Una carreggiata a doppio senso,Asciutto,Asfaltata,Verticale ed orizzontale,Sereno,Normale,Buona,Ore Diurne,1,0,0,1,12.4576,41.8939,-1,2,Motociclo a solo,In marcia / fermata / arresto,Conducente,M,Rifiuta cure immediate,0,NON DECEDUTO,Non accertato,,,
3934110,11,26/07/2018 13:15:00,Strada Urbana,VIA ROSA GUARNIERI CARDUCCI,all'intersezione con,VIA ROSA RAIMONDI GARIBALDI,VIA ROSA RAIMONDI GARIBALDI,,,Scontro frontale/laterale DX fra veicoli in marcia,Intersezione non regolata/non segnalata,Una carreggiata a doppio senso,Asciutto,Asfaltata,Verticale ed orizzontale,Sereno,Normale,Buona,Ore Diurne,2,0,0,1,12.4909,41.8576,-1,1,Autovettura privata,In marcia / fermata / arresto,Conducente,F,Illeso,0,,Non accertato,Esploso,,
3934110,11,26/07/2018 13:15:00,Strada Urbana,VIA ROSA GUARNIERI CARDUCCI,all'intersezione con,VIA ROSA RAIMONDI GARIBALDI,VIA ROSA RAIMONDI GARIBALDI,,,Scontro frontale/laterale DX fra veicoli in marcia,Intersezione non regolata/non segnalata,Una carreggiata a doppio senso,Asciutto,Asfaltata,Verticale ed orizzontale,Sereno,Normale,Buona,Ore Diurne,2,0,0,1,12.4909,41.8576,-1,2,Autovettura privata,In marcia / fermata / arresto,Conducente,F,Rimandato,0,NON DECEDUTO,,,,
3934110,11,26/07/2018 13:15:00,Strada Urbana,VIA ROSA GUARNIERI CARDUCCI,all'intersezione con,VIA ROSA RAIMONDI GARIBALDI,VIA ROSA RAIMONDI GARIBALDI,,,Scontro frontale/laterale DX fra veicoli in marcia,Intersezione non regolata/non segnalata,Una carreggiata a doppio senso,Asciutto,Asfaltata,Verticale ed orizzontale,Sereno,Normale,Buona,Ore Diurne,2,0,0,1,12.4909,41.8576,-1,2,Autovettura privata,In marcia / fermata / arresto,Passeggero,F,Rifiuta cure immediate,0,NON DECEDUTO,Non accertato,Esploso,,
3934123,9,26/07/2018 10:10:00,Strada Urbana,VIA PIEGARO,in prossimit�,,del civico n.,164,,Veicolo in marcia contro veicolo arresto,Rettilineo,Una carreggiata a doppio senso,Asciutto,Asfaltata,Verticale ed orizzontale,Sereno,Scarso,Buona,Ore Diurne,1,0,0,3,12.5341,41.8769,-1,1,Autovettura privata,In marcia / fermata / arresto,Conducente,F,Illeso,0,,Non accertato,Inesploso,,
3934123,9,26/07/2018 10:10:00,Strada Urbana,VIA PIEGARO,in prossimit�,,del civico n.,164,,Veicolo in marcia contro veicolo arresto,Rettilineo,Una carreggiata a doppio senso,Asciutto,Asfaltata,Verticale ed orizzontale,Sereno,Scarso,Buona,Ore Diurne,1,0,0,3,12.5341,41.8769,-1,1,Autovettura privata,In marcia / fermata / arresto,Passeggero,M,Rimandato,0,NON DECEDUTO,Non accertato,Inesploso,,
3934123,9,26/07/2018 10:10:00,Strada Urbana,VIA PIEGARO,in prossimit�,,del civico n.,164,,Veicolo in marcia contro veicolo arresto,Rettilineo,Una carreggiata a doppio senso,Asciutto,Asfaltata,Verticale ed orizzontale,Sereno,Scarso,Buona,Ore Diurne,1,0,0,3,12.5341,41.8769,-1,2,Autovettura privata,In marcia / fermata / arresto,Conducente,F,Illeso,0,,Non accertato,Inesploso,,
3934123,9,26/07/2018 10:10:00,Strada Urbana,VIA PIEGARO,in prossimit�,,del civico n.,164,,Veicolo in marcia contro veicolo arresto,Rettilineo,Una carreggiata a doppio senso,Asciutto,Asfaltata,Verticale ed orizzontale,Sereno,Scarso,Buona,Ore Diurne,1,0,0,3,12.5341,41.8769,-1,2,Autovettura privata,In marcia / fermata / arresto,Passeggero,M,Illeso,0,,Utilizzato,Inesploso,,
3934132,10,26/07/2018 13:10:00,Strada Urbana,VIA FABRIZIO LUSCINO,in corrispondenza,,del civico n.,67,,Scontro frontale/laterale DX fra veicoli in marcia,Rettilineo,Una carreggiata a senso unico di marcia,Asciutto,Asfaltata,Assente,Sereno,Normale,Sufficiente,Ore Diurne,0,0,0,2,12.5582,41.8546,-1,1,Autovettura privata,In marcia / fermata / arresto,Conducente,M,Illeso,0,,Non accertato,Inesploso,,
3934132,10,26/07/2018 13:10:00,Strada Urbana,VIA FABRIZIO LUSCINO,in corrispondenza,,del civico n.,67,,Scontro frontale/laterale DX fra veicoli in marcia,Rettilineo,Una carreggiata a senso unico di marcia,Asciutto,Asfaltata,Assente,Sereno,Normale,Sufficiente,Ore Diurne,0,0,0,2,12.5582,41.8546,-1,2,Autovettura privata,In marcia / fermata / arresto,Conducente,M,Illeso,0,,Non accertato,Inesploso,,
3934135,9,26/07/2018 11:45:00,Strada Urbana,VIA LATINA,all'intersezione con,VIA CESARE BARONIO,VIA CESARE BARONIO,,,Scontro frontale/laterale SX fra veicoli in marcia,Incrocio,Una carreggiata a doppio senso,Asciutto,Asfaltata,Verticale ed orizzontale,Sereno,Normale,Buona,Ore Diurne,0,0,0,2,12.5167,41.8722,-1,1,Autovettura privata,In marcia / fermata / arresto,Conducente,M,Illeso,0,,Utilizzato,Inesploso,,
3934135,9,26/07/2018 11:45:00,Strada Urbana,VIA LATINA,all'intersezione con,VIA CESARE BARONIO,VIA CESARE BARONIO,,,Scontro frontale/laterale SX fra veicoli in marcia,Incrocio,Una carreggiata a doppio senso,Asciutto,Asfaltata,Verticale ed orizzontale,Sereno,Normale,Buona,Ore Diurne,0,0,0,2,12.5167,41.8722,-1,2,Motociclo a solo,In marcia / fermata / arresto,Conducente,M,Illeso,0,,Utilizzato,,,
3934157,12,26/07/2018 01:15:00,Strada Urbana,VIA CRISTOFORO COLOMBO,all'intersezione semaforizzata con,VIALE DELLA CIVILTA' DEL LAVORO,VIALE DELLA CIVILTA' DEL LAVORO,,,Scontro frontale/laterale SX fra veicoli in marcia,Intersezione semaforizzata,Pi� di due carreggiate,Asciutto,Asfaltata,Verticale ed orizzontale,Sereno,Scarso,Buona,Sufficiente,1,0,0,3,12.4715,41.8349,-1,1,Autovettura privata,In marcia / fermata / arresto,Conducente,M,Illeso,0,,Non accertato,,,
3934157,12,26/07/2018 01:15:00,Strada Urbana,VIA CRISTOFORO COLOMBO,all'intersezione semaforizzata con,VIALE DELLA CIVILTA' DEL LAVORO,VIALE DELLA CIVILTA' DEL LAVORO,,,Scontro frontale/laterale SX fra veicoli in marcia,Intersezione semaforizzata,Pi� di due carreggiate,Asciutto,Asfaltata,Verticale ed orizzontale,Sereno,Scarso,Buona,Sufficiente,1,0,0,3,12.4715,41.8349,-1,1,Autovettura privata,In marcia / fermata / arresto,Passeggero,M,Illeso,0,,Non accertato,Inesploso,,
3934157,12,26/07/2018 01:15:00,Strada Urbana,VIA CRISTOFORO COLOMBO,all'intersezione semaforizzata con,VIALE DELLA CIVILTA' DEL LAVORO,VIALE DELLA CIVILTA' DEL LAVORO,,,Scontro frontale/laterale SX fra veicoli in marcia,Intersezione semaforizzata,Pi� di due carreggiate,Asciutto,Asfaltata,Verticale ed orizzontale,Sereno,Scarso,Buona,Sufficiente,1,0,0,3,12.4715,41.8349,-1,1,Autovettura privata,In marcia / fermata / arresto,Passeggero,M,Rimandato,0,NON DECEDUTO,Non accertato,Esploso,,
3934157,12,26/07/2018 01:15:00,Strada Urbana,VIA CRISTOFORO COLOMBO,all'intersezione semaforizzata con,VIALE DELLA CIVILTA' DEL LAVORO,VIALE DELLA CIVILTA' DEL LAVORO,,,Scontro frontale/laterale SX fra veicoli in marcia,Intersezione semaforizzata,Pi� di due carreggiate,Asciutto,Asfaltata,Verticale ed orizzontale,Sereno,Scarso,Buona,Sufficiente,1,0,0,3,12.4715,41.8349,-1,2,Autovettura privata,In marcia / fermata / arresto,Conducente,M,Illeso,0,,Non accertato,,,
3934191,1,04/07/2018 13:20:00,Strada Urbana,VIA DEI FORI IMPERIALI,da specificare,,,,altezza fontana di sinsitra Altare della Patria,Veicolo in marcia contro ostacolo accidentale,Rettilineo,Una carreggiata a doppio senso,Asciutto,In cubetti di porfido,Verticale ed orizzontale,Sereno,Normale,Buona,Ore Diurne,1,0,0,0,12.4838,41.8953,-1,1,Velocipede,In marcia / fermata / arresto,Conducente,F,Rimandato,0,NON DECEDUTO,Esente,,,
3934192,1,26/07/2018 07:30:00,Strada Urbana,VIALE DI TRASTEVERE,in corrispondenza,,del civico n.,111,,Scontro laterale fra veicoli in marcia,Rettilineo,Pi� di due carreggiate,Asciutto,Asfaltata,Verticale ed orizzontale,Sereno,Normale,Buona,Ore Diurne,0,0,0,2,12.4734,41.888,-1,1,Autovettura privata,In marcia / fermata / arresto,Conducente,M,Illeso,0,,Non accertato,,,
3934192,1,26/07/2018 07:30:00,Strada Urbana,VIALE DI TRASTEVERE,in corrispondenza,,del civico n.,111,,Scontro laterale fra veicoli in marcia,Rettilineo,Pi� di due carreggiate,Asciutto,Asfaltata,Verticale ed orizzontale,Sereno,Normale,Buona,Ore Diurne,0,0,0,2,12.4734,41.888,-1,2,Autovettura pubblica,In marcia / fermata / arresto,Conducente,M,Illeso,0,,Non accertato,,,
3934199,12,25/07/2018 12:30:00,Strada Urbana,VIA DELLE TRE FONTANE,all'intersezione con,PIAZZA BARCELLONA,PIAZZA BARCELLONA,,,Scontro frontale/laterale DX fra veicoli in marcia,Incrocio,Una carreggiata a doppio senso,Asciutto,Asfaltata,Verticale ed orizzontale,Sereno,Normale,Buona,Ore Diurne,1,0,0,1,12.4701,41.8403,-1,1,Motociclo a solo,In marcia / fermata / arresto,Conducente,M,Rimandato,0,NON DECEDUTO,Utilizzato,,,
3934199,12,25/07/2018 12:30:00,Strada Urbana,VIA DELLE TRE FONTANE,all'intersezione con,PIAZZA BARCELLONA,PIAZZA BARCELLONA,,,Scontro frontale/laterale DX fra veicoli in marcia,Incrocio,Una carreggiata a doppio senso,Asciutto,Asfaltata,Verticale ed orizzontale,Sereno,Normale,Buona,Ore Diurne,1,0,0,1,12.4701,41.8403,-1,2,Autovettura privata,In marcia / fermata / arresto,Conducente,F,Illeso,0,,Utilizzato,Inesploso,,
3934226,17,25/07/2018 20:20:00,Strada Urbana,VIA VINCENZO TIERI,in corrispondenza,,del civico n.,172,,Scontro laterale fra veicoli in marcia,Rettilineo,Una carreggiata a doppio senso,Asciutto,Asfaltata,Verticale ed orizzontale,Sereno,Normale,Buona,Ore Diurne,0,0,0,3,12.3708,42.0187,-1,1,Autovettura privata,In marcia / fermata / arresto,Conducente,M,Illeso,0,,,,,
3934226,17,25/07/2018 20:20:00,Strada Urbana,VIA VINCENZO TIERI,in corrispondenza,,del civico n.,172,,Scontro laterale fra veicoli in marcia,Rettilineo,Una carreggiata a doppio senso,Asciutto,Asfaltata,Verticale ed orizzontale,Sereno,Normale,Buona,Ore Diurne,0,0,0,3,12.3708,42.0187,-1,1,Autovettura privata,In marcia / fermata / arresto,Passeggero,M,Illeso,0,,,,,
3934226,17,25/07/2018 20:20:00,Strada Urbana,VIA VINCENZO TIERI,in corrispondenza,,del civico n.,172,,Scontro laterale fra veicoli in marcia,Rettilineo,Una carreggiata a doppio senso,Asciutto,Asfaltata,Verticale ed orizzontale,Sereno,Normale,Buona,Ore Diurne,0,0,0,3,12.3708,42.0187,-1,2,Autovettura privata,In marcia / fermata / arresto,Conducente,M,Illeso,0,,,,,
3934232,1,25/07/2018 09:05:00,Strada Urbana,VIALE MARCO POLO,in corrispondenza,,del civico n.,74,,Infortunio per sola frenata improvvisa,Rettilineo,Una carreggiata a doppio senso,Asciutto,Asfaltata,Verticale ed orizzontale,Sereno,Normale,Buona,Ore Diurne,0,0,0,1,12.4881,41.8733,0,1,Motociclo a solo,In marcia / fermata / arresto,Conducente,M,Illeso,0,,Utilizzato,,,
3934255,2,25/07/2018 23:10:00,Strada Urbana,VIA PO,all'intersezione con,VIA GIOVANNI SGAMBATI,VIA GIOVANNI SGAMBATI,,,Scontro frontale/laterale DX fra veicoli in marcia,Intersezione stradale segnalata,Una carreggiata a doppio senso,Asciutto,Asfaltata,Verticale ed orizzontale,Sereno,Scarso,Sufficiente,Sufficiente,1,0,0,2,12.4959,41.9151,-1,1,Autovettura privata,In marcia / fermata / arresto,Conducente,M,Illeso,0,,Non accertato,Inesploso,,
3934255,2,25/07/2018 23:10:00,Strada Urbana,VIA PO,all'intersezione con,VIA GIOVANNI SGAMBATI,VIA GIOVANNI SGAMBATI,,,Scontro frontale/laterale DX fra veicoli in marcia,Intersezione stradale segnalata,Una carreggiata a doppio senso,Asciutto,Asfaltata,Verticale ed orizzontale,Sereno,Scarso,Sufficiente,Sufficiente,1,0,0,2,12.4959,41.9151,-1,1,Autovettura privata,In marcia / fermata / arresto,Passeggero,M,Illeso,0,,Non accertato,Inesploso,,
3934255,2,25/07/2018 23:10:00,Strada Urbana,VIA PO,all'intersezione con,VIA GIOVANNI SGAMBATI,VIA GIOVANNI SGAMBATI,,,Scontro frontale/laterale DX fra veicoli in marcia,Intersezione stradale segnalata,Una carreggiata a doppio senso,Asciutto,Asfaltata,Verticale ed orizzontale,Sereno,Scarso,Sufficiente,Sufficiente,1,0,0,2,12.4959,41.9151,-1,2,Autovettura privata,In marcia / fermata / arresto,Conducente,F,Rifiuta cure immediate,0,NON DECEDUTO,Non accertato,Inesploso,,
3934277,10,26/07/2018 16:05:00,Strada Urbana,VIALE ANICIO GALLO,all'intersezione con,VIA SESTIO CALVINO,VIA SESTIO CALVINO,,,Scontro laterale fra veicoli in marcia,Intersezione stradale segnalata,Pi� di due carreggiate,Asciutto,Asfaltata,Verticale ed orizzontale,Sereno,Normale,Buona,Ore Diurne,0,0,0,4,12.564,41.8527,-1,1,Autovettura privata,In marcia / fermata / arresto,Conducente,F,Illeso,0,,Non accertato,Inesploso,,
3934277,10,26/07/2018 16:05:00,Strada Urbana,VIALE ANICIO GALLO,all'intersezione con,VIA SESTIO CALVINO,VIA SESTIO CALVINO,,,Scontro laterale fra veicoli in marcia,Intersezione stradale segnalata,Pi� di due carreggiate,Asciutto,Asfaltata,Verticale ed orizzontale,Sereno,Normale,Buona,Ore Diurne,0,0,0,4,12.564,41.8527,-1,1,Autovettura privata,In marcia / fermata / arresto,Passeggero,M,Illeso,0,,Non accertato,Inesploso,,
3934277,10,26/07/2018 16:05:00,Strada Urbana,VIALE ANICIO GALLO,all'intersezione con,VIA SESTIO CALVINO,VIA SESTIO CALVINO,,,Scontro laterale fra veicoli in marcia,Intersezione stradale segnalata,Pi� di due carreggiate,Asciutto,Asfaltata,Verticale ed orizzontale,Sereno,Normale,Buona,Ore Diurne,0,0,0,4,12.564,41.8527,-1,1,Autovettura privata,In marcia / fermata / arresto,Passeggero,F,Illeso,0,,Non accertato,Inesploso,,
3934277,10,26/07/2018 16:05:00,Strada Urbana,VIALE ANICIO GALLO,all'intersezione con,VIA SESTIO CALVINO,VIA SESTIO CALVINO,,,Scontro laterale fra veicoli in marcia,Intersezione stradale segnalata,Pi� di due carreggiate,Asciutto,Asfaltata,Verticale ed orizzontale,Sereno,Normale,Buona,Ore Diurne,0,0,0,4,12.564,41.8527,-1,2,Autovettura privata,In marcia / fermata / arresto,Conducente,F,Illeso,0,,Non accertato,Inesploso,,
3934281,11,26/07/2018 15:30:00,Strada Urbana,CIRCONVALLAZIONE OSTIENSE,in corrispondenza,,del civico n.,220,,Scontro laterale fra veicoli in marcia,Rettilineo,Due carreggiate,Asciutto,Asfaltata,Verticale ed orizzontale,Sereno,Normale,Buona,Ore Diurne,1,0,0,1,12.4926,41.8669,-1,1,Autovettura privata,In marcia / fermata / arresto,Conducente,M,Illeso,0,,Non accertato,Inesploso,,
3934281,11,26/07/2018 15:30:00,Strada Urbana,CIRCONVALLAZIONE OSTIENSE,in corrispondenza,,del civico n.,220,,Scontro laterale fra veicoli in marcia,Rettilineo,Due carreggiate,Asciutto,Asfaltata,Verticale ed orizzontale,Sereno,Normale,Buona,Ore Diurne,1,0,0,1,12.4926,41.8669,-1,2,Motociclo a solo,In marcia / fermata / arresto,Conducente,M,Rimandato,0,NON DECEDUTO,Utilizzato,,,
3934282,20,26/07/2018 16:10:00,Strada Urbana,VIA DELLA GIUSTINIANA,in prossimit�,,del civico n.,871,,Veicolo in marcia contro ostacolo fisso,Rettilineo,Una carreggiata a doppio senso,Asciutto,Asfaltata,Verticale ed orizzontale,Sereno,Scarso,Buona,Ore Diurne,0,0,0,1,12.4285,41.999,-1,1,Autovettura pubblica,In marcia / fermata / arresto,Conducente,M,Illeso,0,,Non accertato,Inesploso,,
3934431,11,26/07/2018 18:00:00,Strada Urbana,VIA ANNIO FELICE,all'intersezione con,VIA DI S. PETRONILLA,VIA DI S. PETRONILLA,,,Scontro frontale/laterale DX fra veicoli in marcia,Intersezione non regolata/non segnalata,Una carreggiata a doppio senso,Asciutto,Asfaltata,Verticale ed orizzontale,Sereno,Scarso,Buona,Ore Diurne,2,0,0,1,12.4992,41.8559,-1,1,Autovettura privata,In marcia / fermata / arresto,Conducente,M,Illeso,0,,Non accertato,Esploso,,
3934431,11,26/07/2018 18:00:00,Strada Urbana,VIA ANNIO FELICE,all'intersezione con,VIA DI S. PETRONILLA,VIA DI S. PETRONILLA,,,Scontro frontale/laterale DX fra veicoli in marcia,Intersezione non regolata/non segnalata,Una carreggiata a doppio senso,Asciutto,Asfaltata,Verticale ed orizzontale,Sereno,Scarso,Buona,Ore Diurne,2,0,0,1,12.4992,41.8559,-1,1,Autovettura privata,In marcia / fermata / arresto,Passeggero,M,Rimandato,0,NON DECEDUTO,Non accertato,Esploso,,
3934431,11,26/07/2018 18:00:00,Strada Urbana,VIA ANNIO FELICE,all'intersezione con,VIA DI S. PETRONILLA,VIA DI S. PETRONILLA,,,Scontro frontale/laterale DX fra veicoli in marcia,Intersezione non regolata/non segnalata,Una carreggiata a doppio senso,Asciutto,Asfaltata,Verticale ed orizzontale,Sereno,Scarso,Buona,Ore Diurne,2,0,0,1,12.4992,41.8559,-1,2,Autovettura privata,In marcia / fermata / arresto,Conducente,M,Rimandato,0,NON DECEDUTO,Non accertato,Inesploso,,
3934443,20,26/07/2018 18:10:00,Strada Urbana,CORSO DI FRANCIA,in corrispondenza,,del civico n.,122,,Scontro laterale fra veicoli in marcia,Rettilineo,Due carreggiate,Asciutto,Asfaltata,Assente,Sereno,Intenso,Buona,Ore Diurne,0,0,0,2,12.4709,41.942,-1,1,Autovettura privata,In marcia / fermata / arresto,Conducente,M,Illeso,0,,,,,
3934443,20,26/07/2018 18:10:00,Strada Urbana,CORSO DI FRANCIA,in corrispondenza,,del civico n.,122,,Scontro laterale fra veicoli in marcia,Rettilineo,Due carreggiate,Asciutto,Asfaltata,Assente,Sereno,Intenso,Buona,Ore Diurne,0,0,0,2,12.4709,41.942,-1,2,Autotreno,In marcia / fermata / arresto,Conducente,M,Illeso,0,,Non accertato,Inesploso,,
3934452,19,26/07/2018 18:00:00,Strada Urbana,VIA TRIONFALE,all'intersezione con,LARGO CERVINIA,LARGO CERVINIA,,,Infortunio per caduta del veicolo,Incrocio,Una carreggiata a doppio senso,Asciutto,Asfaltata,Verticale ed orizzontale,Sereno,Normale,Buona,Ore Diurne,1,0,0,0,12.4398,41.9341,-1,1,Motociclo a solo,In marcia / fermata / arresto,Conducente,M,Rifiuta cure immediate,0,NON DECEDUTO,Non accertato,,,
3934455,9,26/07/2018 18:30:00,Strada Urbana,VIA MACEDONIA,da specificare,,,,fronte 35,Scontro laterale fra veicoli in marcia,Rettilineo,Una carreggiata a doppio senso,Asciutto,Asfaltata,Verticale ed orizzontale,Sereno,Normale,Buona,Ore Diurne,1,0,0,2,12.5129,41.8718,-1,1,Autovettura privata,In marcia / fermata / arresto,Conducente,M,Illeso,0,,Non accertato,Inesploso,,
3934455,9,26/07/2018 18:30:00,Strada Urbana,VIA MACEDONIA,da specificare,,,,fronte 35,Scontro laterale fra veicoli in marcia,Rettilineo,Una carreggiata a doppio senso,Asciutto,Asfaltata,Verticale ed orizzontale,Sereno,Normale,Buona,Ore Diurne,1,0,0,2,12.5129,41.8718,-1,1,Autovettura privata,In marcia / fermata / arresto,Passeggero,M,Illeso,0,,Non accertato,Inesploso,,
3934455,9,26/07/2018 18:30:00,Strada Urbana,VIA MACEDONIA,da specificare,,,,fronte 35,Scontro laterale fra veicoli in marcia,Rettilineo,Una carreggiata a doppio senso,Asciutto,Asfaltata,Verticale ed orizzontale,Sereno,Normale,Buona,Ore Diurne,1,0,0,2,12.5129,41.8718,-1,2,Motociclo a solo,In marcia / fermata / arresto,Conducente,M,Rimandato,0,NON DECEDUTO,Non accertato,,,
3934465,16,25/07/2018 12:30:00,,VIA BERNARDINO RAMAZZINI,in prossimit�,,del civico n.,43,,Veicolo in marcia contro ostacolo accidentale,,,,,,,,,,1,0,0,0,,,0,1,Motociclo a solo,In marcia / fermata / arresto,Conducente,M,Rimandato,0,NON DECEDUTO,,,,
3934471,16,25/07/2018 16:45:00,Strada Urbana,VIALE DEI QUATTRO VENTI,in prossimit�,,del civico n.,148/A,,Scontro laterale fra veicoli in marcia,Rettilineo,Una carreggiata a doppio senso,Asciutto,Asfaltata,Verticale ed orizzontale,Sereno,Normale,Buona,Ore Diurne,1,0,0,1,12.4584,41.8798,-1,1,Motociclo a solo,In marcia / fermata / arresto,Conducente,M,Rimandato,0,NON DECEDUTO,Non accertato,,,
3934471,16,25/07/2018 16:45:00,Strada Urbana,VIALE DEI QUATTRO VENTI,in prossimit�,,del civico n.,148/A,,Scontro laterale fra veicoli in marcia,Rettilineo,Una carreggiata a doppio senso,Asciutto,Asfaltata,Verticale ed orizzontale,Sereno,Normale,Buona,Ore Diurne,1,0,0,1,12.4584,41.8798,-1,2,Autovettura privata,In marcia / fermata / arresto,Conducente,M,Illeso,0,,Non accertato,Inesploso,,
3934494,16,25/07/2018 19:00:00,Strada Urbana,PIAZZA S. GIOVANNI DI DIO,in corrispondenza,,del civico n.,16,,Veicolo in marcia contro ostacolo accidentale,Rettilineo,Due carreggiate,Asciutto,Asfaltata,Verticale ed orizzontale,Sereno,Normale,Buona,Ore Diurne,1,0,0,3,12.4466,41.8753,-1,1,Autovettura privata,In marcia / fermata / arresto,Conducente,M,Illeso,0,,Non accertato,Inesploso,,
3934494,16,25/07/2018 19:00:00,Strada Urbana,PIAZZA S. GIOVANNI DI DIO,in corrispondenza,,del civico n.,16,,Veicolo in marcia contro ostacolo accidentale,Rettilineo,Due carreggiate,Asciutto,Asfaltata,Verticale ed orizzontale,Sereno,Normale,Buona,Ore Diurne,1,0,0,3,12.4466,41.8753,-1,1,Autovettura privata,In marcia / fermata / arresto,Passeggero,M,Illeso,0,,Non accertato,Inesploso,,
3934494,16,25/07/2018 19:00:00,Strada Urbana,PIAZZA S. GIOVANNI DI DIO,in corrispondenza,,del civico n.,16,,Veicolo in marcia contro ostacolo accidentale,Rettilineo,Due carreggiate,Asciutto,Asfaltata,Verticale ed orizzontale,Sereno,Normale,Buona,Ore Diurne,1,0,0,3,12.4466,41.8753,-1,2,Motociclo con passeggero,In marcia / fermata / arresto,Conducente,M,Rimandato,0,NON DECEDUTO,Non accertato,,,
3934494,16,25/07/2018 19:00:00,Strada Urbana,PIAZZA S. GIOVANNI DI DIO,in corrispondenza,,del civico n.,16,,Veicolo in marcia contro ostacolo accidentale,Rettilineo,Due carreggiate,Asciutto,Asfaltata,Verticale ed orizzontale,Sereno,Normale,Buona,Ore Diurne,1,0,0,3,12.4466,41.8753,-1,2,Motociclo con passeggero,In marcia / fermata / arresto,Passeggero,F,Illeso,0,,Non accertato,,,
3934517,15,26/07/2018 12:45:00,Strada Urbana,VIA DELL'IMPRUNETA,all'intersezione con,VIA PIEVE FOSCIANA,VIA PIEVE FOSCIANA,,,Scontro laterale fra veicoli in marcia,Incrocio,Due carreggiate,Asciutto,Asfaltata,Verticale ed orizzontale,Sereno,Scarso,Buona,Ore Diurne,0,0,0,2,12.46,41.8464,-1,1,Autovettura privata,In marcia / fermata / arresto,Conducente,M,Illeso,0,,Utilizzato,Inesploso,,
3934517,15,26/07/2018 12:45:00,Strada Urbana,VIA DELL'IMPRUNETA,all'intersezione con,VIA PIEVE FOSCIANA,VIA PIEVE FOSCIANA,,,Scontro laterale fra veicoli in marcia,Incrocio,Due carreggiate,Asciutto,Asfaltata,Verticale ed orizzontale,Sereno,Scarso,Buona,Ore Diurne,0,0,0,2,12.46,41.8464,-1,2,Motociclo a solo,In marcia / fermata / arresto,Conducente,M,Illeso,0,,Utilizzato,,,
3934874,13,26/07/2018 18:45:00,Strada Urbana,VIA DELLE MOLUCCHE,all'intersezione con,VIA ISOLE SALOMONE,VIA ISOLE SALOMONE,,,Scontro frontale/laterale SX fra veicoli in marcia,Incrocio,Una carreggiata a doppio senso,Asciutto,Asfaltata,Verticale ed orizzontale,Sereno,Normale,Buona,Ore Diurne,1,0,0,2,12.2765,41.7402,-1,1,Autovettura privata,In marcia / fermata / arresto,Conducente,F,Rimandato,0,NON DECEDUTO,Non accertato,Inesploso,,
3934874,13,26/07/2018 18:45:00,Strada Urbana,VIA DELLE MOLUCCHE,all'intersezione con,VIA ISOLE SALOMONE,VIA ISOLE SALOMONE,,,Scontro frontale/laterale SX fra veicoli in marcia,Incrocio,Una carreggiata a doppio senso,Asciutto,Asfaltata,Verticale ed orizzontale,Sereno,Normale,Buona,Ore Diurne,1,0,0,2,12.2765,41.7402,-1,2,Autovettura privata,In marcia / fermata / arresto,Conducente,M,Illeso,0,,Non accertato,Inesploso,,
3934874,13,26/07/2018 18:45:00,Strada Urbana,VIA DELLE MOLUCCHE,all'intersezione con,VIA ISOLE SALOMONE,VIA ISOLE SALOMONE,,,Scontro frontale/laterale SX fra veicoli in marcia,Incrocio,Una carreggiata a doppio senso,Asciutto,Asfaltata,Verticale ed orizzontale,Sereno,Normale,Buona,Ore Diurne,1,0,0,2,12.2765,41.7402,-1,2,Autovettura privata,In marcia / fermata / arresto,Passeggero,F,Illeso,0,,Non accertato,Inesploso,,
3934875,13,26/07/2018 16:20:00,Strada Urbana,VIA DI PRATO CORNELIO,all'intersezione con,VIA GINO BONICHI,VIA GINO BONICHI,,,Tamponamento Multiplo,Incrocio,Una carreggiata a doppio senso,Asciutto,Asfaltata,Assente,Sereno,Normale,Buona,Ore Diurne,1,0,0,2,12.3626,41.7738,-1,1,Autovettura privata,In marcia / fermata / arresto,Conducente,M,Illeso,0,,Non accertato,Inesploso,,