Protocollo,Gruppo,DataOraIncidente,Localizzazione1,STRADA1,Localizzazione2,STRADA2,Strada02,Chilometrica,DaSpecificare,NaturaIncidente,particolaritastrade,TipoStrada,FondoStradale,Pavimentazione,Segnaletica,CondizioneAtmosferica,Traffico,Visibilita,Illuminazione,NUM_FERITI,NUM_RISERVATA,NUM_MORTI,NUM_ILLESI,Longitudine,Latitudine,Confermato,Progressivo,TipoVeicolo,StatoVeicolo,TipoPersona,Sesso,Tipolesione,Deceduto,DecedutoDopo,CinturaCascoUtilizzato,Airbag,,
3934875,13,26/07/2018 16:20:00,Strada Urbana,VIA DI PRATO CORNELIO,all'intersezione con,VIA GINO BONICHI,VIA GINO BONICHI,,,Tamponamento Multiplo,Incrocio,Una carreggiata a doppio senso,Asciutto,Asfaltata,Assente,Sereno,Normale,Buona,Ore Diurne,1,0,0,2,12.3626,41.7738,-1,2,Autovettura privata,In marcia / fermata / arresto,Conducente,F,Rimandato,0,NON DECEDUTO,Non accertato,Inesploso,,
3934875,13,26/07/2018 16:20:00,Strada Urbana,VIA DI PRATO CORNELIO,all'intersezione con,VIA GINO BONICHI,VIA GINO BONICHI,,,Tamponamento Multiplo,Incrocio,Una carreggiata a doppio senso,Asciutto,Asfaltata,Assente,Sereno,Normale,Buona,Ore Diurne,1,0,0,2,12.3626,41.7738,-1,3,Autocarro inferiore 35 q.,In marcia / fermata / arresto,Conducente,M,Illeso,0,,Non accertato,Inesploso,,
3934876,13,26/07/2018 11:20:00,Strada Urbana,VIA DI MACCHIA SAPONARA,in corrispondenza,,del civico n.,91,,Investimento di pedone,Rettilineo,Una carreggiata a senso unico di marcia,Asciutto,Asfaltata,Assente,Sereno,Normale,Buona,Ore Diurne,1,0,0,1,12.3566,41.7693,-1,,,,Pedone,F,Rimandato,0,NON DECEDUTO,,,,
3934876,13,26/07/2018 11:20:00,Strada Urbana,VIA DI MACCHIA SAPONARA,in corrispondenza,,del civico n.,91,,Investimento di pedone,Rettilineo,Una carreggiata a senso unico di marcia,Asciutto,Asfaltata,Assente,Sereno,Normale,Buona,Ore Diurne,1,0,0,1,12.3566,41.7693,-1,1,Autovettura privata,In marcia / fermata / arresto,Conducente,F,Illeso,0,,Non accertato,Inesploso,,
3934879,13,26/07/2018 11:00:00,Strada Urbana,VIA CRISTOFORO COLOMBO,all'intersezione semaforizzata con,VIA DI CASAL PALOCCO,VIA DI CASAL PALOCCO,,,Scontro frontale/laterale DX fra veicoli in marcia,Intersezione semaforizzata,Pi� di due carreggiate,Asciutto,Asfaltata,Verticale ed orizzontale,Sereno,Normale,Buona,Ore Diurne,3,1,0,3,12.3578,41.7458,-1,1,Autovettura privata,In marcia / fermata / arresto,Conducente,M,Rimandato,0,NON DECEDUTO,Non accertato,Inesploso,,
3934879,13,26/07/2018 11:00:00,Strada Urbana,VIA CRISTOFORO COLOMBO,all'intersezione semaforizzata con,VIA DI CASAL PALOCCO,VIA DI CASAL PALOCCO,,,Scontro frontale/laterale DX fra veicoli in marcia,Intersezione semaforizzata,Pi� di due carreggiate,Asciutto,Asfaltata,Verticale ed orizzontale,Sereno,Normale,Buona,Ore Diurne,3,1,0,3,12.3578,41.7458,-1,1,Autovettura privata,In marcia / fermata / arresto,Passeggero,M,Prognosi riservata,0,NON DECEDUTO,Non accertato,Inesploso,,
3934879,13,26/07/2018 11:00:00,Strada Urbana,VIA CRISTOFORO COLOMBO,all'intersezione semaforizzata con,VIA DI CASAL PALOCCO,VIA DI CASAL PALOCCO,,,Scontro frontale/laterale DX fra veicoli in marcia,Intersezione semaforizzata,Pi� di due carreggiate,Asciutto,Asfaltata,Verticale ed orizzontale,Sereno,Normale,Buona,Ore Diurne,3,1,0,3,12.3578,41.7458,-1,1,Autovettura privata,In marcia / fermata / arresto,Passeggero,M,Rimandato,0,NON DECEDUTO,Non accertato,Inesploso,,
3934879,13,26/07/2018 11:00:00,Strada Urbana,VIA CRISTOFORO COLOMBO,all'intersezione semaforizzata con,VIA DI CASAL PALOCCO,VIA DI CASAL PALOCCO,,,Scontro frontale/laterale DX fra veicoli in marcia,Intersezione semaforizzata,Pi� di due carreggiate,Asciutto,Asfaltata,Verticale ed orizzontale,Sereno,Normale,Buona,Ore Diurne,3,1,0,3,12.3578,41.7458,-1,1,Autovettura privata,In marcia / fermata / arresto,Passeggero,F,Illeso,0,,Non accertato,Inesploso,,
3934879,13,26/07/2018 11:00:00,Strada Urbana,VIA CRISTOFORO COLOMBO,all'intersezione semaforizzata con,VIA DI CASAL PALOCCO,VIA DI CASAL PALOCCO,,,Scontro frontale/laterale DX fra veicoli in marcia,Intersezione semaforizzata,Pi� di due carreggiate,Asciutto,Asfaltata,Verticale ed orizzontale,Sereno,Normale,Buona,Ore Diurne,3,1,0,3,12.3578,41.7458,-1,2,Autovettura privata,In marcia / fermata / arresto,Conducente,F,Rimandato,0,NON DECEDUTO,Non accertato,Inesploso,,
3934879,13,26/07/2018 11:00:00,Strada Urbana,VIA CRISTOFORO COLOMBO,all'intersezione semaforizzata con,VIA DI CASAL PALOCCO,VIA DI CASAL PALOCCO,,,Scontro frontale/laterale DX fra veicoli in marcia,Intersezione semaforizzata,Pi� di due carreggiate,Asciutto,Asfaltata,Verticale ed orizzontale,Sereno,Normale,Buona,Ore Diurne,3,1,0,3,12.3578,41.7458,-1,2,Autovettura privata,In marcia / fermata / arresto,Passeggero,F,Illeso,0,,Non accertato,Inesploso,,
3934879,13,26/07/2018 11:00:00,Strada Urbana,VIA CRISTOFORO COLOMBO,all'intersezione semaforizzata con,VIA DI CASAL PALOCCO,VIA DI CASAL PALOCCO,,,Scontro frontale/laterale DX fra veicoli in marcia,Intersezione semaforizzata,Pi� di due carreggiate,Asciutto,Asfaltata,Verticale ed orizzontale,Sereno,Normale,Buona,Ore Diurne,3,1,0,3,12.3578,41.7458,-1,2,Autovettura privata,In marcia / fermata / arresto,Passeggero,F,Illeso,0,,Non accertato,Inesploso,,
3934881,13,26/07/2018 10:35:00,Strada Urbana,VIA DEL MARE,in corrispondenza,,della chilometrica,15.3,,Tamponamento Multiplo,Rettilineo,Una carreggiata a senso unico di marcia,Asciutto,Asfaltata,Verticale ed orizzontale,Sereno,Normale,Sufficiente,Ore Diurne,3,0,0,2,12.4632,41.8403,-1,1,Autovettura privata,In marcia / fermata / arresto,Conducente,M,Illeso,0,,,,,
3934881,13,26/07/2018 10:35:00,Strada Urbana,VIA DEL MARE,in corrispondenza,,della chilometrica,15.3,,Tamponamento Multiplo,Rettilineo,Una carreggiata a senso unico di marcia,Asciutto,Asfaltata,Verticale ed orizzontale,Sereno,Normale,Sufficiente,Ore Diurne,3,0,0,2,12.4632,41.8403,-1,1,Autovettura privata,In marcia / fermata / arresto,Passeggero,F,Illeso,0,,,,,
3934881,13,26/07/2018 10:35:00,Strada Urbana,VIA DEL MARE,in corrispondenza,,della chilometrica,15.3,,Tamponamento Multiplo,Rettilineo,Una carreggiata a senso unico di marcia,Asciutto,Asfaltata,Verticale ed orizzontale,Sereno,Normale,Sufficiente,Ore Diurne,3,0,0,2,12.4632,41.8403,-1,2,Autovettura privata,In marcia / fermata / arresto,Conducente,M,Rimandato,0,NON DECEDUTO,,,,
3934881,13,26/07/2018 10:35:00,Strada Urbana,VIA DEL MARE,in corrispondenza,,della chilometrica,15.3,,Tamponamento Multiplo,Rettilineo,Una carreggiata a senso unico di marcia,Asciutto,Asfaltata,Verticale ed orizzontale,Sereno,Normale,Sufficiente,Ore Diurne,3,0,0,2,12.4632,41.8403,-1,3,Autovettura di polizia,In marcia / fermata / arresto,Conducente,M,Rimandato,0,NON DECEDUTO,,,,
3934881,13,26/07/2018 10:35:00,Strada Urbana,VIA DEL MARE,in corrispondenza,,della chilometrica,15.3,,Tamponamento Multiplo,Rettilineo,Una carreggiata a senso unico di marcia,Asciutto,Asfaltata,Verticale ed orizzontale,Sereno,Normale,Sufficiente,Ore Diurne,3,0,0,2,12.4632,41.8403,-1,4,Autovettura di polizia,In marcia / fermata / arresto,Conducente,F,Rimandato,0,NON DECEDUTO,,,,
3934886,13,26/07/2018,Strada Urbana,VIA OLETTA,in corrispondenza,,del civico n.,31,,Veicolo in marcia contro veicolo in sosta,Rettilineo,Una carreggiata a doppio senso,Asciutto,Asfaltata,Verticale,Sereno,Scarso,Buona,Ore Diurne,0,0,0,1,12.2909,41.7285,-1,1,Autovettura privata,In marcia / fermata / arresto,Conducente,M,Illeso,0,,Non accertato,Inesploso,,
3934887,13,26/07/2018 10:20:00,Strada Urbana,VIA CRISTOFORO COLOMBO,all'intersezione con,VIALE DELLA VILLA DI PLINIO,VIALE DELLA VILLA DI PLINIO,,,Scontro frontale/laterale DX fra veicoli in marcia,Incrocio,Una carreggiata a senso unico di marcia,Asciutto,Asfaltata,Verticale ed orizzontale,Sereno,Normale,Buona,Ore Diurne,1,0,0,1,12.3281,41.7227,-1,1,Autovettura privata,In marcia / fermata / arresto,Conducente,M,Illeso,0,,,,,
3934887,13,26/07/2018 10:20:00,Strada Urbana,VIA CRISTOFORO COLOMBO,all'intersezione con,VIALE DELLA VILLA DI PLINIO,VIALE DELLA VILLA DI PLINIO,,,Scontro frontale/laterale DX fra veicoli in marcia,Incrocio,Una carreggiata a senso unico di marcia,Asciutto,Asfaltata,Verticale ed orizzontale,Sereno,Normale,Buona,Ore Diurne,1,0,0,1,12.3281,41.7227,-1,2,Autovettura privata,In marcia / fermata / arresto,Conducente,M,Rimandato,0,NON DECEDUTO,,,,
3934888,13,26/07/2018 10:10:00,Strada Urbana,VIA DOMENICO PURIFICATO,all'intersezione con,VIA FRANCO GENTILINI,VIA FRANCO GENTILINI,,,Scontro frontale/laterale SX fra veicoli in marcia,Incrocio,Una carreggiata a doppio senso,Asciutto,Asfaltata,Verticale ed orizzontale,Sereno,Scarso,Sufficiente,Ore Diurne,1,0,0,1,12.3623,41.7718,-1,1,Autovettura privata,In marcia / fermata / arresto,Conducente,F,Rimandato,0,NON DECEDUTO,,,,
3934888,13,26/07/2018 10:10:00,Strada Urbana,VIA DOMENICO PURIFICATO,all'intersezione con,VIA FRANCO GENTILINI,VIA FRANCO GENTILINI,,,Scontro frontale/laterale SX fra veicoli in marcia,Incrocio,Una carreggiata a doppio senso,Asciutto,Asfaltata,Verticale ed orizzontale,Sereno,Scarso,Sufficiente,Ore Diurne,1,0,0,1,12.3623,41.7718,-1,2,Autovettura privata,In marcia / fermata / arresto,Conducente,M,Illeso,0,,,,,
3934891,10,26/07/2018 09:20:00,Strada Urbana,VIA DI CASAL MORENA,in corrispondenza,,del civico n.,58,,Scontro laterale fra veicoli in marcia,Rettilineo,Una carreggiata a doppio senso,Asciutto,Asfaltata,Verticale,Sereno,Normale,Buona,Ore Diurne,1,0,0,1,12.6177,41.825,-1,1,Autovettura privata,In marcia / fermata / arresto,Conducente,F,Illeso,0,,Non accertato,Inesploso,,
3934891,10,26/07/2018 09:20:00,Strada Urbana,VIA DI CASAL MORENA,in corrispondenza,,del civico n.,58,,Scontro laterale fra veicoli in marcia,Rettilineo,Una carreggiata a doppio senso,Asciutto,Asfaltata,Verticale,Sereno,Normale,Buona,Ore Diurne,1,0,0,1,12.6177,41.825,-1,2,Motociclo a solo,In marcia / fermata / arresto,Conducente,M,Rifiuta cure immediate,0,NON DECEDUTO,Non accertato,,,
3934896,10,26/07/2018 11:00:00,Strada Urbana,VIA ANAGNINA,in corrispondenza,,del civico n.,147,,Tamponamento,Rettilineo,Due carreggiate,Asciutto,Asfaltata,Verticale ed orizzontale,Sereno,Scarso,Buona,Ore Diurne,1,0,0,1,12.5991,41.829,-1,1,Autovettura privata,In marcia / fermata / arresto,Conducente,M,Illeso,0,,Non accertato,Inesploso,,
3934896,10,26/07/2018 11:00:00,Strada Urbana,VIA ANAGNINA,in corrispondenza,,del civico n.,147,,Tamponamento,Rettilineo,Due carreggiate,Asciutto,Asfaltata,Verticale ed orizzontale,Sereno,Scarso,Buona,Ore Diurne,1,0,0,1,12.5991,41.829,-1,2,Autovettura privata,In marcia / fermata / arresto,Conducente,M,Rimandato,0,NON DECEDUTO,Non accertato,Inesploso,,
3934897,6,26/07/2018 19:13:00,Strada Urbana,VIA PRENESTINA,in prossimit�,,del civico n.,407,,Scontro laterale fra veicoli in marcia,Rettilineo,Pi� di due carreggiate,Asciutto,Asfaltata,Orizzontale,Sereno,Normale,Buona,Ore Diurne,0,0,0,2,12.5611,41.8951,-1,1,Autovettura privata,In marcia / fermata / arresto,Conducente,M,Illeso,0,,,,,
3934897,6,26/07/2018 19:13:00,Strada Urbana,VIA PRENESTINA,in prossimit�,,del civico n.,407,,Scontro laterale fra veicoli in marcia,Rettilineo,Pi� di due carreggiate,Asciutto,Asfaltata,Orizzontale,Sereno,Normale,Buona,Ore Diurne,0,0,0,2,12.5611,41.8951,-1,2,Autovettura privata,In marcia / fermata / arresto,Conducente,F,Illeso,0,,,,,
3934904,10,23/07/2018 08:30:00,Strada Urbana,VIA DI CASAL MORENA,all'intersezione con,VIA NIOBE,VIA NIOBE,,,Veicolo in marcia contro ostacolo accidentale,Incrocio,Una carreggiata a doppio senso,Bagnato (pioggia),Asfaltata,Verticale ed orizzontale,Pioggia in atto,Normale,Buona,Ore Diurne,0,0,0,1,12.6171,41.8237,-1,1,Autocarro inferiore 35 q.,In marcia / fermata / arresto,Conducente,M,Illeso,0,,Non accertato,Inesploso,,
3934907,7,26/07/2018 12:10:00,Strada Urbana,VIALE PALMIRO TOGLIATTI,da specificare,,,,prossimit� municipio,Scontro laterale fra veicoli in marcia,Rettilineo,Pi� di due carreggiate,Asciutto,Asfaltata,Verticale ed orizzontale,Sereno,Normale,Buona,Sufficiente,0,0,0,2,12.5734,41.8877,-1,1,Autovettura privata,In marcia / fermata / arresto,Conducente,M,Illeso,0,,Non accertato,Inesploso,,
3934907,7,26/07/2018 12:10:00,Strada Urbana,VIALE PALMIRO TOGLIATTI,da specificare,,,,prossimit� municipio,Scontro laterale fra veicoli in marcia,Rettilineo,Pi� di due carreggiate,Asciutto,Asfaltata,Verticale ed orizzontale,Sereno,Normale,Buona,Sufficiente,0,0,0,2,12.5734,41.8877,-1,2,Autovettura privata,In marcia / fermata / arresto,Conducente,M,Illeso,0,,Non accertato,Inesploso,,
3934912,9,26/07/2018 19:00:00,,LARGO DEI COLLI ALBANI,all'intersezione con,VIA ROCCA PRIORA,VIA ROCCA PRIORA,,,Scontro laterale fra veicoli in marcia,,,,,,,,,,0,0,0,2,12.5297,41.8698,0,1,Autovettura privata,In marcia / fermata / arresto,Conducente,F,Illeso,0,,,,,
3934912,9,26/07/2018 19:00:00,,LARGO DEI COLLI ALBANI,all'intersezione con,VIA ROCCA PRIORA,VIA ROCCA PRIORA,,,Scontro laterale fra veicoli in marcia,,,,,,,,,,0,0,0,2,12.5297,41.8698,0,2,Autocarro inferiore 35 q.,In marcia / fermata / arresto,Conducente,M,Illeso,0,,,,,
3934913,5,26/07/2018 06:50:00,Strada Urbana,VIA TIBURTINA,in corrispondenza,,del civico n.,1321,,Tamponamento,Rettilineo,Due carreggiate,Asciutto,Asfaltata,Verticale ed orizzontale,Sereno,Normale,Buona,Ore Diurne,1,0,0,1,12.6155,41.9366,-1,1,Motociclo a solo,In marcia / fermata / arresto,Conducente,M,Rimandato,0,NON DECEDUTO,Non accertato,,,
3934913,5,26/07/2018 06:50:00,Strada Urbana,VIA TIBURTINA,in corrispondenza,,del civico n.,1321,,Tamponamento,Rettilineo,Due carreggiate,Asciutto,Asfaltata,Verticale ed orizzontale,Sereno,Normale,Buona,Ore Diurne,1,0,0,1,12.6155,41.9366,-1,2,Autovettura privata,In marcia / fermata / arresto,Conducente,M,Illeso,0,,Non accertato,Inesploso,,
3934917,17,25/07/2018 19:30:00,Strada Urbana,VIA BRACCIANENSE,da specificare,,,,altezza chilometro 6,Scontro frontale fra veicoli in marcia,Rettilineo,Una carreggiata a doppio senso,Asciutto,Asfaltata,Assente,Sereno,Normale,Buona,Ore Diurne,1,0,0,3,12.3654,42.0132,-1,1,Autovettura privata,In marcia / fermata / arresto,Conducente,M,Illeso,0,,,,,
3934917,17,25/07/2018 19:30:00,Strada Urbana,VIA BRACCIANENSE,da specificare,,,,altezza chilometro 6,Scontro frontale fra veicoli in marcia,Rettilineo,Una carreggiata a doppio senso,Asciutto,Asfaltata,Assente,Sereno,Normale,Buona,Ore Diurne,1,0,0,3,12.3654,42.0132,-1,2,Autovettura privata,In marcia / fermata / arresto,Conducente,M,Rifiuta cure immediate,0,NON DECEDUTO,,,,
3934917,17,25/07/2018 19:30:00,Strada Urbana,VIA BRACCIANENSE,da specificare,,,,altezza chilometro 6,Scontro frontale fra veicoli in marcia,Rettilineo,Una carreggiata a doppio senso,Asciutto,Asfaltata,Assente,Sereno,Normale,Buona,Ore Diurne,1,0,0,3,12.3654,42.0132,-1,3,Autovettura privata,In marcia / fermata / arresto,Conducente,M,Illeso,0,,,,,
3934917,17,25/07/2018 19:30:00,Strada Urbana,VIA BRACCIANENSE,da specificare,,,,altezza chilometro 6,Scontro frontale fra veicoli in marcia,Rettilineo,Una carreggiata a doppio senso,Asciutto,Asfaltata,Assente,Sereno,Normale,Buona,Ore Diurne,1,0,0,3,12.3654,42.0132,-1,3,Autovettura privata,In marcia / fermata / arresto,Passeggero,M,Illeso,0,,,,,
3934919,11,26/07/2018 21:00:00,Strada Urbana,VIA DELLA VILLA DI LUCINA,in prossimit�,,del civico n.,117,,Scontro frontale fra veicoli in marcia,Rettilineo,Una carreggiata a senso unico di marcia,Bagnato (umidit� in atto),Asfaltata,Verticale ed orizzontale,Nuvoloso,Scarso,Buona,Sufficiente,1,0,0,1,12.4862,41.8598,-1,1,Autocarro inferiore 35 q.,In marcia / fermata / arresto,Conducente,M,Illeso,0,,Non accertato,,,
3934919,11,26/07/2018 21:00:00,Strada Urbana,VIA DELLA VILLA DI LUCINA,in prossimit�,,del civico n.,117,,Scontro frontale fra veicoli in marcia,Rettilineo,Una carreggiata a senso unico di marcia,Bagnato (umidit� in atto),Asfaltata,Verticale ed orizzontale,Nuvoloso,Scarso,Buona,Sufficiente,1,0,0,1,12.4862,41.8598,-1,2,Motociclo a solo,In marcia / fermata / arresto,Conducente,M,Rimandato,0,NON DECEDUTO,Non accertato,,,
3934922,8,26/07/2018 07:20:00,Strada Urbana,VIA VILLABATE,all'intersezione con,VIA ALI',VIA ALI',,,Scontro frontale/laterale SX fra veicoli in marcia,Intersezione stradale segnalata,Una carreggiata a doppio senso,Asciutto,Asfaltata,Verticale ed orizzontale,Sereno,Normale,Buona,Ore Diurne,2,0,0,0,12.6514,41.8693,-1,1,Autovettura privata,In marcia / fermata / arresto,Conducente,F,Rimandato,0,NON DECEDUTO,Non accertato,,,
3934922,8,26/07/2018 07:20:00,Strada Urbana,VIA VILLABATE,all'intersezione con,VIA ALI',VIA ALI',,,Scontro frontale/laterale SX fra veicoli in marcia,Intersezione stradale segnalata,Una carreggiata a doppio senso,Asciutto,Asfaltata,Verticale ed orizzontale,Sereno,Normale,Buona,Ore Diurne,2,0,0,0,12.6514,41.8693,-1,2,Autovettura privata,In marcia / fermata / arresto,Conducente,F,Rimandato,0,NON DECEDUTO,Non accertato,Esploso,,
3934924,4,26/07/2018 05:10:00,Statale entro l'abitato,VIA FLAMINIA,da specificare,,,,Altezza via Cornalba,Scontro frontale/laterale SX fra veicoli in marcia,Rettilineo,Una carreggiata a doppio senso,Asciutto,Asfaltata,Verticale ed orizzontale,Sereno,Scarso,Buona,Inesistente,2,0,0,1,12.4718,41.9419,-1,1,Autovettura privata,In marcia / fermata / arresto,Conducente,M,Rimandato,0,NON DECEDUTO,,,,
3934924,4,26/07/2018 05:10:00,Statale entro l'abitato,VIA FLAMINIA,da specificare,,,,Altezza via Cornalba,Scontro frontale/laterale SX fra veicoli in marcia,Rettilineo,Una carreggiata a doppio senso,Asciutto,Asfaltata,Verticale ed orizzontale,Sereno,Scarso,Buona,Inesistente,2,0,0,1,12.4718,41.9419,-1,2,Autovettura pubblica,In marcia / fermata / arresto,Conducente,M,Rimandato,0,NON DECEDUTO,Non accertato,,,
3934924,4,26/07/2018 05:10:00,Statale entro l'abitato,VIA FLAMINIA,da specificare,,,,Altezza via Cornalba,Scontro frontale/laterale SX fra veicoli in marcia,Rettilineo,Una carreggiata a doppio senso,Asciutto,Asfaltata,Verticale ed orizzontale,Sereno,Scarso,Buona,Inesistente,2,0,0,1,12.4718,41.9419,-1,3,Autovettura privata,In marcia / fermata / arresto,Conducente,M,Illeso,0,,Non accertato,,,
3934933,7,26/07/2018 17:20:00,Strada Urbana,VIA DEI GELSI,all'intersezione con,VIALE DELLE ORCHIDEE,VIALE DELLE ORCHIDEE,,,Scontro frontale/laterale DX fra veicoli in marcia,Incrocio,Due carreggiate,Asciutto,Asfaltata,Verticale ed orizzontale,Sereno,Normale,Buona,Ore Diurne,0,0,0,2,12.5692,41.8893,-1,1,Autovettura privata,In marcia / fermata / arresto,Conducente,M,Illeso,0,,Non accertato,Inesploso,,
3934933,7,26/07/2018 17:20:00,Strada Urbana,VIA DEI GELSI,all'intersezione con,VIALE DELLE ORCHIDEE,VIALE DELLE ORCHIDEE,,,Scontro frontale/laterale DX fra veicoli in marcia,Incrocio,Due carreggiate,Asciutto,Asfaltata,Verticale ed orizzontale,Sereno,Normale,Buona,Ore Diurne,0,0,0,2,12.5692,41.8893,-1,2,Autovettura privata,In marcia / fermata / arresto,Conducente,F,Illeso,0,,Non accertato,Inesploso,,
3934934,9,26/07/2018 20:45:00,Strada Urbana,VIA ALFREDO BACCARINI,all'intersezione con,VIA BENEDETTO VARCHI,VIA BENEDETTO VARCHI,,,Investimento di pedone,Intersezione stradale segnalata,Una carreggiata a doppio senso,Bagnato (pioggia),Asfaltata,Verticale ed orizzontale,Pioggia in atto,Normale,Buona,Sufficiente,1,0,0,1,12.5169,41.8746,-1,,,,Pedone,M,Rimandato,0,NON DECEDUTO,,,,
3934934,9,26/07/2018 20:45:00,Strada Urbana,VIA ALFREDO BACCARINI,all'intersezione con,VIA BENEDETTO VARCHI,VIA BENEDETTO VARCHI,,,Investimento di pedone,Intersezione stradale segnalata,Una carreggiata a doppio senso,Bagnato (pioggia),Asfaltata,Verticale ed orizzontale,Pioggia in atto,Normale,Buona,Sufficiente,1,0,0,1,12.5169,41.8746,-1,1,Autovettura privata,In marcia / fermata / arresto,Conducente,M,Illeso,0,,Non accertato,Inesploso,,
3934937,5,26/07/2018 09:30:00,Strada Urbana,VIA DEI MONTI TIBURTINI,in prossimit�,,del civico n.,534,,Tamponamento,Rettilineo,Due carreggiate,Asciutto,Asfaltata,Verticale ed orizzontale,Sereno,Normale,Buona,Ore Diurne,0,0,0,3,12.5464,41.9158,-1,1,Autovettura privata,In marcia / fermata / arresto,Conducente,M,Illeso,0,,Non accertato,Inesploso,,
3934937,5,26/07/2018 09:30:00,Strada Urbana,VIA DEI MONTI TIBURTINI,in prossimit�,,del civico n.,534,,Tamponamento,Rettilineo,Due carreggiate,Asciutto,Asfaltata,Verticale ed orizzontale,Sereno,Normale,Buona,Ore Diurne,0,0,0,3,12.5464,41.9158,-1,1,Autovettura privata,In marcia / fermata / arresto,Passeggero,M,Illeso,0,,Non accertato,,,
3934937,5,26/07/2018 09:30:00,Strada Urbana,VIA DEI MONTI TIBURTINI,in prossimit�,,del civico n.,534,,Tamponamento,Rettilineo,Due carreggiate,Asciutto,Asfaltata,Verticale ed orizzontale,Sereno,Normale,Buona,Ore Diurne,0,0,0,3,12.5464,41.9158,-1,2,Autovettura privata,In marcia / fermata / arresto,Conducente,M,Illeso,0,,Non accertato,,,
3934948,7,26/07/2018 20:00:00,Strada Urbana,VIA LOCOROTONDO,in corrispondenza,,del civico n.,22,,Scontro laterale fra veicoli in marcia,Rettilineo,Una carreggiata a doppio senso,Bagnato (pioggia),Asfaltata,Assente,Pioggia in atto,Scarso,Sufficiente,Ore Diurne,0,0,0,2,12.5784,41.889,-1,1,Autovettura privata,In marcia / fermata / arresto,Conducente,F,Illeso,0,,Non accertato,Inesploso,,
3934948,7,26/07/2018 20:00:00,Strada Urbana,VIA LOCOROTONDO,in corrispondenza,,del civico n.,22,,Scontro laterale fra veicoli in marcia,Rettilineo,Una carreggiata a doppio senso,Bagnato (pioggia),Asfaltata,Assente,Pioggia in atto,Scarso,Sufficiente,Ore Diurne,0,0,0,2,12.5784,41.889,-1,3,Autovettura privata,In marcia / fermata / arresto,Conducente,M,Illeso,0,,Non accertato,Inesploso,,
3934952,18,26/07/2018 16:25:00,Strada Urbana,VIA DELLA PINETA SACCHETTI,all'intersezione con,VIA CALISTO II,VIA CALISTO II,,,Scontro frontale/laterale SX fra veicoli in marcia,Incrocio,Una carreggiata a doppio senso,Asciutto,Asfaltata,Verticale ed orizzontale,Sereno,Normale,Buona,Ore Diurne,1,0,0,1,12.4244,41.9231,-1,1,Autovettura privata,In marcia / fermata / arresto,Conducente,M,Illeso,0,,Non accertato,Inesploso,,
3934952,18,26/07/2018 16:25:00,Strada Urbana,VIA DELLA PINETA SACCHETTI,all'intersezione con,VIA CALISTO II,VIA CALISTO II,,,Scontro frontale/laterale SX fra veicoli in marcia,Incrocio,Una carreggiata a doppio senso,Asciutto,Asfaltata,Verticale ed orizzontale,Sereno,Normale,Buona,Ore Diurne,1,0,0,1,12.4244,41.9231,-1,2,Motociclo a solo,In marcia / fermata / arresto,Conducente,F,Rimandato,0,NON DECEDUTO,Non accertato,,,
3934955,17,26/07/2018 11:25:00,Strada Urbana,VIA GOMENIZZA,all'intersezione con,VIA DURAZZO,VIA DURAZZO,,,Scontro frontale/laterale SX fra veicoli in marcia,Incrocio,Una carreggiata a doppio senso,Asciutto,Asfaltata,Verticale ed orizzontale,Sereno,Normale,Buona,Ore Diurne,0,0,0,2,12.456,41.9215,-1,1,Autovettura privata,In marcia / fermata / arresto,Conducente,F,Illeso,0,,,,,
3934955,17,26/07/2018 11:25:00,Strada Urbana,VIA GOMENIZZA,all'intersezione con,VIA DURAZZO,VIA DURAZZO,,,Scontro frontale/laterale SX fra veicoli in marcia,Incrocio,Una carreggiata a doppio senso,Asciutto,Asfaltata,Verticale ed orizzontale,Sereno,Normale,Buona,Ore Diurne,0,0,0,2,12.456,41.9215,-1,2,Autovettura privata,In marcia / fermata / arresto,Conducente,M,Illeso,0,,,,,
3934957,5,26/07/2018 11:00:00,Strada Urbana,VIA FIUMINATA,all'intersezione con,VIA FABRIANO,VIA FABRIANO,,,Scontro frontale/laterale DX fra veicoli in marcia,Incrocio,Una carreggiata a doppio senso,Asciutto,Asfaltata,Verticale ed orizzontale,Sereno,Normale,Sufficiente,Ore Diurne,0,0,0,3,12.5844,41.9408,-1,1,Autovettura privata,In marcia / fermata / arresto,Conducente,F,Illeso,0,,Non accertato,Inesploso,,
3934957,5,26/07/2018 11:00:00,Strada Urbana,VIA FIUMINATA,all'intersezione con,VIA FABRIANO,VIA FABRIANO,,,Scontro frontale/laterale DX fra veicoli in marcia,Incrocio,Una carreggiata a doppio senso,Asciutto,Asfaltata,Verticale ed orizzontale,Sereno,Normale,Sufficiente,Ore Diurne,0,0,0,3,12.5844,41.9408,-1,2,Autovettura privata,In marcia / fermata / arresto,Conducente,M,Illeso,0,,Non accertato,Inesploso,,
3934957,5,26/07/2018 11:00:00,Strada Urbana,VIA FIUMINATA,all'intersezione con,VIA FABRIANO,VIA FABRIANO,,,Scontro frontale/laterale DX fra veicoli in marcia,Incrocio,Una carreggiata a doppio senso,Asciutto,Asfaltata,Verticale ed orizzontale,Sereno,Normale,Sufficiente,Ore Diurne,0,0,0,3,12.5844,41.9408,-1,2,Autovettura privata,In marcia / fermata / arresto,Passeggero,M,Illeso,0,,Non accertato,Inesploso,,