Protocollo,Gruppo,DataOraIncidente,Localizzazione1,STRADA1,Localizzazione2,STRADA2,Strada02,Chilometrica,DaSpecificare,NaturaIncidente,particolaritastrade,TipoStrada,FondoStradale,Pavimentazione,Segnaletica,CondizioneAtmosferica,Traffico,Visibilita,Illuminazione,NUM_FERITI,NUM_RISERVATA,NUM_MORTI,NUM_ILLESI,Longitudine,Latitudine,Confermato,Progressivo,TipoVeicolo,StatoVeicolo,TipoPersona,Sesso,Tipolesione,Deceduto,DecedutoDopo,CinturaCascoUtilizzato,Airbag,,
3934961,5,26/07/2018 12:00:00,Strada Urbana,VIA ZOE FONTANA,in corrispondenza,,del civico n.,211,,Veicolo in marcia contro veicolo in sosta,Rettilineo,Una carreggiata a doppio senso,Asciutto,Asfaltata,Orizzontale,Sereno,Normale,Buona,Ore Diurne,2,0,0,2,12.6089,41.9297,-1,,,,Pedone,F,Rimandato,0,NON DECEDUTO,,,,
3934961,5,26/07/2018 12:00:00,Strada Urbana,VIA ZOE FONTANA,in corrispondenza,,del civico n.,211,,Veicolo in marcia contro veicolo in sosta,Rettilineo,Una carreggiata a doppio senso,Asciutto,Asfaltata,Orizzontale,Sereno,Normale,Buona,Ore Diurne,2,0,0,2,12.6089,41.9297,-1,,,,Pedone,F,Rimandato,0,NON DECEDUTO,,,,
3934961,5,26/07/2018 12:00:00,Strada Urbana,VIA ZOE FONTANA,in corrispondenza,,del civico n.,211,,Veicolo in marcia contro veicolo in sosta,Rettilineo,Una carreggiata a doppio senso,Asciutto,Asfaltata,Orizzontale,Sereno,Normale,Buona,Ore Diurne,2,0,0,2,12.6089,41.9297,-1,1,Autocarro inferiore 35 q.,In marcia / fermata / arresto,Conducente,M,Illeso,0,,Non accertato,Inesploso,,
3934961,5,26/07/2018 12:00:00,Strada Urbana,VIA ZOE FONTANA,in corrispondenza,,del civico n.,211,,Veicolo in marcia contro veicolo in sosta,Rettilineo,Una carreggiata a doppio senso,Asciutto,Asfaltata,Orizzontale,Sereno,Normale,Buona,Ore Diurne,2,0,0,2,12.6089,41.9297,-1,2,Motocarro,Sosta,Passeggero,M,Illeso,0,,Non accertato,Inesploso,,
3934966,18,26/07/2018 14:10:00,Strada Urbana,VIA DEL CASALE DI S. PIO V,all'intersezione con,VIA CARDINAL PACCA,VIA CARDINAL PACCA,,,Scontro frontale/laterale DX fra veicoli in marcia,Intersezione non regolata/non segnalata,Una carreggiata a doppio senso,Asciutto,Asfaltata,Verticale ed orizzontale,Sereno,Normale,Buona,Ore Diurne,1,0,0,1,12.4322,41.8924,-1,1,Autovettura privata,In marcia / fermata / arresto,Conducente,F,Illeso,0,,,,,
3934966,18,26/07/2018 14:10:00,Strada Urbana,VIA DEL CASALE DI S. PIO V,all'intersezione con,VIA CARDINAL PACCA,VIA CARDINAL PACCA,,,Scontro frontale/laterale DX fra veicoli in marcia,Intersezione non regolata/non segnalata,Una carreggiata a doppio senso,Asciutto,Asfaltata,Verticale ed orizzontale,Sereno,Normale,Buona,Ore Diurne,1,0,0,1,12.4322,41.8924,-1,2,Motociclo a solo,In marcia / fermata / arresto,Conducente,M,Rimandato,0,NON DECEDUTO,,,,
3934971,20,26/07/2018 21:30:00,Regionale,VIA FLAMINIA,da specificare,,,,altezza Via Sacrofanese,Investimento di pedone,Rettilineo,Una carreggiata a doppio senso,Asciutto,Asfaltata,Verticale ed orizzontale,Nuvoloso,Scarso,Buona,Inesistente,0,0,1,1,,,0,,,,Pedone,M,Deceduto sul posto,-1,,,,,
3934971,20,26/07/2018 21:30:00,Regionale,VIA FLAMINIA,da specificare,,,,altezza Via Sacrofanese,Investimento di pedone,Rettilineo,Una carreggiata a doppio senso,Asciutto,Asfaltata,Verticale ed orizzontale,Nuvoloso,Scarso,Buona,Inesistente,0,0,1,1,,,0,1,Autovettura privata,In marcia / fermata / arresto,Conducente,F,Illeso,0,,,,,
3934973,8,26/07/2018 08:45:00,Strada Urbana,VIA CORATO,in prossimit�,,del civico n.,27/A,,Scontro frontale/laterale SX fra veicoli in marcia,Rettilineo,Una carreggiata a doppio senso,Asciutto,Asfaltata,Assente,Sereno,Normale,Buona,Ore Diurne,0,0,0,3,12.6643,41.8888,-1,1,Autovettura privata,In marcia / fermata / arresto,Conducente,F,Illeso,0,,Non accertato,Inesploso,,
3934973,8,26/07/2018 08:45:00,Strada Urbana,VIA CORATO,in prossimit�,,del civico n.,27/A,,Scontro frontale/laterale SX fra veicoli in marcia,Rettilineo,Una carreggiata a doppio senso,Asciutto,Asfaltata,Assente,Sereno,Normale,Buona,Ore Diurne,0,0,0,3,12.6643,41.8888,-1,1,Autovettura privata,In marcia / fermata / arresto,Passeggero,F,Illeso,0,,Non accertato,Inesploso,,
3934973,8,26/07/2018 08:45:00,Strada Urbana,VIA CORATO,in prossimit�,,del civico n.,27/A,,Scontro frontale/laterale SX fra veicoli in marcia,Rettilineo,Una carreggiata a doppio senso,Asciutto,Asfaltata,Assente,Sereno,Normale,Buona,Ore Diurne,0,0,0,3,12.6643,41.8888,-1,2,Autovettura privata,In marcia / fermata / arresto,Conducente,F,Illeso,0,,Non accertato,Inesploso,,
3934993,8,26/07/2018 19:05:00,Strada Urbana,VIA DI TORRE SPACCATA,in prossimit�,,del civico n.,172,,Tamponamento,Rettilineo,Una carreggiata a doppio senso,Asciutto,Asfaltata,Verticale,Sereno,Scarso,Buona,Ore Diurne,1,0,0,1,12.5876,41.8628,-1,1,Motociclo a solo,In marcia / fermata / arresto,Conducente,M,Rifiuta cure immediate,0,NON DECEDUTO,Non accertato,,,
3934993,8,26/07/2018 19:05:00,Strada Urbana,VIA DI TORRE SPACCATA,in prossimit�,,del civico n.,172,,Tamponamento,Rettilineo,Una carreggiata a doppio senso,Asciutto,Asfaltata,Verticale,Sereno,Scarso,Buona,Ore Diurne,1,0,0,1,12.5876,41.8628,-1,2,Autovettura privata,In marcia / fermata / arresto,Conducente,F,Illeso,0,,Non accertato,Inesploso,,
3934995,4,26/07/2018 19:30:00,Strada Urbana,VIA VAL SENIO,all'intersezione con,VIA VALLE DI CORIO,VIA VALLE DI CORIO,,,Scontro laterale fra veicoli in marcia,Incrocio,Una carreggiata a senso unico di marcia,Asciutto,Asfaltata,Verticale ed orizzontale,Nuvoloso,Scarso,Buona,Ore Diurne,1,0,0,1,12.5273,41.9402,-1,1,Autovettura privata,In marcia / fermata / arresto,Conducente,F,Rifiuta cure immediate,0,NON DECEDUTO,,,,
3934995,4,26/07/2018 19:30:00,Strada Urbana,VIA VAL SENIO,all'intersezione con,VIA VALLE DI CORIO,VIA VALLE DI CORIO,,,Scontro laterale fra veicoli in marcia,Incrocio,Una carreggiata a senso unico di marcia,Asciutto,Asfaltata,Verticale ed orizzontale,Nuvoloso,Scarso,Buona,Ore Diurne,1,0,0,1,12.5273,41.9402,-1,2,Autovettura privata,In marcia / fermata / arresto,Conducente,F,Illeso,0,,,,,
3934998,20,26/07/2018 16:30:00,Strada Urbana,VIALE DI TOR DI QUINTO,all'intersezione con,VIA FORNACI DI TOR DI QUINTO,VIA FORNACI DI TOR DI QUINTO,,,Scontro frontale/laterale SX fra veicoli in marcia,Incrocio,Una carreggiata a doppio senso,Asciutto,Asfaltata,Orizzontale,Sereno,Normale,Buona,Ore Diurne,1,0,0,1,12.4816,41.9409,-1,1,Autovettura privata,In marcia / fermata / arresto,Conducente,F,Illeso,0,,,,,
3934998,20,26/07/2018 16:30:00,Strada Urbana,VIALE DI TOR DI QUINTO,all'intersezione con,VIA FORNACI DI TOR DI QUINTO,VIA FORNACI DI TOR DI QUINTO,,,Scontro frontale/laterale SX fra veicoli in marcia,Incrocio,Una carreggiata a doppio senso,Asciutto,Asfaltata,Orizzontale,Sereno,Normale,Buona,Ore Diurne,1,0,0,1,12.4816,41.9409,-1,2,Motociclo a solo,In marcia / fermata / arresto,Conducente,F,Rimandato,0,NON DECEDUTO,Utilizzato,,,
3934999,4,26/07/2018 17:00:00,Strada Urbana,VIA TERESA BOETTI VALVASSURA,in prossimit�,,del civico n.,90,,Veicolo in marcia contro ostacolo accidentale,Curva a visuale libera,Una carreggiata a senso unico di marcia,Asciutto,Sterrata,Assente,Sereno,Normale,Buona,Ore Diurne,1,0,0,1,12.5341,41.9599,-1,1,Motociclo con passeggero,In marcia / fermata / arresto,Conducente,F,Rifiuta cure immediate,0,NON DECEDUTO,,,,
3934999,4,26/07/2018 17:00:00,Strada Urbana,VIA TERESA BOETTI VALVASSURA,in prossimit�,,del civico n.,90,,Veicolo in marcia contro ostacolo accidentale,Curva a visuale libera,Una carreggiata a senso unico di marcia,Asciutto,Sterrata,Assente,Sereno,Normale,Buona,Ore Diurne,1,0,0,1,12.5341,41.9599,-1,1,Motociclo con passeggero,In marcia / fermata / arresto,Passeggero,F,Illeso,0,,,,,
3935019,8,26/07/2018 21:55:00,,VIA ACQUARONI,in prossimit�,,del civico n.,71,,Scontro frontale/laterale SX fra veicoli in marcia,,,,,,,,,,1,0,0,1,12.645,41.866,0,1,Autovettura privata,In marcia / fermata / arresto,Conducente,M,Illeso,0,,,,,
3935019,8,26/07/2018 21:55:00,,VIA ACQUARONI,in prossimit�,,del civico n.,71,,Scontro frontale/laterale SX fra veicoli in marcia,,,,,,,,,,1,0,0,1,12.645,41.866,0,2,Autovettura privata,In marcia / fermata / arresto,Conducente,M,Rifiuta cure immediate,0,NON DECEDUTO,,,,
3935129,17,26/07/2018 18:00:00,Strada Urbana,VIA OVIDIO,in corrispondenza,,del civico n.,19,,Veicolo in marcia contro veicolo in sosta,Rettilineo,Una carreggiata a senso unico di marcia,Asciutto,Asfaltata,Verticale ed orizzontale,Sereno,Normale,Buona,Ore Diurne,0,0,0,1,12.4649,41.9058,-1,2,Autovettura privata,In marcia / fermata / arresto,Conducente,F,Illeso,0,,,,,
3935159,2,26/07/2018 11:30:00,Strada Urbana,VIA EMILIO DE' CAVALIERI,all'intersezione con,VIA GUIDO D'AREZZO,VIA GUIDO D'AREZZO,,,Scontro frontale/laterale DX fra veicoli in marcia,Incrocio,Una carreggiata a senso unico di marcia,Asciutto,Asfaltata,Verticale ed orizzontale,Sereno,Normale,Buona,Ore Diurne,0,0,0,4,12.4924,41.9211,-1,1,Autovettura privata,In marcia / fermata / arresto,Conducente,M,Illeso,0,,,,,
3935159,2,26/07/2018 11:30:00,Strada Urbana,VIA EMILIO DE' CAVALIERI,all'intersezione con,VIA GUIDO D'AREZZO,VIA GUIDO D'AREZZO,,,Scontro frontale/laterale DX fra veicoli in marcia,Incrocio,Una carreggiata a senso unico di marcia,Asciutto,Asfaltata,Verticale ed orizzontale,Sereno,Normale,Buona,Ore Diurne,0,0,0,4,12.4924,41.9211,-1,2,Autovettura di polizia,In marcia / fermata / arresto,Conducente,M,Illeso,0,,,,,
3935159,2,26/07/2018 11:30:00,Strada Urbana,VIA EMILIO DE' CAVALIERI,all'intersezione con,VIA GUIDO D'AREZZO,VIA GUIDO D'AREZZO,,,Scontro frontale/laterale DX fra veicoli in marcia,Incrocio,Una carreggiata a senso unico di marcia,Asciutto,Asfaltata,Verticale ed orizzontale,Sereno,Normale,Buona,Ore Diurne,0,0,0,4,12.4924,41.9211,-1,2,Autovettura di polizia,In marcia / fermata / arresto,Passeggero,M,Illeso,0,,,,,
3935159,2,26/07/2018 11:30:00,Strada Urbana,VIA EMILIO DE' CAVALIERI,all'intersezione con,VIA GUIDO D'AREZZO,VIA GUIDO D'AREZZO,,,Scontro frontale/laterale DX fra veicoli in marcia,Incrocio,Una carreggiata a senso unico di marcia,Asciutto,Asfaltata,Verticale ed orizzontale,Sereno,Normale,Buona,Ore Diurne,0,0,0,4,12.4924,41.9211,-1,2,Autovettura di polizia,In marcia / fermata / arresto,Passeggero,M,Illeso,0,,Non accertato,Inesploso,,
3935163,2,26/07/2018 14:05:00,Strada Urbana,VIA DI S. MARIA GORETTI,in prossimit�,,del civico n.,1,,Scontro frontale fra veicoli in marcia,Rettilineo,Una carreggiata a senso unico di marcia,Asciutto,Asfaltata,Verticale ed orizzontale,Sereno,Normale,Sufficiente,Ore Diurne,1,0,0,1,12.5222,41.9322,-1,1,Autovettura privata,In marcia / fermata / arresto,Conducente,F,Illeso,0,,,,,
3935163,2,26/07/2018 14:05:00,Strada Urbana,VIA DI S. MARIA GORETTI,in prossimit�,,del civico n.,1,,Scontro frontale fra veicoli in marcia,Rettilineo,Una carreggiata a senso unico di marcia,Asciutto,Asfaltata,Verticale ed orizzontale,Sereno,Normale,Sufficiente,Ore Diurne,1,0,0,1,12.5222,41.9322,-1,2,Velocipede,In marcia / fermata / arresto,Conducente,M,Rimandato,0,NON DECEDUTO,Esente,,,
3935175,11,27/07/2018 09:45:00,Strada Urbana,VIA CRISTOFORO COLOMBO,in prossimit�,,del palo luce n.,188,,Infortunio per sola frenata improvvisa,Rettilineo,Pi� di due carreggiate,Asciutto,Asfaltata,Verticale ed orizzontale,Sereno,Normale,Buona,Ore Diurne,0,0,0,3,12.4116,41.7858,-1,1,Motociclo a solo,In marcia / fermata / arresto,Conducente,M,Illeso,0,,Non accertato,,,
3935175,11,27/07/2018 09:45:00,Strada Urbana,VIA CRISTOFORO COLOMBO,in prossimit�,,del palo luce n.,188,,Infortunio per sola frenata improvvisa,Rettilineo,Pi� di due carreggiate,Asciutto,Asfaltata,Verticale ed orizzontale,Sereno,Normale,Buona,Ore Diurne,0,0,0,3,12.4116,41.7858,-1,2,Autovettura privata,In marcia / fermata / arresto,Conducente,M,Illeso,0,,Non accertato,Inesploso,,
3935175,11,27/07/2018 09:45:00,Strada Urbana,VIA CRISTOFORO COLOMBO,in prossimit�,,del palo luce n.,188,,Infortunio per sola frenata improvvisa,Rettilineo,Pi� di due carreggiate,Asciutto,Asfaltata,Verticale ed orizzontale,Sereno,Normale,Buona,Ore Diurne,0,0,0,3,12.4116,41.7858,-1,3,Autovettura pubblica,In marcia / fermata / arresto,Conducente,M,Illeso,0,,,,,
3935210,20,26/07/2018 09:45:00,Strada Urbana,PIAZZA DEI GIUOCHI DELFICI,all'intersezione con,VIA CASSIA,VIA CASSIA,,,Scontro frontale/laterale DX fra veicoli in marcia,Incrocio,Una carreggiata a senso unico di marcia,Asciutto,Asfaltata,Verticale ed orizzontale,Sereno,Scarso,Buona,Ore Diurne,0,0,0,2,12.4629,41.9481,-1,1,Autovettura privata,In marcia / fermata / arresto,Conducente,F,Illeso,0,,,,,
3935210,20,26/07/2018 09:45:00,Strada Urbana,PIAZZA DEI GIUOCHI DELFICI,all'intersezione con,VIA CASSIA,VIA CASSIA,,,Scontro frontale/laterale DX fra veicoli in marcia,Incrocio,Una carreggiata a senso unico di marcia,Asciutto,Asfaltata,Verticale ed orizzontale,Sereno,Scarso,Buona,Ore Diurne,0,0,0,2,12.4629,41.9481,-1,2,Autovettura privata,In marcia / fermata / arresto,Conducente,M,Illeso,0,,,,,
3935230,2,27/07/2018 03:00:00,Strada Urbana,PIAZZA ALESSANDRIA,in prossimit�,,del civico n.,26,,Veicolo in marcia contro veicoli in sosta,Rotatoria,Una carreggiata a senso unico di marcia,Asciutto,Asfaltata,Verticale ed orizzontale,Sereno,Scarso,Buona,Sufficiente,0,0,0,1,12.5013,41.9115,-1,5,Autovettura privata,In marcia / fermata / arresto,Conducente,M,Illeso,0,,,,,
3935239,11,27/07/2018 10:30:00,Strada Urbana,VIA ATTILIO AMBROSINI,in prossimit�,,del civico n.,94,,Tamponamento Multiplo,Rettilineo,Due carreggiate,Asciutto,Asfaltata,Orizzontale,Sereno,Normale,Buona,Ore Diurne,0,0,0,4,12.4902,41.8489,-1,1,Autovettura privata,In marcia / fermata / arresto,Conducente,M,Illeso,0,,Non accertato,Inesploso,,
3935239,11,27/07/2018 10:30:00,Strada Urbana,VIA ATTILIO AMBROSINI,in prossimit�,,del civico n.,94,,Tamponamento Multiplo,Rettilineo,Due carreggiate,Asciutto,Asfaltata,Orizzontale,Sereno,Normale,Buona,Ore Diurne,0,0,0,4,12.4902,41.8489,-1,2,Autocarro inferiore 35 q.,In marcia / fermata / arresto,Conducente,M,Illeso,0,,Non accertato,Inesploso,,
3935239,11,27/07/2018 10:30:00,Strada Urbana,VIA ATTILIO AMBROSINI,in prossimit�,,del civico n.,94,,Tamponamento Multiplo,Rettilineo,Due carreggiate,Asciutto,Asfaltata,Orizzontale,Sereno,Normale,Buona,Ore Diurne,0,0,0,4,12.4902,41.8489,-1,2,Autocarro inferiore 35 q.,In marcia / fermata / arresto,Passeggero,M,Illeso,0,,Non accertato,Inesploso,,
3935239,11,27/07/2018 10:30:00,Strada Urbana,VIA ATTILIO AMBROSINI,in prossimit�,,del civico n.,94,,Tamponamento Multiplo,Rettilineo,Due carreggiate,Asciutto,Asfaltata,Orizzontale,Sereno,Normale,Buona,Ore Diurne,0,0,0,4,12.4902,41.8489,-1,3,Autovettura privata,In marcia / fermata / arresto,Conducente,F,Illeso,0,,Non accertato,Inesploso,,
3935258,20,26/07/2018 11:50:00,Regionale entro l'abitato,VIA FLAMINIA NUOVA,da specificare,,,,prossimit� VIA FABBRONI,Tamponamento Multiplo,Rettilineo,Una carreggiata a doppio senso,Asciutto,Asfaltata,Verticale ed orizzontale,Sereno,Normale,Buona,Ore Diurne,0,0,0,4,12.4792,41.9609,-1,1,Autovettura privata,In marcia / fermata / arresto,Conducente,F,Illeso,0,,,,,
3935258,20,26/07/2018 11:50:00,Regionale entro l'abitato,VIA FLAMINIA NUOVA,da specificare,,,,prossimit� VIA FABBRONI,Tamponamento Multiplo,Rettilineo,Una carreggiata a doppio senso,Asciutto,Asfaltata,Verticale ed orizzontale,Sereno,Normale,Buona,Ore Diurne,0,0,0,4,12.4792,41.9609,-1,1,Autovettura privata,In marcia / fermata / arresto,Passeggero,M,Illeso,0,,,,,
3935258,20,26/07/2018 11:50:00,Regionale entro l'abitato,VIA FLAMINIA NUOVA,da specificare,,,,prossimit� VIA FABBRONI,Tamponamento Multiplo,Rettilineo,Una carreggiata a doppio senso,Asciutto,Asfaltata,Verticale ed orizzontale,Sereno,Normale,Buona,Ore Diurne,0,0,0,4,12.4792,41.9609,-1,2,Autovettura privata,In marcia / fermata / arresto,Conducente,M,Illeso,0,,,,,
3935258,20,26/07/2018 11:50:00,Regionale entro l'abitato,VIA FLAMINIA NUOVA,da specificare,,,,prossimit� VIA FABBRONI,Tamponamento Multiplo,Rettilineo,Una carreggiata a doppio senso,Asciutto,Asfaltata,Verticale ed orizzontale,Sereno,Normale,Buona,Ore Diurne,0,0,0,4,12.4792,41.9609,-1,3,Autovettura privata,In marcia / fermata / arresto,Conducente,M,Illeso,0,,,,,
3935268,18,26/07/2018 19:00:00,Strada Urbana,VIA DI CASAL DEL MARMO,all'intersezione con,VIA VIGNALE,VIA VIGNALE,,,Scontro frontale/laterale DX fra veicoli in marcia,Intersezione stradale segnalata,Una carreggiata a doppio senso,Asciutto,Asfaltata,Verticale ed orizzontale,Sereno,Normale,Buona,Ore Diurne,3,0,0,1,12.389,41.9421,-1,1,Autovettura privata,In marcia / fermata / arresto,Conducente,M,Illeso,0,,,,,
3935268,18,26/07/2018 19:00:00,Strada Urbana,VIA DI CASAL DEL MARMO,all'intersezione con,VIA VIGNALE,VIA VIGNALE,,,Scontro frontale/laterale DX fra veicoli in marcia,Intersezione stradale segnalata,Una carreggiata a doppio senso,Asciutto,Asfaltata,Verticale ed orizzontale,Sereno,Normale,Buona,Ore Diurne,3,0,0,1,12.389,41.9421,-1,1,Autovettura privata,In marcia / fermata / arresto,Passeggero,M,Rifiuta cure immediate,0,NON DECEDUTO,,,,
3935268,18,26/07/2018 19:00:00,Strada Urbana,VIA DI CASAL DEL MARMO,all'intersezione con,VIA VIGNALE,VIA VIGNALE,,,Scontro frontale/laterale DX fra veicoli in marcia,Intersezione stradale segnalata,Una carreggiata a doppio senso,Asciutto,Asfaltata,Verticale ed orizzontale,Sereno,Normale,Buona,Ore Diurne,3,0,0,1,12.389,41.9421,-1,2,Autovettura privata,In marcia / fermata / arresto,Conducente,M,Rifiuta cure immediate,0,NON DECEDUTO,,,,
3935268,18,26/07/2018 19:00:00,Strada Urbana,VIA DI CASAL DEL MARMO,all'intersezione con,VIA VIGNALE,VIA VIGNALE,,,Scontro frontale/laterale DX fra veicoli in marcia,Intersezione stradale segnalata,Una carreggiata a doppio senso,Asciutto,Asfaltata,Verticale ed orizzontale,Sereno,Normale,Buona,Ore Diurne,3,0,0,1,12.389,41.9421,-1,2,Autovettura privata,In marcia / fermata / arresto,Passeggero,M,Rifiuta cure immediate,0,NON DECEDUTO,,,,
3935274,2,17/07/2018 14:30:00,Strada Urbana,PIAZZA DELLA MARINA,in prossimit�,,del civico n.,32,,Veicolo in marcia contro ostacolo accidentale,Rettilineo,Una carreggiata a doppio senso,Asciutto,Con buche,Verticale ed orizzontale,Sereno,Normale,Buona,Ore Diurne,0,0,0,1,12.4742,41.9159,-1,1,Autovettura privata,In marcia / fermata / arresto,Conducente,F,Illeso,0,,,,,
3935346,6,27/07/2018 08:45:00,Strada Urbana,PIAZZALE PRENESTINO,in corrispondenza,,del civico n.,6,,Scontro laterale fra veicoli in marcia,Rettilineo,Una carreggiata a senso unico di marcia,Asciutto,Asfaltata,Verticale ed orizzontale,Sereno,Intenso,Buona,Ore Diurne,1,0,0,2,12.5263,41.8912,-1,1,Motociclo a solo,In marcia / fermata / arresto,Conducente,M,Rifiuta cure immediate,0,NON DECEDUTO,Utilizzato,,,
3935346,6,27/07/2018 08:45:00,Strada Urbana,PIAZZALE PRENESTINO,in corrispondenza,,del civico n.,6,,Scontro laterale fra veicoli in marcia,Rettilineo,Una carreggiata a senso unico di marcia,Asciutto,Asfaltata,Verticale ed orizzontale,Sereno,Intenso,Buona,Ore Diurne,1,0,0,2,12.5263,41.8912,-1,2,Autovettura privata,In marcia / fermata / arresto,Conducente,M,Illeso,0,,,,,
3935346,6,27/07/2018 08:45:00,Strada Urbana,PIAZZALE PRENESTINO,in corrispondenza,,del civico n.,6,,Scontro laterale fra veicoli in marcia,Rettilineo,Una carreggiata a senso unico di marcia,Asciutto,Asfaltata,Verticale ed orizzontale,Sereno,Intenso,Buona,Ore Diurne,1,0,0,2,12.5263,41.8912,-1,3,Autovettura privata,In marcia / fermata / arresto,Conducente,F,Illeso,0,,,,,
3935379,10,27/07/2018 12:35:00,Strada Urbana,VIA APPIA PIGNATELLI,all'intersezione semaforizzata con,VIA ERODE ATTICO,VIA ERODE ATTICO,,,Scontro frontale/laterale DX fra veicoli in marcia,Intersezione semaforizzata,Una carreggiata a doppio senso,Asciutto,Asfaltata,Verticale ed orizzontale,Sereno,Normale,Buona,Ore Diurne,1,0,0,1,12.5357,41.8461,-1,1,Autovettura pubblica,In marcia / fermata / arresto,Conducente,M,Illeso,0,,Non accertato,Inesploso,,
3935379,10,27/07/2018 12:35:00,Strada Urbana,VIA APPIA PIGNATELLI,all'intersezione semaforizzata con,VIA ERODE ATTICO,VIA ERODE ATTICO,,,Scontro frontale/laterale DX fra veicoli in marcia,Intersezione semaforizzata,Una carreggiata a doppio senso,Asciutto,Asfaltata,Verticale ed orizzontale,Sereno,Normale,Buona,Ore Diurne,1,0,0,1,12.5357,41.8461,-1,2,Autovettura privata,In marcia / fermata / arresto,Conducente,M,Rimandato,0,NON DECEDUTO,,,,
3935421,6,27/07/2018 13:10:00,Strada Urbana,VIALE DELLA STAZIONE PRENESTINA,all'intersezione con,VIA PISONIANO,VIA PISONIANO,,,Scontro frontale/laterale SX fra veicoli in marcia,Incrocio,Due carreggiate,Asciutto,Asfaltata,Verticale,Sereno,Normale,Buona,Ore Diurne,1,0,0,1,12.5462,41.8954,-1,1,Autovettura privata,In marcia / fermata / arresto,Conducente,F,Rifiuta cure immediate,0,NON DECEDUTO,Non accertato,Inesploso,,
3935421,6,27/07/2018 13:10:00,Strada Urbana,VIALE DELLA STAZIONE PRENESTINA,all'intersezione con,VIA PISONIANO,VIA PISONIANO,,,Scontro frontale/laterale SX fra veicoli in marcia,Incrocio,Due carreggiate,Asciutto,Asfaltata,Verticale,Sereno,Normale,Buona,Ore Diurne,1,0,0,1,12.5462,41.8954,-1,2,Autovettura privata,In marcia / fermata / arresto,Conducente,M,Illeso,0,,Non accertato,Inesploso,,
3935436,5,27/07/2018 12:00:00,Strada Urbana,VIALE DEL TECNOPOLO,da specificare,,,,direzione A24 rampa discesa casello Settecamini,Scontro frontale fra veicoli in marcia,Curva senza visuale libera,Pi� di due carreggiate,Asciutto,Asfaltata,Verticale ed orizzontale,Sereno,Normale,Buona,Ore Diurne,1,0,0,1,12.6409,41.9259,-1,1,Autovettura privata,In marcia / fermata / arresto,Conducente,M,Rimandato,0,NON DECEDUTO,Non accertato,Inesploso,,
3935436,5,27/07/2018 12:00:00,Strada Urbana,VIALE DEL TECNOPOLO,da specificare,,,,direzione A24 rampa discesa casello Settecamini,Scontro frontale fra veicoli in marcia,Curva senza visuale libera,Pi� di due carreggiate,Asciutto,Asfaltata,Verticale ed orizzontale,Sereno,Normale,Buona,Ore Diurne,1,0,0,1,12.6409,41.9259,-1,2,Autocarro inferiore 35 q.,In marcia / fermata / arresto,Conducente,M,Illeso,0,,Non accertato,Inesploso,,
3935482,1,27/07/2018 12:10:00,Strada Urbana,VIA MARSALA,in prossimit�,,del civico n.,81,,Scontro laterale fra veicoli in marcia,Rettilineo,Una carreggiata a doppio senso,Asciutto,In cubetti di porfido,Verticale ed orizzontale,Sereno,Normale,Buona,Ore Diurne,0,0,0,2,12.5073,41.8991,-1,1,Autovettura privata,In marcia / fermata / arresto,Conducente,M,Illeso,0,,Non accertato,,,
3935482,1,27/07/2018 12:10:00,Strada Urbana,VIA MARSALA,in prossimit�,,del civico n.,81,,Scontro laterale fra veicoli in marcia,Rettilineo,Una carreggiata a doppio senso,Asciutto,In cubetti di porfido,Verticale ed orizzontale,Sereno,Normale,Buona,Ore Diurne,0,0,0,2,12.5073,41.8991,-1,2,Motociclo a solo,In marcia / fermata / arresto,Conducente,M,Illeso,0,,Non accertato,,,
3935489,1,26/07/2018 17:00:00,Strada Urbana,VIA GIOBERTI,all'intersezione con,VIA PRINCIPE AMEDEO,VIA PRINCIPE AMEDEO,,,Tamponamento,Intersezione stradale segnalata,Una carreggiata a senso unico di marcia,Asciutto,Asfaltata,Verticale ed orizzontale,Sereno,Normale,Buona,Ore Diurne,0,0,0,2,12.5005,41.8988,-1,1,Autovettura privata,In marcia / fermata / arresto,Conducente,M,Illeso,0,,Non accertato,,,
3935489,1,26/07/2018 17:00:00,Strada Urbana,VIA GIOBERTI,all'intersezione con,VIA PRINCIPE AMEDEO,VIA PRINCIPE AMEDEO,,,Tamponamento,Intersezione stradale segnalata,Una carreggiata a senso unico di marcia,Asciutto,Asfaltata,Verticale ed orizzontale,Sereno,Normale,Buona,Ore Diurne,0,0,0,2,12.5005,41.8988,-1,2,Autovettura privata,In marcia / fermata / arresto,Conducente,F,Illeso,0,,Non accertato,,,
3935511,10,27/07/2018 10:25:00,Strada Urbana,VIALE BRUNO PELIZZI,in prossimit�,,del civico n.,71,,Scontro laterale fra veicoli in marcia,Rettilineo,Due carreggiate,Asciutto,Asfaltata,Assente,Sereno,Scarso,Buona,Ore Diurne,1,0,0,1,12.5833,41.8571,-1,1,Autovettura privata,In marcia / fermata / arresto,Conducente,M,Illeso,0,,Non accertato,Inesploso,,
3935511,10,27/07/2018 10:25:00,Strada Urbana,VIALE BRUNO PELIZZI,in prossimit�,,del civico n.,71,,Scontro laterale fra veicoli in marcia,Rettilineo,Due carreggiate,Asciutto,Asfaltata,Assente,Sereno,Scarso,Buona,Ore Diurne,1,0,0,1,12.5833,41.8571,-1,2,Motociclo a solo,In marcia / fermata / arresto,Conducente,M,Rimandato,0,NON DECEDUTO,Non accertato,,,