Protocollo,Gruppo,DataOraIncidente,Localizzazione1,STRADA1,Localizzazione2,STRADA2,Strada02,Chilometrica,DaSpecificare,NaturaIncidente,particolaritastrade,TipoStrada,FondoStradale,Pavimentazione,Segnaletica,CondizioneAtmosferica,Traffico,Visibilita,Illuminazione,NUM_FERITI,NUM_RISERVATA,NUM_MORTI,NUM_ILLESI,Longitudine,Latitudine,Confermato,Progressivo,TipoVeicolo,StatoVeicolo,TipoPersona,Sesso,Tipolesione,Deceduto,DecedutoDopo,CinturaCascoUtilizzato,Airbag,,
3935530,1,27/07/2018 10:20:00,Strada Urbana,VIA DELLE QUATTRO FONTANE,in prossimit�,,del civico n.,13,,Veicolo in marcia contro ostacolo accidentale,Rettilineo,Una carreggiata a senso unico di marcia,Asciutto,In cubetti di porfido,Verticale ed orizzontale,Sereno,Normale,Buona,Ore Diurne,1,0,0,0,,,0,1,Motociclo a solo,In marcia / fermata / arresto,Conducente,M,Rimandato,0,NON DECEDUTO,,,,
3935578,1,27/07/2018 09:45:00,Strada Urbana,VIA DEI LEUTARI,in prossimit�,,del civico n.,28,,Veicolo in marcia contro ostacolo accidentale,Rettilineo,Una carreggiata a senso unico di marcia,Asciutto,In cubetti di porfido,Verticale ed orizzontale,Sereno,Scarso,Buona,Ore Diurne,0,0,0,2,,,0,1,Veicolo speciale,In marcia / fermata / arresto,Conducente,M,Illeso,0,,Non accertato,,,
3935578,1,27/07/2018 09:45:00,Strada Urbana,VIA DEI LEUTARI,in prossimit�,,del civico n.,28,,Veicolo in marcia contro ostacolo accidentale,Rettilineo,Una carreggiata a senso unico di marcia,Asciutto,In cubetti di porfido,Verticale ed orizzontale,Sereno,Scarso,Buona,Ore Diurne,0,0,0,2,,,0,1,Veicolo speciale,In marcia / fermata / arresto,Passeggero,F,Illeso,0,,Non accertato,,,
3935617,1,26/07/2018 15:00:00,Strada Urbana,VIA DEGLI ANNIBALDI,all'intersezione con,VIA FRANGIPANE,VIA FRANGIPANE,,,Veicolo in marcia contro veicolo in sosta,Incrocio,Una carreggiata a senso unico di marcia,Asciutto,Asfaltata,Verticale ed orizzontale,Sereno,Normale,Buona,Ore Diurne,0,0,0,1,,,0,1,Autocarro inferiore 35 q.,In marcia / fermata / arresto,Conducente,M,Illeso,0,,Non accertato,,,
3935697,19,27/07/2018 11:50:00,Strada Urbana,VIA DI TORREVECCHIA,in prossimit�,,del civico n.,423,,Scontro laterale fra veicoli in marcia,Rettilineo,Una carreggiata a doppio senso,Asciutto,Asfaltata,Assente,Sereno,Normale,Buona,Ore Diurne,0,0,0,2,12.4148,41.9256,-1,1,Autovettura privata,In marcia / fermata / arresto,Conducente,F,Illeso,0,,Non accertato,Inesploso,,
3935697,19,27/07/2018 11:50:00,Strada Urbana,VIA DI TORREVECCHIA,in prossimit�,,del civico n.,423,,Scontro laterale fra veicoli in marcia,Rettilineo,Una carreggiata a doppio senso,Asciutto,Asfaltata,Assente,Sereno,Normale,Buona,Ore Diurne,0,0,0,2,12.4148,41.9256,-1,2,Autocarro inferiore 35 q.,In marcia / fermata / arresto,Conducente,M,Illeso,0,,Non accertato,Inesploso,,
3935735,19,27/07/2018 09:20:00,Strada Urbana,VIA OTTAVIO ASSAROTTI,all'intersezione con,VIA ARISTIDE GABELLI,VIA ARISTIDE GABELLI,,,Scontro frontale/laterale DX fra veicoli in marcia,Incrocio,Una carreggiata a senso unico di marcia,Asciutto,Asfaltata,Verticale ed orizzontale,Sereno,Normale,Buona,Ore Diurne,1,0,0,1,12.4224,41.9419,-1,1,Autovettura privata,In marcia / fermata / arresto,Conducente,F,Illeso,0,,Non accertato,Inesploso,,
3935735,19,27/07/2018 09:20:00,Strada Urbana,VIA OTTAVIO ASSAROTTI,all'intersezione con,VIA ARISTIDE GABELLI,VIA ARISTIDE GABELLI,,,Scontro frontale/laterale DX fra veicoli in marcia,Incrocio,Una carreggiata a senso unico di marcia,Asciutto,Asfaltata,Verticale ed orizzontale,Sereno,Normale,Buona,Ore Diurne,1,0,0,1,12.4224,41.9419,-1,2,Motociclo a solo,In marcia / fermata / arresto,Conducente,M,Rifiuta cure immediate,0,NON DECEDUTO,Non accertato,,,
3935745,1,26/07/2018 17:15:00,Strada Urbana,VIA VENTI SETTEMBRE,all'intersezione semaforizzata con,VIA GOITO,VIA GOITO,,,Scontro frontale/laterale DX fra veicoli in marcia,Intersezione semaforizzata,Una carreggiata a senso unico di marcia,Asciutto,Asfaltata,Verticale ed orizzontale,Sereno,Normale,Buona,Ore Diurne,1,0,0,1,12.496,41.9056,-1,1,Autovettura pubblica,In marcia / fermata / arresto,Conducente,M,Illeso,0,,Non accertato,Inesploso,,
3935745,1,26/07/2018 17:15:00,Strada Urbana,VIA VENTI SETTEMBRE,all'intersezione semaforizzata con,VIA GOITO,VIA GOITO,,,Scontro frontale/laterale DX fra veicoli in marcia,Intersezione semaforizzata,Una carreggiata a senso unico di marcia,Asciutto,Asfaltata,Verticale ed orizzontale,Sereno,Normale,Buona,Ore Diurne,1,0,0,1,12.496,41.9056,-1,2,Motociclo a solo,In marcia / fermata / arresto,Conducente,M,Rimandato,0,NON DECEDUTO,Non accertato,,,
3935757,20,27/07/2018 16:15:00,Strada Urbana,VIA FLAMINIA NUOVA,da specificare,,,,altezza palo ACEA 46 direz GRA,Tamponamento,Rettilineo,Due carreggiate,Asciutto,Asfaltata,Verticale ed orizzontale,Sereno,Normale,Buona,Ore Diurne,0,0,0,2,12.4792,41.9609,-1,1,Autovettura privata,In marcia / fermata / arresto,Conducente,M,Illeso,0,,Non accertato,Inesploso,,
3935757,20,27/07/2018 16:15:00,Strada Urbana,VIA FLAMINIA NUOVA,da specificare,,,,altezza palo ACEA 46 direz GRA,Tamponamento,Rettilineo,Due carreggiate,Asciutto,Asfaltata,Verticale ed orizzontale,Sereno,Normale,Buona,Ore Diurne,0,0,0,2,12.4792,41.9609,-1,2,Autovettura privata,In marcia / fermata / arresto,Conducente,F,Illeso,0,,Non accertato,Inesploso,,
3935762,6,27/07/2018 17:00:00,Strada Urbana,VIA ANACAPRI,in corrispondenza,,del civico n.,2,,Veicolo in marcia contro veicolo in sosta,Rettilineo,Una carreggiata a doppio senso,Asciutto,Asfaltata,Orizzontale,Sereno,Scarso,Buona,Ore Diurne,0,0,0,1,12.5421,41.8899,-1,1,Autovettura privata,In marcia / fermata / arresto,Conducente,M,Illeso,0,,Non accertato,Inesploso,,
3935765,1,26/07/2018 18:00:00,Strada Urbana,PIAZZA DI S. CROCE IN GERUSALEMME,all'intersezione semaforizzata con,VIALE CARLO FELICE,VIALE CARLO FELICE,,,Scontro frontale/laterale SX fra veicoli in marcia,Incrocio,Una carreggiata a doppio senso,Asciutto,Asfaltata,Verticale ed orizzontale,Sereno,Normale,Buona,Ore Diurne,1,0,0,1,12.5143,41.888,-1,1,Autovettura privata,In marcia / fermata / arresto,Conducente,F,Illeso,0,,Non accertato,Inesploso,,
3935765,1,26/07/2018 18:00:00,Strada Urbana,PIAZZA DI S. CROCE IN GERUSALEMME,all'intersezione semaforizzata con,VIALE CARLO FELICE,VIALE CARLO FELICE,,,Scontro frontale/laterale SX fra veicoli in marcia,Incrocio,Una carreggiata a doppio senso,Asciutto,Asfaltata,Verticale ed orizzontale,Sereno,Normale,Buona,Ore Diurne,1,0,0,1,12.5143,41.888,-1,2,Motociclo a solo,In marcia / fermata / arresto,Conducente,F,Rimandato,0,NON DECEDUTO,,,,
3935779,1,26/07/2018 21:30:00,Strada Urbana,VIALE AVENTINO,all'intersezione semaforizzata con,PIAZZA ALBANIA,PIAZZA ALBANIA,,,Scontro frontale/laterale DX fra veicoli in marcia,Incrocio,Una carreggiata a doppio senso,Bagnato (pioggia),In cubetti di porfido,Verticale ed orizzontale,Nuvoloso,Normale,Sufficiente,Sufficiente,1,0,0,1,12.4838,41.8804,-1,1,Autovettura pubblica,In marcia / fermata / arresto,Conducente,M,Illeso,0,,Non accertato,,,
3935779,1,26/07/2018 21:30:00,Strada Urbana,VIALE AVENTINO,all'intersezione semaforizzata con,PIAZZA ALBANIA,PIAZZA ALBANIA,,,Scontro frontale/laterale DX fra veicoli in marcia,Incrocio,Una carreggiata a doppio senso,Bagnato (pioggia),In cubetti di porfido,Verticale ed orizzontale,Nuvoloso,Normale,Sufficiente,Sufficiente,1,0,0,1,12.4838,41.8804,-1,2,Motociclo a solo,In marcia / fermata / arresto,Conducente,M,Rimandato,0,NON DECEDUTO,,,,
3935791,1,26/07/2018 16:40:00,Strada Urbana,VIA PIEMONTE,all'intersezione con,VIA SALLUSTIANA,VIA SALLUSTIANA,,,Scontro frontale/laterale SX fra veicoli in marcia,Incrocio,Una carreggiata a senso unico di marcia,Asciutto,Asfaltata,Verticale ed orizzontale,Nuvoloso,Normale,Buona,Ore Diurne,0,0,0,3,12.4934,41.9087,-1,1,Autovettura privata,In marcia / fermata / arresto,Conducente,M,Illeso,0,,Non accertato,,,
3935791,1,26/07/2018 16:40:00,Strada Urbana,VIA PIEMONTE,all'intersezione con,VIA SALLUSTIANA,VIA SALLUSTIANA,,,Scontro frontale/laterale SX fra veicoli in marcia,Incrocio,Una carreggiata a senso unico di marcia,Asciutto,Asfaltata,Verticale ed orizzontale,Nuvoloso,Normale,Buona,Ore Diurne,0,0,0,3,12.4934,41.9087,-1,1,Autovettura privata,In marcia / fermata / arresto,Passeggero,M,Illeso,0,,Non accertato,Inesploso,,
3935791,1,26/07/2018 16:40:00,Strada Urbana,VIA PIEMONTE,all'intersezione con,VIA SALLUSTIANA,VIA SALLUSTIANA,,,Scontro frontale/laterale SX fra veicoli in marcia,Incrocio,Una carreggiata a senso unico di marcia,Asciutto,Asfaltata,Verticale ed orizzontale,Nuvoloso,Normale,Buona,Ore Diurne,0,0,0,3,12.4934,41.9087,-1,2,Motociclo a solo,In marcia / fermata / arresto,Conducente,M,Illeso,0,,Non accertato,,,
3936162,15,27/07/2018 09:10:00,Strada Urbana,PIAZZA ENRICO FERMI,da specificare,,,,FRONTE CIVICo 11,Scontro laterale fra veicoli in marcia,Rettilineo,Due carreggiate,Asciutto,Asfaltata,Verticale ed orizzontale,Sereno,Normale,Buona,Ore Diurne,0,0,0,3,12.4696,41.8642,-1,1,Autovettura privata,In marcia / fermata / arresto,Conducente,M,Illeso,0,,Utilizzato,Inesploso,,
3936162,15,27/07/2018 09:10:00,Strada Urbana,PIAZZA ENRICO FERMI,da specificare,,,,FRONTE CIVICo 11,Scontro laterale fra veicoli in marcia,Rettilineo,Due carreggiate,Asciutto,Asfaltata,Verticale ed orizzontale,Sereno,Normale,Buona,Ore Diurne,0,0,0,3,12.4696,41.8642,-1,1,Autovettura privata,In marcia / fermata / arresto,Passeggero,F,Illeso,0,,Utilizzato,Inesploso,,
3936162,15,27/07/2018 09:10:00,Strada Urbana,PIAZZA ENRICO FERMI,da specificare,,,,FRONTE CIVICo 11,Scontro laterale fra veicoli in marcia,Rettilineo,Due carreggiate,Asciutto,Asfaltata,Verticale ed orizzontale,Sereno,Normale,Buona,Ore Diurne,0,0,0,3,12.4696,41.8642,-1,2,Autocarro inferiore 35 q.,In marcia / fermata / arresto,Conducente,M,Illeso,0,,Utilizzato,Inesploso,,
3936168,15,27/07/2018 13:30:00,Strada Urbana,VIA DELLA PISANA,in prossimit�,,del civico n.,960,,Tamponamento,Rettilineo,Una carreggiata a doppio senso,Asciutto,Asfaltata,Orizzontale,Sereno,Normale,Buona,Ore Diurne,1,0,0,1,12.3923,41.8557,-1,1,Autovettura privata,In marcia / fermata / arresto,Conducente,M,Illeso,0,,Utilizzato,Inesploso,,
3936168,15,27/07/2018 13:30:00,Strada Urbana,VIA DELLA PISANA,in prossimit�,,del civico n.,960,,Tamponamento,Rettilineo,Una carreggiata a doppio senso,Asciutto,Asfaltata,Orizzontale,Sereno,Normale,Buona,Ore Diurne,1,0,0,1,12.3923,41.8557,-1,2,Motociclo a solo,In marcia / fermata / arresto,Conducente,M,Rifiuta cure immediate,0,NON DECEDUTO,Utilizzato,,,
3936174,15,28/07/2018 02:30:00,Strada Urbana,LUNGOTEVERE VITTORIO GASSMAN,da specificare,,,,fronte civico 11,Veicolo in marcia contro veicolo in sosta,Rettilineo,Una carreggiata a doppio senso,Asciutto,Asfaltata,Verticale ed orizzontale,Sereno,Normale,Buona,Sufficiente,1,0,0,0,12.4725,41.8692,-1,1,Autovettura privata,In marcia / fermata / arresto,Conducente,M,Rimandato,0,NON DECEDUTO,Non accertato,Esploso,,
3936220,11,27/07/2018 07:40:00,Strada Urbana,VIALE GUGLIELMO MARCONI,all'intersezione con,VIA VALCO DI S. PAOLO,VIA VALCO DI S. PAOLO,,,Scontro laterale fra veicoli in marcia,Incrocio,Due carreggiate,Asciutto,Asfaltata,Verticale ed orizzontale,Sereno,Normale,Buona,Ore Diurne,0,0,0,5,12.4733,41.8524,-1,1,Autovettura privata,In marcia / fermata / arresto,Conducente,M,Illeso,0,,Non accertato,,,
3936220,11,27/07/2018 07:40:00,Strada Urbana,VIALE GUGLIELMO MARCONI,all'intersezione con,VIA VALCO DI S. PAOLO,VIA VALCO DI S. PAOLO,,,Scontro laterale fra veicoli in marcia,Incrocio,Due carreggiate,Asciutto,Asfaltata,Verticale ed orizzontale,Sereno,Normale,Buona,Ore Diurne,0,0,0,5,12.4733,41.8524,-1,1,Autovettura privata,In marcia / fermata / arresto,Passeggero,F,Illeso,0,,Non accertato,,,
3936220,11,27/07/2018 07:40:00,Strada Urbana,VIALE GUGLIELMO MARCONI,all'intersezione con,VIA VALCO DI S. PAOLO,VIA VALCO DI S. PAOLO,,,Scontro laterale fra veicoli in marcia,Incrocio,Due carreggiate,Asciutto,Asfaltata,Verticale ed orizzontale,Sereno,Normale,Buona,Ore Diurne,0,0,0,5,12.4733,41.8524,-1,1,Autovettura privata,In marcia / fermata / arresto,Passeggero,M,Illeso,0,,Non accertato,,,
3936220,11,27/07/2018 07:40:00,Strada Urbana,VIALE GUGLIELMO MARCONI,all'intersezione con,VIA VALCO DI S. PAOLO,VIA VALCO DI S. PAOLO,,,Scontro laterale fra veicoli in marcia,Incrocio,Due carreggiate,Asciutto,Asfaltata,Verticale ed orizzontale,Sereno,Normale,Buona,Ore Diurne,0,0,0,5,12.4733,41.8524,-1,2,Autovettura privata,In marcia / fermata / arresto,Conducente,F,Illeso,0,,Non accertato,,,
3936220,11,27/07/2018 07:40:00,Strada Urbana,VIALE GUGLIELMO MARCONI,all'intersezione con,VIA VALCO DI S. PAOLO,VIA VALCO DI S. PAOLO,,,Scontro laterale fra veicoli in marcia,Incrocio,Due carreggiate,Asciutto,Asfaltata,Verticale ed orizzontale,Sereno,Normale,Buona,Ore Diurne,0,0,0,5,12.4733,41.8524,-1,3,Autovettura privata,In marcia / fermata / arresto,Conducente,M,Illeso,0,,Non accertato,,,
3936237,6,27/07/2018 19:40:00,Strada Urbana,VIA PRENESTINA,all'intersezione con,VIA MANCINI,VIA MANCINI,,,Scontro frontale/laterale SX fra veicoli in marcia,Intersezione semaforizzata,Pi� di due carreggiate,Asciutto,Asfaltata,Verticale ed orizzontale,Sereno,Normale,Buona,Ore Diurne,5,0,0,0,12.572,41.895,-1,1,Autovettura privata,In marcia / fermata / arresto,Conducente,M,Rimandato,0,NON DECEDUTO,Non accertato,Esploso,,
3936237,6,27/07/2018 19:40:00,Strada Urbana,VIA PRENESTINA,all'intersezione con,VIA MANCINI,VIA MANCINI,,,Scontro frontale/laterale SX fra veicoli in marcia,Intersezione semaforizzata,Pi� di due carreggiate,Asciutto,Asfaltata,Verticale ed orizzontale,Sereno,Normale,Buona,Ore Diurne,5,0,0,0,12.572,41.895,-1,1,Autovettura privata,In marcia / fermata / arresto,Passeggero,F,Rimandato,0,NON DECEDUTO,Non accertato,Esploso,,
3936237,6,27/07/2018 19:40:00,Strada Urbana,VIA PRENESTINA,all'intersezione con,VIA MANCINI,VIA MANCINI,,,Scontro frontale/laterale SX fra veicoli in marcia,Intersezione semaforizzata,Pi� di due carreggiate,Asciutto,Asfaltata,Verticale ed orizzontale,Sereno,Normale,Buona,Ore Diurne,5,0,0,0,12.572,41.895,-1,1,Autovettura privata,In marcia / fermata / arresto,Passeggero,M,Rimandato,0,NON DECEDUTO,,,,
3936237,6,27/07/2018 19:40:00,Strada Urbana,VIA PRENESTINA,all'intersezione con,VIA MANCINI,VIA MANCINI,,,Scontro frontale/laterale SX fra veicoli in marcia,Intersezione semaforizzata,Pi� di due carreggiate,Asciutto,Asfaltata,Verticale ed orizzontale,Sereno,Normale,Buona,Ore Diurne,5,0,0,0,12.572,41.895,-1,2,Autovettura di polizia,In marcia / fermata / arresto,Conducente,M,Rimandato,0,NON DECEDUTO,Non accertato,Esploso,,
3936237,6,27/07/2018 19:40:00,Strada Urbana,VIA PRENESTINA,all'intersezione con,VIA MANCINI,VIA MANCINI,,,Scontro frontale/laterale SX fra veicoli in marcia,Intersezione semaforizzata,Pi� di due carreggiate,Asciutto,Asfaltata,Verticale ed orizzontale,Sereno,Normale,Buona,Ore Diurne,5,0,0,0,12.572,41.895,-1,2,Autovettura di polizia,In marcia / fermata / arresto,Passeggero,M,Rimandato,0,NON DECEDUTO,Non accertato,Esploso,,
3936242,1,27/07/2018 16:00:00,Strada Urbana,PIAZZA DELLA MINERVA,in prossimit�,,del civico n.,77,,Veicolo in marcia contro ostacolo fisso,Rettilineo,Una carreggiata a senso unico di marcia,Asciutto,In cubetti di porfido,Verticale ed orizzontale,Sereno,Scarso,Buona,Ore Diurne,0,0,0,1,,,0,1,Autovettura privata,In marcia / fermata / arresto,Conducente,M,Illeso,0,,Non accertato,,,
3936263,1,27/07/2018 14:30:00,Strada Urbana,VIA GERMANO SOMMEILLER,in prossimit�,,del civico n.,28,,Veicolo in marcia contro ostacolo accidentale,Rettilineo,Una carreggiata a senso unico alternato,Asciutto,Asfaltata,Verticale ed orizzontale,Sereno,Scarso,Buona,Ore Diurne,0,0,0,2,12.5131,41.8894,-1,1,Autovettura privata,In marcia / fermata / arresto,Conducente,M,Illeso,0,,Non accertato,Inesistente,,
3936263,1,27/07/2018 14:30:00,Strada Urbana,VIA GERMANO SOMMEILLER,in prossimit�,,del civico n.,28,,Veicolo in marcia contro ostacolo accidentale,Rettilineo,Una carreggiata a senso unico alternato,Asciutto,Asfaltata,Verticale ed orizzontale,Sereno,Scarso,Buona,Ore Diurne,0,0,0,2,12.5131,41.8894,-1,1,Autovettura privata,In marcia / fermata / arresto,Passeggero,M,Illeso,0,,Non accertato,Inesistente,,
3936273,1,27/07/2018 16:10:00,Strada Urbana,VIA DI S. CROCE IN GERUSALEMME,all'intersezione con,VIA SEBASTIANO GRANDIS,VIA SEBASTIANO GRANDIS,,,Infortunio per sola frenata improvvisa,Incrocio,Una carreggiata a doppio senso,Asciutto,Asfaltata,Verticale ed orizzontale,Sereno,Normale,Buona,Ore Diurne,1,0,0,0,12.5141,41.8891,-1,1,Ciclomotore,In marcia / fermata / arresto,Conducente,F,Rimandato,0,NON DECEDUTO,Non accertato,,,
3936282,1,27/07/2018 23:15:00,Strada Urbana,VIALE DEL MONTE OPPIO,all'intersezione con,VIA DELLE TERME DI TRAIANO,VIA DELLE TERME DI TRAIANO,,,Scontro frontale/laterale SX fra veicoli in marcia,Incrocio,Una carreggiata a doppio senso,Asciutto,Asfaltata,Orizzontale,Sereno,Normale,Sufficiente,Sufficiente,0,0,0,4,12.4974,41.8935,-1,1,Autovettura privata,In marcia / fermata / arresto,Conducente,F,Illeso,0,,Non accertato,Inesploso,,
3936282,1,27/07/2018 23:15:00,Strada Urbana,VIALE DEL MONTE OPPIO,all'intersezione con,VIA DELLE TERME DI TRAIANO,VIA DELLE TERME DI TRAIANO,,,Scontro frontale/laterale SX fra veicoli in marcia,Incrocio,Una carreggiata a doppio senso,Asciutto,Asfaltata,Orizzontale,Sereno,Normale,Sufficiente,Sufficiente,0,0,0,4,12.4974,41.8935,-1,1,Autovettura privata,In marcia / fermata / arresto,Passeggero,F,Illeso,0,,Non accertato,Inesploso,,
3936282,1,27/07/2018 23:15:00,Strada Urbana,VIALE DEL MONTE OPPIO,all'intersezione con,VIA DELLE TERME DI TRAIANO,VIA DELLE TERME DI TRAIANO,,,Scontro frontale/laterale SX fra veicoli in marcia,Incrocio,Una carreggiata a doppio senso,Asciutto,Asfaltata,Orizzontale,Sereno,Normale,Sufficiente,Sufficiente,0,0,0,4,12.4974,41.8935,-1,2,Autovettura privata,In marcia / fermata / arresto,Conducente,F,Illeso,0,,Non accertato,Inesploso,,
3936282,1,27/07/2018 23:15:00,Strada Urbana,VIALE DEL MONTE OPPIO,all'intersezione con,VIA DELLE TERME DI TRAIANO,VIA DELLE TERME DI TRAIANO,,,Scontro frontale/laterale SX fra veicoli in marcia,Incrocio,Una carreggiata a doppio senso,Asciutto,Asfaltata,Orizzontale,Sereno,Normale,Sufficiente,Sufficiente,0,0,0,4,12.4974,41.8935,-1,2,Autovettura privata,In marcia / fermata / arresto,Passeggero,F,Illeso,0,,Non accertato,Inesploso,,
3936283,17,27/07/2018 11:05:00,Strada Urbana,VIA GERMANICO,in corrispondenza,,del civico n.,78,,Veicolo in marcia contro veicolo in sosta,Rettilineo,Una carreggiata a senso unico di marcia,Asciutto,Asfaltata,Verticale ed orizzontale,Sereno,Normale,Buona,Ore Diurne,0,0,0,1,12.4583,41.908,-1,1,Motociclo a solo,In marcia / fermata / arresto,Conducente,M,Illeso,0,,,,,
3936310,1,27/07/2018 18:10:00,Strada Urbana,PIAZZA DI PORTA MAGGIORE,all'intersezione con,VIA ELENIANA,VIA ELENIANA,,,Scontro laterale fra veicoli in marcia,Incrocio,Una carreggiata a senso unico di marcia,Asciutto,Asfaltata,Verticale ed orizzontale,Sereno,Normale,Buona,Ore Diurne,0,0,0,3,12.5142,41.8912,-1,1,Autovettura privata,In marcia / fermata / arresto,Conducente,M,Illeso,0,,Non accertato,,,
3936310,1,27/07/2018 18:10:00,Strada Urbana,PIAZZA DI PORTA MAGGIORE,all'intersezione con,VIA ELENIANA,VIA ELENIANA,,,Scontro laterale fra veicoli in marcia,Incrocio,Una carreggiata a senso unico di marcia,Asciutto,Asfaltata,Verticale ed orizzontale,Sereno,Normale,Buona,Ore Diurne,0,0,0,3,12.5142,41.8912,-1,1,Autovettura privata,In marcia / fermata / arresto,Passeggero,F,Illeso,0,,Non accertato,,,
3936310,1,27/07/2018 18:10:00,Strada Urbana,PIAZZA DI PORTA MAGGIORE,all'intersezione con,VIA ELENIANA,VIA ELENIANA,,,Scontro laterale fra veicoli in marcia,Incrocio,Una carreggiata a senso unico di marcia,Asciutto,Asfaltata,Verticale ed orizzontale,Sereno,Normale,Buona,Ore Diurne,0,0,0,3,12.5142,41.8912,-1,2,Autovettura privata,In marcia / fermata / arresto,Conducente,F,Illeso,0,,Non accertato,,,
3936329,1,27/07/2018 17:30:00,Strada Urbana,VIA CESARE BATTISTI,in prossimit�,,del civico n.,129,,Scontro frontale fra veicoli in marcia,Rettilineo,Una carreggiata a doppio senso,Asciutto,In cubetti di porfido,Verticale ed orizzontale,Sereno,Intenso,Buona,Ore Diurne,2,0,0,0,12.4827,41.8968,-1,1,Motociclo a solo,In marcia / fermata / arresto,Conducente,M,Rimandato,0,NON DECEDUTO,,,,
3936329,1,27/07/2018 17:30:00,Strada Urbana,VIA CESARE BATTISTI,in prossimit�,,del civico n.,129,,Scontro frontale fra veicoli in marcia,Rettilineo,Una carreggiata a doppio senso,Asciutto,In cubetti di porfido,Verticale ed orizzontale,Sereno,Intenso,Buona,Ore Diurne,2,0,0,0,12.4827,41.8968,-1,2,Ciclomotore,In marcia / fermata / arresto,Conducente,M,Rifiuta cure immediate,0,NON DECEDUTO,Non accertato,,,
3936332,17,27/07/2018 14:50:00,Strada Urbana,PIAZZA DEL RISORGIMENTO,in corrispondenza,,del civico n.,56,,Scontro laterale fra veicoli in marcia,Rettilineo,Una carreggiata a senso unico di marcia,Asciutto,Asfaltata,Verticale ed orizzontale,Sereno,Scarso,Buona,Ore Diurne,0,0,0,2,12.4583,41.9057,-1,1,Autovettura pubblica,In marcia / fermata / arresto,Conducente,M,Illeso,0,,,,,
3936332,17,27/07/2018 14:50:00,Strada Urbana,PIAZZA DEL RISORGIMENTO,in corrispondenza,,del civico n.,56,,Scontro laterale fra veicoli in marcia,Rettilineo,Una carreggiata a senso unico di marcia,Asciutto,Asfaltata,Verticale ed orizzontale,Sereno,Scarso,Buona,Ore Diurne,0,0,0,2,12.4583,41.9057,-1,2,Autovettura privata,In marcia / fermata / arresto,Conducente,F,Illeso,0,,,,,
3936341,6,28/07/2018 10:20:00,Strada Urbana,PIAZZA DELLA MARRANELLA,in corrispondenza,,del civico n.,3,,Scontro laterale fra veicoli in marcia,Rettilineo,Una carreggiata a doppio senso,Asciutto,Asfaltata,Verticale ed orizzontale,Sereno,Intenso,Buona,Ore Diurne,0,0,0,4,12.5423,41.8804,-1,1,Autovettura privata,In marcia / fermata / arresto,Conducente,F,Illeso,0,,Non accertato,Inesploso,,
3936341,6,28/07/2018 10:20:00,Strada Urbana,PIAZZA DELLA MARRANELLA,in corrispondenza,,del civico n.,3,,Scontro laterale fra veicoli in marcia,Rettilineo,Una carreggiata a doppio senso,Asciutto,Asfaltata,Verticale ed orizzontale,Sereno,Intenso,Buona,Ore Diurne,0,0,0,4,12.5423,41.8804,-1,1,Autovettura privata,In marcia / fermata / arresto,Passeggero,F,Illeso,0,,Non accertato,Inesploso,,
3936341,6,28/07/2018 10:20:00,Strada Urbana,PIAZZA DELLA MARRANELLA,in corrispondenza,,del civico n.,3,,Scontro laterale fra veicoli in marcia,Rettilineo,Una carreggiata a doppio senso,Asciutto,Asfaltata,Verticale ed orizzontale,Sereno,Intenso,Buona,Ore Diurne,0,0,0,4,12.5423,41.8804,-1,1,Autovettura privata,In marcia / fermata / arresto,Passeggero,M,Illeso,0,,Non accertato,Inesploso,,
3936341,6,28/07/2018 10:20:00,Strada Urbana,PIAZZA DELLA MARRANELLA,in corrispondenza,,del civico n.,3,,Scontro laterale fra veicoli in marcia,Rettilineo,Una carreggiata a doppio senso,Asciutto,Asfaltata,Verticale ed orizzontale,Sereno,Intenso,Buona,Ore Diurne,0,0,0,4,12.5423,41.8804,-1,2,Autovettura privata,In marcia / fermata / arresto,Conducente,M,Illeso,0,,Non accertato,Inesploso,,
3936372,1,28/07/2018 06:25:00,Strada Urbana,VIALE GUIDO BACCELLI,in prossimit�,,del palo luce n.,7,,Veicolo in marcia contro ostacolo accidentale,Rotatoria,Una carreggiata a doppio senso,Asciutto,Asfaltata,Verticale ed orizzontale,Sereno,Normale,Buona,Ore Diurne,0,0,0,1,12.4918,41.8775,-1,1,Autovettura privata,In marcia / fermata / arresto,Conducente,M,Illeso,0,,Non accertato,,,
3936394,23,27/07/2018 08:30:00,Comunale extraurbana,VIA CRISTOFORO COLOMBO,all'intersezione semaforizzata con,VIA DEL CANALE DELLA LINGUA,VIA DEL CANALE DELLA LINGUA,,,Scontro frontale fra veicoli in marcia,Intersezione semaforizzata,Una carreggiata a senso unico di marcia,Asciutto,Asfaltata,Verticale ed orizzontale,Sereno,Normale,Buona,Ore Diurne,0,0,0,4,12.3457,41.7365,-1,1,Autovettura privata,In marcia / fermata / arresto,Conducente,F,Illeso,0,,Non accertato,Inesploso,,
3936394,23,27/07/2018 08:30:00,Comunale extraurbana,VIA CRISTOFORO COLOMBO,all'intersezione semaforizzata con,VIA DEL CANALE DELLA LINGUA,VIA DEL CANALE DELLA LINGUA,,,Scontro frontale fra veicoli in marcia,Intersezione semaforizzata,Una carreggiata a senso unico di marcia,Asciutto,Asfaltata,Verticale ed orizzontale,Sereno,Normale,Buona,Ore Diurne,0,0,0,4,12.3457,41.7365,-1,2,Autovettura privata,In marcia / fermata / arresto,Conducente,F,Illeso,0,,Non accertato,Inesploso,,