Protocollo,Gruppo,DataOraIncidente,Localizzazione1,STRADA1,Localizzazione2,STRADA2,Strada02,Chilometrica,DaSpecificare,NaturaIncidente,particolaritastrade,TipoStrada,FondoStradale,Pavimentazione,Segnaletica,CondizioneAtmosferica,Traffico,Visibilita,Illuminazione,NUM_FERITI,NUM_RISERVATA,NUM_MORTI,NUM_ILLESI,Longitudine,Latitudine,Confermato,Progressivo,TipoVeicolo,StatoVeicolo,TipoPersona,Sesso,Tipolesione,Deceduto,DecedutoDopo,CinturaCascoUtilizzato,Airbag,,
3936394,23,27/07/2018 08:30:00,Comunale extraurbana,VIA CRISTOFORO COLOMBO,all'intersezione semaforizzata con,VIA DEL CANALE DELLA LINGUA,VIA DEL CANALE DELLA LINGUA,,,Scontro frontale fra veicoli in marcia,Intersezione semaforizzata,Una carreggiata a senso unico di marcia,Asciutto,Asfaltata,Verticale ed orizzontale,Sereno,Normale,Buona,Ore Diurne,0,0,0,4,12.3457,41.7365,-1,2,Autovettura privata,In marcia / fermata / arresto,Passeggero,F,Illeso,0,,Utilizzato,Inesploso,,
3936394,23,27/07/2018 08:30:00,Comunale extraurbana,VIA CRISTOFORO COLOMBO,all'intersezione semaforizzata con,VIA DEL CANALE DELLA LINGUA,VIA DEL CANALE DELLA LINGUA,,,Scontro frontale fra veicoli in marcia,Intersezione semaforizzata,Una carreggiata a senso unico di marcia,Asciutto,Asfaltata,Verticale ed orizzontale,Sereno,Normale,Buona,Ore Diurne,0,0,0,4,12.3457,41.7365,-1,2,Autovettura privata,In marcia / fermata / arresto,Passeggero,M,Illeso,0,,Utilizzato,Inesploso,,
3936406,17,28/07/2018 09:55:00,Strada Urbana,VIA MARCANTONIO COLONNA,all'intersezione con,VIA DEGLI SCIPIONI,VIA DEGLI SCIPIONI,,,Scontro frontale/laterale DX fra veicoli in marcia,Intersezione stradale segnalata,Due carreggiate,Asciutto,Asfaltata,Verticale ed orizzontale,Sereno,Normale,Buona,Ore Diurne,1,0,0,1,12.467,41.91,-1,1,Autovettura privata,In marcia / fermata / arresto,Conducente,M,Illeso,0,,,Inesploso,,
3936406,17,28/07/2018 09:55:00,Strada Urbana,VIA MARCANTONIO COLONNA,all'intersezione con,VIA DEGLI SCIPIONI,VIA DEGLI SCIPIONI,,,Scontro frontale/laterale DX fra veicoli in marcia,Intersezione stradale segnalata,Due carreggiate,Asciutto,Asfaltata,Verticale ed orizzontale,Sereno,Normale,Buona,Ore Diurne,1,0,0,1,12.467,41.91,-1,2,Autovettura pubblica,In marcia / fermata / arresto,Conducente,M,Rimandato,0,NON DECEDUTO,,,,
3936434,20,28/07/2018 12:15:00,Strada Urbana,VIALE DI TOR DI QUINTO,in prossimit�,,del civico n.,119,,Tamponamento,Rettilineo,Due carreggiate,Asciutto,Asfaltata,Verticale ed orizzontale,Sereno,Normale,Buona,Ore Diurne,0,0,0,4,12.4864,41.9452,-1,1,Autovettura privata,In marcia / fermata / arresto,Conducente,M,Illeso,0,,Non accertato,Inesploso,,
3936434,20,28/07/2018 12:15:00,Strada Urbana,VIALE DI TOR DI QUINTO,in prossimit�,,del civico n.,119,,Tamponamento,Rettilineo,Due carreggiate,Asciutto,Asfaltata,Verticale ed orizzontale,Sereno,Normale,Buona,Ore Diurne,0,0,0,4,12.4864,41.9452,-1,1,Autovettura privata,In marcia / fermata / arresto,Passeggero,F,Illeso,0,,Non accertato,Inesploso,,
3936434,20,28/07/2018 12:15:00,Strada Urbana,VIALE DI TOR DI QUINTO,in prossimit�,,del civico n.,119,,Tamponamento,Rettilineo,Due carreggiate,Asciutto,Asfaltata,Verticale ed orizzontale,Sereno,Normale,Buona,Ore Diurne,0,0,0,4,12.4864,41.9452,-1,2,Autovettura privata,In marcia / fermata / arresto,Conducente,M,Illeso,0,,Non accertato,Esploso,,
3936434,20,28/07/2018 12:15:00,Strada Urbana,VIALE DI TOR DI QUINTO,in prossimit�,,del civico n.,119,,Tamponamento,Rettilineo,Due carreggiate,Asciutto,Asfaltata,Verticale ed orizzontale,Sereno,Normale,Buona,Ore Diurne,0,0,0,4,12.4864,41.9452,-1,2,Autovettura privata,In marcia / fermata / arresto,Passeggero,M,Illeso,0,,Non accertato,Esploso,,
3936490,20,27/07/2018 05:20:00,Statale entro l'abitato,VIA CASSIA,in corrispondenza,,del civico n.,1569,,Veicolo in marcia contro ostacolo fisso,Rettilineo,Una carreggiata a doppio senso,Asciutto,Asfaltata,Orizzontale,Sereno,Scarso,Sufficiente,Ore Diurne,1,0,0,0,12.3862,41.9997,-1,1,Autovettura privata,In marcia / fermata / arresto,Conducente,M,Rimandato,0,NON DECEDUTO,Non accertato,Esploso,,
3936531,20,27/07/2018 08:50:00,Strada Urbana,CORSO DI FRANCIA,in corrispondenza,,del civico n.,157,,Tamponamento Multiplo,Rettilineo,Una carreggiata a senso unico di marcia,Asciutto,Asfaltata,Verticale ed orizzontale,Sereno,Intenso,Buona,Ore Diurne,0,0,0,5,12.4702,41.9426,-1,1,Autovettura privata,In marcia / fermata / arresto,Conducente,F,Illeso,0,,,,,
3936531,20,27/07/2018 08:50:00,Strada Urbana,CORSO DI FRANCIA,in corrispondenza,,del civico n.,157,,Tamponamento Multiplo,Rettilineo,Una carreggiata a senso unico di marcia,Asciutto,Asfaltata,Verticale ed orizzontale,Sereno,Intenso,Buona,Ore Diurne,0,0,0,5,12.4702,41.9426,-1,2,Autovettura privata,In marcia / fermata / arresto,Conducente,F,Illeso,0,,,,,
3936531,20,27/07/2018 08:50:00,Strada Urbana,CORSO DI FRANCIA,in corrispondenza,,del civico n.,157,,Tamponamento Multiplo,Rettilineo,Una carreggiata a senso unico di marcia,Asciutto,Asfaltata,Verticale ed orizzontale,Sereno,Intenso,Buona,Ore Diurne,0,0,0,5,12.4702,41.9426,-1,3,Autovettura privata,In marcia / fermata / arresto,Conducente,F,Illeso,0,,,,,
3936531,20,27/07/2018 08:50:00,Strada Urbana,CORSO DI FRANCIA,in corrispondenza,,del civico n.,157,,Tamponamento Multiplo,Rettilineo,Una carreggiata a senso unico di marcia,Asciutto,Asfaltata,Verticale ed orizzontale,Sereno,Intenso,Buona,Ore Diurne,0,0,0,5,12.4702,41.9426,-1,4,Autocarro inferiore 35 q.,In marcia / fermata / arresto,Conducente,M,Illeso,0,,,,,
3936531,20,27/07/2018 08:50:00,Strada Urbana,CORSO DI FRANCIA,in corrispondenza,,del civico n.,157,,Tamponamento Multiplo,Rettilineo,Una carreggiata a senso unico di marcia,Asciutto,Asfaltata,Verticale ed orizzontale,Sereno,Intenso,Buona,Ore Diurne,0,0,0,5,12.4702,41.9426,-1,4,Autocarro inferiore 35 q.,In marcia / fermata / arresto,Passeggero,M,Illeso,0,,,,,
3936552,8,27/07/2018 20:50:00,Strada Urbana,VIA GIORGIO GRAPPELLI,in prossimit�,,del palo luce n.,33,,Scontro laterale fra veicoli in marcia,Rettilineo,Due carreggiate,Asciutto,Asfaltata,Orizzontale,Sereno,Normale,Buona,Ore Diurne,0,0,0,4,12.6571,41.9118,0,1,Autovettura privata,In marcia / fermata / arresto,Conducente,M,Illeso,0,,,,,
3936552,8,27/07/2018 20:50:00,Strada Urbana,VIA GIORGIO GRAPPELLI,in prossimit�,,del palo luce n.,33,,Scontro laterale fra veicoli in marcia,Rettilineo,Due carreggiate,Asciutto,Asfaltata,Orizzontale,Sereno,Normale,Buona,Ore Diurne,0,0,0,4,12.6571,41.9118,0,1,Autovettura privata,In marcia / fermata / arresto,Passeggero,M,Illeso,0,,,,,
3936552,8,27/07/2018 20:50:00,Strada Urbana,VIA GIORGIO GRAPPELLI,in prossimit�,,del palo luce n.,33,,Scontro laterale fra veicoli in marcia,Rettilineo,Due carreggiate,Asciutto,Asfaltata,Orizzontale,Sereno,Normale,Buona,Ore Diurne,0,0,0,4,12.6571,41.9118,0,1,Autovettura privata,In marcia / fermata / arresto,Passeggero,F,Illeso,0,,,,,
3936555,8,27/07/2018 07:15:00,Strada Urbana,VIA CELESTINO ROSATELLI,da specificare,,,,fronte ingresso 1 centro commerciale Roma Est,Veicolo in marcia contro ostacolo accidentale,Rettilineo,Una carreggiata a senso unico di marcia,Asciutto,Asfaltata,Verticale ed orizzontale,Sereno,Normale,Buona,Ore Diurne,0,0,0,2,12.6639,41.9175,-1,1,Autovettura privata,In marcia / fermata / arresto,Conducente,F,Illeso,0,,Non accertato,Inesploso,,
3936555,8,27/07/2018 07:15:00,Strada Urbana,VIA CELESTINO ROSATELLI,da specificare,,,,fronte ingresso 1 centro commerciale Roma Est,Veicolo in marcia contro ostacolo accidentale,Rettilineo,Una carreggiata a senso unico di marcia,Asciutto,Asfaltata,Verticale ed orizzontale,Sereno,Normale,Buona,Ore Diurne,0,0,0,2,12.6639,41.9175,-1,1,Autovettura privata,In marcia / fermata / arresto,Passeggero,F,Illeso,0,,Non accertato,Inesploso,,
3936557,8,27/07/2018 07:20:00,Strada Urbana,VIA CELESTINO ROSATELLI,da specificare,,,,fronte ingresso 1 centro commerciale Roma Est,Veicolo in marcia contro ostacolo accidentale,Rettilineo,Una carreggiata a senso unico di marcia,Asciutto,Asfaltata,Verticale ed orizzontale,Sereno,Normale,Buona,Ore Diurne,0,0,0,1,12.664,41.9173,-1,1,Autovettura privata,In marcia / fermata / arresto,Conducente,F,Illeso,0,,,,,
3936567,8,27/07/2018 12:30:00,Statale entro l'abitato,VIA CASILINA,all'intersezione con,VIA DI ROCCA CENCIA,VIA DI ROCCA CENCIA,,,Scontro laterale fra veicoli in marcia,Intersezione stradale segnalata,Una carreggiata a doppio senso,Asciutto,Asfaltata,Verticale ed orizzontale,Sereno,Normale,Buona,Ore Diurne,1,0,0,1,12.6194,41.8629,-1,1,Motociclo a solo,In marcia / fermata / arresto,Conducente,M,Ricoverato,0,NON DECEDUTO,Non accertato,,,
3936567,8,27/07/2018 12:30:00,Statale entro l'abitato,VIA CASILINA,all'intersezione con,VIA DI ROCCA CENCIA,VIA DI ROCCA CENCIA,,,Scontro laterale fra veicoli in marcia,Intersezione stradale segnalata,Una carreggiata a doppio senso,Asciutto,Asfaltata,Verticale ed orizzontale,Sereno,Normale,Buona,Ore Diurne,1,0,0,1,12.6194,41.8629,-1,2,Autovettura privata,In marcia / fermata / arresto,Conducente,F,Illeso,0,,Non accertato,Inesploso,,
3936570,8,27/07/2018 15:45:00,,VIA CARPINETO SINELLO,in prossimit�,,del civico n.,32,,Tamponamento,,,,,,,,,,2,0,0,1,12.7085,41.9042,0,1,Autovettura privata,In marcia / fermata / arresto,Conducente,M,Illeso,0,,,,,
3936570,8,27/07/2018 15:45:00,,VIA CARPINETO SINELLO,in prossimit�,,del civico n.,32,,Tamponamento,,,,,,,,,,2,0,0,1,12.7085,41.9042,0,2,Velocipede,In marcia / fermata / arresto,Conducente,M,Rimandato,0,NON DECEDUTO,Esente,,,
3936570,8,27/07/2018 15:45:00,,VIA CARPINETO SINELLO,in prossimit�,,del civico n.,32,,Tamponamento,,,,,,,,,,2,0,0,1,12.7085,41.9042,0,2,Velocipede,In marcia / fermata / arresto,Passeggero,F,Rimandato,0,NON DECEDUTO,Esente,,,
3936572,8,27/07/2018 17:45:00,Strada Urbana,VIA CASILINA,all'intersezione con,VIA DI QUARTO GRANDE,VIA DI QUARTO GRANDE,,,Scontro frontale/laterale DX fra veicoli in marcia,Incrocio,Una carreggiata a doppio senso,Asciutto,Asfaltata,Assente,Sereno,Normale,Buona,Ore Diurne,0,0,0,1,12.6946,41.8639,-1,1,Autovettura privata,In marcia / fermata / arresto,Conducente,M,Illeso,0,,,,,
3936576,8,28/07/2018 01:15:00,Strada Urbana,VIA GAGLIANO DEL CAPO,all'intersezione con,VIA CAMPI SALENTINA,VIA CAMPI SALENTINA,,,Scontro frontale/laterale DX fra veicoli in marcia,Intersezione stradale segnalata,Una carreggiata a doppio senso,Asciutto,Asfaltata,Verticale,Sereno,Scarso,Sufficiente,Sufficiente,1,0,0,3,12.6532,41.8555,-1,1,Autovettura privata,In marcia / fermata / arresto,Conducente,F,Rifiuta cure immediate,0,NON DECEDUTO,Non accertato,Inesploso,,
3936576,8,28/07/2018 01:15:00,Strada Urbana,VIA GAGLIANO DEL CAPO,all'intersezione con,VIA CAMPI SALENTINA,VIA CAMPI SALENTINA,,,Scontro frontale/laterale DX fra veicoli in marcia,Intersezione stradale segnalata,Una carreggiata a doppio senso,Asciutto,Asfaltata,Verticale,Sereno,Scarso,Sufficiente,Sufficiente,1,0,0,3,12.6532,41.8555,-1,1,Autovettura privata,In marcia / fermata / arresto,Passeggero,F,Illeso,0,,Non accertato,,,
3936576,8,28/07/2018 01:15:00,Strada Urbana,VIA GAGLIANO DEL CAPO,all'intersezione con,VIA CAMPI SALENTINA,VIA CAMPI SALENTINA,,,Scontro frontale/laterale DX fra veicoli in marcia,Intersezione stradale segnalata,Una carreggiata a doppio senso,Asciutto,Asfaltata,Verticale,Sereno,Scarso,Sufficiente,Sufficiente,1,0,0,3,12.6532,41.8555,-1,1,Autovettura privata,In marcia / fermata / arresto,Passeggero,M,Illeso,0,,,,,
3936576,8,28/07/2018 01:15:00,Strada Urbana,VIA GAGLIANO DEL CAPO,all'intersezione con,VIA CAMPI SALENTINA,VIA CAMPI SALENTINA,,,Scontro frontale/laterale DX fra veicoli in marcia,Intersezione stradale segnalata,Una carreggiata a doppio senso,Asciutto,Asfaltata,Verticale,Sereno,Scarso,Sufficiente,Sufficiente,1,0,0,3,12.6532,41.8555,-1,2,Autovettura privata,In marcia / fermata / arresto,Conducente,F,Illeso,0,,,,,
3936579,20,27/07/2018 10:30:00,Strada Urbana,VIALE DI TOR DI QUINTO,in corrispondenza,,del civico n.,37,,Tamponamento Multiplo,Rettilineo,Una carreggiata a doppio senso,Asciutto,Asfaltata,Orizzontale,Sereno,Normale,Buona,Ore Diurne,3,0,0,1,12.4731,41.9374,-1,1,Autovettura privata,In marcia / fermata / arresto,Conducente,F,Rimandato,0,NON DECEDUTO,,,,
3936579,20,27/07/2018 10:30:00,Strada Urbana,VIALE DI TOR DI QUINTO,in corrispondenza,,del civico n.,37,,Tamponamento Multiplo,Rettilineo,Una carreggiata a doppio senso,Asciutto,Asfaltata,Orizzontale,Sereno,Normale,Buona,Ore Diurne,3,0,0,1,12.4731,41.9374,-1,1,Autovettura privata,In marcia / fermata / arresto,Passeggero,F,Rimandato,0,NON DECEDUTO,,,,
3936579,20,27/07/2018 10:30:00,Strada Urbana,VIALE DI TOR DI QUINTO,in corrispondenza,,del civico n.,37,,Tamponamento Multiplo,Rettilineo,Una carreggiata a doppio senso,Asciutto,Asfaltata,Orizzontale,Sereno,Normale,Buona,Ore Diurne,3,0,0,1,12.4731,41.9374,-1,2,Autovettura privata,In marcia / fermata / arresto,Conducente,M,Rimandato,0,NON DECEDUTO,Non accertato,Inesploso,,
3936579,20,27/07/2018 10:30:00,Strada Urbana,VIALE DI TOR DI QUINTO,in corrispondenza,,del civico n.,37,,Tamponamento Multiplo,Rettilineo,Una carreggiata a doppio senso,Asciutto,Asfaltata,Orizzontale,Sereno,Normale,Buona,Ore Diurne,3,0,0,1,12.4731,41.9374,-1,3,Autoarticolato,In marcia / fermata / arresto,Conducente,M,Illeso,0,,,,,
3936594,8,28/07/2018 05:15:00,,VIA TIBURTINA,da specificare,,,,prossimit� civ. 1210 GRA direz. fuori Roma,Veicolo in marcia contro ostacolo accidentale,,,,,,,,,,0,0,0,1,,,0,1,Autobus di linea,In marcia / fermata / arresto,Conducente,M,Illeso,0,,,,,
3936638,9,27/07/2018 16:35:00,Strada Urbana,VIA APPIA NUOVA,all'intersezione con,VIA DON ORIONE,VIA DON ORIONE,,,Scontro frontale/laterale SX fra veicoli in marcia,Incrocio,Due carreggiate,Asciutto,Asfaltata,Verticale ed orizzontale,Sereno,Normale,Sufficiente,Ore Diurne,0,1,0,1,12.517,41.8794,-1,1,Autocarro superiore 35 q.,In marcia / fermata / arresto,Conducente,M,Illeso,0,,Non accertato,Inesploso,,
3936638,9,27/07/2018 16:35:00,Strada Urbana,VIA APPIA NUOVA,all'intersezione con,VIA DON ORIONE,VIA DON ORIONE,,,Scontro frontale/laterale SX fra veicoli in marcia,Incrocio,Due carreggiate,Asciutto,Asfaltata,Verticale ed orizzontale,Sereno,Normale,Sufficiente,Ore Diurne,0,1,0,1,12.517,41.8794,-1,2,Motociclo a solo,In marcia / fermata / arresto,Conducente,M,Prognosi riservata,0,NON DECEDUTO,,,,
3936640,1,27/07/2018 21:10:00,Strada Urbana,VIA MILAZZO,in corrispondenza,,del civico n.,fr 11,,Veicolo in marcia contro veicolo in sosta,Rettilineo,Una carreggiata a senso unico di marcia,Asciutto,Asfaltata,Verticale ed orizzontale,Sereno,Scarso,Sufficiente,Sufficiente,0,0,0,1,12.5044,41.9019,0,2,Autovettura privata,In marcia / fermata / arresto,Conducente,M,Illeso,0,,Non accertato,,,
3936723,10,28/07/2018 17:00:00,Strada Urbana,VIA TUSCOLANA,da specificare,,,,all'altezza di Via Cerzeto,Tamponamento Multiplo,Rettilineo,Due carreggiate,Asciutto,Asfaltata,Verticale ed orizzontale,Sereno,Normale,Buona,Ore Diurne,1,0,0,5,12.6018,41.8361,-1,1,Autovettura privata,In marcia / fermata / arresto,Conducente,M,Illeso,0,,Non accertato,Inesploso,,
3936723,10,28/07/2018 17:00:00,Strada Urbana,VIA TUSCOLANA,da specificare,,,,all'altezza di Via Cerzeto,Tamponamento Multiplo,Rettilineo,Due carreggiate,Asciutto,Asfaltata,Verticale ed orizzontale,Sereno,Normale,Buona,Ore Diurne,1,0,0,5,12.6018,41.8361,-1,1,Autovettura privata,In marcia / fermata / arresto,Passeggero,M,Illeso,0,,Non accertato,Inesploso,,
3936723,10,28/07/2018 17:00:00,Strada Urbana,VIA TUSCOLANA,da specificare,,,,all'altezza di Via Cerzeto,Tamponamento Multiplo,Rettilineo,Due carreggiate,Asciutto,Asfaltata,Verticale ed orizzontale,Sereno,Normale,Buona,Ore Diurne,1,0,0,5,12.6018,41.8361,-1,1,Autovettura privata,In marcia / fermata / arresto,Passeggero,F,Illeso,0,,Non accertato,Inesploso,,
3936723,10,28/07/2018 17:00:00,Strada Urbana,VIA TUSCOLANA,da specificare,,,,all'altezza di Via Cerzeto,Tamponamento Multiplo,Rettilineo,Due carreggiate,Asciutto,Asfaltata,Verticale ed orizzontale,Sereno,Normale,Buona,Ore Diurne,1,0,0,5,12.6018,41.8361,-1,2,Autovettura privata,In marcia / fermata / arresto,Conducente,M,Illeso,0,,Non accertato,Inesploso,,
3936723,10,28/07/2018 17:00:00,Strada Urbana,VIA TUSCOLANA,da specificare,,,,all'altezza di Via Cerzeto,Tamponamento Multiplo,Rettilineo,Due carreggiate,Asciutto,Asfaltata,Verticale ed orizzontale,Sereno,Normale,Buona,Ore Diurne,1,0,0,5,12.6018,41.8361,-1,3,Autovettura privata,In marcia / fermata / arresto,Conducente,M,Rifiuta cure immediate,0,NON DECEDUTO,Non accertato,Inesploso,,
3936723,10,28/07/2018 17:00:00,Strada Urbana,VIA TUSCOLANA,da specificare,,,,all'altezza di Via Cerzeto,Tamponamento Multiplo,Rettilineo,Due carreggiate,Asciutto,Asfaltata,Verticale ed orizzontale,Sereno,Normale,Buona,Ore Diurne,1,0,0,5,12.6018,41.8361,-1,4,Autovettura privata,In marcia / fermata / arresto,Conducente,M,Illeso,0,,Non accertato,Inesploso,,
3936744,2,27/07/2018 21:45:00,Strada Urbana,VIALE ROMANIA,in corrispondenza,,del civico n.,22,,Investimento di pedone,Rettilineo,Una carreggiata a doppio senso,Asciutto,Asfaltata,Orizzontale,Sereno,Scarso,Insufficiente,Insufficiente,1,0,0,1,12.4928,41.9238,-1,,,,Pedone,M,Ricoverato,0,NON DECEDUTO,,,,
3936744,2,27/07/2018 21:45:00,Strada Urbana,VIALE ROMANIA,in corrispondenza,,del civico n.,22,,Investimento di pedone,Rettilineo,Una carreggiata a doppio senso,Asciutto,Asfaltata,Orizzontale,Sereno,Scarso,Insufficiente,Insufficiente,1,0,0,1,12.4928,41.9238,-1,1,Autovettura privata,In marcia / fermata / arresto,Conducente,F,Illeso,0,,Non accertato,Inesploso,,
3936747,2,28/07/2018 05:00:00,Strada Urbana,VIA PASQUALE II,da specificare,,,,fronte civ. 47,Tamponamento,Rettilineo,Una carreggiata a doppio senso,Asciutto,Asfaltata,Verticale ed orizzontale,Sereno,Scarso,Sufficiente,Sufficiente,1,0,0,4,12.4098,41.9104,-1,1,Autovettura privata,In marcia / fermata / arresto,Conducente,M,Illeso,0,,,,,
3936747,2,28/07/2018 05:00:00,Strada Urbana,VIA PASQUALE II,da specificare,,,,fronte civ. 47,Tamponamento,Rettilineo,Una carreggiata a doppio senso,Asciutto,Asfaltata,Verticale ed orizzontale,Sereno,Scarso,Sufficiente,Sufficiente,1,0,0,4,12.4098,41.9104,-1,1,Autovettura privata,In marcia / fermata / arresto,Passeggero,F,Illeso,0,,,,,
3936747,2,28/07/2018 05:00:00,Strada Urbana,VIA PASQUALE II,da specificare,,,,fronte civ. 47,Tamponamento,Rettilineo,Una carreggiata a doppio senso,Asciutto,Asfaltata,Verticale ed orizzontale,Sereno,Scarso,Sufficiente,Sufficiente,1,0,0,4,12.4098,41.9104,-1,1,Autovettura privata,In marcia / fermata / arresto,Passeggero,M,Illeso,0,,,,,
3936747,2,28/07/2018 05:00:00,Strada Urbana,VIA PASQUALE II,da specificare,,,,fronte civ. 47,Tamponamento,Rettilineo,Una carreggiata a doppio senso,Asciutto,Asfaltata,Verticale ed orizzontale,Sereno,Scarso,Sufficiente,Sufficiente,1,0,0,4,12.4098,41.9104,-1,1,Autovettura privata,In marcia / fermata / arresto,Passeggero,M,Illeso,0,,,,,
3936747,2,28/07/2018 05:00:00,Strada Urbana,VIA PASQUALE II,da specificare,,,,fronte civ. 47,Tamponamento,Rettilineo,Una carreggiata a doppio senso,Asciutto,Asfaltata,Verticale ed orizzontale,Sereno,Scarso,Sufficiente,Sufficiente,1,0,0,4,12.4098,41.9104,-1,2,Ciclomotore,In marcia / fermata / arresto,Conducente,M,Rimandato,0,NON DECEDUTO,Non accertato,,,
3936748,2,27/07/2018 15:40:00,Strada Urbana,VIA ALESSANDRIA,in prossimit�,,del civico n.,76/a,,Investimento di pedone,Rettilineo,Una carreggiata a senso unico di marcia,Asciutto,Asfaltata,Verticale ed orizzontale,Sereno,Normale,Buona,Ore Diurne,0,0,0,2,12.5023,41.9116,-1,,,,Pedone,M,Illeso,0,,,,,
3936748,2,27/07/2018 15:40:00,Strada Urbana,VIA ALESSANDRIA,in prossimit�,,del civico n.,76/a,,Investimento di pedone,Rettilineo,Una carreggiata a senso unico di marcia,Asciutto,Asfaltata,Verticale ed orizzontale,Sereno,Normale,Buona,Ore Diurne,0,0,0,2,12.5023,41.9116,-1,1,Autovettura privata,In marcia / fermata / arresto,Conducente,M,Illeso,0,,,,,
3936971,20,29/07/2018 01:10:00,Strada Urbana,PIAZZALE MARESCIALLO DIAZ,all'intersezione con,VIALE PAOLO BOSELLI,VIALE PAOLO BOSELLI,,,Scontro frontale/laterale SX fra veicoli in marcia,Incrocio,Due carreggiate,Asciutto,Asfaltata,Verticale ed orizzontale,Sereno,Scarso,Buona,Sufficiente,0,0,0,6,12.4597,41.9331,-1,1,Autovettura privata,In marcia / fermata / arresto,Conducente,M,Illeso,0,,Non accertato,Esploso,,
3936971,20,29/07/2018 01:10:00,Strada Urbana,PIAZZALE MARESCIALLO DIAZ,all'intersezione con,VIALE PAOLO BOSELLI,VIALE PAOLO BOSELLI,,,Scontro frontale/laterale SX fra veicoli in marcia,Incrocio,Due carreggiate,Asciutto,Asfaltata,Verticale ed orizzontale,Sereno,Scarso,Buona,Sufficiente,0,0,0,6,12.4597,41.9331,-1,1,Autovettura privata,In marcia / fermata / arresto,Passeggero,M,Illeso,0,,Non accertato,Esploso,,
3936971,20,29/07/2018 01:10:00,Strada Urbana,PIAZZALE MARESCIALLO DIAZ,all'intersezione con,VIALE PAOLO BOSELLI,VIALE PAOLO BOSELLI,,,Scontro frontale/laterale SX fra veicoli in marcia,Incrocio,Due carreggiate,Asciutto,Asfaltata,Verticale ed orizzontale,Sereno,Scarso,Buona,Sufficiente,0,0,0,6,12.4597,41.9331,-1,2,Autovettura privata,In marcia / fermata / arresto,Conducente,M,Illeso,0,,Non accertato,Esploso,,
3936971,20,29/07/2018 01:10:00,Strada Urbana,PIAZZALE MARESCIALLO DIAZ,all'intersezione con,VIALE PAOLO BOSELLI,VIALE PAOLO BOSELLI,,,Scontro frontale/laterale SX fra veicoli in marcia,Incrocio,Due carreggiate,Asciutto,Asfaltata,Verticale ed orizzontale,Sereno,Scarso,Buona,Sufficiente,0,0,0,6,12.4597,41.9331,-1,2,Autovettura privata,In marcia / fermata / arresto,Passeggero,F,Illeso,0,,Non accertato,Esploso,,
3936971,20,29/07/2018 01:10:00,Strada Urbana,PIAZZALE MARESCIALLO DIAZ,all'intersezione con,VIALE PAOLO BOSELLI,VIALE PAOLO BOSELLI,,,Scontro frontale/laterale SX fra veicoli in marcia,Incrocio,Due carreggiate,Asciutto,Asfaltata,Verticale ed orizzontale,Sereno,Scarso,Buona,Sufficiente,0,0,0,6,12.4597,41.9331,-1,2,Autovettura privata,In marcia / fermata / arresto,Passeggero,F,Illeso,0,,Non accertato,Esploso,,
3936971,20,29/07/2018 01:10:00,Strada Urbana,PIAZZALE MARESCIALLO DIAZ,all'intersezione con,VIALE PAOLO BOSELLI,VIALE PAOLO BOSELLI,,,Scontro frontale/laterale SX fra veicoli in marcia,Incrocio,Due carreggiate,Asciutto,Asfaltata,Verticale ed orizzontale,Sereno,Scarso,Buona,Sufficiente,0,0,0,6,12.4597,41.9331,-1,2,Autovettura privata,In marcia / fermata / arresto,Passeggero,M,Illeso,0,,Non accertato,Esploso,,
3937053,9,28/07/2018 01:30:00,Strada Urbana,VIA QUINTILIO VARO,in prossimit�,,del civico n.,133,,Veicolo in marcia contro veicoli in sosta,Rettilineo,Una carreggiata a senso unico di marcia,Asciutto,Asfaltata,Assente,Sereno,Scarso,Insufficiente,Inesistente,0,0,0,1,12.5658,41.8533,-1,1,Autovettura privata,In marcia / fermata / arresto,Conducente,F,Illeso,0,,Non accertato,Inesploso,,
3937054,9,28/07/2018 07:45:00,Strada Urbana,VIA ACIREALE,da specificare,,,,fronte civico 14,Scontro laterale fra veicoli in marcia,Rettilineo,Una carreggiata a senso unico di marcia,Asciutto,Asfaltata,Orizzontale,Sereno,Scarso,Buona,Ore Diurne,1,0,0,2,12.5197,41.8878,-1,1,Motociclo a solo,In marcia / fermata / arresto,Conducente,M,Rimandato,0,NON DECEDUTO,Non accertato,,,
3937054,9,28/07/2018 07:45:00,Strada Urbana,VIA ACIREALE,da specificare,,,,fronte civico 14,Scontro laterale fra veicoli in marcia,Rettilineo,Una carreggiata a senso unico di marcia,Asciutto,Asfaltata,Orizzontale,Sereno,Scarso,Buona,Ore Diurne,1,0,0,2,12.5197,41.8878,-1,2,Autovettura privata,In marcia / fermata / arresto,Conducente,M,Illeso,0,,Non accertato,Inesploso,,
3937054,9,28/07/2018 07:45:00,Strada Urbana,VIA ACIREALE,da specificare,,,,fronte civico 14,Scontro laterale fra veicoli in marcia,Rettilineo,Una carreggiata a senso unico di marcia,Asciutto,Asfaltata,Orizzontale,Sereno,Scarso,Buona,Ore Diurne,1,0,0,2,12.5197,41.8878,-1,2,Autovettura privata,In marcia / fermata / arresto,Passeggero,F,Illeso,0,,Non accertato,Inesploso,,