Protocollo,Gruppo,DataOraIncidente,Localizzazione1,STRADA1,Localizzazione2,STRADA2,Strada02,Chilometrica,DaSpecificare,NaturaIncidente,particolaritastrade,TipoStrada,FondoStradale,Pavimentazione,Segnaletica,CondizioneAtmosferica,Traffico,Visibilita,Illuminazione,NUM_FERITI,NUM_RISERVATA,NUM_MORTI,NUM_ILLESI,Longitudine,Latitudine,Confermato,Progressivo,TipoVeicolo,StatoVeicolo,TipoPersona,Sesso,Tipolesione,Deceduto,DecedutoDopo,CinturaCascoUtilizzato,Airbag,,
3937065,9,29/07/2018 04:40:00,Strada Urbana,VIALE DELLO SCALO S. LORENZO,in prossimit�,,del civico n.,14,,Investimento di pedone,Rettilineo,Due carreggiate,Asciutto,Asfaltata,Orizzontale,Sereno,Scarso,Buona,Sufficiente,1,0,0,4,12.5171,41.8938,-1,,,,Pedone,M,Rimandato,0,NON DECEDUTO,,,,
3937065,9,29/07/2018 04:40:00,Strada Urbana,VIALE DELLO SCALO S. LORENZO,in prossimit�,,del civico n.,14,,Investimento di pedone,Rettilineo,Due carreggiate,Asciutto,Asfaltata,Orizzontale,Sereno,Scarso,Buona,Sufficiente,1,0,0,4,12.5171,41.8938,-1,1,Autovettura privata,In marcia / fermata / arresto,Conducente,M,Illeso,0,,Non accertato,Inesploso,,
3937065,9,29/07/2018 04:40:00,Strada Urbana,VIALE DELLO SCALO S. LORENZO,in prossimit�,,del civico n.,14,,Investimento di pedone,Rettilineo,Due carreggiate,Asciutto,Asfaltata,Orizzontale,Sereno,Scarso,Buona,Sufficiente,1,0,0,4,12.5171,41.8938,-1,1,Autovettura privata,In marcia / fermata / arresto,Passeggero,F,Illeso,0,,Non accertato,Inesploso,,
3937065,9,29/07/2018 04:40:00,Strada Urbana,VIALE DELLO SCALO S. LORENZO,in prossimit�,,del civico n.,14,,Investimento di pedone,Rettilineo,Due carreggiate,Asciutto,Asfaltata,Orizzontale,Sereno,Scarso,Buona,Sufficiente,1,0,0,4,12.5171,41.8938,-1,1,Autovettura privata,In marcia / fermata / arresto,Passeggero,F,Illeso,0,,Non accertato,Inesploso,,
3937065,9,29/07/2018 04:40:00,Strada Urbana,VIALE DELLO SCALO S. LORENZO,in prossimit�,,del civico n.,14,,Investimento di pedone,Rettilineo,Due carreggiate,Asciutto,Asfaltata,Orizzontale,Sereno,Scarso,Buona,Sufficiente,1,0,0,4,12.5171,41.8938,-1,1,Autovettura privata,In marcia / fermata / arresto,Passeggero,M,Illeso,0,,Non accertato,Inesploso,,
3937072,10,28/07/2018 06:15:00,Strada Urbana,VIA ANAGNINA,da specificare,,,,dir. fuori Rroma ( rampa G.R.A. dir. Firenze),Veicolo in marcia contro ostacolo fisso,Rettilineo,Una carreggiata a senso unico di marcia,Asciutto,Asfaltata,Verticale ed orizzontale,Sereno,Scarso,Buona,Sufficiente,1,0,0,0,12.5901,41.838,-1,1,Autovettura privata,In marcia / fermata / arresto,Conducente,M,Rifiuta cure immediate,0,NON DECEDUTO,Non accertato,Inesploso,,
3937082,13,27/07/2018 15:15:00,Provinciale,VIA GUIDO CALZA,da specificare,,,,pressi viale dei romagnoli,Veicolo in marcia contro ostacolo accidentale,Rettilineo,Una carreggiata a senso unico di marcia,Asciutto,Asfaltata,Verticale ed orizzontale,Sereno,Normale,Buona,Ore Diurne,0,0,0,1,12.4654,41.9278,-1,1,Autovettura privata,In marcia / fermata / arresto,Conducente,M,Illeso,0,,Non accertato,Inesploso,,
3937083,13,27/07/2018 17:50:00,Strada Urbana,VIA PROSPERO INTORCETTA,all'intersezione con,VIA TIMOTEO BOTTIGLI,VIA TIMOTEO BOTTIGLI,,,Scontro laterale fra veicoli in marcia,Incrocio,Una carreggiata a doppio senso,Asciutto,Asfaltata,Verticale ed orizzontale,Sereno,Scarso,Buona,Ore Diurne,0,0,0,2,12.3333,41.7887,-1,1,Autocarro inferiore 35 q.,In marcia / fermata / arresto,Conducente,M,Illeso,0,,Non accertato,Inesploso,,
3937083,13,27/07/2018 17:50:00,Strada Urbana,VIA PROSPERO INTORCETTA,all'intersezione con,VIA TIMOTEO BOTTIGLI,VIA TIMOTEO BOTTIGLI,,,Scontro laterale fra veicoli in marcia,Incrocio,Una carreggiata a doppio senso,Asciutto,Asfaltata,Verticale ed orizzontale,Sereno,Scarso,Buona,Ore Diurne,0,0,0,2,12.3333,41.7887,-1,2,Autovettura privata,In marcia / fermata / arresto,Conducente,M,Illeso,0,,Non accertato,Inesploso,,
3937085,13,27/07/2018 21:00:00,,PIAZZALE CRISTOFORO COLOMBO,all'intersezione con,VIA VALLADOLID,VIA VALLADOLID,,,Tamponamento,,,,,,,,,,0,0,0,2,,,0,1,Motociclo con passeggero,In marcia / fermata / arresto,Conducente,M,Illeso,0,,Non accertato,,,
3937085,13,27/07/2018 21:00:00,,PIAZZALE CRISTOFORO COLOMBO,all'intersezione con,VIA VALLADOLID,VIA VALLADOLID,,,Tamponamento,,,,,,,,,,0,0,0,2,,,0,2,Autovettura privata,In marcia / fermata / arresto,Conducente,M,Illeso,0,,Non accertato,Inesploso,,
3937087,10,29/07/2018 06:40:00,Strada Urbana,VIA TUSCOLANA,all'intersezione semaforizzata con,VIA GASPERINA,VIA GASPERINA,,,Scontro frontale/laterale SX fra veicoli in marcia,Intersezione stradale segnalata,Due carreggiate,Asciutto,Asfaltata,Verticale ed orizzontale,Sereno,Scarso,Buona,Ore Diurne,1,0,0,1,12.5923,41.8396,-1,1,Autobus di linea,In marcia / fermata / arresto,Conducente,F,Illeso,0,,Non accertato,Inesistente,,
3937087,10,29/07/2018 06:40:00,Strada Urbana,VIA TUSCOLANA,all'intersezione semaforizzata con,VIA GASPERINA,VIA GASPERINA,,,Scontro frontale/laterale SX fra veicoli in marcia,Intersezione stradale segnalata,Due carreggiate,Asciutto,Asfaltata,Verticale ed orizzontale,Sereno,Scarso,Buona,Ore Diurne,1,0,0,1,12.5923,41.8396,-1,2,Autovettura privata,In marcia / fermata / arresto,Conducente,M,Rimandato,0,NON DECEDUTO,Non accertato,Inesploso,,
3937121,20,28/07/2018 17:00:00,Regionale entro l'abitato,VIA CASSIA,in corrispondenza,,del civico n.,555,,Veicolo in marcia contro ostacolo fisso,Curva a visuale libera,Una carreggiata a doppio senso,Asciutto,Asfaltata,Verticale ed orizzontale,Sereno,Scarso,Buona,Ore Diurne,0,0,0,1,12.4512,41.9605,-1,1,Autovettura privata,In marcia / fermata / arresto,Conducente,F,Illeso,0,,,,,
3937125,17,29/07/2018 02:00:00,Strada Urbana,PIAZZA DEL RISORGIMENTO,all'intersezione semaforizzata con,VIA DI PORTA ANGELICA,VIA DI PORTA ANGELICA,,,Tamponamento,Intersezione semaforizzata,Una carreggiata a senso unico di marcia,Asciutto,Asfaltata,Assente,Sereno,Scarso,Buona,Sufficiente,0,0,0,2,12.4578,41.9059,-1,1,Autovettura privata,In marcia / fermata / arresto,Conducente,M,Illeso,0,,Non accertato,Inesploso,,
3937125,17,29/07/2018 02:00:00,Strada Urbana,PIAZZA DEL RISORGIMENTO,all'intersezione semaforizzata con,VIA DI PORTA ANGELICA,VIA DI PORTA ANGELICA,,,Tamponamento,Intersezione semaforizzata,Una carreggiata a senso unico di marcia,Asciutto,Asfaltata,Assente,Sereno,Scarso,Buona,Sufficiente,0,0,0,2,12.4578,41.9059,-1,2,Autovettura privata,In marcia / fermata / arresto,Conducente,M,Illeso,0,,Non accertato,Inesploso,,
3937129,10,28/07/2018 11:45:00,Strada Urbana,VIA TELEGONO,in corrispondenza,,del civico n.,13,,Veicolo in marcia contro veicolo fermo,Rettilineo,Una carreggiata a doppio senso,Asciutto,Asfaltata,Verticale,Sereno,Scarso,Buona,Ore Diurne,0,0,0,1,12.5515,41.8633,-1,1,Autovettura privata,In marcia / fermata / arresto,Conducente,F,Illeso,0,,Non accertato,Inesploso,,
3937133,10,28/07/2018 23:33:00,Strada Urbana,VIA APPIA NUOVA,da specificare,,,,50 MT PRIMA dell'incrocio con Via ANNIA REGILLA,Veicolo in marcia contro ostacolo accidentale,Rettilineo,Due carreggiate,Asciutto,Asfaltata,Verticale ed orizzontale,Sereno,Scarso,Buona,Sufficiente,1,0,0,0,12.5506,41.8489,-1,1,Motociclo a solo,In marcia / fermata / arresto,Conducente,M,Rimandato,0,NON DECEDUTO,,,,
3937137,10,29/07/2018 02:47:00,Strada Urbana,VIA TUSCOLANA,in corrispondenza,,del civico n.,973,,Scontro laterale fra veicoli in marcia,Rettilineo,Due carreggiate,Asciutto,Asfaltata,Verticale ed orizzontale,Sereno,Scarso,Buona,Sufficiente,0,0,0,2,12.5655,41.8553,-1,1,Autovettura privata,In marcia / fermata / arresto,Conducente,M,Illeso,0,,Non accertato,Inesploso,,
3937137,10,29/07/2018 02:47:00,Strada Urbana,VIA TUSCOLANA,in corrispondenza,,del civico n.,973,,Scontro laterale fra veicoli in marcia,Rettilineo,Due carreggiate,Asciutto,Asfaltata,Verticale ed orizzontale,Sereno,Scarso,Buona,Sufficiente,0,0,0,2,12.5655,41.8553,-1,2,Autovettura privata,In marcia / fermata / arresto,Conducente,M,Illeso,0,,Non accertato,Inesploso,,
3937166,13,28/07/2018 10:20:00,Strada Urbana,VIA ADOLFO COZZA,da specificare,,,,PRESSI VIA G. DA SANGALLO,Veicolo in marcia contro ostacolo accidentale,Rettilineo,Una carreggiata a doppio senso,Asciutto,Asfaltata,Assente,Sereno,Normale,Buona,Ore Diurne,0,0,0,1,12.2719,41.7326,-1,1,Autovettura privata,In marcia / fermata / arresto,Conducente,F,Illeso,0,,Non utilizzato,Inesploso,,
3937167,13,28/07/2018 13:00:00,Strada Urbana,VIA PINDARO,in corrispondenza,,del civico n.,50,,Scontro laterale fra veicoli in marcia,Rettilineo,Una carreggiata a senso unico di marcia,Asciutto,Asfaltata,Assente,Sereno,Normale,Buona,Ore Diurne,0,0,0,2,12.3678,41.7563,-1,1,Autovettura privata,In marcia / fermata / arresto,Conducente,F,Illeso,0,,Non accertato,,,
3937167,13,28/07/2018 13:00:00,Strada Urbana,VIA PINDARO,in corrispondenza,,del civico n.,50,,Scontro laterale fra veicoli in marcia,Rettilineo,Una carreggiata a senso unico di marcia,Asciutto,Asfaltata,Assente,Sereno,Normale,Buona,Ore Diurne,0,0,0,2,12.3678,41.7563,-1,2,Autovettura privata,In marcia / fermata / arresto,Conducente,F,Illeso,0,,Non accertato,Inesploso,,
3937169,13,28/07/2018 14:30:00,Strada Urbana,VIA LITORANEA,all'intersezione con,VIA LIDO DI CASTEL PORZIANO,VIA LIDO DI CASTEL PORZIANO,,,Scontro frontale/laterale DX fra veicoli in marcia,Rotatoria,Due carreggiate,Asciutto,Asfaltata,Verticale ed orizzontale,Sereno,Normale,Buona,Ore Diurne,1,0,0,1,12.3735,41.6876,-1,1,Motociclo con passeggero,In marcia / fermata / arresto,Conducente,M,Rimandato,0,NON DECEDUTO,,,,
3937169,13,28/07/2018 14:30:00,Strada Urbana,VIA LITORANEA,all'intersezione con,VIA LIDO DI CASTEL PORZIANO,VIA LIDO DI CASTEL PORZIANO,,,Scontro frontale/laterale DX fra veicoli in marcia,Rotatoria,Due carreggiate,Asciutto,Asfaltata,Verticale ed orizzontale,Sereno,Normale,Buona,Ore Diurne,1,0,0,1,12.3735,41.6876,-1,2,Autovettura privata,In marcia / fermata / arresto,Conducente,M,Illeso,0,,Non accertato,Inesploso,,
3937171,13,28/07/2018 17:20:00,Strada Urbana,VIALE CARDINAL GINNASI,all'intersezione con,VIALE VASCO DE GAMA,VIALE VASCO DE GAMA,,,Scontro frontale/laterale DX fra veicoli in marcia,Incrocio,Pi� di due carreggiate,Asciutto,Asfaltata,Verticale ed orizzontale,Sereno,Normale,Buona,Ore Diurne,1,0,0,2,12.2808,41.7326,-1,1,Autovettura privata,In marcia / fermata / arresto,Conducente,M,Illeso,0,,Non accertato,Inesploso,,
3937171,13,28/07/2018 17:20:00,Strada Urbana,VIALE CARDINAL GINNASI,all'intersezione con,VIALE VASCO DE GAMA,VIALE VASCO DE GAMA,,,Scontro frontale/laterale DX fra veicoli in marcia,Incrocio,Pi� di due carreggiate,Asciutto,Asfaltata,Verticale ed orizzontale,Sereno,Normale,Buona,Ore Diurne,1,0,0,2,12.2808,41.7326,-1,1,Autovettura privata,In marcia / fermata / arresto,Passeggero,F,Rimandato,0,NON DECEDUTO,Non accertato,Inesploso,,
3937171,13,28/07/2018 17:20:00,Strada Urbana,VIALE CARDINAL GINNASI,all'intersezione con,VIALE VASCO DE GAMA,VIALE VASCO DE GAMA,,,Scontro frontale/laterale DX fra veicoli in marcia,Incrocio,Pi� di due carreggiate,Asciutto,Asfaltata,Verticale ed orizzontale,Sereno,Normale,Buona,Ore Diurne,1,0,0,2,12.2808,41.7326,-1,2,Autovettura privata,In marcia / fermata / arresto,Conducente,M,Illeso,0,,Non accertato,Inesploso,,
3937173,13,28/07/2018 17:30:00,Strada Urbana,VIA DANILO STIEPOVICH,all'intersezione con,VIA ARMANDO CRISCIANI,VIA ARMANDO CRISCIANI,,,Scontro frontale/laterale DX fra veicoli in marcia,Incrocio,Due carreggiate,Asciutto,Asfaltata,Verticale ed orizzontale,Sereno,Normale,Buona,Ore Diurne,4,0,0,0,12.2697,41.7397,-1,1,Autovettura privata,In marcia / fermata / arresto,Conducente,F,Rimandato,0,NON DECEDUTO,Non accertato,Esploso,,
3937173,13,28/07/2018 17:30:00,Strada Urbana,VIA DANILO STIEPOVICH,all'intersezione con,VIA ARMANDO CRISCIANI,VIA ARMANDO CRISCIANI,,,Scontro frontale/laterale DX fra veicoli in marcia,Incrocio,Due carreggiate,Asciutto,Asfaltata,Verticale ed orizzontale,Sereno,Normale,Buona,Ore Diurne,4,0,0,0,12.2697,41.7397,-1,2,Autovettura privata,In marcia / fermata / arresto,Conducente,M,Rimandato,0,NON DECEDUTO,Non accertato,Inesploso,,
3937173,13,28/07/2018 17:30:00,Strada Urbana,VIA DANILO STIEPOVICH,all'intersezione con,VIA ARMANDO CRISCIANI,VIA ARMANDO CRISCIANI,,,Scontro frontale/laterale DX fra veicoli in marcia,Incrocio,Due carreggiate,Asciutto,Asfaltata,Verticale ed orizzontale,Sereno,Normale,Buona,Ore Diurne,4,0,0,0,12.2697,41.7397,-1,2,Autovettura privata,In marcia / fermata / arresto,Passeggero,F,Rimandato,0,NON DECEDUTO,Non accertato,Inesploso,,
3937173,13,28/07/2018 17:30:00,Strada Urbana,VIA DANILO STIEPOVICH,all'intersezione con,VIA ARMANDO CRISCIANI,VIA ARMANDO CRISCIANI,,,Scontro frontale/laterale DX fra veicoli in marcia,Incrocio,Due carreggiate,Asciutto,Asfaltata,Verticale ed orizzontale,Sereno,Normale,Buona,Ore Diurne,4,0,0,0,12.2697,41.7397,-1,2,Autovettura privata,In marcia / fermata / arresto,Passeggero,F,Rimandato,0,NON DECEDUTO,Non accertato,Inesploso,,
3937174,13,28/07/2018 18:25:00,Strada Urbana,VIA CAPO DELLE ARMI,all'intersezione con,VIA CAPO TINDARI,VIA CAPO TINDARI,,,Investimento di pedone,Incrocio,Una carreggiata a doppio senso,Asciutto,Asfaltata,Verticale,Sereno,Scarso,Buona,Ore Diurne,0,1,0,4,12.2863,41.741,-1,,,,Pedone,F,Prognosi riservata,0,NON DECEDUTO,,,,
3937174,13,28/07/2018 18:25:00,Strada Urbana,VIA CAPO DELLE ARMI,all'intersezione con,VIA CAPO TINDARI,VIA CAPO TINDARI,,,Investimento di pedone,Incrocio,Una carreggiata a doppio senso,Asciutto,Asfaltata,Verticale,Sereno,Scarso,Buona,Ore Diurne,0,1,0,4,12.2863,41.741,-1,1,Autovettura privata,In marcia / fermata / arresto,Conducente,F,Illeso,0,,Non accertato,Inesploso,,
3937174,13,28/07/2018 18:25:00,Strada Urbana,VIA CAPO DELLE ARMI,all'intersezione con,VIA CAPO TINDARI,VIA CAPO TINDARI,,,Investimento di pedone,Incrocio,Una carreggiata a doppio senso,Asciutto,Asfaltata,Verticale,Sereno,Scarso,Buona,Ore Diurne,0,1,0,4,12.2863,41.741,-1,1,Autovettura privata,In marcia / fermata / arresto,Passeggero,M,Illeso,0,,Non accertato,Inesploso,,
3937174,13,28/07/2018 18:25:00,Strada Urbana,VIA CAPO DELLE ARMI,all'intersezione con,VIA CAPO TINDARI,VIA CAPO TINDARI,,,Investimento di pedone,Incrocio,Una carreggiata a doppio senso,Asciutto,Asfaltata,Verticale,Sereno,Scarso,Buona,Ore Diurne,0,1,0,4,12.2863,41.741,-1,1,Autovettura privata,In marcia / fermata / arresto,Passeggero,M,Illeso,0,,Non accertato,Inesploso,,
3937174,13,28/07/2018 18:25:00,Strada Urbana,VIA CAPO DELLE ARMI,all'intersezione con,VIA CAPO TINDARI,VIA CAPO TINDARI,,,Investimento di pedone,Incrocio,Una carreggiata a doppio senso,Asciutto,Asfaltata,Verticale,Sereno,Scarso,Buona,Ore Diurne,0,1,0,4,12.2863,41.741,-1,1,Autovettura privata,In marcia / fermata / arresto,Passeggero,M,Illeso,0,,Non accertato,Inesploso,,
3937175,13,28/07/2018 20:50:00,Regionale,VIA DI TOR BOACCIANA,da specificare,,,,IN PROSSIMITA' VICOLO DI TOR BOACCIANA,Tamponamento,Rettilineo,Una carreggiata a doppio senso,Asciutto,Asfaltata,Verticale ed orizzontale,Sereno,Normale,Sufficiente,Insufficiente,1,0,0,2,12.2807,41.7514,-1,1,Autovettura privata,In marcia / fermata / arresto,Conducente,M,Illeso,0,,Non accertato,Inesploso,,
3937175,13,28/07/2018 20:50:00,Regionale,VIA DI TOR BOACCIANA,da specificare,,,,IN PROSSIMITA' VICOLO DI TOR BOACCIANA,Tamponamento,Rettilineo,Una carreggiata a doppio senso,Asciutto,Asfaltata,Verticale ed orizzontale,Sereno,Normale,Sufficiente,Insufficiente,1,0,0,2,12.2807,41.7514,-1,1,Autovettura privata,In marcia / fermata / arresto,Passeggero,F,Illeso,0,,Non accertato,Esploso,,
3937175,13,28/07/2018 20:50:00,Regionale,VIA DI TOR BOACCIANA,da specificare,,,,IN PROSSIMITA' VICOLO DI TOR BOACCIANA,Tamponamento,Rettilineo,Una carreggiata a doppio senso,Asciutto,Asfaltata,Verticale ed orizzontale,Sereno,Normale,Sufficiente,Insufficiente,1,0,0,2,12.2807,41.7514,-1,2,Motociclo con passeggero,In marcia / fermata / arresto,Conducente,M,Rimandato,0,NON DECEDUTO,Non accertato,,,
3937213,8,28/07/2018 14:30:00,Strada Urbana,VIA DI ROCCA CENCIA,all'intersezione con,VIA SELLIA,VIA SELLIA,,,Scontro frontale/laterale DX fra veicoli in marcia,Incrocio,Una carreggiata a doppio senso,Asciutto,Asfaltata,Verticale,Sereno,Scarso,Buona,Ore Diurne,0,0,0,2,12.6902,41.8708,-1,1,Autovettura privata,In marcia / fermata / arresto,Conducente,F,Illeso,0,,,,,
3937213,8,28/07/2018 14:30:00,Strada Urbana,VIA DI ROCCA CENCIA,all'intersezione con,VIA SELLIA,VIA SELLIA,,,Scontro frontale/laterale DX fra veicoli in marcia,Incrocio,Una carreggiata a doppio senso,Asciutto,Asfaltata,Verticale,Sereno,Scarso,Buona,Ore Diurne,0,0,0,2,12.6902,41.8708,-1,2,Autovettura privata,In marcia / fermata / arresto,Conducente,M,Illeso,0,,,,,
3937219,17,29/07/2018 09:05:00,Strada Urbana,VIA IGEA,in corrispondenza,,del civico n.,49,,Veicolo in marcia contro veicoli in sosta,Rettilineo,Una carreggiata a doppio senso,Asciutto,Asfaltata,Verticale ed orizzontale,Sereno,Scarso,Buona,Ore Diurne,1,0,0,0,12.4426,41.935,-1,1,Autovettura privata,In marcia / fermata / arresto,Conducente,F,Rimandato,0,NON DECEDUTO,,,,
3937221,8,28/07/2018 14:40:00,Strada Urbana,VIA GIOVANNI BATTISTA BASTIANELLI,all'intersezione con,VIA AUGUSTO CASCIANI,VIA AUGUSTO CASCIANI,,,Scontro frontale/laterale SX fra veicoli in marcia,Incrocio,Una carreggiata a doppio senso,Asciutto,Asfaltata,Verticale,Sereno,Scarso,Buona,Ore Diurne,0,0,0,2,12.635,41.8658,-1,1,Autovettura privata,In marcia / fermata / arresto,Conducente,M,Illeso,0,,Non accertato,Inesploso,,
3937221,8,28/07/2018 14:40:00,Strada Urbana,VIA GIOVANNI BATTISTA BASTIANELLI,all'intersezione con,VIA AUGUSTO CASCIANI,VIA AUGUSTO CASCIANI,,,Scontro frontale/laterale SX fra veicoli in marcia,Incrocio,Una carreggiata a doppio senso,Asciutto,Asfaltata,Verticale,Sereno,Scarso,Buona,Ore Diurne,0,0,0,2,12.635,41.8658,-1,2,Autovettura privata,In marcia / fermata / arresto,Conducente,F,Illeso,0,,Non accertato,Inesploso,,
3937238,8,29/07/2018 01:30:00,Strada Urbana,VIALE DEI ROMANISTI,in prossimit�,,del civico n.,21/23,,Veicolo in marcia contro veicolo in sosta,Rettilineo,Due carreggiate,Asciutto,Asfaltata,Verticale ed orizzontale,Sereno,Scarso,Buona,Sufficiente,0,0,0,2,12.5844,41.8653,-1,1,Autovettura privata,In marcia / fermata / arresto,Conducente,M,Illeso,0,,Non accertato,,,
3937238,8,29/07/2018 01:30:00,Strada Urbana,VIALE DEI ROMANISTI,in prossimit�,,del civico n.,21/23,,Veicolo in marcia contro veicolo in sosta,Rettilineo,Due carreggiate,Asciutto,Asfaltata,Verticale ed orizzontale,Sereno,Scarso,Buona,Sufficiente,0,0,0,2,12.5844,41.8653,-1,1,Autovettura privata,In marcia / fermata / arresto,Passeggero,F,Illeso,0,,Non accertato,,,
3937244,8,29/07/2018 09:50:00,Strada Urbana,VIA DI ROCCA CENCIA,all'intersezione con,PIAZZA SERRULE,PIAZZA SERRULE,,,Veicolo in marcia contro ostacolo accidentale,Incrocio,Una carreggiata a doppio senso,Asciutto,Asfaltata,Verticale,Sereno,Normale,Buona,Ore Diurne,0,0,0,1,12.6921,41.8763,-1,1,Autovettura privata,In marcia / fermata / arresto,Conducente,M,Illeso,0,,,,,
3937386,1,29/07/2018 13:00:00,Strada Urbana,LUNGOTEVERE DELLA FARNESINA,da specificare,,,,ALT 100 MT CIRCA DOPO FR CIV. 90,Veicolo in marcia contro veicolo in sosta,Rettilineo,Una carreggiata a senso unico di marcia,Asciutto,Asfaltata,Orizzontale,Sereno,Scarso,Buona,Ore Diurne,1,0,0,0,12.4717,41.891,-1,2,Motociclo a solo,In marcia / fermata / arresto,Conducente,M,Rimandato,0,NON DECEDUTO,Non accertato,,,
3937402,15,28/07/2018 09:40:00,Strada Urbana,VIA PORTUENSE,da specificare,,,,alt. ponte RM-Fium. direzione RM-Fiumicino,Scontro frontale/laterale SX fra veicoli in marcia,Rettilineo,Una carreggiata a doppio senso,Asciutto,Asfaltata,Verticale ed orizzontale,Sereno,Normale,Buona,Ore Diurne,1,0,0,4,12.414,41.847,-1,1,Autovettura privata,In marcia / fermata / arresto,Conducente,M,Illeso,0,,Utilizzato,Inesploso,,
3937402,15,28/07/2018 09:40:00,Strada Urbana,VIA PORTUENSE,da specificare,,,,alt. ponte RM-Fium. direzione RM-Fiumicino,Scontro frontale/laterale SX fra veicoli in marcia,Rettilineo,Una carreggiata a doppio senso,Asciutto,Asfaltata,Verticale ed orizzontale,Sereno,Normale,Buona,Ore Diurne,1,0,0,4,12.414,41.847,-1,1,Autovettura privata,In marcia / fermata / arresto,Passeggero,F,Illeso,0,,Utilizzato,Inesploso,,
3937402,15,28/07/2018 09:40:00,Strada Urbana,VIA PORTUENSE,da specificare,,,,alt. ponte RM-Fium. direzione RM-Fiumicino,Scontro frontale/laterale SX fra veicoli in marcia,Rettilineo,Una carreggiata a doppio senso,Asciutto,Asfaltata,Verticale ed orizzontale,Sereno,Normale,Buona,Ore Diurne,1,0,0,4,12.414,41.847,-1,1,Autovettura privata,In marcia / fermata / arresto,Passeggero,M,Illeso,0,,Utilizzato,Inesploso,,
3937402,15,28/07/2018 09:40:00,Strada Urbana,VIA PORTUENSE,da specificare,,,,alt. ponte RM-Fium. direzione RM-Fiumicino,Scontro frontale/laterale SX fra veicoli in marcia,Rettilineo,Una carreggiata a doppio senso,Asciutto,Asfaltata,Verticale ed orizzontale,Sereno,Normale,Buona,Ore Diurne,1,0,0,4,12.414,41.847,-1,1,Autovettura privata,In marcia / fermata / arresto,Passeggero,M,Illeso,0,,Utilizzato,Inesploso,,
3937402,15,28/07/2018 09:40:00,Strada Urbana,VIA PORTUENSE,da specificare,,,,alt. ponte RM-Fium. direzione RM-Fiumicino,Scontro frontale/laterale SX fra veicoli in marcia,Rettilineo,Una carreggiata a doppio senso,Asciutto,Asfaltata,Verticale ed orizzontale,Sereno,Normale,Buona,Ore Diurne,1,0,0,4,12.414,41.847,-1,2,Motociclo a solo,In marcia / fermata / arresto,Conducente,M,Rimandato,0,NON DECEDUTO,Utilizzato,,,
3937405,10,29/07/2018 16:35:00,Strada Urbana,VIALE DEI SALESIANI,all'intersezione semaforizzata con,VIA PUBLIO VALERIO,VIA PUBLIO VALERIO,,,Scontro frontale/laterale DX fra veicoli in marcia,Intersezione semaforizzata,Pi� di due carreggiate,Asciutto,Asfaltata,Verticale ed orizzontale,Sereno,Normale,Sufficiente,Ore Diurne,2,0,0,1,12.567,41.8573,-1,1,Autovettura privata,In marcia / fermata / arresto,Conducente,M,Rimandato,0,NON DECEDUTO,Non accertato,Inesploso,,
3937405,10,29/07/2018 16:35:00,Strada Urbana,VIALE DEI SALESIANI,all'intersezione semaforizzata con,VIA PUBLIO VALERIO,VIA PUBLIO VALERIO,,,Scontro frontale/laterale DX fra veicoli in marcia,Intersezione semaforizzata,Pi� di due carreggiate,Asciutto,Asfaltata,Verticale ed orizzontale,Sereno,Normale,Sufficiente,Ore Diurne,2,0,0,1,12.567,41.8573,-1,1,Autovettura privata,In marcia / fermata / arresto,Passeggero,M,Rimandato,0,NON DECEDUTO,Non accertato,Esploso,,
3937405,10,29/07/2018 16:35:00,Strada Urbana,VIALE DEI SALESIANI,all'intersezione semaforizzata con,VIA PUBLIO VALERIO,VIA PUBLIO VALERIO,,,Scontro frontale/laterale DX fra veicoli in marcia,Intersezione semaforizzata,Pi� di due carreggiate,Asciutto,Asfaltata,Verticale ed orizzontale,Sereno,Normale,Sufficiente,Ore Diurne,2,0,0,1,12.567,41.8573,-1,2,Autovettura privata,In marcia / fermata / arresto,Conducente,M,Illeso,0,,Non accertato,Inesploso,,
3937423,5,27/07/2018 11:20:00,Strada Urbana,VIA DELLA TENUTA DEL CAVALIERE,da specificare,,,,prossimit� fermata ATAC n. 72473,Tamponamento Multiplo,Rettilineo,Una carreggiata a doppio senso,Asciutto,Asfaltata,Verticale ed orizzontale,Sereno,Normale,Buona,Ore Diurne,1,0,0,3,12.661,41.9319,-1,1,Autovettura privata,In marcia / fermata / arresto,Conducente,M,Illeso,0,,Non accertato,Inesploso,,
3937423,5,27/07/2018 11:20:00,Strada Urbana,VIA DELLA TENUTA DEL CAVALIERE,da specificare,,,,prossimit� fermata ATAC n. 72473,Tamponamento Multiplo,Rettilineo,Una carreggiata a doppio senso,Asciutto,Asfaltata,Verticale ed orizzontale,Sereno,Normale,Buona,Ore Diurne,1,0,0,3,12.661,41.9319,-1,2,Autovettura privata,In marcia / fermata / arresto,Conducente,M,Illeso,0,,Non accertato,Inesploso,,
3937423,5,27/07/2018 11:20:00,Strada Urbana,VIA DELLA TENUTA DEL CAVALIERE,da specificare,,,,prossimit� fermata ATAC n. 72473,Tamponamento Multiplo,Rettilineo,Una carreggiata a doppio senso,Asciutto,Asfaltata,Verticale ed orizzontale,Sereno,Normale,Buona,Ore Diurne,1,0,0,3,12.661,41.9319,-1,3,Autovettura privata,In marcia / fermata / arresto,Conducente,M,Rimandato,0,NON DECEDUTO,Non accertato,Esploso,,
3937423,5,27/07/2018 11:20:00,Strada Urbana,VIA DELLA TENUTA DEL CAVALIERE,da specificare,,,,prossimit� fermata ATAC n. 72473,Tamponamento Multiplo,Rettilineo,Una carreggiata a doppio senso,Asciutto,Asfaltata,Verticale ed orizzontale,Sereno,Normale,Buona,Ore Diurne,1,0,0,3,12.661,41.9319,-1,4,Autovettura privata,In marcia / fermata / arresto,Conducente,M,Illeso,0,,Non accertato,Inesploso,,