Protocollo,Gruppo,DataOraIncidente,Localizzazione1,STRADA1,Localizzazione2,STRADA2,Strada02,Chilometrica,DaSpecificare,NaturaIncidente,particolaritastrade,TipoStrada,FondoStradale,Pavimentazione,Segnaletica,CondizioneAtmosferica,Traffico,Visibilita,Illuminazione,NUM_FERITI,NUM_RISERVATA,NUM_MORTI,NUM_ILLESI,Longitudine,Latitudine,Confermato,Progressivo,TipoVeicolo,StatoVeicolo,TipoPersona,Sesso,Tipolesione,Deceduto,DecedutoDopo,CinturaCascoUtilizzato,Airbag,,
3937435,5,27/07/2018 14:00:00,Strada Urbana,VIA GIUSEPPE SEGUENZA,all'intersezione con,VIA DEI MONTI TIBURTINI,VIA DEI MONTI TIBURTINI,,,Scontro laterale fra veicoli in marcia,Intersezione non regolata/non segnalata,Una carreggiata a doppio senso,Asciutto,Asfaltata,Verticale ed orizzontale,Sereno,Normale,Buona,Ore Diurne,0,0,0,2,12.5375,41.919,-1,1,Autoarticolato,In marcia / fermata / arresto,Conducente,M,Illeso,0,,Non accertato,,,
3937435,5,27/07/2018 14:00:00,Strada Urbana,VIA GIUSEPPE SEGUENZA,all'intersezione con,VIA DEI MONTI TIBURTINI,VIA DEI MONTI TIBURTINI,,,Scontro laterale fra veicoli in marcia,Intersezione non regolata/non segnalata,Una carreggiata a doppio senso,Asciutto,Asfaltata,Verticale ed orizzontale,Sereno,Normale,Buona,Ore Diurne,0,0,0,2,12.5375,41.919,-1,2,Autovettura privata,In marcia / fermata / arresto,Conducente,M,Illeso,0,,Non accertato,,,
3937448,5,27/07/2018 16:00:00,Strada Urbana,VIA DI CERVARA,all'intersezione con,VIA MELIBEO,VIA MELIBEO,,,Scontro frontale/laterale SX fra veicoli in marcia,Intersezione stradale segnalata,Una carreggiata a senso unico di marcia,Asciutto,Asfaltata,Assente,Sereno,Normale,Buona,Ore Diurne,0,0,0,2,12.5996,41.9171,-1,1,Autovettura privata,In marcia / fermata / arresto,Conducente,M,Illeso,0,,Non accertato,Inesploso,,
3937448,5,27/07/2018 16:00:00,Strada Urbana,VIA DI CERVARA,all'intersezione con,VIA MELIBEO,VIA MELIBEO,,,Scontro frontale/laterale SX fra veicoli in marcia,Intersezione stradale segnalata,Una carreggiata a senso unico di marcia,Asciutto,Asfaltata,Assente,Sereno,Normale,Buona,Ore Diurne,0,0,0,2,12.5996,41.9171,-1,2,Autovettura privata,In marcia / fermata / arresto,Conducente,M,Illeso,0,,Non accertato,,,
3937460,5,27/07/2018 16:20:00,Strada Urbana,VIA FILIPPO MEDA,all'intersezione con,VIA ACHILLE BENEDETTI,VIA ACHILLE BENEDETTI,,,Scontro frontale/laterale DX fra veicoli in marcia,Incrocio,Una carreggiata a doppio senso,Asciutto,Asfaltata,Verticale ed orizzontale,Sereno,Normale,Buona,Ore Diurne,0,0,0,3,12.5436,41.9132,-1,1,Autovettura privata,In marcia / fermata / arresto,Conducente,F,Illeso,0,,Non accertato,Inesploso,,
3937460,5,27/07/2018 16:20:00,Strada Urbana,VIA FILIPPO MEDA,all'intersezione con,VIA ACHILLE BENEDETTI,VIA ACHILLE BENEDETTI,,,Scontro frontale/laterale DX fra veicoli in marcia,Incrocio,Una carreggiata a doppio senso,Asciutto,Asfaltata,Verticale ed orizzontale,Sereno,Normale,Buona,Ore Diurne,0,0,0,3,12.5436,41.9132,-1,2,Autovettura privata,In marcia / fermata / arresto,Conducente,M,Illeso,0,,Non accertato,Inesploso,,
3937460,5,27/07/2018 16:20:00,Strada Urbana,VIA FILIPPO MEDA,all'intersezione con,VIA ACHILLE BENEDETTI,VIA ACHILLE BENEDETTI,,,Scontro frontale/laterale DX fra veicoli in marcia,Incrocio,Una carreggiata a doppio senso,Asciutto,Asfaltata,Verticale ed orizzontale,Sereno,Normale,Buona,Ore Diurne,0,0,0,3,12.5436,41.9132,-1,2,Autovettura privata,In marcia / fermata / arresto,Passeggero,F,Illeso,0,,Non accertato,Inesploso,,
3937469,5,28/07/2018 10:20:00,Strada Urbana,VIA COMTE,all'intersezione con,VIA LOCKE,VIA LOCKE,,,Scontro frontale/laterale DX fra veicoli in marcia,Incrocio,Una carreggiata a senso unico di marcia,Asciutto,Asfaltata,Verticale ed orizzontale,Sereno,Normale,Buona,Ore Diurne,0,0,0,3,12.5568,41.9348,-1,1,Autovettura privata,In marcia / fermata / arresto,Conducente,F,Illeso,0,,Non accertato,Inesploso,,
3937469,5,28/07/2018 10:20:00,Strada Urbana,VIA COMTE,all'intersezione con,VIA LOCKE,VIA LOCKE,,,Scontro frontale/laterale DX fra veicoli in marcia,Incrocio,Una carreggiata a senso unico di marcia,Asciutto,Asfaltata,Verticale ed orizzontale,Sereno,Normale,Buona,Ore Diurne,0,0,0,3,12.5568,41.9348,-1,2,Autovettura privata,In marcia / fermata / arresto,Conducente,M,Illeso,0,,Non accertato,Inesploso,,
3937469,5,28/07/2018 10:20:00,Strada Urbana,VIA COMTE,all'intersezione con,VIA LOCKE,VIA LOCKE,,,Scontro frontale/laterale DX fra veicoli in marcia,Incrocio,Una carreggiata a senso unico di marcia,Asciutto,Asfaltata,Verticale ed orizzontale,Sereno,Normale,Buona,Ore Diurne,0,0,0,3,12.5568,41.9348,-1,2,Autovettura privata,In marcia / fermata / arresto,Passeggero,F,Illeso,0,,Non accertato,Inesploso,,
3937471,5,28/07/2018 17:10:00,Strada Urbana,VIA GIUSEPPE ANTONIO ANDRIULLI,da specificare,,,,pross. A24,Scontro laterale fra veicoli in marcia,Rettilineo,Due carreggiate,Asciutto,Asfaltata,Verticale ed orizzontale,Sereno,Normale,Buona,Ore Diurne,0,0,0,4,12.557,41.9031,-1,1,Autovettura privata,In marcia / fermata / arresto,Conducente,M,Illeso,0,,Non accertato,Inesploso,,
3937471,5,28/07/2018 17:10:00,Strada Urbana,VIA GIUSEPPE ANTONIO ANDRIULLI,da specificare,,,,pross. A24,Scontro laterale fra veicoli in marcia,Rettilineo,Due carreggiate,Asciutto,Asfaltata,Verticale ed orizzontale,Sereno,Normale,Buona,Ore Diurne,0,0,0,4,12.557,41.9031,-1,1,Autovettura privata,In marcia / fermata / arresto,Passeggero,M,Illeso,0,,Non accertato,Inesploso,,
3937471,5,28/07/2018 17:10:00,Strada Urbana,VIA GIUSEPPE ANTONIO ANDRIULLI,da specificare,,,,pross. A24,Scontro laterale fra veicoli in marcia,Rettilineo,Due carreggiate,Asciutto,Asfaltata,Verticale ed orizzontale,Sereno,Normale,Buona,Ore Diurne,0,0,0,4,12.557,41.9031,-1,1,Autovettura privata,In marcia / fermata / arresto,Passeggero,F,Illeso,0,,Non accertato,Inesploso,,
3937471,5,28/07/2018 17:10:00,Strada Urbana,VIA GIUSEPPE ANTONIO ANDRIULLI,da specificare,,,,pross. A24,Scontro laterale fra veicoli in marcia,Rettilineo,Due carreggiate,Asciutto,Asfaltata,Verticale ed orizzontale,Sereno,Normale,Buona,Ore Diurne,0,0,0,4,12.557,41.9031,-1,2,Autovettura privata,In marcia / fermata / arresto,Conducente,M,Illeso,0,,Non accertato,Inesploso,,
3937475,5,28/07/2018 19:30:00,,VIA DEL CASALE DI S. BASILIO,in corrispondenza,,del civico n.,113,,Scontro laterale fra veicoli in marcia,,,,,,,,,,1,0,0,1,12.5779,41.9389,0,1,Autovettura privata,In marcia / fermata / arresto,Conducente,M,Illeso,0,,,,,
3937475,5,28/07/2018 19:30:00,,VIA DEL CASALE DI S. BASILIO,in corrispondenza,,del civico n.,113,,Scontro laterale fra veicoli in marcia,,,,,,,,,,1,0,0,1,12.5779,41.9389,0,2,Motociclo a solo,In marcia / fermata / arresto,Conducente,M,Rimandato,0,NON DECEDUTO,,,,
3937478,5,29/07/2018 06:05:00,Strada Urbana,VIA PALOMBARENSE,da specificare,,,,uscita su rotatoria dir. Nomentana,Tamponamento,Curva senza visuale libera,Una carreggiata a senso unico di marcia,Asciutto,Asfaltata,Verticale ed orizzontale,Sereno,Normale,Sufficiente,Ore Diurne,0,0,0,5,12.6236,41.9609,-1,1,Autovettura privata,In marcia / fermata / arresto,Conducente,M,Illeso,0,,Non accertato,Inesploso,,
3937478,5,29/07/2018 06:05:00,Strada Urbana,VIA PALOMBARENSE,da specificare,,,,uscita su rotatoria dir. Nomentana,Tamponamento,Curva senza visuale libera,Una carreggiata a senso unico di marcia,Asciutto,Asfaltata,Verticale ed orizzontale,Sereno,Normale,Sufficiente,Ore Diurne,0,0,0,5,12.6236,41.9609,-1,2,Autovettura privata,In marcia / fermata / arresto,Conducente,F,Illeso,0,,Non accertato,Inesploso,,
3937478,5,29/07/2018 06:05:00,Strada Urbana,VIA PALOMBARENSE,da specificare,,,,uscita su rotatoria dir. Nomentana,Tamponamento,Curva senza visuale libera,Una carreggiata a senso unico di marcia,Asciutto,Asfaltata,Verticale ed orizzontale,Sereno,Normale,Sufficiente,Ore Diurne,0,0,0,5,12.6236,41.9609,-1,2,Autovettura privata,In marcia / fermata / arresto,Passeggero,F,Illeso,0,,Non accertato,Inesploso,,
3937478,5,29/07/2018 06:05:00,Strada Urbana,VIA PALOMBARENSE,da specificare,,,,uscita su rotatoria dir. Nomentana,Tamponamento,Curva senza visuale libera,Una carreggiata a senso unico di marcia,Asciutto,Asfaltata,Verticale ed orizzontale,Sereno,Normale,Sufficiente,Ore Diurne,0,0,0,5,12.6236,41.9609,-1,2,Autovettura privata,In marcia / fermata / arresto,Passeggero,M,Illeso,0,,Non accertato,Inesploso,,
3937478,5,29/07/2018 06:05:00,Strada Urbana,VIA PALOMBARENSE,da specificare,,,,uscita su rotatoria dir. Nomentana,Tamponamento,Curva senza visuale libera,Una carreggiata a senso unico di marcia,Asciutto,Asfaltata,Verticale ed orizzontale,Sereno,Normale,Sufficiente,Ore Diurne,0,0,0,5,12.6236,41.9609,-1,2,Autovettura privata,In marcia / fermata / arresto,Passeggero,M,Illeso,0,,Non accertato,Inesploso,,
3937648,13,29/07/2018 16:40:00,Strada Urbana,VIA ERMANNO WOLF FERRARI,in corrispondenza,,del civico n.,201,,Veicolo in marcia contro ostacolo fisso,Rettilineo,Una carreggiata a doppio senso,Asciutto,Asfaltata,Verticale ed orizzontale,Sereno,Scarso,Buona,Ore Diurne,0,0,0,2,12.377,41.7491,-1,1,Autovettura privata,In marcia / fermata / arresto,Conducente,F,Illeso,0,,Non accertato,Inesploso,,
3937648,13,29/07/2018 16:40:00,Strada Urbana,VIA ERMANNO WOLF FERRARI,in corrispondenza,,del civico n.,201,,Veicolo in marcia contro ostacolo fisso,Rettilineo,Una carreggiata a doppio senso,Asciutto,Asfaltata,Verticale ed orizzontale,Sereno,Scarso,Buona,Ore Diurne,0,0,0,2,12.377,41.7491,-1,1,Autovettura privata,In marcia / fermata / arresto,Passeggero,M,Illeso,0,,Non accertato,Inesploso,,
3937651,15,29/07/2018 12:50:00,Strada Urbana,VIA DELLA MAGLIANA,all'intersezione con,VIA DEL FOSSO DELLA MAGLIANA,VIA DEL FOSSO DELLA MAGLIANA,,,Veicolo in marcia contro veicolo in sosta,Incrocio,Una carreggiata a doppio senso,Asciutto,Asfaltata,Orizzontale,Sereno,Normale,Buona,Ore Diurne,0,0,0,4,12.4196,41.8317,-1,2,Autovettura privata,In marcia / fermata / arresto,Conducente,F,Illeso,0,,,,,
3937651,15,29/07/2018 12:50:00,Strada Urbana,VIA DELLA MAGLIANA,all'intersezione con,VIA DEL FOSSO DELLA MAGLIANA,VIA DEL FOSSO DELLA MAGLIANA,,,Veicolo in marcia contro veicolo in sosta,Incrocio,Una carreggiata a doppio senso,Asciutto,Asfaltata,Orizzontale,Sereno,Normale,Buona,Ore Diurne,0,0,0,4,12.4196,41.8317,-1,2,Autovettura privata,In marcia / fermata / arresto,Passeggero,F,Illeso,0,,,,,
3937651,15,29/07/2018 12:50:00,Strada Urbana,VIA DELLA MAGLIANA,all'intersezione con,VIA DEL FOSSO DELLA MAGLIANA,VIA DEL FOSSO DELLA MAGLIANA,,,Veicolo in marcia contro veicolo in sosta,Incrocio,Una carreggiata a doppio senso,Asciutto,Asfaltata,Orizzontale,Sereno,Normale,Buona,Ore Diurne,0,0,0,4,12.4196,41.8317,-1,3,Autovettura privata,In marcia / fermata / arresto,Conducente,F,Illeso,0,,,,,
3937651,15,29/07/2018 12:50:00,Strada Urbana,VIA DELLA MAGLIANA,all'intersezione con,VIA DEL FOSSO DELLA MAGLIANA,VIA DEL FOSSO DELLA MAGLIANA,,,Veicolo in marcia contro veicolo in sosta,Incrocio,Una carreggiata a doppio senso,Asciutto,Asfaltata,Orizzontale,Sereno,Normale,Buona,Ore Diurne,0,0,0,4,12.4196,41.8317,-1,3,Autovettura privata,In marcia / fermata / arresto,Passeggero,M,Illeso,0,,,,,
3937666,2,29/07/2018 18:00:00,Strada Urbana,VIA CASSIA,da specificare,,,,direzione Roma altezza palo Acea 347507,Veicolo in marcia contro ostacolo fisso,Curva a visuale libera,Una carreggiata a senso unico di marcia,Asciutto,Asfaltata,Verticale ed orizzontale,Sereno,Normale,Buona,Ore Diurne,0,0,1,0,12.4139,41.9827,-1,1,Motociclo a solo,In marcia / fermata / arresto,Conducente,M,Prognosi riservata,0,DECEDUTO ENTRO 2 MESI,Utilizzato,,,
3937683,8,29/07/2018 16:30:00,Strada Urbana,VIA CASILINA,da specificare,,,,fermata bus 71779,Scontro laterale fra veicoli in marcia,Rettilineo,Una carreggiata a doppio senso,Asciutto,Asfaltata,Verticale ed orizzontale,Sereno,Normale,Buona,Ore Diurne,0,0,0,2,12.6271,41.8632,-1,1,Autovettura privata,In marcia / fermata / arresto,Conducente,F,Illeso,0,,Non accertato,Inesploso,,
3937683,8,29/07/2018 16:30:00,Strada Urbana,VIA CASILINA,da specificare,,,,fermata bus 71779,Scontro laterale fra veicoli in marcia,Rettilineo,Una carreggiata a doppio senso,Asciutto,Asfaltata,Verticale ed orizzontale,Sereno,Normale,Buona,Ore Diurne,0,0,0,2,12.6271,41.8632,-1,2,Autovettura privata,In marcia / fermata / arresto,Conducente,M,Illeso,0,,Non accertato,Inesploso,,
3937690,4,27/07/2018 18:15:00,Strada Urbana,PIAZZALE JONIO,in prossimit�,,del civico n.,42,,Tamponamento,Rettilineo,Due carreggiate,Asciutto,Asfaltata,Orizzontale,Sereno,Intenso,Buona,Ore Diurne,0,0,0,3,12.5257,41.9464,-1,1,Autovettura privata,In marcia / fermata / arresto,Conducente,F,Illeso,0,,Non accertato,Inesploso,,
3937690,4,27/07/2018 18:15:00,Strada Urbana,PIAZZALE JONIO,in prossimit�,,del civico n.,42,,Tamponamento,Rettilineo,Due carreggiate,Asciutto,Asfaltata,Orizzontale,Sereno,Intenso,Buona,Ore Diurne,0,0,0,3,12.5257,41.9464,-1,2,Autovettura privata,In marcia / fermata / arresto,Conducente,M,Illeso,0,,Non accertato,,,
3937690,4,27/07/2018 18:15:00,Strada Urbana,PIAZZALE JONIO,in prossimit�,,del civico n.,42,,Tamponamento,Rettilineo,Due carreggiate,Asciutto,Asfaltata,Orizzontale,Sereno,Intenso,Buona,Ore Diurne,0,0,0,3,12.5257,41.9464,-1,2,Autovettura privata,In marcia / fermata / arresto,Passeggero,M,Illeso,0,,,,,
3937693,8,28/07/2018 18:30:00,Strada Urbana,VIA DI PRATOLUNGO CASILINO,in prossimit�,,del civico n.,34,,Scontro laterale fra veicoli in marcia,Rettilineo,Una carreggiata a doppio senso,Asciutto,Asfaltata,Assente,Sereno,Scarso,Buona,Ore Diurne,0,0,0,1,12.6615,41.8895,-1,1,Autovettura privata,In marcia / fermata / arresto,Conducente,M,Illeso,0,,,,,
3937705,8,29/07/2018 10:35:00,Strada Urbana,VIA DEL TORRACCIO DI TORRENOVA,all'intersezione con,VIA CIRO FERRI,VIA CIRO FERRI,,,Scontro frontale/laterale DX fra veicoli in marcia,Incrocio,Una carreggiata a doppio senso,Asciutto,Asfaltata,Verticale ed orizzontale,Sereno,Normale,Buona,Ore Diurne,3,0,0,1,12.6258,41.8685,-1,1,Autovettura privata,In marcia / fermata / arresto,Conducente,M,Rifiuta cure immediate,0,NON DECEDUTO,Non accertato,Esploso,,
3937705,8,29/07/2018 10:35:00,Strada Urbana,VIA DEL TORRACCIO DI TORRENOVA,all'intersezione con,VIA CIRO FERRI,VIA CIRO FERRI,,,Scontro frontale/laterale DX fra veicoli in marcia,Incrocio,Una carreggiata a doppio senso,Asciutto,Asfaltata,Verticale ed orizzontale,Sereno,Normale,Buona,Ore Diurne,3,0,0,1,12.6258,41.8685,-1,1,Autovettura privata,In marcia / fermata / arresto,Passeggero,F,Rifiuta cure immediate,0,NON DECEDUTO,Non accertato,Inesploso,,
3937705,8,29/07/2018 10:35:00,Strada Urbana,VIA DEL TORRACCIO DI TORRENOVA,all'intersezione con,VIA CIRO FERRI,VIA CIRO FERRI,,,Scontro frontale/laterale DX fra veicoli in marcia,Incrocio,Una carreggiata a doppio senso,Asciutto,Asfaltata,Verticale ed orizzontale,Sereno,Normale,Buona,Ore Diurne,3,0,0,1,12.6258,41.8685,-1,2,Autovettura privata,In marcia / fermata / arresto,Conducente,M,Illeso,0,,Non accertato,Inesploso,,
3937705,8,29/07/2018 10:35:00,Strada Urbana,VIA DEL TORRACCIO DI TORRENOVA,all'intersezione con,VIA CIRO FERRI,VIA CIRO FERRI,,,Scontro frontale/laterale DX fra veicoli in marcia,Incrocio,Una carreggiata a doppio senso,Asciutto,Asfaltata,Verticale ed orizzontale,Sereno,Normale,Buona,Ore Diurne,3,0,0,1,12.6258,41.8685,-1,2,Autovettura privata,In marcia / fermata / arresto,Passeggero,M,Rifiuta cure immediate,0,NON DECEDUTO,Non accertato,Inesploso,,
3937708,7,28/07/2018 11:15:00,Strada Urbana,VIA DEI PLATANI,all'intersezione con,VIA TOR DE' SCHIAVI,VIA TOR DE' SCHIAVI,,,Scontro frontale/laterale SX fra veicoli in marcia,Incrocio,Una carreggiata a doppio senso,Asciutto,Asfaltata,Verticale ed orizzontale,Sereno,Normale,Buona,Ore Diurne,0,0,0,2,12.5635,41.8812,-1,1,Autovettura privata,In marcia / fermata / arresto,Conducente,F,Illeso,0,,Non accertato,Inesploso,,
3937708,7,28/07/2018 11:15:00,Strada Urbana,VIA DEI PLATANI,all'intersezione con,VIA TOR DE' SCHIAVI,VIA TOR DE' SCHIAVI,,,Scontro frontale/laterale SX fra veicoli in marcia,Incrocio,Una carreggiata a doppio senso,Asciutto,Asfaltata,Verticale ed orizzontale,Sereno,Normale,Buona,Ore Diurne,0,0,0,2,12.5635,41.8812,-1,2,Autovettura privata,In marcia / fermata / arresto,Conducente,M,Illeso,0,,Non accertato,Inesploso,,
3937722,7,27/07/2018 08:25:00,Strada Urbana,VIALE PALMIRO TOGLIATTI,da specificare,,,,fronte Via Ostuni,Veicolo in marcia contro veicolo fermo,Rettilineo,Due carreggiate,Asciutto,Asfaltata,Orizzontale,Sereno,Normale,Buona,Ore Diurne,0,0,0,3,12.5743,41.8906,-1,1,Autovettura privata,In marcia / fermata / arresto,Conducente,F,Illeso,0,,Non accertato,Inesploso,,
3937722,7,27/07/2018 08:25:00,Strada Urbana,VIALE PALMIRO TOGLIATTI,da specificare,,,,fronte Via Ostuni,Veicolo in marcia contro veicolo fermo,Rettilineo,Due carreggiate,Asciutto,Asfaltata,Orizzontale,Sereno,Normale,Buona,Ore Diurne,0,0,0,3,12.5743,41.8906,-1,1,Autovettura privata,In marcia / fermata / arresto,Passeggero,F,Illeso,0,,Non accertato,Inesploso,,
3937722,7,27/07/2018 08:25:00,Strada Urbana,VIALE PALMIRO TOGLIATTI,da specificare,,,,fronte Via Ostuni,Veicolo in marcia contro veicolo fermo,Rettilineo,Due carreggiate,Asciutto,Asfaltata,Orizzontale,Sereno,Normale,Buona,Ore Diurne,0,0,0,3,12.5743,41.8906,-1,2,Autovettura privata,In marcia / fermata / arresto,Conducente,M,Illeso,0,,Non accertato,Inesploso,,
3937768,1,27/07/2018 18:05:00,Comunale extraurbana,VIA DELL'ESQUILINO,all'intersezione con,VIA CAVOUR,VIA CAVOUR,,,Scontro frontale/laterale SX fra veicoli in marcia,Intersezione stradale segnalata,Pi� di due carreggiate,Ghiacciato,Inghiaiata,Orizzontale,Nebbia,Normale,Sufficiente,Sufficiente,0,0,0,1,12.4975,41.8987,-1,1,Autovettura privata,In marcia / fermata / arresto,Conducente,F,Illeso,0,,,,,
3937778,7,27/07/2018 10:25:00,Strada Urbana,VIA DEI CASTANI,all'intersezione con,VIA DELLE PALME,VIA DELLE PALME,,,Investimento di pedone,Incrocio,Una carreggiata a doppio senso,Asciutto,Asfaltata,Verticale ed orizzontale,Sereno,Normale,Buona,Ore Diurne,1,0,0,1,12.5651,41.8893,-1,,,,Pedone,F,Rimandato,0,NON DECEDUTO,,,,
3937778,7,27/07/2018 10:25:00,Strada Urbana,VIA DEI CASTANI,all'intersezione con,VIA DELLE PALME,VIA DELLE PALME,,,Investimento di pedone,Incrocio,Una carreggiata a doppio senso,Asciutto,Asfaltata,Verticale ed orizzontale,Sereno,Normale,Buona,Ore Diurne,1,0,0,1,12.5651,41.8893,-1,1,Autovettura privata,In marcia / fermata / arresto,Conducente,F,Illeso,0,,Non accertato,Inesploso,,
3937786,15,28/07/2018 15:45:00,Strada Urbana,VIA PORTUENSE,in corrispondenza,,del civico n.,421,,Scontro laterale fra veicoli in marcia,Rettilineo,Una carreggiata a doppio senso,Asciutto,Asfaltata,Orizzontale,Sereno,Scarso,Buona,Ore Diurne,0,0,0,2,12.4545,41.8632,-1,1,Autovettura privata,In marcia / fermata / arresto,Conducente,M,Illeso,0,,Utilizzato,,,
3937786,15,28/07/2018 15:45:00,Strada Urbana,VIA PORTUENSE,in corrispondenza,,del civico n.,421,,Scontro laterale fra veicoli in marcia,Rettilineo,Una carreggiata a doppio senso,Asciutto,Asfaltata,Orizzontale,Sereno,Scarso,Buona,Ore Diurne,0,0,0,2,12.4545,41.8632,-1,2,Autovettura privata,In marcia / fermata / arresto,Conducente,M,Illeso,0,,Utilizzato,,,
3937803,12,30/07/2018 08:10:00,Strada Urbana,VIA GIUSEPPE PIAZZI,da specificare,,,,prossimit� Via Colle di Mezzo,Scontro laterale fra veicoli in marcia,Rettilineo,Una carreggiata a senso unico di marcia,Asciutto,Asfaltata,Verticale,Sereno,Scarso,Buona,Ore Diurne,0,0,0,3,12.4921,41.8237,-1,1,Autovettura privata,In marcia / fermata / arresto,Conducente,F,Illeso,0,,Non accertato,Inesploso,,
3937803,12,30/07/2018 08:10:00,Strada Urbana,VIA GIUSEPPE PIAZZI,da specificare,,,,prossimit� Via Colle di Mezzo,Scontro laterale fra veicoli in marcia,Rettilineo,Una carreggiata a senso unico di marcia,Asciutto,Asfaltata,Verticale,Sereno,Scarso,Buona,Ore Diurne,0,0,0,3,12.4921,41.8237,-1,2,Autovettura privata,In marcia / fermata / arresto,Conducente,M,Illeso,0,,Non accertato,Inesploso,,
3937803,12,30/07/2018 08:10:00,Strada Urbana,VIA GIUSEPPE PIAZZI,da specificare,,,,prossimit� Via Colle di Mezzo,Scontro laterale fra veicoli in marcia,Rettilineo,Una carreggiata a senso unico di marcia,Asciutto,Asfaltata,Verticale,Sereno,Scarso,Buona,Ore Diurne,0,0,0,3,12.4921,41.8237,-1,2,Autovettura privata,In marcia / fermata / arresto,Passeggero,F,Illeso,0,,Non accertato,Inesploso,,
3937841,19,28/07/2018 16:40:00,Strada Urbana,VIA TRIONFALE,all'intersezione con,VIA MARIO FANI,VIA MARIO FANI,,,Infortunio per caduta del veicolo,Incrocio,Una carreggiata a doppio senso,Asciutto,Asfaltata,Verticale ed orizzontale,Sereno,Normale,Buona,Ore Diurne,1,0,0,0,12.4186,41.9443,0,1,Motociclo a solo,In marcia / fermata / arresto,Conducente,M,Rimandato,0,NON DECEDUTO,Non accertato,,,
3937844,2,28/07/2018 11:40:00,Strada Urbana,CORSO DI FRANCIA,da specificare,,,,rampa immissione da M.llo Pilsudski lato Auditoriu,Veicolo in marcia contro ostacolo accidentale,Curva a visuale libera,Una carreggiata a senso unico di marcia,Asciutto,Asfaltata,Verticale ed orizzontale,Sereno,Normale,Buona,Ore Diurne,0,0,0,1,12.4746,41.928,-1,1,Motociclo a solo,In marcia / fermata / arresto,Conducente,M,Illeso,0,,,,,
3937845,7,28/07/2018 15:00:00,Strada Urbana,VIA COLLATINA,in prossimit�,,del civico n.,130,,Tamponamento,Rettilineo,Una carreggiata a doppio senso,Asciutto,Asfaltata,Orizzontale,Sereno,Scarso,Buona,Ore Diurne,1,0,0,1,12.5701,41.9019,-1,1,Autovettura privata,In marcia / fermata / arresto,Conducente,M,Illeso,0,,Non accertato,Inesploso,,
3937845,7,28/07/2018 15:00:00,Strada Urbana,VIA COLLATINA,in prossimit�,,del civico n.,130,,Tamponamento,Rettilineo,Una carreggiata a doppio senso,Asciutto,Asfaltata,Orizzontale,Sereno,Scarso,Buona,Ore Diurne,1,0,0,1,12.5701,41.9019,-1,2,Autovettura privata,In marcia / fermata / arresto,Conducente,M,Rimandato,0,NON DECEDUTO,Non accertato,Inesploso,,
3937851,2,29/07/2018 12:30:00,Strada Urbana,VIALE REGINA MARGHERITA,in prossimit�,,del civico n.,181,,Veicolo in marcia contro veicolo in sosta,Rettilineo,Una carreggiata a doppio senso,Asciutto,Asfaltata,Verticale ed orizzontale,Sereno,Normale,Buona,Ore Diurne,0,0,0,2,12.5051,41.9144,-1,1,Autovettura privata,In marcia / fermata / arresto,Conducente,M,Illeso,0,,,,,
3937851,2,29/07/2018 12:30:00,Strada Urbana,VIALE REGINA MARGHERITA,in prossimit�,,del civico n.,181,,Veicolo in marcia contro veicolo in sosta,Rettilineo,Una carreggiata a doppio senso,Asciutto,Asfaltata,Verticale ed orizzontale,Sereno,Normale,Buona,Ore Diurne,0,0,0,2,12.5051,41.9144,-1,1,Autovettura privata,In marcia / fermata / arresto,Passeggero,F,Illeso,0,,Non accertato,Inesploso,,
3937852,7,28/07/2018 12:50:00,Strada Urbana,VIA DEI LAURI,in prossimit�,,del civico n.,82,,Scontro laterale fra veicoli in marcia,Rettilineo,Una carreggiata a doppio senso,Bagnato (pioggia),Asfaltata,Verticale,Sereno,Scarso,Sufficiente,Ore Diurne,0,0,0,3,12.5645,41.8852,-1,1,Autovettura privata,In marcia / fermata / arresto,Conducente,M,Illeso,0,,Non accertato,Inesploso,,
3937852,7,28/07/2018 12:50:00,Strada Urbana,VIA DEI LAURI,in prossimit�,,del civico n.,82,,Scontro laterale fra veicoli in marcia,Rettilineo,Una carreggiata a doppio senso,Bagnato (pioggia),Asfaltata,Verticale,Sereno,Scarso,Sufficiente,Ore Diurne,0,0,0,3,12.5645,41.8852,-1,2,Autovettura privata,In marcia / fermata / arresto,Conducente,M,Illeso,0,,Non accertato,Inesploso,,
3937852,7,28/07/2018 12:50:00,Strada Urbana,VIA DEI LAURI,in prossimit�,,del civico n.,82,,Scontro laterale fra veicoli in marcia,Rettilineo,Una carreggiata a doppio senso,Bagnato (pioggia),Asfaltata,Verticale,Sereno,Scarso,Sufficiente,Ore Diurne,0,0,0,3,12.5645,41.8852,-1,2,Autovettura privata,In marcia / fermata / arresto,Passeggero,M,Illeso,0,,Non accertato,Inesploso,,
3937853,2,29/07/2018 16:30:00,Strada Urbana,VIALE MARESCIALLO PILSUDSKI,all'intersezione semaforizzata con,VIA DI S. VALENTINO,VIA DI S. VALENTINO,,,Scontro laterale fra veicoli in marcia,Intersezione semaforizzata,Una carreggiata a doppio senso,Asciutto,Asfaltata,Verticale ed orizzontale,Sereno,Normale,Buona,Ore Diurne,0,0,0,3,12.475,41.9275,-1,1,Autovettura privata,In marcia / fermata / arresto,Conducente,M,Illeso,0,,Non accertato,Inesploso,,