Protocollo,Gruppo,DataOraIncidente,Localizzazione1,STRADA1,Localizzazione2,STRADA2,Strada02,Chilometrica,DaSpecificare,NaturaIncidente,particolaritastrade,TipoStrada,FondoStradale,Pavimentazione,Segnaletica,CondizioneAtmosferica,Traffico,Visibilita,Illuminazione,NUM_FERITI,NUM_RISERVATA,NUM_MORTI,NUM_ILLESI,Longitudine,Latitudine,Confermato,Progressivo,TipoVeicolo,StatoVeicolo,TipoPersona,Sesso,Tipolesione,Deceduto,DecedutoDopo,CinturaCascoUtilizzato,Airbag,,
3937853,2,29/07/2018 16:30:00,Strada Urbana,VIALE MARESCIALLO PILSUDSKI,all'intersezione semaforizzata con,VIA DI S. VALENTINO,VIA DI S. VALENTINO,,,Scontro laterale fra veicoli in marcia,Intersezione semaforizzata,Una carreggiata a doppio senso,Asciutto,Asfaltata,Verticale ed orizzontale,Sereno,Normale,Buona,Ore Diurne,0,0,0,3,12.475,41.9275,-1,1,Autovettura privata,In marcia / fermata / arresto,Passeggero,F,Illeso,0,,Non accertato,Inesploso,,
3937853,2,29/07/2018 16:30:00,Strada Urbana,VIALE MARESCIALLO PILSUDSKI,all'intersezione semaforizzata con,VIA DI S. VALENTINO,VIA DI S. VALENTINO,,,Scontro laterale fra veicoli in marcia,Intersezione semaforizzata,Una carreggiata a doppio senso,Asciutto,Asfaltata,Verticale ed orizzontale,Sereno,Normale,Buona,Ore Diurne,0,0,0,3,12.475,41.9275,-1,2,Autovettura privata,In marcia / fermata / arresto,Conducente,F,Illeso,0,,Non accertato,Inesploso,,
3937861,2,29/07/2018 16:50:00,Strada Urbana,LUNGOTEVERE ARNALDO DA BRESCIA,all'intersezione semaforizzata con,PONTE GIACOMO MATTEOTTI,PONTE GIACOMO MATTEOTTI,,,Scontro laterale fra veicoli in marcia,Intersezione semaforizzata,Una carreggiata a senso unico di marcia,Asciutto,Asfaltata,Verticale ed orizzontale,Sereno,Normale,Buona,Ore Diurne,0,0,0,4,12.4717,41.9144,-1,1,Autovettura privata,In marcia / fermata / arresto,Conducente,M,Illeso,0,,,,,
3937861,2,29/07/2018 16:50:00,Strada Urbana,LUNGOTEVERE ARNALDO DA BRESCIA,all'intersezione semaforizzata con,PONTE GIACOMO MATTEOTTI,PONTE GIACOMO MATTEOTTI,,,Scontro laterale fra veicoli in marcia,Intersezione semaforizzata,Una carreggiata a senso unico di marcia,Asciutto,Asfaltata,Verticale ed orizzontale,Sereno,Normale,Buona,Ore Diurne,0,0,0,4,12.4717,41.9144,-1,1,Autovettura privata,In marcia / fermata / arresto,Passeggero,F,Illeso,0,,,,,
3937861,2,29/07/2018 16:50:00,Strada Urbana,LUNGOTEVERE ARNALDO DA BRESCIA,all'intersezione semaforizzata con,PONTE GIACOMO MATTEOTTI,PONTE GIACOMO MATTEOTTI,,,Scontro laterale fra veicoli in marcia,Intersezione semaforizzata,Una carreggiata a senso unico di marcia,Asciutto,Asfaltata,Verticale ed orizzontale,Sereno,Normale,Buona,Ore Diurne,0,0,0,4,12.4717,41.9144,-1,1,Autovettura privata,In marcia / fermata / arresto,Passeggero,F,Illeso,0,,,,,
3937861,2,29/07/2018 16:50:00,Strada Urbana,LUNGOTEVERE ARNALDO DA BRESCIA,all'intersezione semaforizzata con,PONTE GIACOMO MATTEOTTI,PONTE GIACOMO MATTEOTTI,,,Scontro laterale fra veicoli in marcia,Intersezione semaforizzata,Una carreggiata a senso unico di marcia,Asciutto,Asfaltata,Verticale ed orizzontale,Sereno,Normale,Buona,Ore Diurne,0,0,0,4,12.4717,41.9144,-1,2,Autobus turistico,In marcia / fermata / arresto,Conducente,M,Illeso,0,,,,,
3937865,19,28/07/2018 15:45:00,Strada Urbana,VIA DI BOCCEA,da specificare,,,,altezza palo ACEA n8,Scontro frontale/laterale SX fra veicoli in marcia,Curva senza visuale libera,Una carreggiata a doppio senso,Asciutto,Asfaltata,Assente,Sereno,Normale,Buona,Ore Diurne,0,0,0,2,12.3847,41.9149,-1,1,Autocarro inferiore 35 q.,In marcia / fermata / arresto,Conducente,M,Illeso,0,,Non accertato,Inesploso,,
3937865,19,28/07/2018 15:45:00,Strada Urbana,VIA DI BOCCEA,da specificare,,,,altezza palo ACEA n8,Scontro frontale/laterale SX fra veicoli in marcia,Curva senza visuale libera,Una carreggiata a doppio senso,Asciutto,Asfaltata,Assente,Sereno,Normale,Buona,Ore Diurne,0,0,0,2,12.3847,41.9149,-1,2,Autovettura privata,In marcia / fermata / arresto,Conducente,M,Illeso,0,,Non accertato,Esploso,,
3937870,3,29/07/2018 21:20:00,Strada Urbana,LUNGOTEVERE SALVO D'ACQUISTO,all'intersezione con,VIA URUGUAY,VIA URUGUAY,,,Scontro frontale/laterale SX fra veicoli in marcia,Incrocio,Una carreggiata a doppio senso,Asciutto,Asfaltata,Verticale ed orizzontale,Sereno,Normale,Sufficiente,Sufficiente,1,0,0,1,,,0,1,Autovettura privata,In marcia / fermata / arresto,Conducente,F,Illeso,0,,Non accertato,Inesploso,,
3937870,3,29/07/2018 21:20:00,Strada Urbana,LUNGOTEVERE SALVO D'ACQUISTO,all'intersezione con,VIA URUGUAY,VIA URUGUAY,,,Scontro frontale/laterale SX fra veicoli in marcia,Incrocio,Una carreggiata a doppio senso,Asciutto,Asfaltata,Verticale ed orizzontale,Sereno,Normale,Sufficiente,Sufficiente,1,0,0,1,,,0,2,Motociclo a solo,In marcia / fermata / arresto,Conducente,M,Ricoverato,0,NON DECEDUTO,Utilizzato,,,
3937873,4,27/07/2018 12:40:00,Strada Urbana,VIALE JONIO,all'intersezione con,VIA CAPRAIA,VIA CAPRAIA,,,Scontro laterale fra veicoli in marcia,Intersezione semaforizzata,Due carreggiate,Asciutto,Asfaltata,Verticale ed orizzontale,Sereno,Normale,Buona,Ore Diurne,0,0,0,1,12.536,41.9442,-1,1,Autovettura privata,In marcia / fermata / arresto,Conducente,M,Illeso,0,,Non accertato,,,
3937880,18,27/07/2018 23:00:00,Strada Urbana,VIA DI CASAL SELCE,in prossimit�,,del civico n.,80,,Fuoriuscita dalla sede stradale,Curva senza visuale libera,Una carreggiata a doppio senso,Asciutto,Asfaltata,Orizzontale,Sereno,Scarso,Buona,Sufficiente,1,0,0,0,12.3348,41.8907,-1,1,Autovettura privata,In marcia / fermata / arresto,Conducente,M,Rimandato,0,NON DECEDUTO,Non accertato,Esploso,,
3937915,4,27/07/2018 12:00:00,Strada Urbana,VIA SUVERETO,in prossimit�,,del civico n.,22,,Scontro frontale/laterale DX fra veicoli in marcia,Curva a visuale libera,Due carreggiate,Asciutto,Asfaltata,Assente,Sereno,Normale,Buona,Ore Diurne,0,0,0,2,12.5183,41.9542,-1,1,Autovettura privata,In marcia / fermata / arresto,Conducente,M,Illeso,0,,,,,
3937915,4,27/07/2018 12:00:00,Strada Urbana,VIA SUVERETO,in prossimit�,,del civico n.,22,,Scontro frontale/laterale DX fra veicoli in marcia,Curva a visuale libera,Due carreggiate,Asciutto,Asfaltata,Assente,Sereno,Normale,Buona,Ore Diurne,0,0,0,2,12.5183,41.9542,-1,2,Autovettura privata,In marcia / fermata / arresto,Conducente,F,Illeso,0,,,,,
3937926,18,27/07/2018 13:25:00,Strada Urbana,VIA FEDERICO PATETTA,in prossimit�,,del civico n.,53,,Investimento di pedone,Pendenza,Una carreggiata a doppio senso,Asciutto,Asfaltata,Verticale,Sereno,Normale,Buona,Ore Diurne,1,0,0,1,12.4297,41.9043,-1,,,,Pedone,F,Rimandato,0,NON DECEDUTO,,,,
3937926,18,27/07/2018 13:25:00,Strada Urbana,VIA FEDERICO PATETTA,in prossimit�,,del civico n.,53,,Investimento di pedone,Pendenza,Una carreggiata a doppio senso,Asciutto,Asfaltata,Verticale,Sereno,Normale,Buona,Ore Diurne,1,0,0,1,12.4297,41.9043,-1,1,Autovettura privata,In marcia / fermata / arresto,Conducente,F,Illeso,0,,Non accertato,Inesistente,,
3937933,4,28/07/2018 11:20:00,Strada Urbana,VIA CIMONE,in prossimit�,,del civico n.,171,,Tamponamento,Curva a visuale libera,Una carreggiata a senso unico di marcia,Asciutto,Asfaltata,Verticale ed orizzontale,Sereno,Scarso,Buona,Ore Diurne,0,0,0,3,12.5363,41.931,-1,1,Autovettura privata,In marcia / fermata / arresto,Conducente,M,Illeso,0,,,,,
3937933,4,28/07/2018 11:20:00,Strada Urbana,VIA CIMONE,in prossimit�,,del civico n.,171,,Tamponamento,Curva a visuale libera,Una carreggiata a senso unico di marcia,Asciutto,Asfaltata,Verticale ed orizzontale,Sereno,Scarso,Buona,Ore Diurne,0,0,0,3,12.5363,41.931,-1,2,Autocarro inferiore 35 q.,In marcia / fermata / arresto,Conducente,M,Illeso,0,,,,,
3937933,4,28/07/2018 11:20:00,Strada Urbana,VIA CIMONE,in prossimit�,,del civico n.,171,,Tamponamento,Curva a visuale libera,Una carreggiata a senso unico di marcia,Asciutto,Asfaltata,Verticale ed orizzontale,Sereno,Scarso,Buona,Ore Diurne,0,0,0,3,12.5363,41.931,-1,2,Autocarro inferiore 35 q.,In marcia / fermata / arresto,Passeggero,M,Illeso,0,,,,,
3937934,5,30/07/2018 10:30:00,Strada Urbana,VIA ZOE FONTANA,in corrispondenza,,del civico n.,212,,Scontro laterale fra veicoli in marcia,Rettilineo,Una carreggiata a doppio senso,Asciutto,Asfaltata,Orizzontale,Sereno,Normale,Buona,Ore Diurne,0,0,0,5,12.6094,41.9302,-1,1,Autovettura privata,In marcia / fermata / arresto,Conducente,M,Illeso,0,,Non accertato,Inesistente,,
3937934,5,30/07/2018 10:30:00,Strada Urbana,VIA ZOE FONTANA,in corrispondenza,,del civico n.,212,,Scontro laterale fra veicoli in marcia,Rettilineo,Una carreggiata a doppio senso,Asciutto,Asfaltata,Orizzontale,Sereno,Normale,Buona,Ore Diurne,0,0,0,5,12.6094,41.9302,-1,2,Autovettura privata,In marcia / fermata / arresto,Conducente,M,Illeso,0,,Non accertato,Inesistente,,
3937934,5,30/07/2018 10:30:00,Strada Urbana,VIA ZOE FONTANA,in corrispondenza,,del civico n.,212,,Scontro laterale fra veicoli in marcia,Rettilineo,Una carreggiata a doppio senso,Asciutto,Asfaltata,Orizzontale,Sereno,Normale,Buona,Ore Diurne,0,0,0,5,12.6094,41.9302,-1,2,Autovettura privata,In marcia / fermata / arresto,Passeggero,F,Illeso,0,,Non accertato,Inesistente,,
3937934,5,30/07/2018 10:30:00,Strada Urbana,VIA ZOE FONTANA,in corrispondenza,,del civico n.,212,,Scontro laterale fra veicoli in marcia,Rettilineo,Una carreggiata a doppio senso,Asciutto,Asfaltata,Orizzontale,Sereno,Normale,Buona,Ore Diurne,0,0,0,5,12.6094,41.9302,-1,2,Autovettura privata,In marcia / fermata / arresto,Passeggero,F,Illeso,0,,Non accertato,Inesistente,,
3937934,5,30/07/2018 10:30:00,Strada Urbana,VIA ZOE FONTANA,in corrispondenza,,del civico n.,212,,Scontro laterale fra veicoli in marcia,Rettilineo,Una carreggiata a doppio senso,Asciutto,Asfaltata,Orizzontale,Sereno,Normale,Buona,Ore Diurne,0,0,0,5,12.6094,41.9302,-1,2,Autovettura privata,In marcia / fermata / arresto,Passeggero,F,Illeso,0,,Non accertato,Inesistente,,
3937943,7,29/07/2018 09:00:00,Strada Urbana,VIALE PALMIRO TOGLIATTI,da specificare,,,,altezza PIAZZALE PINO PASCALI,Veicolo in marcia contro veicoli in sosta,Rettilineo,Una carreggiata a senso unico di marcia,Asciutto,Asfaltata,Verticale ed orizzontale,Sereno,Scarso,Buona,Ore Diurne,0,0,0,1,12.5758,41.8972,-1,1,Autovettura privata,In marcia / fermata / arresto,Conducente,M,Illeso,0,,Non accertato,Inesploso,,
3937968,18,27/07/2018 16:00:00,Strada Urbana,VIA DI MONTE DEL GALLO,in prossimit�,,del civico n.,25,,Veicolo in marcia contro veicolo in sosta,Pendenza,Una carreggiata a doppio senso,Asciutto,Asfaltata,Verticale,Sereno,Normale,Buona,Ore Diurne,0,0,0,1,12.4511,41.8969,-1,1,Autovettura privata,In marcia / fermata / arresto,Conducente,M,Illeso,0,,Non accertato,Inesploso,,
3937973,4,29/07/2018 03:00:00,Strada Urbana,VIA MONGINEVRA,in prossimit�,,del civico n.,19,,Veicolo in marcia contro veicolo in sosta,Rettilineo,Una carreggiata a senso unico di marcia,Asciutto,Asfaltata,Assente,Sereno,Scarso,Sufficiente,Sufficiente,0,0,0,1,12.5304,41.9421,-1,1,Autovettura privata,In marcia / fermata / arresto,Conducente,F,Illeso,0,,,,,
3937980,6,30/07/2018 11:00:00,Strada Urbana,VIA COLLATINA,all'intersezione semaforizzata con,VIALE GIOVANNI BATTISTA VALENTE,VIALE GIOVANNI BATTISTA VALENTE,,,Scontro frontale fra veicoli in marcia,Intersezione semaforizzata,Una carreggiata a doppio senso,Asciutto,Asfaltata,Verticale ed orizzontale,Sereno,Normale,Buona,Ore Diurne,0,0,0,2,12.5665,41.9003,-1,1,Autovettura privata,In marcia / fermata / arresto,Conducente,M,Illeso,0,,Non accertato,Inesploso,,
3937980,6,30/07/2018 11:00:00,Strada Urbana,VIA COLLATINA,all'intersezione semaforizzata con,VIALE GIOVANNI BATTISTA VALENTE,VIALE GIOVANNI BATTISTA VALENTE,,,Scontro frontale fra veicoli in marcia,Intersezione semaforizzata,Una carreggiata a doppio senso,Asciutto,Asfaltata,Verticale ed orizzontale,Sereno,Normale,Buona,Ore Diurne,0,0,0,2,12.5665,41.9003,-1,2,Autocarro inferiore 35 q.,In marcia / fermata / arresto,Conducente,M,Illeso,0,,Non accertato,Inesploso,,
3937993,18,28/07/2018 10:00:00,Strada Urbana,VIA DEL LAGO TERRIONE,da specificare,,,,fronte civico 40,Veicolo in marcia contro veicolo in sosta,Rettilineo,Una carreggiata a doppio senso,Asciutto,Asfaltata,Verticale ed orizzontale,Sereno,Scarso,Buona,Ore Diurne,0,0,0,2,12.4539,41.8954,-1,1,Autocarro inferiore 35 q.,In marcia / fermata / arresto,Conducente,M,Illeso,0,,,,,
3937993,18,28/07/2018 10:00:00,Strada Urbana,VIA DEL LAGO TERRIONE,da specificare,,,,fronte civico 40,Veicolo in marcia contro veicolo in sosta,Rettilineo,Una carreggiata a doppio senso,Asciutto,Asfaltata,Verticale ed orizzontale,Sereno,Scarso,Buona,Ore Diurne,0,0,0,2,12.4539,41.8954,-1,1,Autocarro inferiore 35 q.,In marcia / fermata / arresto,Passeggero,M,Illeso,0,,,,,
3937995,4,29/07/2018 18:50:00,Strada Urbana,VIA NOMENTANA NUOVA,all'intersezione con,VIALE TIRRENO,VIALE TIRRENO,,,Investimento di pedone,Intersezione semaforizzata,Una carreggiata a doppio senso,Asciutto,Asfaltata,Verticale ed orizzontale,Sereno,Normale,Buona,Ore Diurne,1,0,0,1,12.5315,41.9346,-1,,,,Pedone,F,Rimandato,0,NON DECEDUTO,,,,
3937995,4,29/07/2018 18:50:00,Strada Urbana,VIA NOMENTANA NUOVA,all'intersezione con,VIALE TIRRENO,VIALE TIRRENO,,,Investimento di pedone,Intersezione semaforizzata,Una carreggiata a doppio senso,Asciutto,Asfaltata,Verticale ed orizzontale,Sereno,Normale,Buona,Ore Diurne,1,0,0,1,12.5315,41.9346,-1,1,Autovettura privata,In marcia / fermata / arresto,Conducente,M,Illeso,0,,,,,
3937998,1,23/07/2018 08:42:00,Strada Urbana,PIAZZA DI PORTA S. GIOVANNI,all'intersezione semaforizzata con,VIA EMANUELE FILIBERTO,VIA EMANUELE FILIBERTO,,,Scontro frontale/laterale SX fra veicoli in marcia,Incrocio,Una carreggiata a senso unico di marcia,Asciutto,Strada pavimentata dissestata,Assente,Sereno,Normale,Buona,Ore Diurne,0,0,0,1,12.5068,41.8869,-1,1,Autovettura privata,In marcia / fermata / arresto,Conducente,F,Illeso,0,,,,,
3938010,9,28/07/2018 21:40:00,Strada Urbana,VIA APPIA NUOVA,da specificare,,,,fronte civico 242,Infortunio per sola frenata improvvisa,Rettilineo,Due carreggiate,Asciutto,Asfaltata,Verticale ed orizzontale,Sereno,Scarso,Buona,Sufficiente,0,0,0,2,12.5185,41.8781,-1,1,Motociclo a solo,In marcia / fermata / arresto,Conducente,M,Illeso,0,,Non accertato,,,
3938010,9,28/07/2018 21:40:00,Strada Urbana,VIA APPIA NUOVA,da specificare,,,,fronte civico 242,Infortunio per sola frenata improvvisa,Rettilineo,Due carreggiate,Asciutto,Asfaltata,Verticale ed orizzontale,Sereno,Scarso,Buona,Sufficiente,0,0,0,2,12.5185,41.8781,-1,2,Autovettura privata,In marcia / fermata / arresto,Conducente,M,Illeso,0,,Non accertato,Inesploso,,
3938015,9,29/07/2018 08:00:00,Strada Urbana,LARGO BRINDISI,all'intersezione con,PIAZZALE APPIO,PIAZZALE APPIO,,,Scontro laterale fra veicoli in marcia,Incrocio,Due carreggiate,Asciutto,Asfaltata,Verticale ed orizzontale,Sereno,Scarso,Buona,Ore Diurne,0,0,0,6,12.5106,41.8854,-1,1,Autovettura privata,In marcia / fermata / arresto,Conducente,M,Illeso,0,,Non accertato,Inesploso,,
3938015,9,29/07/2018 08:00:00,Strada Urbana,LARGO BRINDISI,all'intersezione con,PIAZZALE APPIO,PIAZZALE APPIO,,,Scontro laterale fra veicoli in marcia,Incrocio,Due carreggiate,Asciutto,Asfaltata,Verticale ed orizzontale,Sereno,Scarso,Buona,Ore Diurne,0,0,0,6,12.5106,41.8854,-1,2,Autovettura privata,In marcia / fermata / arresto,Conducente,M,Illeso,0,,Non accertato,Inesploso,,
3938015,9,29/07/2018 08:00:00,Strada Urbana,LARGO BRINDISI,all'intersezione con,PIAZZALE APPIO,PIAZZALE APPIO,,,Scontro laterale fra veicoli in marcia,Incrocio,Due carreggiate,Asciutto,Asfaltata,Verticale ed orizzontale,Sereno,Scarso,Buona,Ore Diurne,0,0,0,6,12.5106,41.8854,-1,2,Autovettura privata,In marcia / fermata / arresto,Passeggero,M,Illeso,0,,Non accertato,Inesploso,,
3938015,9,29/07/2018 08:00:00,Strada Urbana,LARGO BRINDISI,all'intersezione con,PIAZZALE APPIO,PIAZZALE APPIO,,,Scontro laterale fra veicoli in marcia,Incrocio,Due carreggiate,Asciutto,Asfaltata,Verticale ed orizzontale,Sereno,Scarso,Buona,Ore Diurne,0,0,0,6,12.5106,41.8854,-1,2,Autovettura privata,In marcia / fermata / arresto,Passeggero,M,Illeso,0,,Non accertato,Inesploso,,
3938015,9,29/07/2018 08:00:00,Strada Urbana,LARGO BRINDISI,all'intersezione con,PIAZZALE APPIO,PIAZZALE APPIO,,,Scontro laterale fra veicoli in marcia,Incrocio,Due carreggiate,Asciutto,Asfaltata,Verticale ed orizzontale,Sereno,Scarso,Buona,Ore Diurne,0,0,0,6,12.5106,41.8854,-1,2,Autovettura privata,In marcia / fermata / arresto,Passeggero,F,Illeso,0,,Non accertato,Inesploso,,
3938015,9,29/07/2018 08:00:00,Strada Urbana,LARGO BRINDISI,all'intersezione con,PIAZZALE APPIO,PIAZZALE APPIO,,,Scontro laterale fra veicoli in marcia,Incrocio,Due carreggiate,Asciutto,Asfaltata,Verticale ed orizzontale,Sereno,Scarso,Buona,Ore Diurne,0,0,0,6,12.5106,41.8854,-1,2,Autovettura privata,In marcia / fermata / arresto,Passeggero,M,Illeso,0,,Non accertato,Inesploso,,
3938017,4,30/07/2018 01:20:00,Strada Urbana,CORSO SEMPIONE,all'intersezione con,VIALE TIRRENO,VIALE TIRRENO,,,Scontro frontale/laterale SX fra veicoli in marcia,Intersezione semaforizzata,Una carreggiata a doppio senso,Asciutto,Asfaltata,Verticale ed orizzontale,Sereno,Scarso,Buona,Sufficiente,1,0,0,1,12.5342,41.9354,-1,1,Autovettura privata,In marcia / fermata / arresto,Conducente,M,Illeso,0,,,,,
3938017,4,30/07/2018 01:20:00,Strada Urbana,CORSO SEMPIONE,all'intersezione con,VIALE TIRRENO,VIALE TIRRENO,,,Scontro frontale/laterale SX fra veicoli in marcia,Intersezione semaforizzata,Una carreggiata a doppio senso,Asciutto,Asfaltata,Verticale ed orizzontale,Sereno,Scarso,Buona,Sufficiente,1,0,0,1,12.5342,41.9354,-1,2,Motociclo a solo,In marcia / fermata / arresto,Conducente,M,Rimandato,0,NON DECEDUTO,,,,
3938037,9,30/07/2018 00:01:00,Strada Urbana,VIA LATINA,all'intersezione con,VIA ALESSANDRO LUZIO,VIA ALESSANDRO LUZIO,,,Scontro frontale/laterale DX fra veicoli in marcia,Intersezione stradale segnalata,Una carreggiata a senso unico di marcia,Asciutto,Asfaltata,Verticale ed orizzontale,Sereno,Scarso,Sufficiente,Sufficiente,0,0,0,2,12.5167,41.8722,-1,1,Autovettura privata,In marcia / fermata / arresto,Conducente,F,Illeso,0,,Non accertato,Inesploso,,
3938037,9,30/07/2018 00:01:00,Strada Urbana,VIA LATINA,all'intersezione con,VIA ALESSANDRO LUZIO,VIA ALESSANDRO LUZIO,,,Scontro frontale/laterale DX fra veicoli in marcia,Intersezione stradale segnalata,Una carreggiata a senso unico di marcia,Asciutto,Asfaltata,Verticale ed orizzontale,Sereno,Scarso,Sufficiente,Sufficiente,0,0,0,2,12.5167,41.8722,-1,2,Autovettura privata,In marcia / fermata / arresto,Conducente,F,Illeso,0,,Non accertato,Inesploso,,
3938065,17,30/07/2018 10:30:00,Strada Urbana,VIA COLA DI RIENZO,in corrispondenza,,del civico n.,19,,Scontro frontale/laterale SX fra veicoli in marcia,Rettilineo,Una carreggiata a doppio senso,Asciutto,In cubetti di porfido,Verticale ed orizzontale,Sereno,Normale,Buona,Ore Diurne,2,0,0,1,12.4694,41.9093,-1,1,Autovettura privata,In marcia / fermata / arresto,Conducente,M,Rimandato,0,NON DECEDUTO,,,,
3938065,17,30/07/2018 10:30:00,Strada Urbana,VIA COLA DI RIENZO,in corrispondenza,,del civico n.,19,,Scontro frontale/laterale SX fra veicoli in marcia,Rettilineo,Una carreggiata a doppio senso,Asciutto,In cubetti di porfido,Verticale ed orizzontale,Sereno,Normale,Buona,Ore Diurne,2,0,0,1,12.4694,41.9093,-1,1,Autovettura privata,In marcia / fermata / arresto,Passeggero,F,Illeso,0,,,,,
3938065,17,30/07/2018 10:30:00,Strada Urbana,VIA COLA DI RIENZO,in corrispondenza,,del civico n.,19,,Scontro frontale/laterale SX fra veicoli in marcia,Rettilineo,Una carreggiata a doppio senso,Asciutto,In cubetti di porfido,Verticale ed orizzontale,Sereno,Normale,Buona,Ore Diurne,2,0,0,1,12.4694,41.9093,-1,2,Motociclo a solo,In marcia / fermata / arresto,Conducente,M,Rimandato,0,NON DECEDUTO,,,,
3938070,13,29/07/2018 18:15:00,Strada Urbana,VIA LITORANEA,da specificare,,,,tra il 3� e il 2� cancello,Scontro laterale fra veicoli in marcia,Rettilineo,Una carreggiata a doppio senso,Asciutto,Asfaltata,Orizzontale,Sereno,Intenso,Buona,Ore Diurne,2,0,0,2,12.3735,41.6876,-1,1,Autovettura privata,In marcia / fermata / arresto,Conducente,M,Illeso,0,,Non accertato,Inesploso,,
3938070,13,29/07/2018 18:15:00,Strada Urbana,VIA LITORANEA,da specificare,,,,tra il 3� e il 2� cancello,Scontro laterale fra veicoli in marcia,Rettilineo,Una carreggiata a doppio senso,Asciutto,Asfaltata,Orizzontale,Sereno,Intenso,Buona,Ore Diurne,2,0,0,2,12.3735,41.6876,-1,1,Autovettura privata,In marcia / fermata / arresto,Passeggero,F,Illeso,0,,,,,
3938070,13,29/07/2018 18:15:00,Strada Urbana,VIA LITORANEA,da specificare,,,,tra il 3� e il 2� cancello,Scontro laterale fra veicoli in marcia,Rettilineo,Una carreggiata a doppio senso,Asciutto,Asfaltata,Orizzontale,Sereno,Intenso,Buona,Ore Diurne,2,0,0,2,12.3735,41.6876,-1,2,Motociclo con passeggero,In marcia / fermata / arresto,Conducente,M,Rimandato,0,NON DECEDUTO,,,,
3938070,13,29/07/2018 18:15:00,Strada Urbana,VIA LITORANEA,da specificare,,,,tra il 3� e il 2� cancello,Scontro laterale fra veicoli in marcia,Rettilineo,Una carreggiata a doppio senso,Asciutto,Asfaltata,Orizzontale,Sereno,Intenso,Buona,Ore Diurne,2,0,0,2,12.3735,41.6876,-1,2,Motociclo con passeggero,In marcia / fermata / arresto,Passeggero,F,Rimandato,0,NON DECEDUTO,Non accertato,,,
3938071,18,28/07/2018 11:20:00,Strada Urbana,VIA SORISO,in prossimit�,,del civico n.,10,,Scontro laterale fra veicoli in marcia,Rettilineo,Una carreggiata a doppio senso,Asciutto,Asfaltata,Verticale ed orizzontale,Sereno,Scarso,Buona,Ore Diurne,2,0,0,0,12.4101,41.9034,-1,1,Motociclo a solo,In marcia / fermata / arresto,Conducente,M,Rifiuta cure immediate,0,NON DECEDUTO,,,,
3938071,18,28/07/2018 11:20:00,Strada Urbana,VIA SORISO,in prossimit�,,del civico n.,10,,Scontro laterale fra veicoli in marcia,Rettilineo,Una carreggiata a doppio senso,Asciutto,Asfaltata,Verticale ed orizzontale,Sereno,Scarso,Buona,Ore Diurne,2,0,0,0,12.4101,41.9034,-1,2,Autovettura privata,In marcia / fermata / arresto,Conducente,M,Rifiuta cure immediate,0,NON DECEDUTO,,,,
3938091,10,30/07/2018 12:00:00,Strada Urbana,VIALE SPARTACO,all'intersezione semaforizzata con,VIA DEL QUADRARO,VIA DEL QUADRARO,,,Investimento di pedone,Intersezione semaforizzata,Pi� di due carreggiate,Asciutto,Asfaltata,Verticale ed orizzontale,Sereno,Normale,Buona,Ore Diurne,1,0,0,1,12.5539,41.8588,-1,,,,Pedone,F,Rimandato,0,NON DECEDUTO,,,,
3938091,10,30/07/2018 12:00:00,Strada Urbana,VIALE SPARTACO,all'intersezione semaforizzata con,VIA DEL QUADRARO,VIA DEL QUADRARO,,,Investimento di pedone,Intersezione semaforizzata,Pi� di due carreggiate,Asciutto,Asfaltata,Verticale ed orizzontale,Sereno,Normale,Buona,Ore Diurne,1,0,0,1,12.5539,41.8588,-1,1,Autovettura privata,In marcia / fermata / arresto,Conducente,F,Illeso,0,,Non accertato,Inesploso,,
3938096,18,28/07/2018 12:00:00,Strada Urbana,CIRCONVALLAZIONE CORNELIA,all'intersezione con,PIAZZA S. GIOVANNI BATTISTA DE LA SALLE,PIAZZA S. GIOVANNI BATTISTA DE LA SALLE,,,Tamponamento,Incrocio,Due carreggiate,Asciutto,Asfaltata,Verticale ed orizzontale,Sereno,Normale,Sufficiente,Ore Diurne,0,0,0,4,12.4258,41.902,-1,1,Autovettura privata,In marcia / fermata / arresto,Conducente,M,Illeso,0,,,,,
3938096,18,28/07/2018 12:00:00,Strada Urbana,CIRCONVALLAZIONE CORNELIA,all'intersezione con,PIAZZA S. GIOVANNI BATTISTA DE LA SALLE,PIAZZA S. GIOVANNI BATTISTA DE LA SALLE,,,Tamponamento,Incrocio,Due carreggiate,Asciutto,Asfaltata,Verticale ed orizzontale,Sereno,Normale,Sufficiente,Ore Diurne,0,0,0,4,12.4258,41.902,-1,1,Autovettura privata,In marcia / fermata / arresto,Passeggero,F,Illeso,0,,,,,
3938096,18,28/07/2018 12:00:00,Strada Urbana,CIRCONVALLAZIONE CORNELIA,all'intersezione con,PIAZZA S. GIOVANNI BATTISTA DE LA SALLE,PIAZZA S. GIOVANNI BATTISTA DE LA SALLE,,,Tamponamento,Incrocio,Due carreggiate,Asciutto,Asfaltata,Verticale ed orizzontale,Sereno,Normale,Sufficiente,Ore Diurne,0,0,0,4,12.4258,41.902,-1,1,Autovettura privata,In marcia / fermata / arresto,Passeggero,F,Illeso,0,,,,,
3938096,18,28/07/2018 12:00:00,Strada Urbana,CIRCONVALLAZIONE CORNELIA,all'intersezione con,PIAZZA S. GIOVANNI BATTISTA DE LA SALLE,PIAZZA S. GIOVANNI BATTISTA DE LA SALLE,,,Tamponamento,Incrocio,Due carreggiate,Asciutto,Asfaltata,Verticale ed orizzontale,Sereno,Normale,Sufficiente,Ore Diurne,0,0,0,4,12.4258,41.902,-1,2,Autovettura privata,In marcia / fermata / arresto,Conducente,M,Illeso,0,,,,,