Protocollo,Gruppo,DataOraIncidente,Localizzazione1,STRADA1,Localizzazione2,STRADA2,Strada02,Chilometrica,DaSpecificare,NaturaIncidente,particolaritastrade,TipoStrada,FondoStradale,Pavimentazione,Segnaletica,CondizioneAtmosferica,Traffico,Visibilita,Illuminazione,NUM_FERITI,NUM_RISERVATA,NUM_MORTI,NUM_ILLESI,Longitudine,Latitudine,Confermato,Progressivo,TipoVeicolo,StatoVeicolo,TipoPersona,Sesso,Tipolesione,Deceduto,DecedutoDopo,CinturaCascoUtilizzato,Airbag,,
3938098,18,28/07/2018 15:00:00,Strada Urbana,VIA DEL QUARTACCIO,in corrispondenza,,del civico n.,54,,Scontro frontale/laterale SX fra veicoli in marcia,Rettilineo,Una carreggiata a doppio senso,Asciutto,Asfaltata,Verticale,Sereno,Scarso,Buona,Ore Diurne,0,0,0,2,12.3909,41.9181,-1,1,Autovettura privata,In marcia / fermata / arresto,Conducente,M,Illeso,0,,,,,
3938098,18,28/07/2018 15:00:00,Strada Urbana,VIA DEL QUARTACCIO,in corrispondenza,,del civico n.,54,,Scontro frontale/laterale SX fra veicoli in marcia,Rettilineo,Una carreggiata a doppio senso,Asciutto,Asfaltata,Verticale,Sereno,Scarso,Buona,Ore Diurne,0,0,0,2,12.3909,41.9181,-1,2,Autovettura privata,In marcia / fermata / arresto,Conducente,F,Illeso,0,,,,,
3938100,18,29/07/2018 10:50:00,Statale entro l'abitato,VIA AURELIA,in prossimit�,,del civico n.,511,,Tamponamento Multiplo,Rettilineo,Una carreggiata a doppio senso,Asciutto,Asfaltata,Verticale ed orizzontale,Sereno,Normale,Buona,Ore Diurne,0,0,0,4,12.4233,41.898,-1,1,Autovettura privata,In marcia / fermata / arresto,Conducente,M,Illeso,0,,Non accertato,Inesploso,,
3938100,18,29/07/2018 10:50:00,Statale entro l'abitato,VIA AURELIA,in prossimit�,,del civico n.,511,,Tamponamento Multiplo,Rettilineo,Una carreggiata a doppio senso,Asciutto,Asfaltata,Verticale ed orizzontale,Sereno,Normale,Buona,Ore Diurne,0,0,0,4,12.4233,41.898,-1,2,Autovettura privata,In marcia / fermata / arresto,Conducente,F,Illeso,0,,Non accertato,Inesploso,,
3938100,18,29/07/2018 10:50:00,Statale entro l'abitato,VIA AURELIA,in prossimit�,,del civico n.,511,,Tamponamento Multiplo,Rettilineo,Una carreggiata a doppio senso,Asciutto,Asfaltata,Verticale ed orizzontale,Sereno,Normale,Buona,Ore Diurne,0,0,0,4,12.4233,41.898,-1,3,Autovettura privata,In marcia / fermata / arresto,Conducente,M,Illeso,0,,Non accertato,Inesploso,,
3938100,18,29/07/2018 10:50:00,Statale entro l'abitato,VIA AURELIA,in prossimit�,,del civico n.,511,,Tamponamento Multiplo,Rettilineo,Una carreggiata a doppio senso,Asciutto,Asfaltata,Verticale ed orizzontale,Sereno,Normale,Buona,Ore Diurne,0,0,0,4,12.4233,41.898,-1,3,Autovettura privata,In marcia / fermata / arresto,Passeggero,F,Illeso,0,,Non accertato,Inesploso,,
3938105,9,29/07/2018 07:05:00,Strada Urbana,VIA APPIA NUOVA,da specificare,,,,altezza Via Don Orione,Scontro frontale/laterale SX fra veicoli in marcia,Rettilineo,Due carreggiate,Asciutto,Asfaltata,Verticale ed orizzontale,Sereno,Scarso,Buona,Ore Diurne,3,0,0,1,12.5599,41.8264,-1,1,Autovettura privata,In marcia / fermata / arresto,Conducente,M,Rimandato,0,NON DECEDUTO,Non accertato,Inesploso,,
3938105,9,29/07/2018 07:05:00,Strada Urbana,VIA APPIA NUOVA,da specificare,,,,altezza Via Don Orione,Scontro frontale/laterale SX fra veicoli in marcia,Rettilineo,Due carreggiate,Asciutto,Asfaltata,Verticale ed orizzontale,Sereno,Scarso,Buona,Ore Diurne,3,0,0,1,12.5599,41.8264,-1,2,Autovettura privata,In marcia / fermata / arresto,Conducente,M,Illeso,0,,Non accertato,Esploso,,
3938105,9,29/07/2018 07:05:00,Strada Urbana,VIA APPIA NUOVA,da specificare,,,,altezza Via Don Orione,Scontro frontale/laterale SX fra veicoli in marcia,Rettilineo,Due carreggiate,Asciutto,Asfaltata,Verticale ed orizzontale,Sereno,Scarso,Buona,Ore Diurne,3,0,0,1,12.5599,41.8264,-1,2,Autovettura privata,In marcia / fermata / arresto,Passeggero,F,Rimandato,0,NON DECEDUTO,Non accertato,Esploso,,
3938105,9,29/07/2018 07:05:00,Strada Urbana,VIA APPIA NUOVA,da specificare,,,,altezza Via Don Orione,Scontro frontale/laterale SX fra veicoli in marcia,Rettilineo,Due carreggiate,Asciutto,Asfaltata,Verticale ed orizzontale,Sereno,Scarso,Buona,Ore Diurne,3,0,0,1,12.5599,41.8264,-1,2,Autovettura privata,In marcia / fermata / arresto,Passeggero,M,Rimandato,0,NON DECEDUTO,Non accertato,Esploso,,
3938111,16,26/07/2018 17:10:00,Strada Urbana,CIRCONVALLAZIONE GIANICOLENSE,in corrispondenza,,del civico n.,12/a,,Tamponamento,Curva a visuale libera,Pi� di due carreggiate,Asciutto,Asfaltata,Assente,Sereno,Normale,Buona,Ore Diurne,1,0,0,4,12.4649,41.8734,-1,,,,Pedone,F,Ricoverato,0,NON DECEDUTO,,,,
3938111,16,26/07/2018 17:10:00,Strada Urbana,CIRCONVALLAZIONE GIANICOLENSE,in corrispondenza,,del civico n.,12/a,,Tamponamento,Curva a visuale libera,Pi� di due carreggiate,Asciutto,Asfaltata,Assente,Sereno,Normale,Buona,Ore Diurne,1,0,0,4,12.4649,41.8734,-1,1,Autovettura privata,In marcia / fermata / arresto,Conducente,M,Illeso,0,,Non accertato,Inesploso,,
3938111,16,26/07/2018 17:10:00,Strada Urbana,CIRCONVALLAZIONE GIANICOLENSE,in corrispondenza,,del civico n.,12/a,,Tamponamento,Curva a visuale libera,Pi� di due carreggiate,Asciutto,Asfaltata,Assente,Sereno,Normale,Buona,Ore Diurne,1,0,0,4,12.4649,41.8734,-1,1,Autovettura privata,In marcia / fermata / arresto,Passeggero,F,Illeso,0,,,,,
3938111,16,26/07/2018 17:10:00,Strada Urbana,CIRCONVALLAZIONE GIANICOLENSE,in corrispondenza,,del civico n.,12/a,,Tamponamento,Curva a visuale libera,Pi� di due carreggiate,Asciutto,Asfaltata,Assente,Sereno,Normale,Buona,Ore Diurne,1,0,0,4,12.4649,41.8734,-1,1,Autovettura privata,In marcia / fermata / arresto,Passeggero,F,Illeso,0,,,,,
3938111,16,26/07/2018 17:10:00,Strada Urbana,CIRCONVALLAZIONE GIANICOLENSE,in corrispondenza,,del civico n.,12/a,,Tamponamento,Curva a visuale libera,Pi� di due carreggiate,Asciutto,Asfaltata,Assente,Sereno,Normale,Buona,Ore Diurne,1,0,0,4,12.4649,41.8734,-1,2,Autovettura privata,In marcia / fermata / arresto,Conducente,M,Illeso,0,,,,,
3938151,16,27/07/2018 13:00:00,Strada Urbana,VIALE DEI COLLI PORTUENSI,in corrispondenza,,del civico n.,525,,Veicolo in marcia contro veicolo in sosta,Rettilineo,Due carreggiate,Asciutto,Asfaltata,Verticale ed orizzontale,Sereno,Normale,Buona,Ore Diurne,1,0,0,2,12.4435,41.8613,-1,,,,Pedone,F,Rimandato,0,NON DECEDUTO,,,,
3938151,16,27/07/2018 13:00:00,Strada Urbana,VIALE DEI COLLI PORTUENSI,in corrispondenza,,del civico n.,525,,Veicolo in marcia contro veicolo in sosta,Rettilineo,Due carreggiate,Asciutto,Asfaltata,Verticale ed orizzontale,Sereno,Normale,Buona,Ore Diurne,1,0,0,2,12.4435,41.8613,-1,1,Autovettura privata,In marcia / fermata / arresto,Conducente,F,Illeso,0,,Non accertato,Inesploso,,
3938151,16,27/07/2018 13:00:00,Strada Urbana,VIALE DEI COLLI PORTUENSI,in corrispondenza,,del civico n.,525,,Veicolo in marcia contro veicolo in sosta,Rettilineo,Due carreggiate,Asciutto,Asfaltata,Verticale ed orizzontale,Sereno,Normale,Buona,Ore Diurne,1,0,0,2,12.4435,41.8613,-1,2,Autovettura privata,In marcia / fermata / arresto,Conducente,F,Illeso,0,,Non accertato,Inesploso,,
3938185,11,28/07/2018 14:55:00,Strada Urbana,VIA DI VIGNA MURATA,in prossimit�,,del palo luce n.,44,,Scontro laterale fra veicoli in marcia,Rettilineo,Due carreggiate,Asciutto,Asfaltata,Verticale ed orizzontale,Sereno,Scarso,Buona,Ore Diurne,1,0,0,2,12.4828,41.8272,-1,1,Autovettura privata,In marcia / fermata / arresto,Conducente,M,Illeso,0,,Non accertato,,,
3938185,11,28/07/2018 14:55:00,Strada Urbana,VIA DI VIGNA MURATA,in prossimit�,,del palo luce n.,44,,Scontro laterale fra veicoli in marcia,Rettilineo,Due carreggiate,Asciutto,Asfaltata,Verticale ed orizzontale,Sereno,Scarso,Buona,Ore Diurne,1,0,0,2,12.4828,41.8272,-1,2,Motociclo a solo,In marcia / fermata / arresto,Conducente,F,Rimandato,0,NON DECEDUTO,,,,
3938185,11,28/07/2018 14:55:00,Strada Urbana,VIA DI VIGNA MURATA,in prossimit�,,del palo luce n.,44,,Scontro laterale fra veicoli in marcia,Rettilineo,Due carreggiate,Asciutto,Asfaltata,Verticale ed orizzontale,Sereno,Scarso,Buona,Ore Diurne,1,0,0,2,12.4828,41.8272,-1,3,Autovettura privata,In marcia / fermata / arresto,Conducente,F,Illeso,0,,Non accertato,,,
3938190,20,30/07/2018 14:00:00,Strada Urbana,CORSO DI FRANCIA,da specificare,,,,dir. GRA alt. via Gosio,Tamponamento,Rettilineo,Due carreggiate,Asciutto,Asfaltata,Orizzontale,Sereno,Normale,Buona,Ore Diurne,0,0,0,2,12.4712,41.9402,-1,1,Autovettura privata,In marcia / fermata / arresto,Conducente,M,Illeso,0,,Non accertato,Inesploso,,
3938190,20,30/07/2018 14:00:00,Strada Urbana,CORSO DI FRANCIA,da specificare,,,,dir. GRA alt. via Gosio,Tamponamento,Rettilineo,Due carreggiate,Asciutto,Asfaltata,Orizzontale,Sereno,Normale,Buona,Ore Diurne,0,0,0,2,12.4712,41.9402,-1,2,Autovettura privata,In marcia / fermata / arresto,Conducente,F,Illeso,0,,Non accertato,Inesploso,,
3938191,11,30/07/2018 13:30:00,Strada Urbana,VIA DI VIGNA MURATA,all'intersezione con,VIA DEL COLLE DI MEZZO,VIA DEL COLLE DI MEZZO,,,Scontro frontale/laterale SX fra veicoli in marcia,Incrocio,Due carreggiate,Asciutto,Asfaltata,Verticale ed orizzontale,Sereno,Normale,Buona,Ore Diurne,1,0,0,3,12.4912,41.8264,-1,1,Autovettura privata,In marcia / fermata / arresto,Conducente,M,Illeso,0,,Non accertato,,,
3938191,11,30/07/2018 13:30:00,Strada Urbana,VIA DI VIGNA MURATA,all'intersezione con,VIA DEL COLLE DI MEZZO,VIA DEL COLLE DI MEZZO,,,Scontro frontale/laterale SX fra veicoli in marcia,Incrocio,Due carreggiate,Asciutto,Asfaltata,Verticale ed orizzontale,Sereno,Normale,Buona,Ore Diurne,1,0,0,3,12.4912,41.8264,-1,1,Autovettura privata,In marcia / fermata / arresto,Passeggero,F,Rifiuta cure immediate,0,NON DECEDUTO,Non accertato,Inesploso,,
3938191,11,30/07/2018 13:30:00,Strada Urbana,VIA DI VIGNA MURATA,all'intersezione con,VIA DEL COLLE DI MEZZO,VIA DEL COLLE DI MEZZO,,,Scontro frontale/laterale SX fra veicoli in marcia,Incrocio,Due carreggiate,Asciutto,Asfaltata,Verticale ed orizzontale,Sereno,Normale,Buona,Ore Diurne,1,0,0,3,12.4912,41.8264,-1,2,Autovettura privata,In marcia / fermata / arresto,Conducente,M,Illeso,0,,Non accertato,Inesploso,,
3938191,11,30/07/2018 13:30:00,Strada Urbana,VIA DI VIGNA MURATA,all'intersezione con,VIA DEL COLLE DI MEZZO,VIA DEL COLLE DI MEZZO,,,Scontro frontale/laterale SX fra veicoli in marcia,Incrocio,Due carreggiate,Asciutto,Asfaltata,Verticale ed orizzontale,Sereno,Normale,Buona,Ore Diurne,1,0,0,3,12.4912,41.8264,-1,2,Autovettura privata,In marcia / fermata / arresto,Passeggero,F,Illeso,0,,Non accertato,Inesploso,,
3938224,17,30/07/2018 13:15:00,Strada Urbana,PIAZZALE DEGLI EROI,da specificare,,,,fronte VIA VITTOR PISANI,Scontro laterale fra veicoli in marcia,Rotatoria,Una carreggiata a senso unico di marcia,Asciutto,Asfaltata,Verticale ed orizzontale,Sereno,Normale,Buona,Ore Diurne,0,0,0,3,12.4487,41.9086,-1,1,Autovettura privata,In marcia / fermata / arresto,Conducente,M,Illeso,0,,,,,
3938224,17,30/07/2018 13:15:00,Strada Urbana,PIAZZALE DEGLI EROI,da specificare,,,,fronte VIA VITTOR PISANI,Scontro laterale fra veicoli in marcia,Rotatoria,Una carreggiata a senso unico di marcia,Asciutto,Asfaltata,Verticale ed orizzontale,Sereno,Normale,Buona,Ore Diurne,0,0,0,3,12.4487,41.9086,-1,1,Autovettura privata,In marcia / fermata / arresto,Passeggero,F,Illeso,0,,,,,
3938224,17,30/07/2018 13:15:00,Strada Urbana,PIAZZALE DEGLI EROI,da specificare,,,,fronte VIA VITTOR PISANI,Scontro laterale fra veicoli in marcia,Rotatoria,Una carreggiata a senso unico di marcia,Asciutto,Asfaltata,Verticale ed orizzontale,Sereno,Normale,Buona,Ore Diurne,0,0,0,3,12.4487,41.9086,-1,2,Autovettura privata,In marcia / fermata / arresto,Conducente,M,Illeso,0,,,,,
3938238,16,27/07/2018 17:30:00,Strada Urbana,VIA DI MONTE VERDE,in prossimit�,,del civico n.,69,,Investimento di pedone,Rettilineo,Una carreggiata a doppio senso,Asciutto,Asfaltata,Orizzontale,Sereno,Normale,Buona,Ore Diurne,1,0,0,2,12.4455,41.8697,-1,,,,Pedone,F,Ricoverato,0,NON DECEDUTO,,,,
3938238,16,27/07/2018 17:30:00,Strada Urbana,VIA DI MONTE VERDE,in prossimit�,,del civico n.,69,,Investimento di pedone,Rettilineo,Una carreggiata a doppio senso,Asciutto,Asfaltata,Orizzontale,Sereno,Normale,Buona,Ore Diurne,1,0,0,2,12.4455,41.8697,-1,1,Autovettura pubblica,In marcia / fermata / arresto,Conducente,M,Illeso,0,,Non accertato,Inesploso,,
3938238,16,27/07/2018 17:30:00,Strada Urbana,VIA DI MONTE VERDE,in prossimit�,,del civico n.,69,,Investimento di pedone,Rettilineo,Una carreggiata a doppio senso,Asciutto,Asfaltata,Orizzontale,Sereno,Normale,Buona,Ore Diurne,1,0,0,2,12.4455,41.8697,-1,1,Autovettura pubblica,In marcia / fermata / arresto,Passeggero,M,Illeso,0,,Non accertato,Inesploso,,
3938241,10,30/07/2018 12:10:00,Strada Urbana,VIA DI CIAMPINO,in corrispondenza,,del civico n.,73,,Scontro laterale fra veicoli in marcia,Rettilineo,Una carreggiata a doppio senso,Asciutto,Asfaltata,Orizzontale,Sereno,Normale,Buona,Ore Diurne,1,0,0,1,12.5807,41.8104,-1,1,Motociclo a solo,In marcia / fermata / arresto,Conducente,M,Rimandato,0,NON DECEDUTO,Non accertato,,,
3938241,10,30/07/2018 12:10:00,Strada Urbana,VIA DI CIAMPINO,in corrispondenza,,del civico n.,73,,Scontro laterale fra veicoli in marcia,Rettilineo,Una carreggiata a doppio senso,Asciutto,Asfaltata,Orizzontale,Sereno,Normale,Buona,Ore Diurne,1,0,0,1,12.5807,41.8104,-1,2,Autovettura privata,In marcia / fermata / arresto,Conducente,M,Illeso,0,,Non accertato,Inesploso,,
3938253,16,27/07/2018 23:00:00,Strada Urbana,VIA VITELLIA,da specificare,,,,in corrispondenza del fronte civico 102,Veicolo in marcia contro veicolo in sosta,Rettilineo,Una carreggiata a doppio senso,Asciutto,Asfaltata,Verticale ed orizzontale,Sereno,Normale,Buona,Sufficiente,0,0,0,1,12.4416,41.88,-1,2,Autovettura privata,In marcia / fermata / arresto,Conducente,F,Illeso,0,,Non accertato,Inesploso,,
3938257,13,30/07/2018 08:50:00,Strada Urbana,VIA DI MACCHIA SAPONARA,all'intersezione con,VIA ARISTONIDA,VIA ARISTONIDA,,,Scontro frontale/laterale DX fra veicoli in marcia,Intersezione stradale segnalata,Due carreggiate,Asciutto,Asfaltata,Verticale ed orizzontale,Sereno,Scarso,Buona,Ore Diurne,1,0,0,1,12.3576,41.7675,-1,1,Autovettura privata,In marcia / fermata / arresto,Conducente,M,Illeso,0,,Non accertato,Inesploso,,
3938257,13,30/07/2018 08:50:00,Strada Urbana,VIA DI MACCHIA SAPONARA,all'intersezione con,VIA ARISTONIDA,VIA ARISTONIDA,,,Scontro frontale/laterale DX fra veicoli in marcia,Intersezione stradale segnalata,Due carreggiate,Asciutto,Asfaltata,Verticale ed orizzontale,Sereno,Scarso,Buona,Ore Diurne,1,0,0,1,12.3576,41.7675,-1,2,Autovettura privata,In marcia / fermata / arresto,Conducente,F,Rimandato,0,NON DECEDUTO,Non accertato,Inesploso,,
3938262,16,28/07/2018 18:35:00,Strada Urbana,VIALE AURELIO SAFFI,in prossimit�,,del palo luce n.,10,,Veicolo in marcia contro ostacolo fisso,Curva senza visuale libera,Una carreggiata a doppio senso,Asciutto,Asfaltata,Assente,Sereno,Scarso,Buona,Ore Diurne,0,0,0,2,12.4666,41.8823,-1,1,Autovettura privata,In marcia / fermata / arresto,Conducente,M,Illeso,0,,Non accertato,Esploso,,
3938262,16,28/07/2018 18:35:00,Strada Urbana,VIALE AURELIO SAFFI,in prossimit�,,del palo luce n.,10,,Veicolo in marcia contro ostacolo fisso,Curva senza visuale libera,Una carreggiata a doppio senso,Asciutto,Asfaltata,Assente,Sereno,Scarso,Buona,Ore Diurne,0,0,0,2,12.4666,41.8823,-1,1,Autovettura privata,In marcia / fermata / arresto,Passeggero,M,Illeso,0,,,,,
3938263,18,30/07/2018 00:15:00,Comunale extraurbana,VIA DI BOCCEA,in prossimit�,,del civico n.,1091,,Scontro laterale fra veicoli in marcia,Curva a visuale libera,Una carreggiata a doppio senso,Asciutto,Asfaltata,Assente,Sereno,Scarso,Insufficiente,Inesistente,0,0,0,6,12.3347,41.9337,-1,1,Autovettura privata,In marcia / fermata / arresto,Conducente,F,Illeso,0,,,,,
3938263,18,30/07/2018 00:15:00,Comunale extraurbana,VIA DI BOCCEA,in prossimit�,,del civico n.,1091,,Scontro laterale fra veicoli in marcia,Curva a visuale libera,Una carreggiata a doppio senso,Asciutto,Asfaltata,Assente,Sereno,Scarso,Insufficiente,Inesistente,0,0,0,6,12.3347,41.9337,-1,1,Autovettura privata,In marcia / fermata / arresto,Passeggero,M,Illeso,0,,,,,
3938263,18,30/07/2018 00:15:00,Comunale extraurbana,VIA DI BOCCEA,in prossimit�,,del civico n.,1091,,Scontro laterale fra veicoli in marcia,Curva a visuale libera,Una carreggiata a doppio senso,Asciutto,Asfaltata,Assente,Sereno,Scarso,Insufficiente,Inesistente,0,0,0,6,12.3347,41.9337,-1,2,Autovettura privata,In marcia / fermata / arresto,Conducente,M,Illeso,0,,,,,
3938263,18,30/07/2018 00:15:00,Comunale extraurbana,VIA DI BOCCEA,in prossimit�,,del civico n.,1091,,Scontro laterale fra veicoli in marcia,Curva a visuale libera,Una carreggiata a doppio senso,Asciutto,Asfaltata,Assente,Sereno,Scarso,Insufficiente,Inesistente,0,0,0,6,12.3347,41.9337,-1,2,Autovettura privata,In marcia / fermata / arresto,Passeggero,F,Illeso,0,,,,,
3938263,18,30/07/2018 00:15:00,Comunale extraurbana,VIA DI BOCCEA,in prossimit�,,del civico n.,1091,,Scontro laterale fra veicoli in marcia,Curva a visuale libera,Una carreggiata a doppio senso,Asciutto,Asfaltata,Assente,Sereno,Scarso,Insufficiente,Inesistente,0,0,0,6,12.3347,41.9337,-1,2,Autovettura privata,In marcia / fermata / arresto,Passeggero,F,Illeso,0,,,,,
3938263,18,30/07/2018 00:15:00,Comunale extraurbana,VIA DI BOCCEA,in prossimit�,,del civico n.,1091,,Scontro laterale fra veicoli in marcia,Curva a visuale libera,Una carreggiata a doppio senso,Asciutto,Asfaltata,Assente,Sereno,Scarso,Insufficiente,Inesistente,0,0,0,6,12.3347,41.9337,-1,2,Autovettura privata,In marcia / fermata / arresto,Passeggero,F,Illeso,0,,,,,
3938275,16,29/07/2018 07:50:00,,VIALE DEI COLLI PORTUENSI,in prossimit�,,del civico n.,250,,Veicolo in marcia contro veicolo in sosta,,,,,,,,,,0,0,0,1,12.4436,41.8679,0,2,Autovettura privata,In marcia / fermata / arresto,Conducente,M,Illeso,0,,,,,
3938309,18,30/07/2018 08:50:00,Strada Urbana,CIRCONVALLAZIONE CORNELIA,in prossimit�,,del civico n.,3,,Scontro laterale fra veicoli in marcia,Rettilineo,Una carreggiata a senso unico di marcia,Asciutto,Asfaltata,Verticale ed orizzontale,Sereno,Normale,Buona,Ore Diurne,1,0,0,2,12.4271,41.899,-1,1,Ciclomotore,In marcia / fermata / arresto,Conducente,M,Rifiuta cure immediate,0,NON DECEDUTO,,,,
3938309,18,30/07/2018 08:50:00,Strada Urbana,CIRCONVALLAZIONE CORNELIA,in prossimit�,,del civico n.,3,,Scontro laterale fra veicoli in marcia,Rettilineo,Una carreggiata a senso unico di marcia,Asciutto,Asfaltata,Verticale ed orizzontale,Sereno,Normale,Buona,Ore Diurne,1,0,0,2,12.4271,41.899,-1,2,Autovettura privata,In marcia / fermata / arresto,Conducente,M,Illeso,0,,,,,
3938309,18,30/07/2018 08:50:00,Strada Urbana,CIRCONVALLAZIONE CORNELIA,in prossimit�,,del civico n.,3,,Scontro laterale fra veicoli in marcia,Rettilineo,Una carreggiata a senso unico di marcia,Asciutto,Asfaltata,Verticale ed orizzontale,Sereno,Normale,Buona,Ore Diurne,1,0,0,2,12.4271,41.899,-1,2,Autovettura privata,In marcia / fermata / arresto,Passeggero,F,Illeso,0,,,,,
3938336,12,25/07/2018 20:25:00,Strada Urbana,VIA CRISTOFORO COLOMBO,all'intersezione con,VIALE AFRICA,VIALE AFRICA,,,Scontro laterale fra veicoli in marcia,Incrocio,Una carreggiata a senso unico di marcia,Asciutto,Asfaltata,Verticale ed orizzontale,Sereno,Normale,Buona,Ore Diurne,0,0,0,2,12.469,41.8263,-1,1,Autovettura privata,In marcia / fermata / arresto,Conducente,F,Illeso,0,,Non accertato,,,
3938336,12,25/07/2018 20:25:00,Strada Urbana,VIA CRISTOFORO COLOMBO,all'intersezione con,VIALE AFRICA,VIALE AFRICA,,,Scontro laterale fra veicoli in marcia,Incrocio,Una carreggiata a senso unico di marcia,Asciutto,Asfaltata,Verticale ed orizzontale,Sereno,Normale,Buona,Ore Diurne,0,0,0,2,12.469,41.8263,-1,2,Autovettura privata,In marcia / fermata / arresto,Conducente,M,Illeso,0,,Non accertato,,,
3938344,19,30/07/2018 14:40:00,Strada Urbana,VIA MATTIA BATTISTINI,all'intersezione con,VIA DELLE CALASANZIANE,VIA DELLE CALASANZIANE,,,Scontro laterale fra veicoli in marcia,Incrocio,Una carreggiata a doppio senso,Asciutto,Asfaltata,Verticale ed orizzontale,Sereno,Normale,Buona,Ore Diurne,0,0,0,2,12.4185,41.9185,-1,1,Autovettura privata,In marcia / fermata / arresto,Conducente,F,Illeso,0,,Non accertato,Inesploso,,
3938344,19,30/07/2018 14:40:00,Strada Urbana,VIA MATTIA BATTISTINI,all'intersezione con,VIA DELLE CALASANZIANE,VIA DELLE CALASANZIANE,,,Scontro laterale fra veicoli in marcia,Incrocio,Una carreggiata a doppio senso,Asciutto,Asfaltata,Verticale ed orizzontale,Sereno,Normale,Buona,Ore Diurne,0,0,0,2,12.4185,41.9185,-1,2,Autovettura privata,In marcia / fermata / arresto,Conducente,F,Illeso,0,,Non accertato,Inesploso,,
3938345,18,30/07/2018 09:05:00,Strada Urbana,VIA DI VILLA BETANIA,in prossimit�,,del civico n.,2,,Tamponamento,Rettilineo,Una carreggiata a senso unico di marcia,Asciutto,Asfaltata,Assente,Sereno,Scarso,Buona,Ore Diurne,1,0,0,2,12.443,41.8899,-1,1,Autovettura privata,In marcia / fermata / arresto,Conducente,F,Illeso,0,,,,,
3938345,18,30/07/2018 09:05:00,Strada Urbana,VIA DI VILLA BETANIA,in prossimit�,,del civico n.,2,,Tamponamento,Rettilineo,Una carreggiata a senso unico di marcia,Asciutto,Asfaltata,Assente,Sereno,Scarso,Buona,Ore Diurne,1,0,0,2,12.443,41.8899,-1,1,Autovettura privata,In marcia / fermata / arresto,Passeggero,M,Illeso,0,,,,,
3938345,18,30/07/2018 09:05:00,Strada Urbana,VIA DI VILLA BETANIA,in prossimit�,,del civico n.,2,,Tamponamento,Rettilineo,Una carreggiata a senso unico di marcia,Asciutto,Asfaltata,Assente,Sereno,Scarso,Buona,Ore Diurne,1,0,0,2,12.443,41.8899,-1,2,Motociclo a solo,In marcia / fermata / arresto,Conducente,F,Rimandato,0,NON DECEDUTO,,,,
3938353,12,26/07/2018 19:15:00,Strada Urbana,VIA CRISTOFORO COLOMBO,da specificare,,,,carreggiata laterale direz.Ostia pross. Via Decima,Scontro laterale fra veicoli in marcia,Rettilineo,Due carreggiate,Asciutto,Asfaltata,Verticale ed orizzontale,Sereno,Normale,Buona,Ore Diurne,0,0,0,3,12.4515,41.8067,-1,1,Autovettura privata,In marcia / fermata / arresto,Conducente,M,Illeso,0,,Non accertato,Inesploso,,
3938353,12,26/07/2018 19:15:00,Strada Urbana,VIA CRISTOFORO COLOMBO,da specificare,,,,carreggiata laterale direz.Ostia pross. Via Decima,Scontro laterale fra veicoli in marcia,Rettilineo,Due carreggiate,Asciutto,Asfaltata,Verticale ed orizzontale,Sereno,Normale,Buona,Ore Diurne,0,0,0,3,12.4515,41.8067,-1,1,Autovettura privata,In marcia / fermata / arresto,Passeggero,F,Illeso,0,,Utilizzato,Inesploso,,
3938353,12,26/07/2018 19:15:00,Strada Urbana,VIA CRISTOFORO COLOMBO,da specificare,,,,carreggiata laterale direz.Ostia pross. Via Decima,Scontro laterale fra veicoli in marcia,Rettilineo,Due carreggiate,Asciutto,Asfaltata,Verticale ed orizzontale,Sereno,Normale,Buona,Ore Diurne,0,0,0,3,12.4515,41.8067,-1,2,Autovettura privata,In marcia / fermata / arresto,Conducente,F,Illeso,0,,Non accertato,,,
3938389,18,30/07/2018 14:30:00,Strada Urbana,VIA DI BOCCEA,all'intersezione semaforizzata con,PIAZZA DEI GIURECONSULTI,PIAZZA DEI GIURECONSULTI,,,Scontro laterale fra veicoli in marcia,Intersezione semaforizzata,Una carreggiata a doppio senso,Asciutto,Asfaltata,Verticale ed orizzontale,Sereno,Normale,Buona,Ore Diurne,1,0,0,1,12.4256,41.9021,-1,1,Motociclo a solo,In marcia / fermata / arresto,Conducente,M,Rimandato,0,NON DECEDUTO,Non accertato,,,
3938389,18,30/07/2018 14:30:00,Strada Urbana,VIA DI BOCCEA,all'intersezione semaforizzata con,PIAZZA DEI GIURECONSULTI,PIAZZA DEI GIURECONSULTI,,,Scontro laterale fra veicoli in marcia,Intersezione semaforizzata,Una carreggiata a doppio senso,Asciutto,Asfaltata,Verticale ed orizzontale,Sereno,Normale,Buona,Ore Diurne,1,0,0,1,12.4256,41.9021,-1,2,Autovettura privata,In marcia / fermata / arresto,Conducente,F,Illeso,0,,Non accertato,Inesploso,,
3938400,12,26/07/2018 21:50:00,Strada Urbana,VIA CRISTOFORO COLOMBO,da specificare,,,,pross. VIA TOR MARANCIA direz. Roma centro,Tamponamento,Rettilineo,Pi� di due carreggiate,Bagnato (pioggia),Asfaltata,Verticale ed orizzontale,Pioggia in atto,Normale,Buona,Sufficiente,0,0,0,4,12.4971,41.8593,-1,1,Autovettura privata,In marcia / fermata / arresto,Conducente,M,Illeso,0,,Non accertato,Inesploso,,