Protocollo,Gruppo,DataOraIncidente,Localizzazione1,STRADA1,Localizzazione2,STRADA2,Strada02,Chilometrica,DaSpecificare,NaturaIncidente,particolaritastrade,TipoStrada,FondoStradale,Pavimentazione,Segnaletica,CondizioneAtmosferica,Traffico,Visibilita,Illuminazione,NUM_FERITI,NUM_RISERVATA,NUM_MORTI,NUM_ILLESI,Longitudine,Latitudine,Confermato,Progressivo,TipoVeicolo,StatoVeicolo,TipoPersona,Sesso,Tipolesione,Deceduto,DecedutoDopo,CinturaCascoUtilizzato,Airbag,,
3938400,12,26/07/2018 21:50:00,Strada Urbana,VIA CRISTOFORO COLOMBO,da specificare,,,,pross. VIA TOR MARANCIA direz. Roma centro,Tamponamento,Rettilineo,Pi� di due carreggiate,Bagnato (pioggia),Asfaltata,Verticale ed orizzontale,Pioggia in atto,Normale,Buona,Sufficiente,0,0,0,4,12.4971,41.8593,-1,1,Autovettura privata,In marcia / fermata / arresto,Passeggero,M,Illeso,0,,Non accertato,Inesploso,,
3938400,12,26/07/2018 21:50:00,Strada Urbana,VIA CRISTOFORO COLOMBO,da specificare,,,,pross. VIA TOR MARANCIA direz. Roma centro,Tamponamento,Rettilineo,Pi� di due carreggiate,Bagnato (pioggia),Asfaltata,Verticale ed orizzontale,Pioggia in atto,Normale,Buona,Sufficiente,0,0,0,4,12.4971,41.8593,-1,2,Autovettura di polizia,In marcia / fermata / arresto,Conducente,M,Illeso,0,,Non accertato,Inesploso,,
3938451,12,26/07/2018 13:30:00,Strada Urbana,VIA CRISTOFORO COLOMBO,da specificare,,,,carregg. laterale direz. Roma centro,Scontro laterale fra veicoli in marcia,Rettilineo,Pi� di due carreggiate,Asciutto,Asfaltata,Verticale ed orizzontale,Sereno,Normale,Buona,Ore Diurne,0,0,0,2,12.4401,41.7986,-1,1,Autocarro inferiore 35 q.,In marcia / fermata / arresto,Conducente,M,Illeso,0,,Non accertato,Inesploso,,
3938451,12,26/07/2018 13:30:00,Strada Urbana,VIA CRISTOFORO COLOMBO,da specificare,,,,carregg. laterale direz. Roma centro,Scontro laterale fra veicoli in marcia,Rettilineo,Pi� di due carreggiate,Asciutto,Asfaltata,Verticale ed orizzontale,Sereno,Normale,Buona,Ore Diurne,0,0,0,2,12.4401,41.7986,-1,2,Autovettura privata,In marcia / fermata / arresto,Conducente,F,Illeso,0,,Non accertato,Inesploso,,
3938471,12,26/07/2018 13:30:00,Provinciale,VIA PONTINA,in corrispondenza,,della chilometrica,18,,Scontro frontale/laterale DX fra veicoli in marcia,Rettilineo,Due carreggiate,Asciutto,Asfaltata,Verticale ed orizzontale,Sereno,Intenso,Buona,Ore Diurne,0,0,0,2,12.4985,41.6767,-1,1,Autovettura privata,In marcia / fermata / arresto,Conducente,M,Illeso,0,,,,,
3938471,12,26/07/2018 13:30:00,Provinciale,VIA PONTINA,in corrispondenza,,della chilometrica,18,,Scontro frontale/laterale DX fra veicoli in marcia,Rettilineo,Due carreggiate,Asciutto,Asfaltata,Verticale ed orizzontale,Sereno,Intenso,Buona,Ore Diurne,0,0,0,2,12.4985,41.6767,-1,2,Autovettura privata,In marcia / fermata / arresto,Conducente,M,Illeso,0,,,,,
3938480,19,30/07/2018 09:05:00,Strada Urbana,PIAZZA CLEMENTE XI,in prossimit�,,del civico n.,7,,Tamponamento,Rotatoria,Una carreggiata a senso unico di marcia,Asciutto,Asfaltata,Assente,Sereno,Normale,Buona,Ore Diurne,0,0,0,2,12.4146,41.914,-1,1,Autovettura privata,In marcia / fermata / arresto,Conducente,F,Illeso,0,,Non accertato,Inesploso,,
3938480,19,30/07/2018 09:05:00,Strada Urbana,PIAZZA CLEMENTE XI,in prossimit�,,del civico n.,7,,Tamponamento,Rotatoria,Una carreggiata a senso unico di marcia,Asciutto,Asfaltata,Assente,Sereno,Normale,Buona,Ore Diurne,0,0,0,2,12.4146,41.914,-1,2,Autovettura privata,In marcia / fermata / arresto,Conducente,M,Illeso,0,,Non accertato,Inesploso,,
3938486,11,30/07/2018 16:20:00,Strada Urbana,VIA CRISTOFORO COLOMBO,da specificare,,,,prossimit� via R. G. Carducci,Tamponamento,Rettilineo,Pi� di due carreggiate,Asciutto,Asfaltata,Verticale ed orizzontale,Sereno,Normale,Buona,Ore Diurne,2,0,0,2,12.4927,41.8562,-1,1,Autovettura privata,In marcia / fermata / arresto,Conducente,M,Illeso,0,,Non accertato,Inesploso,,
3938486,11,30/07/2018 16:20:00,Strada Urbana,VIA CRISTOFORO COLOMBO,da specificare,,,,prossimit� via R. G. Carducci,Tamponamento,Rettilineo,Pi� di due carreggiate,Asciutto,Asfaltata,Verticale ed orizzontale,Sereno,Normale,Buona,Ore Diurne,2,0,0,2,12.4927,41.8562,-1,1,Autovettura privata,In marcia / fermata / arresto,Passeggero,F,Rimandato,0,NON DECEDUTO,Non accertato,Inesistente,,
3938486,11,30/07/2018 16:20:00,Strada Urbana,VIA CRISTOFORO COLOMBO,da specificare,,,,prossimit� via R. G. Carducci,Tamponamento,Rettilineo,Pi� di due carreggiate,Asciutto,Asfaltata,Verticale ed orizzontale,Sereno,Normale,Buona,Ore Diurne,2,0,0,2,12.4927,41.8562,-1,1,Autovettura privata,In marcia / fermata / arresto,Passeggero,M,Illeso,0,,Non accertato,Inesploso,,
3938486,11,30/07/2018 16:20:00,Strada Urbana,VIA CRISTOFORO COLOMBO,da specificare,,,,prossimit� via R. G. Carducci,Tamponamento,Rettilineo,Pi� di due carreggiate,Asciutto,Asfaltata,Verticale ed orizzontale,Sereno,Normale,Buona,Ore Diurne,2,0,0,2,12.4927,41.8562,-1,2,Autocarro inferiore 35 q.,In marcia / fermata / arresto,Conducente,M,Rimandato,0,NON DECEDUTO,Non accertato,Esploso,,
3938511,19,30/07/2018 07:00:00,Strada Urbana,VIA DI BOCCEA,all'intersezione con,VIA DELLA STORTA,VIA DELLA STORTA,,,Scontro frontale/laterale SX fra veicoli in marcia,Incrocio,Una carreggiata a doppio senso,Asciutto,Asfaltata,Verticale,Sereno,Normale,Buona,Ore Diurne,0,0,0,2,12.3532,41.9284,-1,1,Autovettura privata,In marcia / fermata / arresto,Conducente,M,Illeso,0,,Non accertato,Inesploso,,
3938511,19,30/07/2018 07:00:00,Strada Urbana,VIA DI BOCCEA,all'intersezione con,VIA DELLA STORTA,VIA DELLA STORTA,,,Scontro frontale/laterale SX fra veicoli in marcia,Incrocio,Una carreggiata a doppio senso,Asciutto,Asfaltata,Verticale,Sereno,Normale,Buona,Ore Diurne,0,0,0,2,12.3532,41.9284,-1,2,Autovettura privata,In marcia / fermata / arresto,Conducente,M,Illeso,0,,Non accertato,Inesploso,,
3938515,10,30/07/2018 17:45:00,Statale,VIA APPIA NUOVA,all'intersezione semaforizzata con,VIA DELLE CAPANNELLE,VIA DELLE CAPANNELLE,,,Scontro frontale/laterale SX fra veicoli in marcia,Intersezione semaforizzata,Una carreggiata a doppio senso,Asciutto,Asfaltata,Verticale ed orizzontale,Sereno,Normale,Buona,Ore Diurne,1,0,0,1,12.562,41.8246,-1,1,Autovettura privata,In marcia / fermata / arresto,Conducente,M,Illeso,0,,Non accertato,Inesploso,,
3938515,10,30/07/2018 17:45:00,Statale,VIA APPIA NUOVA,all'intersezione semaforizzata con,VIA DELLE CAPANNELLE,VIA DELLE CAPANNELLE,,,Scontro frontale/laterale SX fra veicoli in marcia,Intersezione semaforizzata,Una carreggiata a doppio senso,Asciutto,Asfaltata,Verticale ed orizzontale,Sereno,Normale,Buona,Ore Diurne,1,0,0,1,12.562,41.8246,-1,2,Motociclo a solo,In marcia / fermata / arresto,Conducente,M,Rifiuta cure immediate,0,NON DECEDUTO,Non accertato,,,
3938529,19,30/07/2018 09:00:00,Strada Urbana,VIA DI CASAL DEL MARMO,in corrispondenza,,del civico n.,401,,Scontro frontale fra veicoli in marcia,Curva senza visuale libera,Una carreggiata a doppio senso,Asciutto,Asfaltata,Verticale ed orizzontale,Sereno,Normale,Buona,Ore Diurne,3,0,0,0,12.3816,41.9332,-1,1,Motociclo a solo,In marcia / fermata / arresto,Conducente,F,Rimandato,0,NON DECEDUTO,,,,
3938529,19,30/07/2018 09:00:00,Strada Urbana,VIA DI CASAL DEL MARMO,in corrispondenza,,del civico n.,401,,Scontro frontale fra veicoli in marcia,Curva senza visuale libera,Una carreggiata a doppio senso,Asciutto,Asfaltata,Verticale ed orizzontale,Sereno,Normale,Buona,Ore Diurne,3,0,0,0,12.3816,41.9332,-1,1,Motociclo a solo,In marcia / fermata / arresto,Passeggero,F,Rimandato,0,NON DECEDUTO,Non accertato,,,
3938529,19,30/07/2018 09:00:00,Strada Urbana,VIA DI CASAL DEL MARMO,in corrispondenza,,del civico n.,401,,Scontro frontale fra veicoli in marcia,Curva senza visuale libera,Una carreggiata a doppio senso,Asciutto,Asfaltata,Verticale ed orizzontale,Sereno,Normale,Buona,Ore Diurne,3,0,0,0,12.3816,41.9332,-1,2,Autovettura privata,In marcia / fermata / arresto,Conducente,M,Rimandato,0,NON DECEDUTO,Non accertato,Inesploso,,
3938548,19,30/07/2018 09:50:00,Strada Urbana,VIA TRIONFALE,all'intersezione con,VIA PIER PAOLO PASOLINI,VIA PIER PAOLO PASOLINI,,,Scontro frontale/laterale SX fra veicoli in marcia,Intersezione stradale segnalata,Una carreggiata a doppio senso,Asciutto,Asfaltata,Verticale ed orizzontale,Sereno,Normale,Buona,Ore Diurne,1,0,0,1,12.4186,41.9443,-1,1,Autovettura privata,In marcia / fermata / arresto,Conducente,M,Illeso,0,,Non accertato,Inesploso,,
3938548,19,30/07/2018 09:50:00,Strada Urbana,VIA TRIONFALE,all'intersezione con,VIA PIER PAOLO PASOLINI,VIA PIER PAOLO PASOLINI,,,Scontro frontale/laterale SX fra veicoli in marcia,Intersezione stradale segnalata,Una carreggiata a doppio senso,Asciutto,Asfaltata,Verticale ed orizzontale,Sereno,Normale,Buona,Ore Diurne,1,0,0,1,12.4186,41.9443,-1,2,Motociclo a solo,In marcia / fermata / arresto,Conducente,M,Rifiuta cure immediate,0,NON DECEDUTO,Non accertato,,,
3938563,6,30/07/2018 17:10:00,Strada Urbana,VIA FORMIA,all'intersezione con,VIA TERRACINA,VIA TERRACINA,,,Scontro frontale/laterale SX fra veicoli in marcia,Incrocio,Una carreggiata a doppio senso,Asciutto,Asfaltata,Verticale,Sereno,Normale,Buona,Ore Diurne,0,0,0,2,12.5477,41.8866,-1,1,Motociclo a solo,In marcia / fermata / arresto,Conducente,M,Illeso,0,,,,,
3938563,6,30/07/2018 17:10:00,Strada Urbana,VIA FORMIA,all'intersezione con,VIA TERRACINA,VIA TERRACINA,,,Scontro frontale/laterale SX fra veicoli in marcia,Incrocio,Una carreggiata a doppio senso,Asciutto,Asfaltata,Verticale,Sereno,Normale,Buona,Ore Diurne,0,0,0,2,12.5477,41.8866,-1,2,Autovettura privata,In marcia / fermata / arresto,Conducente,M,Illeso,0,,,,,
3938564,17,30/07/2018 17:35:00,Strada Urbana,VIA DI PORTA ANGELICA,all'intersezione con,BORGO ANGELICO,BORGO ANGELICO,,,Infortunio per sola frenata improvvisa,Incrocio,Una carreggiata a senso unico di marcia,Asciutto,Asfaltata,Verticale ed orizzontale,Sereno,Scarso,Buona,Ore Diurne,1,0,0,1,12.4578,41.9044,-1,1,Motociclo con passeggero,In marcia / fermata / arresto,Conducente,M,Illeso,0,,Non accertato,,,
3938564,17,30/07/2018 17:35:00,Strada Urbana,VIA DI PORTA ANGELICA,all'intersezione con,BORGO ANGELICO,BORGO ANGELICO,,,Infortunio per sola frenata improvvisa,Incrocio,Una carreggiata a senso unico di marcia,Asciutto,Asfaltata,Verticale ed orizzontale,Sereno,Scarso,Buona,Ore Diurne,1,0,0,1,12.4578,41.9044,-1,1,Motociclo con passeggero,In marcia / fermata / arresto,Passeggero,M,Ricoverato,0,NON DECEDUTO,Non accertato,,,
3938571,7,30/07/2018 15:15:00,Strada Urbana,VIA PRENESTINA,da specificare,,,,parcheggio esterno Bricoman,Veicolo in marcia contro veicolo in sosta,Pianeggiante,Una carreggiata a senso unico di marcia,Asciutto,Asfaltata,Orizzontale,Sereno,Normale,Buona,Sufficiente,0,0,0,3,12.6153,41.8933,-1,1,Autocarro inferiore 35 q.,In marcia / fermata / arresto,Conducente,M,Illeso,0,,Non accertato,Inesploso,,
3938571,7,30/07/2018 15:15:00,Strada Urbana,VIA PRENESTINA,da specificare,,,,parcheggio esterno Bricoman,Veicolo in marcia contro veicolo in sosta,Pianeggiante,Una carreggiata a senso unico di marcia,Asciutto,Asfaltata,Orizzontale,Sereno,Normale,Buona,Sufficiente,0,0,0,3,12.6153,41.8933,-1,1,Autocarro inferiore 35 q.,In marcia / fermata / arresto,Passeggero,M,Illeso,0,,Non accertato,Inesploso,,
3938587,15,30/07/2018 18:55:00,Strada Urbana,VIA CRISTOFORO SABBADINO,all'intersezione con,VIA VOLPEGLINO,VIA VOLPEGLINO,,,Tamponamento,Incrocio,Una carreggiata a doppio senso,Asciutto,Asfaltata,Orizzontale,Sereno,Normale,Buona,Ore Diurne,3,0,0,0,12.31,41.8211,-1,1,Autovettura privata,In marcia / fermata / arresto,Conducente,M,Rimandato,0,NON DECEDUTO,Non accertato,Inesploso,,
3938587,15,30/07/2018 18:55:00,Strada Urbana,VIA CRISTOFORO SABBADINO,all'intersezione con,VIA VOLPEGLINO,VIA VOLPEGLINO,,,Tamponamento,Incrocio,Una carreggiata a doppio senso,Asciutto,Asfaltata,Orizzontale,Sereno,Normale,Buona,Ore Diurne,3,0,0,0,12.31,41.8211,-1,2,Autovettura privata,In marcia / fermata / arresto,Conducente,M,Rimandato,0,NON DECEDUTO,Non accertato,Esploso,,
3938587,15,30/07/2018 18:55:00,Strada Urbana,VIA CRISTOFORO SABBADINO,all'intersezione con,VIA VOLPEGLINO,VIA VOLPEGLINO,,,Tamponamento,Incrocio,Una carreggiata a doppio senso,Asciutto,Asfaltata,Orizzontale,Sereno,Normale,Buona,Ore Diurne,3,0,0,0,12.31,41.8211,-1,2,Autovettura privata,In marcia / fermata / arresto,Passeggero,M,Rimandato,0,NON DECEDUTO,Non accertato,Inesistente,,
3938593,7,30/07/2018 13:35:00,Strada Urbana,VIA DI TOR TRE TESTE,all'intersezione con,VIA ROLANDO LANARI,VIA ROLANDO LANARI,,,Scontro laterale fra veicoli in marcia,Incrocio,Una carreggiata a doppio senso,Asciutto,Asfaltata,Verticale ed orizzontale,Sereno,Normale,Buona,Ore Diurne,0,0,0,3,12.5919,41.8816,-1,1,Autovettura privata,In marcia / fermata / arresto,Conducente,M,Illeso,0,,Non accertato,Inesploso,,
3938593,7,30/07/2018 13:35:00,Strada Urbana,VIA DI TOR TRE TESTE,all'intersezione con,VIA ROLANDO LANARI,VIA ROLANDO LANARI,,,Scontro laterale fra veicoli in marcia,Incrocio,Una carreggiata a doppio senso,Asciutto,Asfaltata,Verticale ed orizzontale,Sereno,Normale,Buona,Ore Diurne,0,0,0,3,12.5919,41.8816,-1,1,Autovettura privata,In marcia / fermata / arresto,Passeggero,F,Illeso,0,,Non accertato,Inesploso,,
3938593,7,30/07/2018 13:35:00,Strada Urbana,VIA DI TOR TRE TESTE,all'intersezione con,VIA ROLANDO LANARI,VIA ROLANDO LANARI,,,Scontro laterale fra veicoli in marcia,Incrocio,Una carreggiata a doppio senso,Asciutto,Asfaltata,Verticale ed orizzontale,Sereno,Normale,Buona,Ore Diurne,0,0,0,3,12.5919,41.8816,-1,2,Motociclo a solo,In marcia / fermata / arresto,Conducente,M,Illeso,0,,Non accertato,,,
3938608,7,30/07/2018 11:45:00,Strada Urbana,VIA DEGLI OLMI,in corrispondenza,,del civico n.,31,,Veicolo in marcia contro ostacolo fisso,Rettilineo,Una carreggiata a senso unico alternato,Asciutto,Asfaltata,Assente,Sereno,Scarso,Buona,Ore Diurne,0,0,0,1,12.575,41.8785,-1,1,Autocarro inferiore 35 q.,Allontanatosi,Conducente,M,Illeso,0,,Non accertato,Inesploso,,
3938854,9,30/07/2018 08:10:00,,VIA RIMINI,da specificare,,,,fr. civ. 1,Tamponamento,,,,,,,,,,0,0,0,2,12.5121,41.8844,0,1,Autovettura privata,In marcia / fermata / arresto,Conducente,M,Illeso,0,,,,,
3938854,9,30/07/2018 08:10:00,,VIA RIMINI,da specificare,,,,fr. civ. 1,Tamponamento,,,,,,,,,,0,0,0,2,12.5121,41.8844,0,2,Autovettura privata,In marcia / fermata / arresto,Conducente,M,Illeso,0,,,,,
3938877,6,31/07/2018 00:02:00,Strada Urbana,PIAZZALE PRENESTINO,all'intersezione con,VIA ASCOLI PICENO,VIA ASCOLI PICENO,,,Scontro laterale fra veicoli in marcia,Incrocio,Una carreggiata a senso unico di marcia,Asciutto,Asfaltata,Verticale ed orizzontale,Sereno,Scarso,Buona,Sufficiente,0,0,0,3,12.5251,41.8912,-1,1,Autovettura privata,In marcia / fermata / arresto,Conducente,M,Illeso,0,,,,,
3938877,6,31/07/2018 00:02:00,Strada Urbana,PIAZZALE PRENESTINO,all'intersezione con,VIA ASCOLI PICENO,VIA ASCOLI PICENO,,,Scontro laterale fra veicoli in marcia,Incrocio,Una carreggiata a senso unico di marcia,Asciutto,Asfaltata,Verticale ed orizzontale,Sereno,Scarso,Buona,Sufficiente,0,0,0,3,12.5251,41.8912,-1,1,Autovettura privata,In marcia / fermata / arresto,Passeggero,F,Illeso,0,,,,,
3938877,6,31/07/2018 00:02:00,Strada Urbana,PIAZZALE PRENESTINO,all'intersezione con,VIA ASCOLI PICENO,VIA ASCOLI PICENO,,,Scontro laterale fra veicoli in marcia,Incrocio,Una carreggiata a senso unico di marcia,Asciutto,Asfaltata,Verticale ed orizzontale,Sereno,Scarso,Buona,Sufficiente,0,0,0,3,12.5251,41.8912,-1,2,Autovettura privata,In marcia / fermata / arresto,Conducente,M,Illeso,0,,,,,
3938878,9,30/07/2018 19:40:00,Strada Urbana,PIAZZA EPIRO,da specificare,,,,prossimit� VIA BEATA MARIA DE MATTIAS,Scontro laterale fra veicoli in marcia,Curva a visuale libera,Una carreggiata a senso unico di marcia,Asciutto,Asfaltata,Verticale ed orizzontale,Sereno,Scarso,Buona,Sufficiente,0,0,0,2,12.5042,41.8788,-1,1,Autocarro inferiore 35 q.,In marcia / fermata / arresto,Conducente,F,Illeso,0,,,,,
3938878,9,30/07/2018 19:40:00,Strada Urbana,PIAZZA EPIRO,da specificare,,,,prossimit� VIA BEATA MARIA DE MATTIAS,Scontro laterale fra veicoli in marcia,Curva a visuale libera,Una carreggiata a senso unico di marcia,Asciutto,Asfaltata,Verticale ed orizzontale,Sereno,Scarso,Buona,Sufficiente,0,0,0,2,12.5042,41.8788,-1,2,Autovettura privata,In marcia / fermata / arresto,Conducente,F,Illeso,0,,,,,
3938899,15,30/07/2018 11:00:00,Strada Urbana,VIA DELLE VIGNE,all'intersezione con,VIA DI VIGNA GIRELLI,VIA DI VIGNA GIRELLI,,,Scontro frontale/laterale SX fra veicoli in marcia,Incrocio,Una carreggiata a doppio senso,Asciutto,Asfaltata,Verticale ed orizzontale,Sereno,Normale,Buona,Ore Diurne,1,0,0,1,12.422,41.8403,-1,1,Motociclo a solo,In marcia / fermata / arresto,Conducente,M,Rimandato,0,NON DECEDUTO,,,,
3938899,15,30/07/2018 11:00:00,Strada Urbana,VIA DELLE VIGNE,all'intersezione con,VIA DI VIGNA GIRELLI,VIA DI VIGNA GIRELLI,,,Scontro frontale/laterale SX fra veicoli in marcia,Incrocio,Una carreggiata a doppio senso,Asciutto,Asfaltata,Verticale ed orizzontale,Sereno,Normale,Buona,Ore Diurne,1,0,0,1,12.422,41.8403,-1,2,Autovettura privata,In marcia / fermata / arresto,Conducente,F,Illeso,0,,,,,
3938904,9,30/07/2018 20:20:00,Strada Urbana,VIA ALFREDO BACCARINI,in prossimit�,,del civico n.,45,,Investimento di pedone,Rettilineo,Una carreggiata a doppio senso,Asciutto,Asfaltata,Verticale ed orizzontale,Sereno,Scarso,Buona,Sufficiente,1,0,0,1,12.5173,41.8734,-1,,,,Pedone,M,Rimandato,0,NON DECEDUTO,,,,
3938904,9,30/07/2018 20:20:00,Strada Urbana,VIA ALFREDO BACCARINI,in prossimit�,,del civico n.,45,,Investimento di pedone,Rettilineo,Una carreggiata a doppio senso,Asciutto,Asfaltata,Verticale ed orizzontale,Sereno,Scarso,Buona,Sufficiente,1,0,0,1,12.5173,41.8734,-1,1,Motociclo a solo,In marcia / fermata / arresto,Conducente,M,Illeso,0,,Non accertato,,,
3938914,15,30/07/2018 16:15:00,Strada Urbana,PIAZZA ANTONIO MEUCCI,da specificare,,,,fronte civico 25,Scontro laterale fra veicoli in marcia,Rettilineo,Una carreggiata a senso unico di marcia,Asciutto,Asfaltata,Verticale,Sereno,Normale,Buona,Ore Diurne,0,0,0,2,12.4631,41.8618,-1,1,Autovettura privata,In marcia / fermata / arresto,Conducente,M,Illeso,0,,Non accertato,Inesistente,,
3938914,15,30/07/2018 16:15:00,Strada Urbana,PIAZZA ANTONIO MEUCCI,da specificare,,,,fronte civico 25,Scontro laterale fra veicoli in marcia,Rettilineo,Una carreggiata a senso unico di marcia,Asciutto,Asfaltata,Verticale,Sereno,Normale,Buona,Ore Diurne,0,0,0,2,12.4631,41.8618,-1,2,Autovettura privata,In marcia / fermata / arresto,Conducente,F,Illeso,0,,Non accertato,Inesploso,,
3938923,13,30/07/2018 14:20:00,Provinciale,VIA DEL MARE,in corrispondenza,,della chilometrica,17.2,,Scontro laterale fra veicoli in marcia,Rettilineo,Una carreggiata a doppio senso,Asciutto,Asfaltata,Orizzontale,Sereno,Normale,Buona,Ore Diurne,0,0,0,3,12.4632,41.8403,-1,1,Autovettura privata,Allontanatosi,Conducente,M,Illeso,0,,Non accertato,Inesploso,,
3938923,13,30/07/2018 14:20:00,Provinciale,VIA DEL MARE,in corrispondenza,,della chilometrica,17.2,,Scontro laterale fra veicoli in marcia,Rettilineo,Una carreggiata a doppio senso,Asciutto,Asfaltata,Orizzontale,Sereno,Normale,Buona,Ore Diurne,0,0,0,3,12.4632,41.8403,-1,2,Autovettura privata,In marcia / fermata / arresto,Conducente,F,Illeso,0,,,,,
3938923,13,30/07/2018 14:20:00,Provinciale,VIA DEL MARE,in corrispondenza,,della chilometrica,17.2,,Scontro laterale fra veicoli in marcia,Rettilineo,Una carreggiata a doppio senso,Asciutto,Asfaltata,Orizzontale,Sereno,Normale,Buona,Ore Diurne,0,0,0,3,12.4632,41.8403,-1,3,Autovettura privata,In marcia / fermata / arresto,Conducente,F,Illeso,0,,,,,
3938940,15,31/07/2018 01:30:00,Strada Urbana,VIA DELLA MAGLIANA,in prossimit�,,del civico n.,656,,Scontro frontale/laterale SX fra veicoli in marcia,Rettilineo,Una carreggiata a doppio senso,Asciutto,Asfaltata,Orizzontale,Sereno,Scarso,Buona,Sufficiente,0,0,0,2,12.4214,41.8325,-1,1,Autovettura privata,In marcia / fermata / arresto,Conducente,M,Illeso,0,,Utilizzato,Esploso,,
3938940,15,31/07/2018 01:30:00,Strada Urbana,VIA DELLA MAGLIANA,in prossimit�,,del civico n.,656,,Scontro frontale/laterale SX fra veicoli in marcia,Rettilineo,Una carreggiata a doppio senso,Asciutto,Asfaltata,Orizzontale,Sereno,Scarso,Buona,Sufficiente,0,0,0,2,12.4214,41.8325,-1,2,Autovettura privata,In marcia / fermata / arresto,Conducente,M,Illeso,0,,Utilizzato,Esploso,,
3938941,11,30/07/2018 11:50:00,Strada Urbana,VIA CRISTOFORO COLOMBO,da specificare,,,,PROSSIMITA' PIAZZA ELIO RUFINO,Scontro laterale fra veicoli in marcia,Rettilineo,Pi� di due carreggiate,Asciutto,Asfaltata,Verticale ed orizzontale,Sereno,Intenso,Buona,Ore Diurne,0,0,0,4,12.4965,41.8586,-1,1,Autovettura privata,In marcia / fermata / arresto,Conducente,M,Illeso,0,,,,,
3938941,11,30/07/2018 11:50:00,Strada Urbana,VIA CRISTOFORO COLOMBO,da specificare,,,,PROSSIMITA' PIAZZA ELIO RUFINO,Scontro laterale fra veicoli in marcia,Rettilineo,Pi� di due carreggiate,Asciutto,Asfaltata,Verticale ed orizzontale,Sereno,Intenso,Buona,Ore Diurne,0,0,0,4,12.4965,41.8586,-1,1,Autovettura privata,In marcia / fermata / arresto,Passeggero,F,Illeso,0,,,,,
3938941,11,30/07/2018 11:50:00,Strada Urbana,VIA CRISTOFORO COLOMBO,da specificare,,,,PROSSIMITA' PIAZZA ELIO RUFINO,Scontro laterale fra veicoli in marcia,Rettilineo,Pi� di due carreggiate,Asciutto,Asfaltata,Verticale ed orizzontale,Sereno,Intenso,Buona,Ore Diurne,0,0,0,4,12.4965,41.8586,-1,1,Autovettura privata,In marcia / fermata / arresto,Passeggero,M,Illeso,0,,,,,
3938941,11,30/07/2018 11:50:00,Strada Urbana,VIA CRISTOFORO COLOMBO,da specificare,,,,PROSSIMITA' PIAZZA ELIO RUFINO,Scontro laterale fra veicoli in marcia,Rettilineo,Pi� di due carreggiate,Asciutto,Asfaltata,Verticale ed orizzontale,Sereno,Intenso,Buona,Ore Diurne,0,0,0,4,12.4965,41.8586,-1,2,Autovettura privata,In marcia / fermata / arresto,Conducente,F,Illeso,0,,,,,
3938943,11,30/07/2018 23:10:00,Strada Urbana,LARGO BENEDETTO BOMPIANI,in corrispondenza,,del civico n.,10,,Veicolo in marcia contro veicolo in sosta,Rotatoria,Una carreggiata a senso unico di marcia,Asciutto,Asfaltata,Verticale ed orizzontale,Sereno,Scarso,Sufficiente,Sufficiente,0,0,0,1,12.5022,41.8589,-1,1,Autovettura privata,In marcia / fermata / arresto,Conducente,F,Illeso,0,,,,,
3938957,13,30/07/2018 15:10:00,Strada Urbana,VIA OSTIENSE,in corrispondenza,,del civico n.,2193,,Scontro frontale/laterale SX fra veicoli in marcia,Rettilineo,Una carreggiata a doppio senso,Asciutto,Asfaltata,Verticale,Sereno,Normale,Buona,Ore Diurne,1,0,0,1,12.3225,41.768,-1,1,Autovettura privata,In marcia / fermata / arresto,Conducente,M,Illeso,0,,,,,
3938957,13,30/07/2018 15:10:00,Strada Urbana,VIA OSTIENSE,in corrispondenza,,del civico n.,2193,,Scontro frontale/laterale SX fra veicoli in marcia,Rettilineo,Una carreggiata a doppio senso,Asciutto,Asfaltata,Verticale,Sereno,Normale,Buona,Ore Diurne,1,0,0,1,12.3225,41.768,-1,2,Motociclo con passeggero,In marcia / fermata / arresto,Conducente,M,Rimandato,0,NON DECEDUTO,,,,
3938980,5,30/07/2018 15:30:00,Strada Urbana,VIA DONATO MENICHELLA,all'intersezione con,VIA ROSARIO NICOLO',VIA ROSARIO NICOLO',,,Scontro laterale fra veicoli in marcia,Incrocio,Una carreggiata a senso unico di marcia,Asciutto,Asfaltata,Verticale ed orizzontale,Sereno,Scarso,Buona,Ore Diurne,0,0,0,3,12.5885,41.9467,-1,1,Autovettura privata,In marcia / fermata / arresto,Conducente,M,Illeso,0,,Non accertato,Inesploso,,
3938980,5,30/07/2018 15:30:00,Strada Urbana,VIA DONATO MENICHELLA,all'intersezione con,VIA ROSARIO NICOLO',VIA ROSARIO NICOLO',,,Scontro laterale fra veicoli in marcia,Incrocio,Una carreggiata a senso unico di marcia,Asciutto,Asfaltata,Verticale ed orizzontale,Sereno,Scarso,Buona,Ore Diurne,0,0,0,3,12.5885,41.9467,-1,1,Autovettura privata,In marcia / fermata / arresto,Passeggero,F,Illeso,0,,Non accertato,Inesploso,,
3938980,5,30/07/2018 15:30:00,Strada Urbana,VIA DONATO MENICHELLA,all'intersezione con,VIA ROSARIO NICOLO',VIA ROSARIO NICOLO',,,Scontro laterale fra veicoli in marcia,Incrocio,Una carreggiata a senso unico di marcia,Asciutto,Asfaltata,Verticale ed orizzontale,Sereno,Scarso,Buona,Ore Diurne,0,0,0,3,12.5885,41.9467,-1,2,Autovettura privata,In marcia / fermata / arresto,Conducente,M,Illeso,0,,Non accertato,Inesploso,,