Protocollo,Gruppo,DataOraIncidente,Localizzazione1,STRADA1,Localizzazione2,STRADA2,Strada02,Chilometrica,DaSpecificare,NaturaIncidente,particolaritastrade,TipoStrada,FondoStradale,Pavimentazione,Segnaletica,CondizioneAtmosferica,Traffico,Visibilita,Illuminazione,NUM_FERITI,NUM_RISERVATA,NUM_MORTI,NUM_ILLESI,Longitudine,Latitudine,Confermato,Progressivo,TipoVeicolo,StatoVeicolo,TipoPersona,Sesso,Tipolesione,Deceduto,DecedutoDopo,CinturaCascoUtilizzato,Airbag,,
3938989,11,31/07/2018 07:20:00,Strada Urbana,VIA ROSA RAIMONDI GARIBALDI,all'intersezione con,VIA ROSA GUARNIERI CARDUCCI,VIA ROSA GUARNIERI CARDUCCI,,,Scontro frontale/laterale SX fra veicoli in marcia,Intersezione stradale segnalata,Una carreggiata a doppio senso,Asciutto,Asfaltata,Verticale ed orizzontale,Sereno,Normale,Buona,Ore Diurne,2,0,0,1,12.491,41.8576,-1,1,Autovettura privata,In marcia / fermata / arresto,Conducente,M,Rifiuta cure immediate,0,NON DECEDUTO,Non accertato,Inesploso,,
3938989,11,31/07/2018 07:20:00,Strada Urbana,VIA ROSA RAIMONDI GARIBALDI,all'intersezione con,VIA ROSA GUARNIERI CARDUCCI,VIA ROSA GUARNIERI CARDUCCI,,,Scontro frontale/laterale SX fra veicoli in marcia,Intersezione stradale segnalata,Una carreggiata a doppio senso,Asciutto,Asfaltata,Verticale ed orizzontale,Sereno,Normale,Buona,Ore Diurne,2,0,0,1,12.491,41.8576,-1,1,Autovettura privata,In marcia / fermata / arresto,Passeggero,F,Illeso,0,,Non accertato,Inesploso,,
3938989,11,31/07/2018 07:20:00,Strada Urbana,VIA ROSA RAIMONDI GARIBALDI,all'intersezione con,VIA ROSA GUARNIERI CARDUCCI,VIA ROSA GUARNIERI CARDUCCI,,,Scontro frontale/laterale SX fra veicoli in marcia,Intersezione stradale segnalata,Una carreggiata a doppio senso,Asciutto,Asfaltata,Verticale ed orizzontale,Sereno,Normale,Buona,Ore Diurne,2,0,0,1,12.491,41.8576,-1,2,Autovettura privata,In marcia / fermata / arresto,Conducente,M,Rifiuta cure immediate,0,NON DECEDUTO,Non accertato,Inesploso,,
3938990,5,30/07/2018 18:10:00,Strada Urbana,VIA DI SALONE,all'intersezione con,VIA CASTEL SAN PIETRO ROMANO,VIA CASTEL SAN PIETRO ROMANO,,,Scontro frontale/laterale DX fra veicoli in marcia,Incrocio,Una carreggiata a doppio senso,Asciutto,Asfaltata,Verticale ed orizzontale,Sereno,Intenso,Buona,Ore Diurne,1,0,0,1,12.6273,41.9305,-1,1,Autovettura privata,In marcia / fermata / arresto,Conducente,F,Illeso,0,,Non accertato,,,
3938990,5,30/07/2018 18:10:00,Strada Urbana,VIA DI SALONE,all'intersezione con,VIA CASTEL SAN PIETRO ROMANO,VIA CASTEL SAN PIETRO ROMANO,,,Scontro frontale/laterale DX fra veicoli in marcia,Incrocio,Una carreggiata a doppio senso,Asciutto,Asfaltata,Verticale ed orizzontale,Sereno,Intenso,Buona,Ore Diurne,1,0,0,1,12.6273,41.9305,-1,2,Motociclo a solo,In marcia / fermata / arresto,Conducente,M,Rimandato,0,NON DECEDUTO,Non accertato,,,
3938995,20,30/07/2018 10:30:00,Strada Urbana,VIA FLAMINIA NUOVA,da specificare,,,,prossimit� Via Bomarzo,Ribaltamento senza urto contro ostacolo fisso,Rettilineo,Due carreggiate,Asciutto,Asfaltata,Verticale ed orizzontale,Sereno,Normale,Buona,Ore Diurne,1,0,0,2,12.4792,41.9609,-1,1,Autovettura privata,In marcia / fermata / arresto,Conducente,M,Illeso,0,,Non accertato,Inesploso,,
3938995,20,30/07/2018 10:30:00,Strada Urbana,VIA FLAMINIA NUOVA,da specificare,,,,prossimit� Via Bomarzo,Ribaltamento senza urto contro ostacolo fisso,Rettilineo,Due carreggiate,Asciutto,Asfaltata,Verticale ed orizzontale,Sereno,Normale,Buona,Ore Diurne,1,0,0,2,12.4792,41.9609,-1,1,Autovettura privata,In marcia / fermata / arresto,Passeggero,F,Illeso,0,,Non accertato,Inesploso,,
3938995,20,30/07/2018 10:30:00,Strada Urbana,VIA FLAMINIA NUOVA,da specificare,,,,prossimit� Via Bomarzo,Ribaltamento senza urto contro ostacolo fisso,Rettilineo,Due carreggiate,Asciutto,Asfaltata,Verticale ed orizzontale,Sereno,Normale,Buona,Ore Diurne,1,0,0,2,12.4792,41.9609,-1,2,Motociclo a solo,In marcia / fermata / arresto,Conducente,M,Rimandato,0,NON DECEDUTO,,,,
3939008,20,30/07/2018 12:30:00,Strada Urbana,VIA FLAMINIA,in corrispondenza,,della chilometrica,7.9,,Tamponamento Multiplo,Rettilineo,Due carreggiate,Asciutto,Asfaltata,Verticale ed orizzontale,Sereno,Intenso,Buona,Ore Diurne,0,0,0,5,12.4718,41.9419,-1,1,Autovettura privata,In marcia / fermata / arresto,Conducente,M,Illeso,0,,Non accertato,Inesploso,,
3939008,20,30/07/2018 12:30:00,Strada Urbana,VIA FLAMINIA,in corrispondenza,,della chilometrica,7.9,,Tamponamento Multiplo,Rettilineo,Due carreggiate,Asciutto,Asfaltata,Verticale ed orizzontale,Sereno,Intenso,Buona,Ore Diurne,0,0,0,5,12.4718,41.9419,-1,1,Autovettura privata,In marcia / fermata / arresto,Passeggero,F,Illeso,0,,Non accertato,Inesploso,,
3939008,20,30/07/2018 12:30:00,Strada Urbana,VIA FLAMINIA,in corrispondenza,,della chilometrica,7.9,,Tamponamento Multiplo,Rettilineo,Due carreggiate,Asciutto,Asfaltata,Verticale ed orizzontale,Sereno,Intenso,Buona,Ore Diurne,0,0,0,5,12.4718,41.9419,-1,2,Autovettura privata,In marcia / fermata / arresto,Conducente,M,Illeso,0,,Non accertato,Inesploso,,
3939008,20,30/07/2018 12:30:00,Strada Urbana,VIA FLAMINIA,in corrispondenza,,della chilometrica,7.9,,Tamponamento Multiplo,Rettilineo,Due carreggiate,Asciutto,Asfaltata,Verticale ed orizzontale,Sereno,Intenso,Buona,Ore Diurne,0,0,0,5,12.4718,41.9419,-1,2,Autovettura privata,In marcia / fermata / arresto,Passeggero,F,Illeso,0,,Non accertato,Inesploso,,
3939008,20,30/07/2018 12:30:00,Strada Urbana,VIA FLAMINIA,in corrispondenza,,della chilometrica,7.9,,Tamponamento Multiplo,Rettilineo,Due carreggiate,Asciutto,Asfaltata,Verticale ed orizzontale,Sereno,Intenso,Buona,Ore Diurne,0,0,0,5,12.4718,41.9419,-1,3,Autovettura privata,In marcia / fermata / arresto,Conducente,M,Illeso,0,,Non accertato,Inesploso,,
3939010,5,30/07/2018 20:45:00,Strada Urbana,VIA DEI MONTI TIBURTINI,all'intersezione semaforizzata con,VIA DEI DURANTINI,VIA DEI DURANTINI,,,Scontro laterale fra veicoli in marcia,Intersezione semaforizzata,Due carreggiate,Asciutto,Asfaltata,Verticale ed orizzontale,Sereno,Scarso,Buona,Sufficiente,0,0,0,2,12.5431,41.9171,-1,1,Motociclo a solo,In marcia / fermata / arresto,Conducente,F,Illeso,0,,Non accertato,,,
3939010,5,30/07/2018 20:45:00,Strada Urbana,VIA DEI MONTI TIBURTINI,all'intersezione semaforizzata con,VIA DEI DURANTINI,VIA DEI DURANTINI,,,Scontro laterale fra veicoli in marcia,Intersezione semaforizzata,Due carreggiate,Asciutto,Asfaltata,Verticale ed orizzontale,Sereno,Scarso,Buona,Sufficiente,0,0,0,2,12.5431,41.9171,-1,2,Autovettura privata,In marcia / fermata / arresto,Conducente,M,Illeso,0,,Non accertato,Inesploso,,
3939020,8,30/07/2018 16:20:00,Strada Urbana,VIA DI TOR BELLA MONACA,all'intersezione con,VIALE DUILIO CAMBELLOTTI,VIALE DUILIO CAMBELLOTTI,,,Scontro frontale/laterale DX fra veicoli in marcia,Incrocio,Una carreggiata a senso unico di marcia,Asciutto,Asfaltata,Verticale ed orizzontale,Sereno,Normale,Buona,Ore Diurne,1,0,0,1,12.6335,41.8701,-1,1,Motociclo a solo,In marcia / fermata / arresto,Conducente,M,Rimandato,0,NON DECEDUTO,Non accertato,,,
3939020,8,30/07/2018 16:20:00,Strada Urbana,VIA DI TOR BELLA MONACA,all'intersezione con,VIALE DUILIO CAMBELLOTTI,VIALE DUILIO CAMBELLOTTI,,,Scontro frontale/laterale DX fra veicoli in marcia,Incrocio,Una carreggiata a senso unico di marcia,Asciutto,Asfaltata,Verticale ed orizzontale,Sereno,Normale,Buona,Ore Diurne,1,0,0,1,12.6335,41.8701,-1,2,Autovettura privata,In marcia / fermata / arresto,Conducente,M,Illeso,0,,Non accertato,Inesploso,,
3939021,17,30/07/2018 20:10:00,Strada Urbana,PIAZZA DELLE CINQUE GIORNATE,all'intersezione semaforizzata con,PONTE GIACOMO MATTEOTTI,PONTE GIACOMO MATTEOTTI,,,Infortunio per sola frenata improvvisa,Intersezione semaforizzata,Due carreggiate,Asciutto,Asfaltata,Verticale ed orizzontale,Sereno,Normale,Buona,Sufficiente,2,0,0,0,12.4692,41.9142,-1,1,Motociclo con passeggero,In marcia / fermata / arresto,Conducente,M,Rimandato,0,NON DECEDUTO,,,,
3939021,17,30/07/2018 20:10:00,Strada Urbana,PIAZZA DELLE CINQUE GIORNATE,all'intersezione semaforizzata con,PONTE GIACOMO MATTEOTTI,PONTE GIACOMO MATTEOTTI,,,Infortunio per sola frenata improvvisa,Intersezione semaforizzata,Due carreggiate,Asciutto,Asfaltata,Verticale ed orizzontale,Sereno,Normale,Buona,Sufficiente,2,0,0,0,12.4692,41.9142,-1,1,Motociclo con passeggero,In marcia / fermata / arresto,Passeggero,M,Rimandato,0,NON DECEDUTO,,,,
3939100,4,30/07/2018 15:00:00,Statale entro l'abitato,VIA SALARIA,in prossimit�,,del civico n.,665,,Tamponamento,Curva a visuale libera,Una carreggiata a senso unico di marcia,Asciutto,Asfaltata,Verticale ed orizzontale,Sereno,Normale,Buona,Ore Diurne,0,0,0,3,12.5065,41.94,-1,1,Autovettura privata,In marcia / fermata / arresto,Conducente,M,Illeso,0,,Non accertato,Inesploso,,
3939100,4,30/07/2018 15:00:00,Statale entro l'abitato,VIA SALARIA,in prossimit�,,del civico n.,665,,Tamponamento,Curva a visuale libera,Una carreggiata a senso unico di marcia,Asciutto,Asfaltata,Verticale ed orizzontale,Sereno,Normale,Buona,Ore Diurne,0,0,0,3,12.5065,41.94,-1,1,Autovettura privata,In marcia / fermata / arresto,Passeggero,F,Illeso,0,,Non accertato,Inesploso,,
3939100,4,30/07/2018 15:00:00,Statale entro l'abitato,VIA SALARIA,in prossimit�,,del civico n.,665,,Tamponamento,Curva a visuale libera,Una carreggiata a senso unico di marcia,Asciutto,Asfaltata,Verticale ed orizzontale,Sereno,Normale,Buona,Ore Diurne,0,0,0,3,12.5065,41.94,-1,2,Autovettura privata,In marcia / fermata / arresto,Conducente,F,Illeso,0,,Non accertato,Inesploso,,
3939109,8,30/07/2018 13:15:00,,VIALE DEI ROMANISTI,in prossimit�,,del civico n.,19,,Veicolo in marcia contro ostacolo accidentale,,,,,,,,,,0,0,0,1,,,0,1,Autobus urbano,In marcia / fermata / arresto,Conducente,M,Illeso,0,,Non accertato,Inesploso,,
3939156,8,30/07/2018 08:20:00,Strada Urbana,VIA ANTEO,all'intersezione con,VIA ATLANTE,VIA ATLANTE,,,Scontro frontale/laterale SX fra veicoli in marcia,Incrocio,Una carreggiata a doppio senso,Asciutto,Asfaltata,Verticale,Sereno,Scarso,Buona,Ore Diurne,1,0,0,2,12.616,41.8806,-1,1,Autovettura privata,In marcia / fermata / arresto,Conducente,F,Rifiuta cure immediate,0,NON DECEDUTO,Non accertato,Inesploso,,
3939156,8,30/07/2018 08:20:00,Strada Urbana,VIA ANTEO,all'intersezione con,VIA ATLANTE,VIA ATLANTE,,,Scontro frontale/laterale SX fra veicoli in marcia,Incrocio,Una carreggiata a doppio senso,Asciutto,Asfaltata,Verticale,Sereno,Scarso,Buona,Ore Diurne,1,0,0,2,12.616,41.8806,-1,2,Autovettura privata,In marcia / fermata / arresto,Conducente,M,Illeso,0,,Non accertato,Inesploso,,
3939156,8,30/07/2018 08:20:00,Strada Urbana,VIA ANTEO,all'intersezione con,VIA ATLANTE,VIA ATLANTE,,,Scontro frontale/laterale SX fra veicoli in marcia,Incrocio,Una carreggiata a doppio senso,Asciutto,Asfaltata,Verticale,Sereno,Scarso,Buona,Ore Diurne,1,0,0,2,12.616,41.8806,-1,2,Autovettura privata,In marcia / fermata / arresto,Passeggero,M,Illeso,0,,Non accertato,,,
3939169,11,31/07/2018 08:50:00,Strada Urbana,VIA CRISTOFORO COLOMBO,all'intersezione semaforizzata con,VIA GIOVANNI GENOCCHI,VIA GIOVANNI GENOCCHI,,,Scontro laterale fra veicoli in marcia,Intersezione semaforizzata,Pi� di due carreggiate,Asciutto,Asfaltata,Verticale ed orizzontale,Sereno,Normale,Buona,Ore Diurne,1,0,0,1,12.4964,41.8587,-1,1,Motociclo a solo,In marcia / fermata / arresto,Conducente,M,Illeso,0,,Non accertato,,,
3939169,11,31/07/2018 08:50:00,Strada Urbana,VIA CRISTOFORO COLOMBO,all'intersezione semaforizzata con,VIA GIOVANNI GENOCCHI,VIA GIOVANNI GENOCCHI,,,Scontro laterale fra veicoli in marcia,Intersezione semaforizzata,Pi� di due carreggiate,Asciutto,Asfaltata,Verticale ed orizzontale,Sereno,Normale,Buona,Ore Diurne,1,0,0,1,12.4964,41.8587,-1,2,Motociclo a solo,In marcia / fermata / arresto,Conducente,M,Rimandato,0,NON DECEDUTO,Non accertato,,,
3939200,2,30/07/2018 18:50:00,Strada Urbana,VIA GUIDO RENI,in prossimit�,,del civico n.,23,,Veicolo in marcia contro ostacolo fisso,Rettilineo,Una carreggiata a doppio senso,Asciutto,Asfaltata,Verticale ed orizzontale,Sereno,Normale,Buona,Ore Diurne,0,0,0,2,12.4645,41.9274,-1,1,Autovettura di polizia,In marcia / fermata / arresto,Conducente,M,Illeso,0,,Non accertato,Inesploso,,
3939200,2,30/07/2018 18:50:00,Strada Urbana,VIA GUIDO RENI,in prossimit�,,del civico n.,23,,Veicolo in marcia contro ostacolo fisso,Rettilineo,Una carreggiata a doppio senso,Asciutto,Asfaltata,Verticale ed orizzontale,Sereno,Normale,Buona,Ore Diurne,0,0,0,2,12.4645,41.9274,-1,1,Autovettura di polizia,In marcia / fermata / arresto,Passeggero,M,Illeso,0,,Non accertato,Inesploso,,
3939210,6,31/07/2018 08:20:00,Strada Urbana,VIA ROBERTO MALATESTA,in corrispondenza,,del civico n.,85,,Investimento di pedone,Rettilineo,Due carreggiate,Asciutto,Asfaltata,Verticale ed orizzontale,Sereno,Normale,Buona,Ore Diurne,1,0,0,2,12.5384,41.8875,-1,,,,Pedone,F,Rimandato,0,NON DECEDUTO,,,,
3939210,6,31/07/2018 08:20:00,Strada Urbana,VIA ROBERTO MALATESTA,in corrispondenza,,del civico n.,85,,Investimento di pedone,Rettilineo,Due carreggiate,Asciutto,Asfaltata,Verticale ed orizzontale,Sereno,Normale,Buona,Ore Diurne,1,0,0,2,12.5384,41.8875,-1,1,Autovettura privata,In marcia / fermata / arresto,Conducente,M,Illeso,0,,,,,
3939210,6,31/07/2018 08:20:00,Strada Urbana,VIA ROBERTO MALATESTA,in corrispondenza,,del civico n.,85,,Investimento di pedone,Rettilineo,Due carreggiate,Asciutto,Asfaltata,Verticale ed orizzontale,Sereno,Normale,Buona,Ore Diurne,1,0,0,2,12.5384,41.8875,-1,1,Autovettura privata,In marcia / fermata / arresto,Passeggero,F,Illeso,0,,,,,
3939218,2,31/07/2018 00:20:00,Strada Urbana,VIA CASSIA,in prossimit�,,della chilometrica,14.7,,Veicolo in marcia contro ostacolo accidentale,Rettilineo,Una carreggiata a doppio senso,Asciutto,Asfaltata,Verticale ed orizzontale,Sereno,Scarso,Sufficiente,Sufficiente,0,0,0,2,12.4629,41.948,-1,1,Autovettura privata,In marcia / fermata / arresto,Conducente,M,Illeso,0,,,,,
3939218,2,31/07/2018 00:20:00,Strada Urbana,VIA CASSIA,in prossimit�,,della chilometrica,14.7,,Veicolo in marcia contro ostacolo accidentale,Rettilineo,Una carreggiata a doppio senso,Asciutto,Asfaltata,Verticale ed orizzontale,Sereno,Scarso,Sufficiente,Sufficiente,0,0,0,2,12.4629,41.948,-1,1,Autovettura privata,In marcia / fermata / arresto,Passeggero,M,Illeso,0,,,,,
3939234,12,27/07/2018 11:40:00,Strada Urbana,VIALE CESARE PAVESE,in corrispondenza,,del civico n.,453,,Veicolo in marcia contro veicolo in sosta,Rettilineo,Due carreggiate,Asciutto,Asfaltata,Verticale ed orizzontale,Sereno,Normale,Buona,Ore Diurne,0,0,0,1,12.4679,41.8182,-1,1,Autovettura privata,In marcia / fermata / arresto,Conducente,F,Illeso,0,,Non accertato,Inesploso,,
3939256,8,30/07/2018 19:53:00,Strada Urbana,VIA DI VERMICINO,da specificare,,,,fronte civico 53,Veicolo in marcia contro veicolo in sosta,Rettilineo,Una carreggiata a senso unico di marcia,Asciutto,Sterrata,Assente,Nebbia,Normale,Buona,Ore Diurne,0,0,0,1,12.6612,41.8424,-1,1,Autovettura privata,In marcia / fermata / arresto,Conducente,M,Illeso,0,,Non accertato,Inesploso,,
3939259,7,31/07/2018 09:00:00,Strada Urbana,VIA DELLE GIUNCHIGLIE,in corrispondenza,,del civico n.,19a,,Veicolo in marcia contro veicolo in sosta,Rettilineo,Una carreggiata a doppio senso,Asciutto,Asfaltata,Orizzontale,Sereno,Normale,Buona,Ore Diurne,0,0,0,3,12.5651,41.8809,-1,1,Autovettura privata,In marcia / fermata / arresto,Conducente,M,Illeso,0,,Non accertato,Inesploso,,
3939259,7,31/07/2018 09:00:00,Strada Urbana,VIA DELLE GIUNCHIGLIE,in corrispondenza,,del civico n.,19a,,Veicolo in marcia contro veicolo in sosta,Rettilineo,Una carreggiata a doppio senso,Asciutto,Asfaltata,Orizzontale,Sereno,Normale,Buona,Ore Diurne,0,0,0,3,12.5651,41.8809,-1,2,Autovettura privata,Sosta,Passeggero,F,Illeso,0,,,,,
3939263,10,30/07/2018 08:30:00,Strada Urbana,VIALE LUIGI SCHIAVONETTI,da specificare,,,,altezza fermata bus 79298,Veicolo in marcia contro ostacolo accidentale,Rettilineo,Una carreggiata a senso unico di marcia,Asciutto,Asfaltata,Verticale ed orizzontale,Sereno,Normale,Buona,Ore Diurne,0,0,0,1,12.6053,41.8434,-1,1,Autovettura privata,In marcia / fermata / arresto,Conducente,M,Illeso,0,,Non accertato,Inesploso,,
3939279,12,27/07/2018 10:05:00,Strada Urbana,VIALE DEL PATTINAGGIO,all'intersezione con,VIA DELLE TRE FONTANE,VIA DELLE TRE FONTANE,,,Scontro laterale fra veicoli in marcia,Intersezione semaforizzata,Una carreggiata a senso unico di marcia,Asciutto,Asfaltata,Verticale ed orizzontale,Sereno,Normale,Buona,Ore Diurne,0,0,0,3,12.472,41.8417,-1,1,Autocarro inferiore 35 q.,In marcia / fermata / arresto,Conducente,M,Illeso,0,,Non accertato,Inesploso,,
3939279,12,27/07/2018 10:05:00,Strada Urbana,VIALE DEL PATTINAGGIO,all'intersezione con,VIA DELLE TRE FONTANE,VIA DELLE TRE FONTANE,,,Scontro laterale fra veicoli in marcia,Intersezione semaforizzata,Una carreggiata a senso unico di marcia,Asciutto,Asfaltata,Verticale ed orizzontale,Sereno,Normale,Buona,Ore Diurne,0,0,0,3,12.472,41.8417,-1,1,Autocarro inferiore 35 q.,In marcia / fermata / arresto,Passeggero,M,Illeso,0,,Utilizzato,Inesploso,,
3939279,12,27/07/2018 10:05:00,Strada Urbana,VIALE DEL PATTINAGGIO,all'intersezione con,VIA DELLE TRE FONTANE,VIA DELLE TRE FONTANE,,,Scontro laterale fra veicoli in marcia,Intersezione semaforizzata,Una carreggiata a senso unico di marcia,Asciutto,Asfaltata,Verticale ed orizzontale,Sereno,Normale,Buona,Ore Diurne,0,0,0,3,12.472,41.8417,-1,2,Autovettura pubblica,In marcia / fermata / arresto,Conducente,M,Illeso,0,,Utilizzato,Inesploso,,
3939310,15,31/07/2018 10:55:00,Strada Urbana,PIAZZA ANTONIO MEUCCI,all'intersezione con,VIA ODERISI DA GUBBIO,VIA ODERISI DA GUBBIO,,,Scontro laterale fra veicoli in marcia,Incrocio,Una carreggiata a doppio senso,Asciutto,Asfaltata,Verticale ed orizzontale,Sereno,Intenso,Buona,Ore Diurne,0,0,0,4,12.464,41.8624,-1,1,Autovettura privata,In marcia / fermata / arresto,Conducente,M,Illeso,0,,Non accertato,Inesploso,,
3939310,15,31/07/2018 10:55:00,Strada Urbana,PIAZZA ANTONIO MEUCCI,all'intersezione con,VIA ODERISI DA GUBBIO,VIA ODERISI DA GUBBIO,,,Scontro laterale fra veicoli in marcia,Incrocio,Una carreggiata a doppio senso,Asciutto,Asfaltata,Verticale ed orizzontale,Sereno,Intenso,Buona,Ore Diurne,0,0,0,4,12.464,41.8624,-1,1,Autovettura privata,In marcia / fermata / arresto,Passeggero,F,Illeso,0,,Non accertato,Inesploso,,
3939310,15,31/07/2018 10:55:00,Strada Urbana,PIAZZA ANTONIO MEUCCI,all'intersezione con,VIA ODERISI DA GUBBIO,VIA ODERISI DA GUBBIO,,,Scontro laterale fra veicoli in marcia,Incrocio,Una carreggiata a doppio senso,Asciutto,Asfaltata,Verticale ed orizzontale,Sereno,Intenso,Buona,Ore Diurne,0,0,0,4,12.464,41.8624,-1,2,Autocarro superiore 35 q.,In marcia / fermata / arresto,Conducente,M,Illeso,0,,Non accertato,Inesistente,,
3939310,15,31/07/2018 10:55:00,Strada Urbana,PIAZZA ANTONIO MEUCCI,all'intersezione con,VIA ODERISI DA GUBBIO,VIA ODERISI DA GUBBIO,,,Scontro laterale fra veicoli in marcia,Incrocio,Una carreggiata a doppio senso,Asciutto,Asfaltata,Verticale ed orizzontale,Sereno,Intenso,Buona,Ore Diurne,0,0,0,4,12.464,41.8624,-1,2,Autocarro superiore 35 q.,In marcia / fermata / arresto,Passeggero,M,Illeso,0,,Non accertato,Inesistente,,
3939342,10,30/07/2018 08:50:00,Strada Urbana,VIALE LUIGI SCHIAVONETTI,da specificare,,,,altezza fermata bus 79298,Veicolo in marcia contro ostacolo accidentale,Rettilineo,Una carreggiata a senso unico di marcia,Asciutto,Asfaltata,Verticale ed orizzontale,Sereno,Normale,Buona,Ore Diurne,0,0,0,1,12.6053,41.8434,-1,1,Autovettura privata,In marcia / fermata / arresto,Conducente,M,Illeso,0,,Non accertato,Inesploso,,
3939344,10,30/07/2018 10:20:00,Strada Urbana,VIA TUSCOLANA,in prossimit�,,del civico n.,1091b,,Tamponamento Multiplo,Rettilineo,Due carreggiate,Asciutto,Asfaltata,Verticale ed orizzontale,Sereno,Normale,Buona,Ore Diurne,0,0,0,4,12.5842,41.8429,-1,1,Autovettura privata,In marcia / fermata / arresto,Conducente,M,Illeso,0,,Non accertato,Inesploso,,
3939344,10,30/07/2018 10:20:00,Strada Urbana,VIA TUSCOLANA,in prossimit�,,del civico n.,1091b,,Tamponamento Multiplo,Rettilineo,Due carreggiate,Asciutto,Asfaltata,Verticale ed orizzontale,Sereno,Normale,Buona,Ore Diurne,0,0,0,4,12.5842,41.8429,-1,2,Autovettura privata,In marcia / fermata / arresto,Conducente,M,Illeso,0,,Non accertato,Inesploso,,
3939344,10,30/07/2018 10:20:00,Strada Urbana,VIA TUSCOLANA,in prossimit�,,del civico n.,1091b,,Tamponamento Multiplo,Rettilineo,Due carreggiate,Asciutto,Asfaltata,Verticale ed orizzontale,Sereno,Normale,Buona,Ore Diurne,0,0,0,4,12.5842,41.8429,-1,3,Autocarro inferiore 35 q.,In marcia / fermata / arresto,Conducente,M,Illeso,0,,Non accertato,Inesploso,,
3939344,10,30/07/2018 10:20:00,Strada Urbana,VIA TUSCOLANA,in prossimit�,,del civico n.,1091b,,Tamponamento Multiplo,Rettilineo,Due carreggiate,Asciutto,Asfaltata,Verticale ed orizzontale,Sereno,Normale,Buona,Ore Diurne,0,0,0,4,12.5842,41.8429,-1,3,Autocarro inferiore 35 q.,In marcia / fermata / arresto,Passeggero,M,Illeso,0,,Non accertato,Inesploso,,
3939352,2,28/07/2018 09:50:00,Strada Urbana,VIALE PARIOLI,in prossimit�,,del civico n.,fr.200,,Veicolo in marcia contro ostacolo accidentale,Rettilineo,Una carreggiata a doppio senso,Asciutto,Asfaltata,Verticale ed orizzontale,Sereno,Normale,Buona,Ore Diurne,0,0,0,1,12.4857,41.9295,-1,1,Autovettura privata,In marcia / fermata / arresto,Conducente,M,Illeso,0,,Non accertato,Inesploso,,
3939388,10,30/07/2018 19:30:00,Strada Urbana,VIA FATTORIA RAMPA,da specificare,,,,parcheggio IKEA,Scontro frontale/laterale SX fra veicoli in marcia,Rettilineo,Due carreggiate,Asciutto,Asfaltata,Verticale ed orizzontale,Sereno,Normale,Buona,Ore Diurne,0,0,0,4,12.5932,41.8352,-1,1,Autovettura privata,In marcia / fermata / arresto,Conducente,M,Illeso,0,,Non accertato,Inesploso,,
3939388,10,30/07/2018 19:30:00,Strada Urbana,VIA FATTORIA RAMPA,da specificare,,,,parcheggio IKEA,Scontro frontale/laterale SX fra veicoli in marcia,Rettilineo,Due carreggiate,Asciutto,Asfaltata,Verticale ed orizzontale,Sereno,Normale,Buona,Ore Diurne,0,0,0,4,12.5932,41.8352,-1,1,Autovettura privata,In marcia / fermata / arresto,Passeggero,F,Illeso,0,,Non accertato,Inesploso,,
3939388,10,30/07/2018 19:30:00,Strada Urbana,VIA FATTORIA RAMPA,da specificare,,,,parcheggio IKEA,Scontro frontale/laterale SX fra veicoli in marcia,Rettilineo,Due carreggiate,Asciutto,Asfaltata,Verticale ed orizzontale,Sereno,Normale,Buona,Ore Diurne,0,0,0,4,12.5932,41.8352,-1,2,Autovettura privata,In marcia / fermata / arresto,Conducente,M,Illeso,0,,Non accertato,Inesploso,,
3939388,10,30/07/2018 19:30:00,Strada Urbana,VIA FATTORIA RAMPA,da specificare,,,,parcheggio IKEA,Scontro frontale/laterale SX fra veicoli in marcia,Rettilineo,Due carreggiate,Asciutto,Asfaltata,Verticale ed orizzontale,Sereno,Normale,Buona,Ore Diurne,0,0,0,4,12.5932,41.8352,-1,2,Autovettura privata,In marcia / fermata / arresto,Passeggero,M,Illeso,0,,Non accertato,Inesploso,,
3939401,6,31/07/2018 10:50:00,Strada Urbana,VIA CASILINA,in corrispondenza,,del civico n.,181,,Tamponamento Multiplo,Rettilineo,Due carreggiate,Asciutto,Asfaltata,Temporanea di cantiere,Sereno,Intenso,Buona,Ore Diurne,2,0,0,2,12.5254,41.8876,-1,1,Autovettura privata,In marcia / fermata / arresto,Conducente,F,Illeso,0,,,,,
3939401,6,31/07/2018 10:50:00,Strada Urbana,VIA CASILINA,in corrispondenza,,del civico n.,181,,Tamponamento Multiplo,Rettilineo,Due carreggiate,Asciutto,Asfaltata,Temporanea di cantiere,Sereno,Intenso,Buona,Ore Diurne,2,0,0,2,12.5254,41.8876,-1,2,Autovettura privata,In marcia / fermata / arresto,Conducente,F,Rimandato,0,NON DECEDUTO,,,,
3939401,6,31/07/2018 10:50:00,Strada Urbana,VIA CASILINA,in corrispondenza,,del civico n.,181,,Tamponamento Multiplo,Rettilineo,Due carreggiate,Asciutto,Asfaltata,Temporanea di cantiere,Sereno,Intenso,Buona,Ore Diurne,2,0,0,2,12.5254,41.8876,-1,2,Autovettura privata,In marcia / fermata / arresto,Passeggero,M,Rimandato,0,NON DECEDUTO,,,,
3939401,6,31/07/2018 10:50:00,Strada Urbana,VIA CASILINA,in corrispondenza,,del civico n.,181,,Tamponamento Multiplo,Rettilineo,Due carreggiate,Asciutto,Asfaltata,Temporanea di cantiere,Sereno,Intenso,Buona,Ore Diurne,2,0,0,2,12.5254,41.8876,-1,3,Autovettura privata,In marcia / fermata / arresto,Conducente,M,Illeso,0,,,,,