Protocollo,Gruppo,DataOraIncidente,Localizzazione1,STRADA1,Localizzazione2,STRADA2,Strada02,Chilometrica,DaSpecificare,NaturaIncidente,particolaritastrade,TipoStrada,FondoStradale,Pavimentazione,Segnaletica,CondizioneAtmosferica,Traffico,Visibilita,Illuminazione,NUM_FERITI,NUM_RISERVATA,NUM_MORTI,NUM_ILLESI,Longitudine,Latitudine,Confermato,Progressivo,TipoVeicolo,StatoVeicolo,TipoPersona,Sesso,Tipolesione,Deceduto,DecedutoDopo,CinturaCascoUtilizzato,Airbag,,
3939411,3,30/07/2018 18:00:00,Strada Urbana,CIRCONVALLAZIONE TIBURTINA,da specificare,,,,alt ponte Portonaccio dir San Giovanni,Scontro frontale/laterale SX fra veicoli in marcia,Rettilineo,Due carreggiate,Asciutto,Asfaltata,Verticale ed orizzontale,Sereno,Normale,Buona,Ore Diurne,0,0,0,7,12.528,41.8994,-1,1,Autovettura privata,In marcia / fermata / arresto,Conducente,M,Illeso,0,,,Inesploso,,
3939411,3,30/07/2018 18:00:00,Strada Urbana,CIRCONVALLAZIONE TIBURTINA,da specificare,,,,alt ponte Portonaccio dir San Giovanni,Scontro frontale/laterale SX fra veicoli in marcia,Rettilineo,Due carreggiate,Asciutto,Asfaltata,Verticale ed orizzontale,Sereno,Normale,Buona,Ore Diurne,0,0,0,7,12.528,41.8994,-1,1,Autovettura privata,In marcia / fermata / arresto,Passeggero,M,Illeso,0,,Non accertato,Inesploso,,
3939411,3,30/07/2018 18:00:00,Strada Urbana,CIRCONVALLAZIONE TIBURTINA,da specificare,,,,alt ponte Portonaccio dir San Giovanni,Scontro frontale/laterale SX fra veicoli in marcia,Rettilineo,Due carreggiate,Asciutto,Asfaltata,Verticale ed orizzontale,Sereno,Normale,Buona,Ore Diurne,0,0,0,7,12.528,41.8994,-1,1,Autovettura privata,In marcia / fermata / arresto,Passeggero,F,Illeso,0,,Non accertato,Inesploso,,
3939411,3,30/07/2018 18:00:00,Strada Urbana,CIRCONVALLAZIONE TIBURTINA,da specificare,,,,alt ponte Portonaccio dir San Giovanni,Scontro frontale/laterale SX fra veicoli in marcia,Rettilineo,Due carreggiate,Asciutto,Asfaltata,Verticale ed orizzontale,Sereno,Normale,Buona,Ore Diurne,0,0,0,7,12.528,41.8994,-1,1,Autovettura privata,In marcia / fermata / arresto,Passeggero,F,Illeso,0,,Non accertato,Inesploso,,
3939411,3,30/07/2018 18:00:00,Strada Urbana,CIRCONVALLAZIONE TIBURTINA,da specificare,,,,alt ponte Portonaccio dir San Giovanni,Scontro frontale/laterale SX fra veicoli in marcia,Rettilineo,Due carreggiate,Asciutto,Asfaltata,Verticale ed orizzontale,Sereno,Normale,Buona,Ore Diurne,0,0,0,7,12.528,41.8994,-1,1,Autovettura privata,In marcia / fermata / arresto,Passeggero,M,Illeso,0,,Non accertato,Inesploso,,
3939411,3,30/07/2018 18:00:00,Strada Urbana,CIRCONVALLAZIONE TIBURTINA,da specificare,,,,alt ponte Portonaccio dir San Giovanni,Scontro frontale/laterale SX fra veicoli in marcia,Rettilineo,Due carreggiate,Asciutto,Asfaltata,Verticale ed orizzontale,Sereno,Normale,Buona,Ore Diurne,0,0,0,7,12.528,41.8994,-1,1,Autovettura privata,In marcia / fermata / arresto,Passeggero,F,Illeso,0,,Non accertato,Inesploso,,
3939411,3,30/07/2018 18:00:00,Strada Urbana,CIRCONVALLAZIONE TIBURTINA,da specificare,,,,alt ponte Portonaccio dir San Giovanni,Scontro frontale/laterale SX fra veicoli in marcia,Rettilineo,Due carreggiate,Asciutto,Asfaltata,Verticale ed orizzontale,Sereno,Normale,Buona,Ore Diurne,0,0,0,7,12.528,41.8994,-1,2,Autovettura privata,In marcia / fermata / arresto,Conducente,F,Illeso,0,,Non accertato,Inesploso,,
3939417,3,30/07/2018 12:00:00,Strada Urbana,PIAZZA DELLA CROCE ROSSA,all'intersezione con,VIALE CASTRO PRETORIO,VIALE CASTRO PRETORIO,,,Scontro laterale fra veicoli in marcia,Incrocio,Pi� di due carreggiate,Asciutto,Asfaltata,Verticale ed orizzontale,Sereno,Normale,Buona,Ore Diurne,0,0,0,2,12.5046,41.9081,-1,1,Autovettura pubblica,In marcia / fermata / arresto,Conducente,M,Illeso,0,,Non accertato,,,
3939417,3,30/07/2018 12:00:00,Strada Urbana,PIAZZA DELLA CROCE ROSSA,all'intersezione con,VIALE CASTRO PRETORIO,VIALE CASTRO PRETORIO,,,Scontro laterale fra veicoli in marcia,Incrocio,Pi� di due carreggiate,Asciutto,Asfaltata,Verticale ed orizzontale,Sereno,Normale,Buona,Ore Diurne,0,0,0,2,12.5046,41.9081,-1,2,Autovettura privata,In marcia / fermata / arresto,Conducente,M,Illeso,0,,,,,
3939418,10,30/07/2018 22:10:00,Strada Urbana,VIA LIBERO LEONARDI,all'intersezione con,VIALE BRUNO RIZZIERI,VIALE BRUNO RIZZIERI,,,Scontro frontale/laterale SX fra veicoli in marcia,Incrocio,Una carreggiata a doppio senso,Asciutto,Asfaltata,Verticale ed orizzontale,Sereno,Scarso,Buona,Sufficiente,0,0,0,2,12.5935,41.851,-1,1,Autocarro inferiore 35 q.,In marcia / fermata / arresto,Conducente,M,Illeso,0,,Non accertato,Inesploso,,
3939418,10,30/07/2018 22:10:00,Strada Urbana,VIA LIBERO LEONARDI,all'intersezione con,VIALE BRUNO RIZZIERI,VIALE BRUNO RIZZIERI,,,Scontro frontale/laterale SX fra veicoli in marcia,Incrocio,Una carreggiata a doppio senso,Asciutto,Asfaltata,Verticale ed orizzontale,Sereno,Scarso,Buona,Sufficiente,0,0,0,2,12.5935,41.851,-1,2,Autovettura privata,In marcia / fermata / arresto,Conducente,F,Illeso,0,,Non accertato,Inesploso,,
3939471,10,31/07/2018 01:20:00,Strada Urbana,PIAZZA DI CINECITTA',all'intersezione semaforizzata con,VIALE PALMIRO TOGLIATTI,VIALE PALMIRO TOGLIATTI,,,Scontro frontale/laterale SX fra veicoli in marcia,Intersezione semaforizzata,Due carreggiate,Asciutto,Asfaltata,Verticale ed orizzontale,Sereno,Scarso,Sufficiente,Sufficiente,2,0,0,5,12.5701,41.8524,-1,1,Autovettura privata,In marcia / fermata / arresto,Conducente,M,Rimandato,0,NON DECEDUTO,Non accertato,Inesploso,,
3939471,10,31/07/2018 01:20:00,Strada Urbana,PIAZZA DI CINECITTA',all'intersezione semaforizzata con,VIALE PALMIRO TOGLIATTI,VIALE PALMIRO TOGLIATTI,,,Scontro frontale/laterale SX fra veicoli in marcia,Intersezione semaforizzata,Due carreggiate,Asciutto,Asfaltata,Verticale ed orizzontale,Sereno,Scarso,Sufficiente,Sufficiente,2,0,0,5,12.5701,41.8524,-1,1,Autovettura privata,In marcia / fermata / arresto,Passeggero,F,Rimandato,0,NON DECEDUTO,Non accertato,Esploso,,
3939471,10,31/07/2018 01:20:00,Strada Urbana,PIAZZA DI CINECITTA',all'intersezione semaforizzata con,VIALE PALMIRO TOGLIATTI,VIALE PALMIRO TOGLIATTI,,,Scontro frontale/laterale SX fra veicoli in marcia,Intersezione semaforizzata,Due carreggiate,Asciutto,Asfaltata,Verticale ed orizzontale,Sereno,Scarso,Sufficiente,Sufficiente,2,0,0,5,12.5701,41.8524,-1,2,Autovettura privata,In marcia / fermata / arresto,Conducente,M,Illeso,0,,Non accertato,Inesploso,,
3939471,10,31/07/2018 01:20:00,Strada Urbana,PIAZZA DI CINECITTA',all'intersezione semaforizzata con,VIALE PALMIRO TOGLIATTI,VIALE PALMIRO TOGLIATTI,,,Scontro frontale/laterale SX fra veicoli in marcia,Intersezione semaforizzata,Due carreggiate,Asciutto,Asfaltata,Verticale ed orizzontale,Sereno,Scarso,Sufficiente,Sufficiente,2,0,0,5,12.5701,41.8524,-1,2,Autovettura privata,In marcia / fermata / arresto,Passeggero,F,Illeso,0,,Non accertato,Inesploso,,
3939471,10,31/07/2018 01:20:00,Strada Urbana,PIAZZA DI CINECITTA',all'intersezione semaforizzata con,VIALE PALMIRO TOGLIATTI,VIALE PALMIRO TOGLIATTI,,,Scontro frontale/laterale SX fra veicoli in marcia,Intersezione semaforizzata,Due carreggiate,Asciutto,Asfaltata,Verticale ed orizzontale,Sereno,Scarso,Sufficiente,Sufficiente,2,0,0,5,12.5701,41.8524,-1,2,Autovettura privata,In marcia / fermata / arresto,Passeggero,M,Illeso,0,,Non accertato,Inesploso,,
3939471,10,31/07/2018 01:20:00,Strada Urbana,PIAZZA DI CINECITTA',all'intersezione semaforizzata con,VIALE PALMIRO TOGLIATTI,VIALE PALMIRO TOGLIATTI,,,Scontro frontale/laterale SX fra veicoli in marcia,Intersezione semaforizzata,Due carreggiate,Asciutto,Asfaltata,Verticale ed orizzontale,Sereno,Scarso,Sufficiente,Sufficiente,2,0,0,5,12.5701,41.8524,-1,2,Autovettura privata,In marcia / fermata / arresto,Passeggero,M,Illeso,0,,Non accertato,Inesploso,,
3939501,12,28/07/2018 17:40:00,Strada Urbana,VIA BRUNO BRANDELLERO,da specificare,,,,prossimit� sottovia Colombo dir.via Borghi,Veicolo in marcia contro ostacolo accidentale,Curva senza visuale libera,Una carreggiata a doppio senso,Viscido da liquidi oleosi,Asfaltata,Verticale ed orizzontale,Sereno,Scarso,Buona,Ore Diurne,2,0,0,0,12.4506,41.8056,-1,1,Motociclo con passeggero,In marcia / fermata / arresto,Conducente,M,Rimandato,0,NON DECEDUTO,Utilizzato,,,
3939501,12,28/07/2018 17:40:00,Strada Urbana,VIA BRUNO BRANDELLERO,da specificare,,,,prossimit� sottovia Colombo dir.via Borghi,Veicolo in marcia contro ostacolo accidentale,Curva senza visuale libera,Una carreggiata a doppio senso,Viscido da liquidi oleosi,Asfaltata,Verticale ed orizzontale,Sereno,Scarso,Buona,Ore Diurne,2,0,0,0,12.4506,41.8056,-1,1,Motociclo con passeggero,In marcia / fermata / arresto,Passeggero,F,Rimandato,0,NON DECEDUTO,Utilizzato,,,
3939521,12,28/07/2018 00:32:00,Strada Urbana,VIA MARCO E MARCELLIANO,all'intersezione con,VIA DI S. PETRONILLA,VIA DI S. PETRONILLA,,,Scontro frontale/laterale DX fra veicoli in marcia,Incrocio,Una carreggiata a doppio senso,Asciutto,Asfaltata,Verticale ed orizzontale,Sereno,Scarso,Buona,Sufficiente,0,0,0,2,12.4983,41.8577,-1,1,Autovettura privata,In marcia / fermata / arresto,Conducente,M,Illeso,0,,Utilizzato,Inesploso,,
3939521,12,28/07/2018 00:32:00,Strada Urbana,VIA MARCO E MARCELLIANO,all'intersezione con,VIA DI S. PETRONILLA,VIA DI S. PETRONILLA,,,Scontro frontale/laterale DX fra veicoli in marcia,Incrocio,Una carreggiata a doppio senso,Asciutto,Asfaltata,Verticale ed orizzontale,Sereno,Scarso,Buona,Sufficiente,0,0,0,2,12.4983,41.8577,-1,2,Autovettura privata,In marcia / fermata / arresto,Conducente,F,Illeso,0,,Utilizzato,Inesploso,,
3939541,1,30/07/2018 23:00:00,Strada Urbana,VIA PIEMONTE,all'intersezione con,VIA SALLUSTIANA,VIA SALLUSTIANA,,,Scontro frontale/laterale DX fra veicoli in marcia,Incrocio,Una carreggiata a senso unico di marcia,Asciutto,Asfaltata,Verticale,Sereno,Normale,Buona,Sufficiente,0,0,0,5,,,0,1,Autovettura privata,In marcia / fermata / arresto,Conducente,F,Illeso,0,,,,,
3939541,1,30/07/2018 23:00:00,Strada Urbana,VIA PIEMONTE,all'intersezione con,VIA SALLUSTIANA,VIA SALLUSTIANA,,,Scontro frontale/laterale DX fra veicoli in marcia,Incrocio,Una carreggiata a senso unico di marcia,Asciutto,Asfaltata,Verticale,Sereno,Normale,Buona,Sufficiente,0,0,0,5,,,0,1,Autovettura privata,In marcia / fermata / arresto,Passeggero,M,Illeso,0,,,,,
3939541,1,30/07/2018 23:00:00,Strada Urbana,VIA PIEMONTE,all'intersezione con,VIA SALLUSTIANA,VIA SALLUSTIANA,,,Scontro frontale/laterale DX fra veicoli in marcia,Incrocio,Una carreggiata a senso unico di marcia,Asciutto,Asfaltata,Verticale,Sereno,Normale,Buona,Sufficiente,0,0,0,5,,,0,1,Autovettura privata,In marcia / fermata / arresto,Passeggero,F,Illeso,0,,,,,
3939541,1,30/07/2018 23:00:00,Strada Urbana,VIA PIEMONTE,all'intersezione con,VIA SALLUSTIANA,VIA SALLUSTIANA,,,Scontro frontale/laterale DX fra veicoli in marcia,Incrocio,Una carreggiata a senso unico di marcia,Asciutto,Asfaltata,Verticale,Sereno,Normale,Buona,Sufficiente,0,0,0,5,,,0,1,Autovettura privata,In marcia / fermata / arresto,Passeggero,F,Illeso,0,,,,,
3939541,1,30/07/2018 23:00:00,Strada Urbana,VIA PIEMONTE,all'intersezione con,VIA SALLUSTIANA,VIA SALLUSTIANA,,,Scontro frontale/laterale DX fra veicoli in marcia,Incrocio,Una carreggiata a senso unico di marcia,Asciutto,Asfaltata,Verticale,Sereno,Normale,Buona,Sufficiente,0,0,0,5,,,0,1,Autovettura privata,In marcia / fermata / arresto,Passeggero,F,Illeso,0,,,,,
3939550,16,31/07/2018 04:05:00,Strada Urbana,VIA DEL CASALE LUMBROSO,in prossimit�,,del civico n.,75,,Scontro laterale fra veicoli in marcia,Rettilineo,Una carreggiata a doppio senso,Asciutto,Asfaltata,Orizzontale,Sereno,Scarso,Sufficiente,Sufficiente,1,0,0,1,12.3636,41.8781,-1,1,Autocarro inferiore 35 q.,In marcia / fermata / arresto,Conducente,M,Illeso,0,,,,,
3939550,16,31/07/2018 04:05:00,Strada Urbana,VIA DEL CASALE LUMBROSO,in prossimit�,,del civico n.,75,,Scontro laterale fra veicoli in marcia,Rettilineo,Una carreggiata a doppio senso,Asciutto,Asfaltata,Orizzontale,Sereno,Scarso,Sufficiente,Sufficiente,1,0,0,1,12.3636,41.8781,-1,2,Autovettura privata,In marcia / fermata / arresto,Conducente,M,Rimandato,0,NON DECEDUTO,,Esploso,,
3939551,12,29/07/2018 20:00:00,Strada Urbana,VIALE GUGLIELMO MARCONI,all'intersezione con,VIA CRISTOFORO COLOMBO,VIA CRISTOFORO COLOMBO,,,Scontro frontale/laterale SX fra veicoli in marcia,Intersezione stradale segnalata,Una carreggiata a senso unico di marcia,Asciutto,Asfaltata,Verticale ed orizzontale,Sereno,Normale,Buona,Sufficiente,0,0,0,5,12.4713,41.8573,-1,1,Autovettura privata,In marcia / fermata / arresto,Conducente,M,Illeso,0,,Utilizzato,Inesploso,,
3939551,12,29/07/2018 20:00:00,Strada Urbana,VIALE GUGLIELMO MARCONI,all'intersezione con,VIA CRISTOFORO COLOMBO,VIA CRISTOFORO COLOMBO,,,Scontro frontale/laterale SX fra veicoli in marcia,Intersezione stradale segnalata,Una carreggiata a senso unico di marcia,Asciutto,Asfaltata,Verticale ed orizzontale,Sereno,Normale,Buona,Sufficiente,0,0,0,5,12.4713,41.8573,-1,2,Autovettura privata,In marcia / fermata / arresto,Conducente,M,Illeso,0,,Utilizzato,Inesploso,,
3939551,12,29/07/2018 20:00:00,Strada Urbana,VIALE GUGLIELMO MARCONI,all'intersezione con,VIA CRISTOFORO COLOMBO,VIA CRISTOFORO COLOMBO,,,Scontro frontale/laterale SX fra veicoli in marcia,Intersezione stradale segnalata,Una carreggiata a senso unico di marcia,Asciutto,Asfaltata,Verticale ed orizzontale,Sereno,Normale,Buona,Sufficiente,0,0,0,5,12.4713,41.8573,-1,2,Autovettura privata,In marcia / fermata / arresto,Passeggero,M,Illeso,0,,Utilizzato,Inesploso,,
3939551,12,29/07/2018 20:00:00,Strada Urbana,VIALE GUGLIELMO MARCONI,all'intersezione con,VIA CRISTOFORO COLOMBO,VIA CRISTOFORO COLOMBO,,,Scontro frontale/laterale SX fra veicoli in marcia,Intersezione stradale segnalata,Una carreggiata a senso unico di marcia,Asciutto,Asfaltata,Verticale ed orizzontale,Sereno,Normale,Buona,Sufficiente,0,0,0,5,12.4713,41.8573,-1,2,Autovettura privata,In marcia / fermata / arresto,Passeggero,F,Illeso,0,,Utilizzato,Inesploso,,
3939551,12,29/07/2018 20:00:00,Strada Urbana,VIALE GUGLIELMO MARCONI,all'intersezione con,VIA CRISTOFORO COLOMBO,VIA CRISTOFORO COLOMBO,,,Scontro frontale/laterale SX fra veicoli in marcia,Intersezione stradale segnalata,Una carreggiata a senso unico di marcia,Asciutto,Asfaltata,Verticale ed orizzontale,Sereno,Normale,Buona,Sufficiente,0,0,0,5,12.4713,41.8573,-1,2,Autovettura privata,In marcia / fermata / arresto,Passeggero,F,Illeso,0,,Utilizzato,Inesploso,,
3939570,20,31/07/2018 12:30:00,Strada Urbana,VIA FEDERICO CAPRILLI,da specificare,,,,fronte civico 11,Veicolo in marcia contro veicoli in sosta,Rettilineo,Una carreggiata a doppio senso,Asciutto,Asfaltata,Assente,Sereno,Normale,Buona,Ore Diurne,0,0,0,2,12.4836,41.9496,-1,1,Autovettura privata,In marcia / fermata / arresto,Conducente,M,Illeso,0,,Non accertato,Inesploso,,
3939570,20,31/07/2018 12:30:00,Strada Urbana,VIA FEDERICO CAPRILLI,da specificare,,,,fronte civico 11,Veicolo in marcia contro veicoli in sosta,Rettilineo,Una carreggiata a doppio senso,Asciutto,Asfaltata,Assente,Sereno,Normale,Buona,Ore Diurne,0,0,0,2,12.4836,41.9496,-1,2,Autovettura privata,In marcia / fermata / arresto,Conducente,M,Illeso,0,,Non accertato,,,
3939578,12,30/07/2018 13:10:00,Strada Urbana,VIALE DEGLI EROI DI CEFALONIA,in corrispondenza,,del civico n.,145,,Fuoriuscita dalla sede stradale,Rettilineo,Una carreggiata a senso unico di marcia,Asciutto,Asfaltata,Verticale ed orizzontale,Sereno,Scarso,Buona,Ore Diurne,0,0,0,1,12.4365,41.7832,-1,1,Autovettura privata,In marcia / fermata / arresto,Conducente,M,Illeso,0,,,Inesploso,,
3939588,1,31/07/2018 08:50:00,Strada Urbana,VIALE DELLE TERME DI CARACALLA,da specificare,,,,LARGO CAVALIERI DI COLOMBO CARREGGIATA CENTRALE,Scontro frontale/laterale SX fra veicoli in marcia,Rettilineo,Pi� di due carreggiate,Asciutto,Asfaltata,Verticale ed orizzontale,Sereno,Normale,Buona,Ore Diurne,2,0,0,2,12.4933,41.8817,-1,1,Autovettura pubblica,In marcia / fermata / arresto,Conducente,M,Rimandato,0,NON DECEDUTO,,,,
3939588,1,31/07/2018 08:50:00,Strada Urbana,VIALE DELLE TERME DI CARACALLA,da specificare,,,,LARGO CAVALIERI DI COLOMBO CARREGGIATA CENTRALE,Scontro frontale/laterale SX fra veicoli in marcia,Rettilineo,Pi� di due carreggiate,Asciutto,Asfaltata,Verticale ed orizzontale,Sereno,Normale,Buona,Ore Diurne,2,0,0,2,12.4933,41.8817,-1,2,Autoambulanza,In marcia / fermata / arresto,Conducente,M,Rifiuta cure immediate,0,NON DECEDUTO,,,,
3939588,1,31/07/2018 08:50:00,Strada Urbana,VIALE DELLE TERME DI CARACALLA,da specificare,,,,LARGO CAVALIERI DI COLOMBO CARREGGIATA CENTRALE,Scontro frontale/laterale SX fra veicoli in marcia,Rettilineo,Pi� di due carreggiate,Asciutto,Asfaltata,Verticale ed orizzontale,Sereno,Normale,Buona,Ore Diurne,2,0,0,2,12.4933,41.8817,-1,2,Autoambulanza,In marcia / fermata / arresto,Passeggero,M,Illeso,0,,,,,
3939588,1,31/07/2018 08:50:00,Strada Urbana,VIALE DELLE TERME DI CARACALLA,da specificare,,,,LARGO CAVALIERI DI COLOMBO CARREGGIATA CENTRALE,Scontro frontale/laterale SX fra veicoli in marcia,Rettilineo,Pi� di due carreggiate,Asciutto,Asfaltata,Verticale ed orizzontale,Sereno,Normale,Buona,Ore Diurne,2,0,0,2,12.4933,41.8817,-1,2,Autoambulanza,In marcia / fermata / arresto,Passeggero,M,Illeso,0,,,,,
3939592,12,28/07/2018 06:00:00,Strada Urbana,VIA CRISTOFORO COLOMBO,da specificare,,,,ALTEZZA P.LE 25 MARZO 1957,Tamponamento Multiplo,Rettilineo,Una carreggiata a doppio senso,Asciutto,Asfaltata,Verticale ed orizzontale,Sereno,Normale,Buona,Ore Diurne,1,0,0,2,12.4116,41.7858,-1,1,Autovettura privata,In marcia / fermata / arresto,Conducente,M,Illeso,0,,Utilizzato,Inesploso,,
3939592,12,28/07/2018 06:00:00,Strada Urbana,VIA CRISTOFORO COLOMBO,da specificare,,,,ALTEZZA P.LE 25 MARZO 1957,Tamponamento Multiplo,Rettilineo,Una carreggiata a doppio senso,Asciutto,Asfaltata,Verticale ed orizzontale,Sereno,Normale,Buona,Ore Diurne,1,0,0,2,12.4116,41.7858,-1,2,Autovettura privata,In marcia / fermata / arresto,Conducente,F,Rimandato,0,NON DECEDUTO,,,,
3939592,12,28/07/2018 06:00:00,Strada Urbana,VIA CRISTOFORO COLOMBO,da specificare,,,,ALTEZZA P.LE 25 MARZO 1957,Tamponamento Multiplo,Rettilineo,Una carreggiata a doppio senso,Asciutto,Asfaltata,Verticale ed orizzontale,Sereno,Normale,Buona,Ore Diurne,1,0,0,2,12.4116,41.7858,-1,3,Autovettura privata,In marcia / fermata / arresto,Conducente,M,Illeso,0,,Utilizzato,Inesploso,,
3939631,12,31/07/2018 11:45:00,Strada Urbana,VIA DELLA STAZIONE DI PAVONA,all'intersezione con,VIA GROTTOLELLA,VIA GROTTOLELLA,,,Scontro frontale/laterale SX fra veicoli in marcia,Incrocio,Una carreggiata a doppio senso,Asciutto,Asfaltata,Verticale,Nuvoloso,Normale,Buona,Ore Diurne,1,0,0,1,12.5869,41.7176,-1,1,Autovettura privata,In marcia / fermata / arresto,Conducente,M,Illeso,0,,,,,
3939631,12,31/07/2018 11:45:00,Strada Urbana,VIA DELLA STAZIONE DI PAVONA,all'intersezione con,VIA GROTTOLELLA,VIA GROTTOLELLA,,,Scontro frontale/laterale SX fra veicoli in marcia,Incrocio,Una carreggiata a doppio senso,Asciutto,Asfaltata,Verticale,Nuvoloso,Normale,Buona,Ore Diurne,1,0,0,1,12.5869,41.7176,-1,2,Motociclo a solo,In marcia / fermata / arresto,Conducente,M,Rimandato,0,NON DECEDUTO,Utilizzato,,,
3939714,12,31/07/2018 11:45:00,Strada Urbana,VIALE IGNAZIO SILONE,da specificare,,,,prossimit� Via A. Brunacci Brunamonti,Infortunio per caduta del veicolo,Rettilineo,Due carreggiate,Asciutto,Strada pavimentata dissestata,Verticale ed orizzontale,Sereno,Normale,Buona,Ore Diurne,1,0,0,0,12.4716,41.8137,-1,1,Motociclo a solo,In marcia / fermata / arresto,Conducente,M,Rimandato,0,NON DECEDUTO,Non accertato,,,
3939790,19,31/07/2018 13:30:00,Strada Urbana,VIA MATTIA BATTISTINI,all'intersezione con,VIA DELLE CALASANZIANE,VIA DELLE CALASANZIANE,,,Scontro frontale/laterale DX fra veicoli in marcia,Incrocio,Una carreggiata a doppio senso,Asciutto,Asfaltata,Verticale ed orizzontale,Sereno,Normale,Buona,Ore Diurne,0,0,0,3,12.4184,41.9139,-1,1,Autovettura privata,In marcia / fermata / arresto,Conducente,M,Illeso,0,,Non accertato,Inesploso,,
3939790,19,31/07/2018 13:30:00,Strada Urbana,VIA MATTIA BATTISTINI,all'intersezione con,VIA DELLE CALASANZIANE,VIA DELLE CALASANZIANE,,,Scontro frontale/laterale DX fra veicoli in marcia,Incrocio,Una carreggiata a doppio senso,Asciutto,Asfaltata,Verticale ed orizzontale,Sereno,Normale,Buona,Ore Diurne,0,0,0,3,12.4184,41.9139,-1,1,Autovettura privata,In marcia / fermata / arresto,Passeggero,F,Illeso,0,,Non accertato,Inesploso,,
3939790,19,31/07/2018 13:30:00,Strada Urbana,VIA MATTIA BATTISTINI,all'intersezione con,VIA DELLE CALASANZIANE,VIA DELLE CALASANZIANE,,,Scontro frontale/laterale DX fra veicoli in marcia,Incrocio,Una carreggiata a doppio senso,Asciutto,Asfaltata,Verticale ed orizzontale,Sereno,Normale,Buona,Ore Diurne,0,0,0,3,12.4184,41.9139,-1,2,Autovettura privata,In marcia / fermata / arresto,Conducente,F,Illeso,0,,Non accertato,Inesploso,,
3939842,19,31/07/2018 13:40:00,Strada Urbana,VIA MATTIA BATTISTINI,all'intersezione con,VIA DELLE CALASANZIANE,VIA DELLE CALASANZIANE,,,Scontro frontale/laterale SX fra veicoli in marcia,Incrocio,Una carreggiata a doppio senso,Asciutto,Asfaltata,Verticale ed orizzontale,Sereno,Normale,Buona,Ore Diurne,0,0,0,2,12.4184,41.9139,-1,1,Autovettura privata,In marcia / fermata / arresto,Conducente,F,Illeso,0,,Non accertato,Inesploso,,
3939842,19,31/07/2018 13:40:00,Strada Urbana,VIA MATTIA BATTISTINI,all'intersezione con,VIA DELLE CALASANZIANE,VIA DELLE CALASANZIANE,,,Scontro frontale/laterale SX fra veicoli in marcia,Incrocio,Una carreggiata a doppio senso,Asciutto,Asfaltata,Verticale ed orizzontale,Sereno,Normale,Buona,Ore Diurne,0,0,0,2,12.4184,41.9139,-1,2,Autovettura privata,In marcia / fermata / arresto,Conducente,F,Illeso,0,,Non accertato,Inesploso,,
3939865,12,31/07/2018 02:00:00,Provinciale,VIA PONTINA,da specificare,,,,direzione pomezia alt. km 23,0,Veicolo in marcia contro ostacolo accidentale,Rettilineo,Pi� di due carreggiate,Asciutto,Asfaltata,Verticale ed orizzontale,Sereno,Scarso,Buona,Inesistente,0,0,0,3,12.4664,41.7029,-1,1,Autocaravan,In marcia / fermata / arresto,Conducente,M,Illeso,0,,Utilizzato,Inesploso,
3939865,12,31/07/2018 02:00:00,Provinciale,VIA PONTINA,da specificare,,,,direzione pomezia alt. km 23,0,Veicolo in marcia contro ostacolo accidentale,Rettilineo,Pi� di due carreggiate,Asciutto,Asfaltata,Verticale ed orizzontale,Sereno,Scarso,Buona,Inesistente,0,0,0,3,12.4664,41.7029,-1,1,Autocaravan,In marcia / fermata / arresto,Passeggero,M,Illeso,0,,Utilizzato,Inesploso,
3939865,12,31/07/2018 02:00:00,Provinciale,VIA PONTINA,da specificare,,,,direzione pomezia alt. km 23,0,Veicolo in marcia contro ostacolo accidentale,Rettilineo,Pi� di due carreggiate,Asciutto,Asfaltata,Verticale ed orizzontale,Sereno,Scarso,Buona,Inesistente,0,0,0,3,12.4664,41.7029,-1,1,Autocaravan,In marcia / fermata / arresto,Passeggero,F,Illeso,0,,Utilizzato,Inesploso,
3939870,12,31/07/2018 17:10:00,Strada Urbana,VIALE ALGERIA,in prossimit�,,del civico n.,131,,Scontro laterale fra veicoli in marcia,Pendenza,Due carreggiate,Asciutto,Asfaltata,Verticale,Sereno,Scarso,Buona,Ore Diurne,0,0,0,2,12.4645,41.8204,-1,1,Autovettura privata,In marcia / fermata / arresto,Conducente,F,Illeso,0,,Non accertato,Inesploso,,
3939870,12,31/07/2018 17:10:00,Strada Urbana,VIALE ALGERIA,in prossimit�,,del civico n.,131,,Scontro laterale fra veicoli in marcia,Pendenza,Due carreggiate,Asciutto,Asfaltata,Verticale,Sereno,Scarso,Buona,Ore Diurne,0,0,0,2,12.4645,41.8204,-1,2,Autovettura privata,In marcia / fermata / arresto,Conducente,M,Illeso,0,,Non utilizzato,Inesploso,,
3939909,12,30/07/2018 17:55:00,Strada Urbana,VIALE DELL'OCEANO PACIFICO,da specificare,,,,Fronte civico 4,Scontro frontale/laterale DX fra veicoli in marcia,Rettilineo,Una carreggiata a doppio senso,Asciutto,Asfaltata,Verticale ed orizzontale,Sereno,Normale,Buona,Ore Diurne,1,0,0,1,12.4614,41.8195,-1,1,Autovettura privata,In marcia / fermata / arresto,Conducente,M,Illeso,0,,,,,