Protocollo,Gruppo,DataOraIncidente,Localizzazione1,STRADA1,Localizzazione2,STRADA2,Strada02,Chilometrica,DaSpecificare,NaturaIncidente,particolaritastrade,TipoStrada,FondoStradale,Pavimentazione,Segnaletica,CondizioneAtmosferica,Traffico,Visibilita,Illuminazione,NUM_FERITI,NUM_RISERVATA,NUM_MORTI,NUM_ILLESI,Longitudine,Latitudine,Confermato,Progressivo,TipoVeicolo,StatoVeicolo,TipoPersona,Sesso,Tipolesione,Deceduto,DecedutoDopo,CinturaCascoUtilizzato,Airbag,,
3939909,12,30/07/2018 17:55:00,Strada Urbana,VIALE DELL'OCEANO PACIFICO,da specificare,,,,Fronte civico 4,Scontro frontale/laterale DX fra veicoli in marcia,Rettilineo,Una carreggiata a doppio senso,Asciutto,Asfaltata,Verticale ed orizzontale,Sereno,Normale,Buona,Ore Diurne,1,0,0,1,12.4614,41.8195,-1,2,Motociclo a solo,In marcia / fermata / arresto,Conducente,M,Rimandato,0,NON DECEDUTO,,,,
3939910,12,30/07/2018 16:50:00,Strada Urbana,PIAZZALE LUIGI STURZO,da specificare,,,,altezza VIA DELL'URBANISTICA,Tamponamento,Rettilineo,Una carreggiata a doppio senso,Asciutto,Asfaltata,Verticale ed orizzontale,Sereno,Scarso,Buona,Ore Diurne,1,0,0,2,12.4672,41.8349,-1,1,Autovettura privata,In marcia / fermata / arresto,Conducente,M,Illeso,0,,,Inesploso,,
3939910,12,30/07/2018 16:50:00,Strada Urbana,PIAZZALE LUIGI STURZO,da specificare,,,,altezza VIA DELL'URBANISTICA,Tamponamento,Rettilineo,Una carreggiata a doppio senso,Asciutto,Asfaltata,Verticale ed orizzontale,Sereno,Scarso,Buona,Ore Diurne,1,0,0,2,12.4672,41.8349,-1,2,Motociclo con passeggero,In marcia / fermata / arresto,Conducente,M,Rimandato,0,NON DECEDUTO,Utilizzato,,,
3939910,12,30/07/2018 16:50:00,Strada Urbana,PIAZZALE LUIGI STURZO,da specificare,,,,altezza VIA DELL'URBANISTICA,Tamponamento,Rettilineo,Una carreggiata a doppio senso,Asciutto,Asfaltata,Verticale ed orizzontale,Sereno,Scarso,Buona,Ore Diurne,1,0,0,2,12.4672,41.8349,-1,2,Motociclo con passeggero,In marcia / fermata / arresto,Passeggero,M,Illeso,0,,Utilizzato,,,
3939917,12,30/07/2018 18:10:00,Strada Urbana,PIAZZA GUGLIELMO MARCONI,da specificare,,,,VIA C. COLOMBO dir. G.R.A.,Scontro laterale fra veicoli in marcia,Rettilineo,Due carreggiate,Asciutto,Asfaltata,Verticale ed orizzontale,Sereno,Intenso,Buona,Ore Diurne,0,0,0,1,12.4707,41.8339,-1,1,Autovettura privata,In marcia / fermata / arresto,Conducente,M,Illeso,0,,,,,
3939928,12,30/07/2018 19:45:00,Strada Urbana,VIA TOLOSA,in corrispondenza,,del civico n.,32,,Scontro laterale fra veicoli in marcia,Curva a visuale libera,Una carreggiata a senso unico di marcia,Asciutto,Asfaltata,Verticale ed orizzontale,Sereno,Scarso,Buona,Sufficiente,0,0,0,2,12.456,41.8183,-1,1,Autovettura privata,In marcia / fermata / arresto,Conducente,F,Illeso,0,,Utilizzato,Inesploso,,
3939928,12,30/07/2018 19:45:00,Strada Urbana,VIA TOLOSA,in corrispondenza,,del civico n.,32,,Scontro laterale fra veicoli in marcia,Curva a visuale libera,Una carreggiata a senso unico di marcia,Asciutto,Asfaltata,Verticale ed orizzontale,Sereno,Scarso,Buona,Sufficiente,0,0,0,2,12.456,41.8183,-1,2,Autovettura privata,In marcia / fermata / arresto,Conducente,M,Illeso,0,,Utilizzato,Inesploso,,
3939936,12,30/07/2018 12:30:00,Strada Urbana,PIAZZA GUGLIELMO MARCONI,da specificare,,,,prossimit� palo acea n�67 dir. Roma centro,Scontro laterale fra veicoli in marcia,Rotatoria,Una carreggiata a senso unico di marcia,Asciutto,Asfaltata,Verticale ed orizzontale,Sereno,Normale,Buona,Ore Diurne,0,0,0,3,12.4711,41.8335,-1,1,Autovettura privata,In marcia / fermata / arresto,Conducente,M,Illeso,0,,Utilizzato,Inesploso,,
3939936,12,30/07/2018 12:30:00,Strada Urbana,PIAZZA GUGLIELMO MARCONI,da specificare,,,,prossimit� palo acea n�67 dir. Roma centro,Scontro laterale fra veicoli in marcia,Rotatoria,Una carreggiata a senso unico di marcia,Asciutto,Asfaltata,Verticale ed orizzontale,Sereno,Normale,Buona,Ore Diurne,0,0,0,3,12.4711,41.8335,-1,2,Autovettura privata,In marcia / fermata / arresto,Conducente,M,Illeso,0,,Utilizzato,Inesploso,,
3939936,12,30/07/2018 12:30:00,Strada Urbana,PIAZZA GUGLIELMO MARCONI,da specificare,,,,prossimit� palo acea n�67 dir. Roma centro,Scontro laterale fra veicoli in marcia,Rotatoria,Una carreggiata a senso unico di marcia,Asciutto,Asfaltata,Verticale ed orizzontale,Sereno,Normale,Buona,Ore Diurne,0,0,0,3,12.4711,41.8335,-1,2,Autovettura privata,In marcia / fermata / arresto,Passeggero,F,Illeso,0,,Utilizzato,Inesploso,,
3940156,7,31/07/2018 14:35:00,Strada Urbana,VIA CASILINA,in corrispondenza,,del civico n.,900,,Veicolo in marcia contro ostacolo fisso,Rettilineo,Due carreggiate,Asciutto,Asfaltata,Orizzontale,Sereno,Normale,Buona,Ore Diurne,0,0,0,2,12.5695,41.8739,-1,1,Autovettura di polizia,In marcia / fermata / arresto,Conducente,M,Illeso,0,,Non accertato,Inesploso,,
3940156,7,31/07/2018 14:35:00,Strada Urbana,VIA CASILINA,in corrispondenza,,del civico n.,900,,Veicolo in marcia contro ostacolo fisso,Rettilineo,Due carreggiate,Asciutto,Asfaltata,Orizzontale,Sereno,Normale,Buona,Ore Diurne,0,0,0,2,12.5695,41.8739,-1,1,Autovettura di polizia,In marcia / fermata / arresto,Passeggero,M,Illeso,0,,Non accertato,Inesploso,,
3940159,15,31/07/2018 16:40:00,Strada Urbana,VIA GIOVANNI CASELLI,in corrispondenza,,del civico n.,47,,Veicolo in marcia contro veicolo in sosta,Rettilineo,Due carreggiate,Asciutto,Asfaltata,Verticale ed orizzontale,Sereno,Normale,Buona,Ore Diurne,0,0,0,1,12.4632,41.8695,-1,2,Autocarro inferiore 35 q.,In marcia / fermata / arresto,Conducente,M,Illeso,0,,Utilizzato,,,
3940162,8,31/07/2018 10:10:00,Strada Urbana,VIA FRANCESCO MERLINI,in prossimit�,,del civico n.,31,,Scontro laterale fra veicoli in marcia,Rettilineo,Una carreggiata a senso unico di marcia,Asciutto,Asfaltata,Verticale,Sereno,Scarso,Buona,Ore Diurne,0,0,0,4,12.6435,41.8683,-1,1,Autovettura privata,In marcia / fermata / arresto,Conducente,F,Illeso,0,,Non accertato,Inesploso,,
3940162,8,31/07/2018 10:10:00,Strada Urbana,VIA FRANCESCO MERLINI,in prossimit�,,del civico n.,31,,Scontro laterale fra veicoli in marcia,Rettilineo,Una carreggiata a senso unico di marcia,Asciutto,Asfaltata,Verticale,Sereno,Scarso,Buona,Ore Diurne,0,0,0,4,12.6435,41.8683,-1,1,Autovettura privata,In marcia / fermata / arresto,Passeggero,M,Illeso,0,,Non accertato,Inesploso,,
3940162,8,31/07/2018 10:10:00,Strada Urbana,VIA FRANCESCO MERLINI,in prossimit�,,del civico n.,31,,Scontro laterale fra veicoli in marcia,Rettilineo,Una carreggiata a senso unico di marcia,Asciutto,Asfaltata,Verticale,Sereno,Scarso,Buona,Ore Diurne,0,0,0,4,12.6435,41.8683,-1,2,Autovettura privata,In marcia / fermata / arresto,Conducente,M,Illeso,0,,Non accertato,Inesploso,,
3940162,8,31/07/2018 10:10:00,Strada Urbana,VIA FRANCESCO MERLINI,in prossimit�,,del civico n.,31,,Scontro laterale fra veicoli in marcia,Rettilineo,Una carreggiata a senso unico di marcia,Asciutto,Asfaltata,Verticale,Sereno,Scarso,Buona,Ore Diurne,0,0,0,4,12.6435,41.8683,-1,2,Autovettura privata,In marcia / fermata / arresto,Passeggero,F,Illeso,0,,Non accertato,Inesploso,,
3940166,8,31/07/2018 11:40:00,Strada Urbana,VIA COLLATINA,in prossimit�,,del civico n.,532,,Veicolo in marcia contro ostacolo accidentale,Rettilineo,Una carreggiata a doppio senso,Asciutto,Asfaltata,Orizzontale,Sereno,Normale,Buona,Ore Diurne,0,0,0,1,12.6197,41.9062,-1,1,Autovettura privata,In marcia / fermata / arresto,Conducente,M,Illeso,0,,Non accertato,Inesploso,,
3940167,9,31/07/2018 11:15:00,Strada Urbana,VIA MAGNAGRECIA,all'intersezione semaforizzata con,VIA APPIA NUOVA,VIA APPIA NUOVA,,,Scontro laterale fra veicoli in marcia,Incrocio,Una carreggiata a doppio senso,Bagnato (pioggia),Asfaltata,Verticale ed orizzontale,Nuvoloso,Normale,Buona,Ore Diurne,0,0,0,2,12.5088,41.8832,-1,1,Autovettura privata,In marcia / fermata / arresto,Conducente,M,Illeso,0,,Non accertato,Inesploso,,
3940167,9,31/07/2018 11:15:00,Strada Urbana,VIA MAGNAGRECIA,all'intersezione semaforizzata con,VIA APPIA NUOVA,VIA APPIA NUOVA,,,Scontro laterale fra veicoli in marcia,Incrocio,Una carreggiata a doppio senso,Bagnato (pioggia),Asfaltata,Verticale ed orizzontale,Nuvoloso,Normale,Buona,Ore Diurne,0,0,0,2,12.5088,41.8832,-1,2,Motociclo a solo,In marcia / fermata / arresto,Conducente,M,Illeso,0,,Non accertato,,,
3940168,8,31/07/2018 17:00:00,Strada Urbana,VIA MESORACA,all'intersezione con,VIA BORGHESIANA,VIA BORGHESIANA,,,Scontro frontale/laterale SX fra veicoli in marcia,Incrocio,Una carreggiata a doppio senso,Asciutto,Asfaltata,Verticale ed orizzontale,Sereno,Normale,Sufficiente,Ore Diurne,0,0,0,2,12.6765,41.8706,-1,1,Autovettura privata,In marcia / fermata / arresto,Conducente,F,Illeso,0,,Non accertato,Inesploso,,
3940168,8,31/07/2018 17:00:00,Strada Urbana,VIA MESORACA,all'intersezione con,VIA BORGHESIANA,VIA BORGHESIANA,,,Scontro frontale/laterale SX fra veicoli in marcia,Incrocio,Una carreggiata a doppio senso,Asciutto,Asfaltata,Verticale ed orizzontale,Sereno,Normale,Sufficiente,Ore Diurne,0,0,0,2,12.6765,41.8706,-1,2,Autovettura privata,In marcia / fermata / arresto,Conducente,M,Illeso,0,,Non accertato,Inesploso,,
3940169,7,31/07/2018 16:45:00,Strada Urbana,VIA DEI GELSI,all'intersezione con,VIA DEI CICLAMINI,VIA DEI CICLAMINI,,,Scontro frontale/laterale SX fra veicoli in marcia,Incrocio,Una carreggiata a doppio senso,Asciutto,Asfaltata,Verticale ed orizzontale,Sereno,Normale,Sufficiente,Ore Diurne,0,0,0,4,12.5672,41.8889,-1,1,Autovettura privata,In marcia / fermata / arresto,Conducente,M,Illeso,0,,Non accertato,Inesploso,,
3940169,7,31/07/2018 16:45:00,Strada Urbana,VIA DEI GELSI,all'intersezione con,VIA DEI CICLAMINI,VIA DEI CICLAMINI,,,Scontro frontale/laterale SX fra veicoli in marcia,Incrocio,Una carreggiata a doppio senso,Asciutto,Asfaltata,Verticale ed orizzontale,Sereno,Normale,Sufficiente,Ore Diurne,0,0,0,4,12.5672,41.8889,-1,1,Autovettura privata,In marcia / fermata / arresto,Passeggero,F,Illeso,0,,Non accertato,Inesploso,,
3940169,7,31/07/2018 16:45:00,Strada Urbana,VIA DEI GELSI,all'intersezione con,VIA DEI CICLAMINI,VIA DEI CICLAMINI,,,Scontro frontale/laterale SX fra veicoli in marcia,Incrocio,Una carreggiata a doppio senso,Asciutto,Asfaltata,Verticale ed orizzontale,Sereno,Normale,Sufficiente,Ore Diurne,0,0,0,4,12.5672,41.8889,-1,1,Autovettura privata,In marcia / fermata / arresto,Passeggero,F,Illeso,0,,Non accertato,Inesploso,,
3940169,7,31/07/2018 16:45:00,Strada Urbana,VIA DEI GELSI,all'intersezione con,VIA DEI CICLAMINI,VIA DEI CICLAMINI,,,Scontro frontale/laterale SX fra veicoli in marcia,Incrocio,Una carreggiata a doppio senso,Asciutto,Asfaltata,Verticale ed orizzontale,Sereno,Normale,Sufficiente,Ore Diurne,0,0,0,4,12.5672,41.8889,-1,2,Autovettura privata,In marcia / fermata / arresto,Conducente,M,Illeso,0,,Non accertato,Inesploso,,
3940170,15,31/07/2018 21:00:00,Strada Urbana,VIA DELLE MORATELLE,in prossimit�,,del civico n.,18,,Veicolo in marcia contro ostacolo fisso,Rettilineo,Una carreggiata a doppio senso,Asciutto,Sterrata,Assente,Sereno,Scarso,Buona,Sufficiente,0,0,0,2,12.3462,41.8361,-1,1,Autovettura privata,In marcia / fermata / arresto,Conducente,M,Illeso,0,,Non accertato,Esploso,,
3940170,15,31/07/2018 21:00:00,Strada Urbana,VIA DELLE MORATELLE,in prossimit�,,del civico n.,18,,Veicolo in marcia contro ostacolo fisso,Rettilineo,Una carreggiata a doppio senso,Asciutto,Sterrata,Assente,Sereno,Scarso,Buona,Sufficiente,0,0,0,2,12.3462,41.8361,-1,1,Autovettura privata,In marcia / fermata / arresto,Passeggero,M,Illeso,0,,,Esploso,,
3940172,8,31/07/2018 06:50:00,Strada Urbana,VIA DI TOR BELLA MONACA,da specificare,,,,direzione GRA 50 mt. prima svincolo via TORRENOVA,Scontro laterale fra veicoli in marcia,Rettilineo,Due carreggiate,Asciutto,Asfaltata,Verticale ed orizzontale,Sereno,Normale,Buona,Ore Diurne,0,0,0,3,12.6282,41.8763,-1,1,Autocarro inferiore 35 q.,In marcia / fermata / arresto,Conducente,M,Illeso,0,,Non accertato,Inesploso,,
3940172,8,31/07/2018 06:50:00,Strada Urbana,VIA DI TOR BELLA MONACA,da specificare,,,,direzione GRA 50 mt. prima svincolo via TORRENOVA,Scontro laterale fra veicoli in marcia,Rettilineo,Due carreggiate,Asciutto,Asfaltata,Verticale ed orizzontale,Sereno,Normale,Buona,Ore Diurne,0,0,0,3,12.6282,41.8763,-1,1,Autocarro inferiore 35 q.,In marcia / fermata / arresto,Passeggero,M,Illeso,0,,Non accertato,Inesploso,,
3940172,8,31/07/2018 06:50:00,Strada Urbana,VIA DI TOR BELLA MONACA,da specificare,,,,direzione GRA 50 mt. prima svincolo via TORRENOVA,Scontro laterale fra veicoli in marcia,Rettilineo,Due carreggiate,Asciutto,Asfaltata,Verticale ed orizzontale,Sereno,Normale,Buona,Ore Diurne,0,0,0,3,12.6282,41.8763,-1,2,Autovettura privata,In marcia / fermata / arresto,Conducente,M,Illeso,0,,Non accertato,Inesploso,,
3940173,15,31/07/2018 19:25:00,Strada Urbana,VIA PORTUENSE,da specificare,,,,fronte 1499,Scontro frontale/laterale DX fra veicoli in marcia,Rettilineo,Una carreggiata a doppio senso,Asciutto,Asfaltata,Verticale,Sereno,Normale,Buona,Ore Diurne,1,0,0,1,12.414,41.847,-1,1,Autovettura privata,In marcia / fermata / arresto,Conducente,F,Illeso,0,,,Inesploso,,
3940173,15,31/07/2018 19:25:00,Strada Urbana,VIA PORTUENSE,da specificare,,,,fronte 1499,Scontro frontale/laterale DX fra veicoli in marcia,Rettilineo,Una carreggiata a doppio senso,Asciutto,Asfaltata,Verticale,Sereno,Normale,Buona,Ore Diurne,1,0,0,1,12.414,41.847,-1,2,Autovettura privata,In marcia / fermata / arresto,Conducente,M,Rifiuta cure immediate,0,NON DECEDUTO,,,,
3940177,8,31/07/2018 17:30:00,Provinciale entro l'abitato,VIA PRENESTINA,all'intersezione con,VIA ROCCA D'EVANDRO,VIA ROCCA D'EVANDRO,,,Scontro frontale/laterale SX fra veicoli in marcia,Intersezione stradale segnalata,Una carreggiata a doppio senso,Asciutto,Asfaltata,Verticale,Sereno,Normale,Buona,Ore Diurne,1,0,0,1,12.6152,41.8933,-1,1,Autovettura privata,In marcia / fermata / arresto,Conducente,M,Illeso,0,,Non accertato,Inesploso,,
3940177,8,31/07/2018 17:30:00,Provinciale entro l'abitato,VIA PRENESTINA,all'intersezione con,VIA ROCCA D'EVANDRO,VIA ROCCA D'EVANDRO,,,Scontro frontale/laterale SX fra veicoli in marcia,Intersezione stradale segnalata,Una carreggiata a doppio senso,Asciutto,Asfaltata,Verticale,Sereno,Normale,Buona,Ore Diurne,1,0,0,1,12.6152,41.8933,-1,2,Motociclo a solo,In marcia / fermata / arresto,Conducente,M,Rifiuta cure immediate,0,NON DECEDUTO,Non accertato,,,
3940179,13,31/07/2018 08:30:00,Strada Urbana,PIAZZA S. LEONARDO DA PORTO MAURIZIO,all'intersezione con,VIA DI ACILIA,VIA DI ACILIA,,,Scontro laterale fra veicoli in marcia,Intersezione stradale segnalata,Due carreggiate,Asciutto,Asfaltata,Verticale,Sereno,Normale,Buona,Ore Diurne,0,0,0,2,12.3654,41.7832,-1,1,Autocarro inferiore 35 q.,In marcia / fermata / arresto,Conducente,M,Illeso,0,,,,,
3940179,13,31/07/2018 08:30:00,Strada Urbana,PIAZZA S. LEONARDO DA PORTO MAURIZIO,all'intersezione con,VIA DI ACILIA,VIA DI ACILIA,,,Scontro laterale fra veicoli in marcia,Intersezione stradale segnalata,Due carreggiate,Asciutto,Asfaltata,Verticale,Sereno,Normale,Buona,Ore Diurne,0,0,0,2,12.3654,41.7832,-1,2,Autovettura privata,In marcia / fermata / arresto,Conducente,F,Illeso,0,,,,,
3940180,9,31/07/2018 12:25:00,Strada Urbana,VIA ENEA,all'intersezione con,VIA TUSCOLANA,VIA TUSCOLANA,,,Tamponamento,Incrocio,Una carreggiata a senso unico di marcia,Asciutto,Asfaltata,Verticale ed orizzontale,Sereno,Normale,Buona,Ore Diurne,0,0,0,3,12.5285,41.8749,-1,1,Autovettura privata,In marcia / fermata / arresto,Conducente,M,Illeso,0,,Non accertato,Inesploso,,
3940180,9,31/07/2018 12:25:00,Strada Urbana,VIA ENEA,all'intersezione con,VIA TUSCOLANA,VIA TUSCOLANA,,,Tamponamento,Incrocio,Una carreggiata a senso unico di marcia,Asciutto,Asfaltata,Verticale ed orizzontale,Sereno,Normale,Buona,Ore Diurne,0,0,0,3,12.5285,41.8749,-1,2,Autovettura privata,In marcia / fermata / arresto,Conducente,M,Illeso,0,,Non accertato,Inesploso,,
3940180,9,31/07/2018 12:25:00,Strada Urbana,VIA ENEA,all'intersezione con,VIA TUSCOLANA,VIA TUSCOLANA,,,Tamponamento,Incrocio,Una carreggiata a senso unico di marcia,Asciutto,Asfaltata,Verticale ed orizzontale,Sereno,Normale,Buona,Ore Diurne,0,0,0,3,12.5285,41.8749,-1,2,Autovettura privata,In marcia / fermata / arresto,Passeggero,F,Illeso,0,,Non accertato,Inesploso,,
3940182,13,31/07/2018 15:30:00,Strada Urbana,VIA DELLE BALEARI,all'intersezione con,VIA DELLE ANTILLE,VIA DELLE ANTILLE,,,Scontro frontale/laterale DX fra veicoli in marcia,Incrocio,Una carreggiata a senso unico di marcia,Asciutto,Asfaltata,Verticale,Sereno,Normale,Buona,Ore Diurne,0,0,0,2,12.2805,41.7377,-1,1,Autovettura privata,In marcia / fermata / arresto,Conducente,M,Illeso,0,,,,,
3940182,13,31/07/2018 15:30:00,Strada Urbana,VIA DELLE BALEARI,all'intersezione con,VIA DELLE ANTILLE,VIA DELLE ANTILLE,,,Scontro frontale/laterale DX fra veicoli in marcia,Incrocio,Una carreggiata a senso unico di marcia,Asciutto,Asfaltata,Verticale,Sereno,Normale,Buona,Ore Diurne,0,0,0,2,12.2805,41.7377,-1,2,Autovettura privata,In marcia / fermata / arresto,Conducente,M,Illeso,0,,,,,
3940185,13,31/07/2018 16:10:00,Strada Urbana,VIA CORRADO CAGLI,in corrispondenza,,del civico n.,59,,Tamponamento,Rettilineo,Una carreggiata a doppio senso,Asciutto,Asfaltata,Verticale,Sereno,Normale,Buona,Ore Diurne,1,0,0,1,12.3453,41.7732,-1,1,Autovettura privata,In marcia / fermata / arresto,Conducente,M,Illeso,0,,,,,
3940185,13,31/07/2018 16:10:00,Strada Urbana,VIA CORRADO CAGLI,in corrispondenza,,del civico n.,59,,Tamponamento,Rettilineo,Una carreggiata a doppio senso,Asciutto,Asfaltata,Verticale,Sereno,Normale,Buona,Ore Diurne,1,0,0,1,12.3453,41.7732,-1,2,Autovettura pubblica,In marcia / fermata / arresto,Conducente,F,Rimandato,0,NON DECEDUTO,,,,
3940199,6,31/07/2018 21:50:00,Strada Urbana,VIA DEI CICLAMINI,all'intersezione con,VIA DELLE PALME,VIA DELLE PALME,,,Scontro frontale/laterale SX fra veicoli in marcia,Incrocio,Una carreggiata a doppio senso,Asciutto,Asfaltata,Verticale ed orizzontale,Sereno,Scarso,Buona,Sufficiente,0,0,0,5,12.5669,41.8897,-1,1,Autovettura privata,In marcia / fermata / arresto,Conducente,M,Illeso,0,,,,,
3940199,6,31/07/2018 21:50:00,Strada Urbana,VIA DEI CICLAMINI,all'intersezione con,VIA DELLE PALME,VIA DELLE PALME,,,Scontro frontale/laterale SX fra veicoli in marcia,Incrocio,Una carreggiata a doppio senso,Asciutto,Asfaltata,Verticale ed orizzontale,Sereno,Scarso,Buona,Sufficiente,0,0,0,5,12.5669,41.8897,-1,1,Autovettura privata,In marcia / fermata / arresto,Passeggero,F,Illeso,0,,,,,
3940199,6,31/07/2018 21:50:00,Strada Urbana,VIA DEI CICLAMINI,all'intersezione con,VIA DELLE PALME,VIA DELLE PALME,,,Scontro frontale/laterale SX fra veicoli in marcia,Incrocio,Una carreggiata a doppio senso,Asciutto,Asfaltata,Verticale ed orizzontale,Sereno,Scarso,Buona,Sufficiente,0,0,0,5,12.5669,41.8897,-1,2,Autovettura privata,In marcia / fermata / arresto,Conducente,F,Illeso,0,,,,,
3940199,6,31/07/2018 21:50:00,Strada Urbana,VIA DEI CICLAMINI,all'intersezione con,VIA DELLE PALME,VIA DELLE PALME,,,Scontro frontale/laterale SX fra veicoli in marcia,Incrocio,Una carreggiata a doppio senso,Asciutto,Asfaltata,Verticale ed orizzontale,Sereno,Scarso,Buona,Sufficiente,0,0,0,5,12.5669,41.8897,-1,2,Autovettura privata,In marcia / fermata / arresto,Passeggero,F,Illeso,0,,,,,
3940199,6,31/07/2018 21:50:00,Strada Urbana,VIA DEI CICLAMINI,all'intersezione con,VIA DELLE PALME,VIA DELLE PALME,,,Scontro frontale/laterale SX fra veicoli in marcia,Incrocio,Una carreggiata a doppio senso,Asciutto,Asfaltata,Verticale ed orizzontale,Sereno,Scarso,Buona,Sufficiente,0,0,0,5,12.5669,41.8897,-1,2,Autovettura privata,In marcia / fermata / arresto,Passeggero,M,Illeso,0,,,,,
3940205,11,31/07/2018 14:45:00,Strada Urbana,VIA DI GROTTA PERFETTA,da specificare,,,,all'intersezione con VIALE MOLIERE,Scontro frontale/laterale SX fra veicoli in marcia,Rettilineo,Una carreggiata a doppio senso,Asciutto,Asfaltata,Verticale ed orizzontale,Sereno,Scarso,Buona,Ore Diurne,0,0,0,2,12.5046,41.8398,-1,1,Autovettura privata,In marcia / fermata / arresto,Conducente,M,Illeso,0,,Non accertato,,,
3940205,11,31/07/2018 14:45:00,Strada Urbana,VIA DI GROTTA PERFETTA,da specificare,,,,all'intersezione con VIALE MOLIERE,Scontro frontale/laterale SX fra veicoli in marcia,Rettilineo,Una carreggiata a doppio senso,Asciutto,Asfaltata,Verticale ed orizzontale,Sereno,Scarso,Buona,Ore Diurne,0,0,0,2,12.5046,41.8398,-1,2,Autovettura privata,In marcia / fermata / arresto,Conducente,M,Illeso,0,,Non accertato,,,
3940231,10,31/07/2018 12:05:00,Strada Urbana,VIA DI TOR VERGATA,in corrispondenza,,del civico n.,329,,Tamponamento,Rettilineo,Una carreggiata a doppio senso,Asciutto,Asfaltata,Verticale ed orizzontale,Sereno,Normale,Buona,Ore Diurne,1,0,0,1,12.621,41.8358,-1,1,Autovettura privata,In marcia / fermata / arresto,Conducente,M,Rimandato,0,NON DECEDUTO,Non accertato,Inesploso,,
3940231,10,31/07/2018 12:05:00,Strada Urbana,VIA DI TOR VERGATA,in corrispondenza,,del civico n.,329,,Tamponamento,Rettilineo,Una carreggiata a doppio senso,Asciutto,Asfaltata,Verticale ed orizzontale,Sereno,Normale,Buona,Ore Diurne,1,0,0,1,12.621,41.8358,-1,2,Autocarro inferiore 35 q.,In marcia / fermata / arresto,Conducente,M,Illeso,0,,Non accertato,Inesploso,,
3940253,4,31/07/2018 11:30:00,Strada Urbana,VIA RENATO FUCINI,in prossimit�,,del civico n.,272,,Scontro laterale fra veicoli in marcia,Rettilineo,Due carreggiate,Asciutto,Asfaltata,Assente,Sereno,Normale,Buona,Ore Diurne,2,0,0,1,12.5511,41.9469,-1,1,Motociclo con passeggero,In marcia / fermata / arresto,Conducente,M,Rimandato,0,NON DECEDUTO,,,,
3940253,4,31/07/2018 11:30:00,Strada Urbana,VIA RENATO FUCINI,in prossimit�,,del civico n.,272,,Scontro laterale fra veicoli in marcia,Rettilineo,Due carreggiate,Asciutto,Asfaltata,Assente,Sereno,Normale,Buona,Ore Diurne,2,0,0,1,12.5511,41.9469,-1,1,Motociclo con passeggero,In marcia / fermata / arresto,Passeggero,F,Rimandato,0,NON DECEDUTO,,,,
3940253,4,31/07/2018 11:30:00,Strada Urbana,VIA RENATO FUCINI,in prossimit�,,del civico n.,272,,Scontro laterale fra veicoli in marcia,Rettilineo,Due carreggiate,Asciutto,Asfaltata,Assente,Sereno,Normale,Buona,Ore Diurne,2,0,0,1,12.5511,41.9469,-1,2,Autovettura privata,In marcia / fermata / arresto,Conducente,F,Illeso,0,,,,,
3940254,5,31/07/2018 08:35:00,Strada Urbana,VIA GIUSEPPE ANTONIO ANDRIULLI,da specificare,,,,pross. svincolo invers. di marcia dir. Tiburtina,Scontro laterale fra veicoli in marcia,Rettilineo,Due carreggiate,Asciutto,Asfaltata,Verticale ed orizzontale,Sereno,Normale,Buona,Ore Diurne,1,0,0,1,12.5576,41.9038,-1,1,Autovettura privata,In marcia / fermata / arresto,Conducente,M,Illeso,0,,Non accertato,,,
3940254,5,31/07/2018 08:35:00,Strada Urbana,VIA GIUSEPPE ANTONIO ANDRIULLI,da specificare,,,,pross. svincolo invers. di marcia dir. Tiburtina,Scontro laterale fra veicoli in marcia,Rettilineo,Due carreggiate,Asciutto,Asfaltata,Verticale ed orizzontale,Sereno,Normale,Buona,Ore Diurne,1,0,0,1,12.5576,41.9038,-1,2,Motociclo a solo,In marcia / fermata / arresto,Conducente,M,Rimandato,0,NON DECEDUTO,Non accertato,,,
3940259,5,31/07/2018 10:10:00,Strada Urbana,VIALE PALMIRO TOGLIATTI,all'intersezione con,VIA SALVATORE VALITUTTI,VIA SALVATORE VALITUTTI,,,Scontro laterale fra veicoli in marcia,Incrocio,Due carreggiate,Asciutto,Asfaltata,Verticale ed orizzontale,Sereno,Normale,Buona,Ore Diurne,0,0,0,2,12.5672,41.9192,-1,1,Autovettura privata,In marcia / fermata / arresto,Conducente,F,Illeso,0,,Non accertato,Inesploso,,
3940259,5,31/07/2018 10:10:00,Strada Urbana,VIALE PALMIRO TOGLIATTI,all'intersezione con,VIA SALVATORE VALITUTTI,VIA SALVATORE VALITUTTI,,,Scontro laterale fra veicoli in marcia,Incrocio,Due carreggiate,Asciutto,Asfaltata,Verticale ed orizzontale,Sereno,Normale,Buona,Ore Diurne,0,0,0,2,12.5672,41.9192,-1,2,Autovettura privata,In marcia / fermata / arresto,Conducente,M,Illeso,0,,Non accertato,Inesploso,,
3940268,5,31/07/2018 14:15:00,Strada Urbana,VIA DI CASAL BIANCO,all'intersezione con,VIA FORNO CASALE,VIA FORNO CASALE,,,Scontro laterale fra veicoli in marcia,Incrocio,Una carreggiata a doppio senso,Asciutto,Asfaltata,Verticale ed orizzontale,Sereno,Normale,Sufficiente,Ore Diurne,0,0,0,4,12.6367,41.9441,-1,1,Autovettura privata,In marcia / fermata / arresto,Conducente,F,Illeso,0,,Non accertato,Inesploso,,