Protocollo,Gruppo,DataOraIncidente,Localizzazione1,STRADA1,Localizzazione2,STRADA2,Strada02,Chilometrica,DaSpecificare,NaturaIncidente,particolaritastrade,TipoStrada,FondoStradale,Pavimentazione,Segnaletica,CondizioneAtmosferica,Traffico,Visibilita,Illuminazione,NUM_FERITI,NUM_RISERVATA,NUM_MORTI,NUM_ILLESI,Longitudine,Latitudine,Confermato,Progressivo,TipoVeicolo,StatoVeicolo,TipoPersona,Sesso,Tipolesione,Deceduto,DecedutoDopo,CinturaCascoUtilizzato,Airbag,,
3940268,5,31/07/2018 14:15:00,Strada Urbana,VIA DI CASAL BIANCO,all'intersezione con,VIA FORNO CASALE,VIA FORNO CASALE,,,Scontro laterale fra veicoli in marcia,Incrocio,Una carreggiata a doppio senso,Asciutto,Asfaltata,Verticale ed orizzontale,Sereno,Normale,Sufficiente,Ore Diurne,0,0,0,4,12.6367,41.9441,-1,1,Autovettura privata,In marcia / fermata / arresto,Passeggero,M,Illeso,0,,Non accertato,Inesploso,,
3940268,5,31/07/2018 14:15:00,Strada Urbana,VIA DI CASAL BIANCO,all'intersezione con,VIA FORNO CASALE,VIA FORNO CASALE,,,Scontro laterale fra veicoli in marcia,Incrocio,Una carreggiata a doppio senso,Asciutto,Asfaltata,Verticale ed orizzontale,Sereno,Normale,Sufficiente,Ore Diurne,0,0,0,4,12.6367,41.9441,-1,1,Autovettura privata,In marcia / fermata / arresto,Passeggero,F,Illeso,0,,Non accertato,Inesploso,,
3940268,5,31/07/2018 14:15:00,Strada Urbana,VIA DI CASAL BIANCO,all'intersezione con,VIA FORNO CASALE,VIA FORNO CASALE,,,Scontro laterale fra veicoli in marcia,Incrocio,Una carreggiata a doppio senso,Asciutto,Asfaltata,Verticale ed orizzontale,Sereno,Normale,Sufficiente,Ore Diurne,0,0,0,4,12.6367,41.9441,-1,2,Autovettura privata,In marcia / fermata / arresto,Conducente,M,Illeso,0,,Non accertato,Inesploso,,
3940273,2,31/07/2018 17:50:00,Strada Urbana,VIA SALARIA,in corrispondenza,,del civico n.,468,,Tamponamento,Rettilineo,Una carreggiata a doppio senso,Asciutto,Asfaltata,Orizzontale,Sereno,Normale,Buona,Ore Diurne,1,0,0,2,12.5091,41.9342,-1,1,Motociclo a solo,In marcia / fermata / arresto,Conducente,M,Rimandato,0,NON DECEDUTO,Non accertato,,,
3940273,2,31/07/2018 17:50:00,Strada Urbana,VIA SALARIA,in corrispondenza,,del civico n.,468,,Tamponamento,Rettilineo,Una carreggiata a doppio senso,Asciutto,Asfaltata,Orizzontale,Sereno,Normale,Buona,Ore Diurne,1,0,0,2,12.5091,41.9342,-1,2,Autovettura privata,In marcia / fermata / arresto,Conducente,F,Illeso,0,,Non accertato,Inesploso,,
3940273,2,31/07/2018 17:50:00,Strada Urbana,VIA SALARIA,in corrispondenza,,del civico n.,468,,Tamponamento,Rettilineo,Una carreggiata a doppio senso,Asciutto,Asfaltata,Orizzontale,Sereno,Normale,Buona,Ore Diurne,1,0,0,2,12.5091,41.9342,-1,2,Autovettura privata,In marcia / fermata / arresto,Passeggero,M,Illeso,0,,Non accertato,Inesploso,,
3940279,18,31/07/2018 10:45:00,Strada Urbana,LARGO DI BOCCEA,in prossimit�,,del civico n.,13,,Scontro laterale fra veicoli in marcia,Rettilineo,Una carreggiata a doppio senso,Asciutto,Asfaltata,Assente,Sereno,Normale,Buona,Ore Diurne,1,0,0,3,12.4268,41.9017,-1,1,Autovettura privata,In marcia / fermata / arresto,Conducente,F,Illeso,0,,,,,
3940279,18,31/07/2018 10:45:00,Strada Urbana,LARGO DI BOCCEA,in prossimit�,,del civico n.,13,,Scontro laterale fra veicoli in marcia,Rettilineo,Una carreggiata a doppio senso,Asciutto,Asfaltata,Assente,Sereno,Normale,Buona,Ore Diurne,1,0,0,3,12.4268,41.9017,-1,2,Motociclo con passeggero,In marcia / fermata / arresto,Conducente,M,Illeso,0,,,,,
3940279,18,31/07/2018 10:45:00,Strada Urbana,LARGO DI BOCCEA,in prossimit�,,del civico n.,13,,Scontro laterale fra veicoli in marcia,Rettilineo,Una carreggiata a doppio senso,Asciutto,Asfaltata,Assente,Sereno,Normale,Buona,Ore Diurne,1,0,0,3,12.4268,41.9017,-1,2,Motociclo con passeggero,In marcia / fermata / arresto,Passeggero,F,Rifiuta cure immediate,0,NON DECEDUTO,,,,
3940279,18,31/07/2018 10:45:00,Strada Urbana,LARGO DI BOCCEA,in prossimit�,,del civico n.,13,,Scontro laterale fra veicoli in marcia,Rettilineo,Una carreggiata a doppio senso,Asciutto,Asfaltata,Assente,Sereno,Normale,Buona,Ore Diurne,1,0,0,3,12.4268,41.9017,-1,3,Autobus urbano,In marcia / fermata / arresto,Conducente,M,Illeso,0,,,,,
3940281,5,31/07/2018 22:00:00,Strada Urbana,VIA RUBELLIA,all'intersezione con,VIA DI CASAL BIANCO,VIA DI CASAL BIANCO,,,Scontro laterale fra veicoli in marcia,Incrocio,Una carreggiata a doppio senso,Asciutto,Asfaltata,Verticale ed orizzontale,Sereno,Scarso,Sufficiente,Sufficiente,1,0,0,1,12.6236,41.939,-1,1,Velocipede,In marcia / fermata / arresto,Conducente,M,Rimandato,0,NON DECEDUTO,Esente,,,
3940281,5,31/07/2018 22:00:00,Strada Urbana,VIA RUBELLIA,all'intersezione con,VIA DI CASAL BIANCO,VIA DI CASAL BIANCO,,,Scontro laterale fra veicoli in marcia,Incrocio,Una carreggiata a doppio senso,Asciutto,Asfaltata,Verticale ed orizzontale,Sereno,Scarso,Sufficiente,Sufficiente,1,0,0,1,12.6236,41.939,-1,2,Autovettura privata,In marcia / fermata / arresto,Conducente,M,Illeso,0,,Non accertato,Inesploso,,
3940282,9,31/07/2018 14:30:00,Strada Urbana,VIA TUSCOLANA,all'intersezione semaforizzata con,PIAZZA DI S. MARIA AUSILIATRICE,PIAZZA DI S. MARIA AUSILIATRICE,,,Scontro laterale fra veicoli in marcia,Intersezione semaforizzata,Una carreggiata a doppio senso,Asciutto,Asfaltata,Verticale ed orizzontale,Sereno,Normale,Sufficiente,Ore Diurne,1,0,0,1,12.5292,41.8744,-1,1,Autovettura privata,In marcia / fermata / arresto,Conducente,M,Illeso,0,,Non accertato,Inesploso,,
3940282,9,31/07/2018 14:30:00,Strada Urbana,VIA TUSCOLANA,all'intersezione semaforizzata con,PIAZZA DI S. MARIA AUSILIATRICE,PIAZZA DI S. MARIA AUSILIATRICE,,,Scontro laterale fra veicoli in marcia,Intersezione semaforizzata,Una carreggiata a doppio senso,Asciutto,Asfaltata,Verticale ed orizzontale,Sereno,Normale,Sufficiente,Ore Diurne,1,0,0,1,12.5292,41.8744,-1,2,Motociclo a solo,In marcia / fermata / arresto,Conducente,M,Rimandato,0,NON DECEDUTO,Non accertato,,,
3940289,11,31/07/2018 13:15:00,Strada Urbana,VIA SILVIO D'AMICO,all'intersezione con,VIA GABRIELLO CHIABRERA,VIA GABRIELLO CHIABRERA,,,Scontro frontale/laterale DX fra veicoli in marcia,Intersezione non regolata/non segnalata,Due carreggiate,Asciutto,Asfaltata,Verticale ed orizzontale,Sereno,Normale,Buona,Ore Diurne,0,0,0,3,12.4787,41.8517,-1,1,Autovettura privata,In marcia / fermata / arresto,Conducente,M,Illeso,0,,Non accertato,Inesploso,,
3940289,11,31/07/2018 13:15:00,Strada Urbana,VIA SILVIO D'AMICO,all'intersezione con,VIA GABRIELLO CHIABRERA,VIA GABRIELLO CHIABRERA,,,Scontro frontale/laterale DX fra veicoli in marcia,Intersezione non regolata/non segnalata,Due carreggiate,Asciutto,Asfaltata,Verticale ed orizzontale,Sereno,Normale,Buona,Ore Diurne,0,0,0,3,12.4787,41.8517,-1,2,Autovettura privata,In marcia / fermata / arresto,Conducente,M,Illeso,0,,Non accertato,Inesploso,,
3940289,11,31/07/2018 13:15:00,Strada Urbana,VIA SILVIO D'AMICO,all'intersezione con,VIA GABRIELLO CHIABRERA,VIA GABRIELLO CHIABRERA,,,Scontro frontale/laterale DX fra veicoli in marcia,Intersezione non regolata/non segnalata,Due carreggiate,Asciutto,Asfaltata,Verticale ed orizzontale,Sereno,Normale,Buona,Ore Diurne,0,0,0,3,12.4787,41.8517,-1,2,Autovettura privata,In marcia / fermata / arresto,Passeggero,F,Illeso,0,,Non accertato,Inesploso,,
3940302,9,31/07/2018 18:05:00,Strada Urbana,VIA TARANTO,in prossimit�,,del civico n.,4,,Scontro laterale fra veicoli in marcia,Rettilineo,Due carreggiate,Asciutto,Asfaltata,Verticale ed orizzontale,Sereno,Normale,Buona,Ore Diurne,0,0,0,2,12.5115,41.8851,-1,1,Autovettura privata,In marcia / fermata / arresto,Conducente,F,Illeso,0,,Non accertato,Inesploso,,
3940302,9,31/07/2018 18:05:00,Strada Urbana,VIA TARANTO,in prossimit�,,del civico n.,4,,Scontro laterale fra veicoli in marcia,Rettilineo,Due carreggiate,Asciutto,Asfaltata,Verticale ed orizzontale,Sereno,Normale,Buona,Ore Diurne,0,0,0,2,12.5115,41.8851,-1,2,Motociclo a solo,In marcia / fermata / arresto,Conducente,M,Illeso,0,,Non accertato,,,
3940305,12,31/07/2018 19:15:00,Strada Urbana,VIALE STEFANO GRADI,in prossimit�,,del civico n.,170,,Veicolo in marcia contro veicoli in sosta,Curva a visuale libera,Due carreggiate,Asciutto,Asfaltata,Orizzontale,Sereno,Normale,Buona,Ore Diurne,1,0,0,0,12.5047,41.8244,-1,1,Autovettura privata,In marcia / fermata / arresto,Conducente,M,Rimandato,0,NON DECEDUTO,Non accertato,Inesploso,,
3940310,9,31/07/2018 16:30:00,,VIA AMITERNO,da specificare,,,,PROX CIVICO 60,Scontro laterale fra veicoli in marcia,,,,,,,,,,0,0,0,1,,,0,1,Autovettura privata,In marcia / fermata / arresto,Conducente,M,Illeso,0,,Non accertato,Inesploso,,
3940312,20,31/07/2018 07:00:00,Regionale entro l'abitato,VIA FLAMINIA NUOVA,da specificare,,,,prossimit� sottopasso Due Ponti direzione Roma,Tamponamento Multiplo,Rettilineo,Due carreggiate,Asciutto,Asfaltata,Verticale ed orizzontale,Sereno,Intenso,Buona,Ore Diurne,0,0,0,7,12.4792,41.9609,-1,1,Autovettura privata,In marcia / fermata / arresto,Conducente,M,Illeso,0,,Non accertato,Inesploso,,
3940312,20,31/07/2018 07:00:00,Regionale entro l'abitato,VIA FLAMINIA NUOVA,da specificare,,,,prossimit� sottopasso Due Ponti direzione Roma,Tamponamento Multiplo,Rettilineo,Due carreggiate,Asciutto,Asfaltata,Verticale ed orizzontale,Sereno,Intenso,Buona,Ore Diurne,0,0,0,7,12.4792,41.9609,-1,1,Autovettura privata,In marcia / fermata / arresto,Passeggero,M,Illeso,0,,Non accertato,Inesploso,,
3940312,20,31/07/2018 07:00:00,Regionale entro l'abitato,VIA FLAMINIA NUOVA,da specificare,,,,prossimit� sottopasso Due Ponti direzione Roma,Tamponamento Multiplo,Rettilineo,Due carreggiate,Asciutto,Asfaltata,Verticale ed orizzontale,Sereno,Intenso,Buona,Ore Diurne,0,0,0,7,12.4792,41.9609,-1,1,Autovettura privata,In marcia / fermata / arresto,Passeggero,M,Illeso,0,,Non accertato,Inesploso,,
3940312,20,31/07/2018 07:00:00,Regionale entro l'abitato,VIA FLAMINIA NUOVA,da specificare,,,,prossimit� sottopasso Due Ponti direzione Roma,Tamponamento Multiplo,Rettilineo,Due carreggiate,Asciutto,Asfaltata,Verticale ed orizzontale,Sereno,Intenso,Buona,Ore Diurne,0,0,0,7,12.4792,41.9609,-1,2,Autocarro inferiore 35 q.,In marcia / fermata / arresto,Conducente,M,Illeso,0,,Non accertato,Inesploso,,
3940312,20,31/07/2018 07:00:00,Regionale entro l'abitato,VIA FLAMINIA NUOVA,da specificare,,,,prossimit� sottopasso Due Ponti direzione Roma,Tamponamento Multiplo,Rettilineo,Due carreggiate,Asciutto,Asfaltata,Verticale ed orizzontale,Sereno,Intenso,Buona,Ore Diurne,0,0,0,7,12.4792,41.9609,-1,2,Autocarro inferiore 35 q.,In marcia / fermata / arresto,Passeggero,M,Illeso,0,,Non accertato,Inesploso,,
3940312,20,31/07/2018 07:00:00,Regionale entro l'abitato,VIA FLAMINIA NUOVA,da specificare,,,,prossimit� sottopasso Due Ponti direzione Roma,Tamponamento Multiplo,Rettilineo,Due carreggiate,Asciutto,Asfaltata,Verticale ed orizzontale,Sereno,Intenso,Buona,Ore Diurne,0,0,0,7,12.4792,41.9609,-1,3,Autovettura privata,In marcia / fermata / arresto,Conducente,M,Illeso,0,,Non accertato,Inesploso,,
3940312,20,31/07/2018 07:00:00,Regionale entro l'abitato,VIA FLAMINIA NUOVA,da specificare,,,,prossimit� sottopasso Due Ponti direzione Roma,Tamponamento Multiplo,Rettilineo,Due carreggiate,Asciutto,Asfaltata,Verticale ed orizzontale,Sereno,Intenso,Buona,Ore Diurne,0,0,0,7,12.4792,41.9609,-1,4,Autocarro inferiore 35 q.,In marcia / fermata / arresto,Conducente,M,Illeso,0,,Non accertato,Inesploso,,
3940347,19,31/07/2018 17:25:00,Strada Urbana,VIA DEL PODERE FIUME,in prossimit�,,del civico n.,57,,Scontro laterale fra veicoli in marcia,Rettilineo,Una carreggiata a doppio senso,Asciutto,Asfaltata,Assente,Sereno,Intenso,Buona,Ore Diurne,0,0,0,3,12.4022,41.9253,-1,1,Autovettura privata,In marcia / fermata / arresto,Conducente,M,Illeso,0,,Non accertato,Inesploso,,
3940347,19,31/07/2018 17:25:00,Strada Urbana,VIA DEL PODERE FIUME,in prossimit�,,del civico n.,57,,Scontro laterale fra veicoli in marcia,Rettilineo,Una carreggiata a doppio senso,Asciutto,Asfaltata,Assente,Sereno,Intenso,Buona,Ore Diurne,0,0,0,3,12.4022,41.9253,-1,1,Autovettura privata,In marcia / fermata / arresto,Passeggero,F,Illeso,0,,Non accertato,Inesploso,,
3940347,19,31/07/2018 17:25:00,Strada Urbana,VIA DEL PODERE FIUME,in prossimit�,,del civico n.,57,,Scontro laterale fra veicoli in marcia,Rettilineo,Una carreggiata a doppio senso,Asciutto,Asfaltata,Assente,Sereno,Intenso,Buona,Ore Diurne,0,0,0,3,12.4022,41.9253,-1,1,Autovettura privata,In marcia / fermata / arresto,Passeggero,M,Illeso,0,,Non accertato,Inesploso,,
3940357,18,31/07/2018 10:45:00,Strada Urbana,CIRCONVALLAZIONE AURELIA,da specificare,,,,prossimit� Piazza di Villa Carpegna,Scontro frontale/laterale DX fra veicoli in marcia,Rettilineo,Due carreggiate,Asciutto,Asfaltata,Verticale ed orizzontale,Sereno,Intenso,Buona,Ore Diurne,1,0,0,1,12.4282,41.8971,-1,1,Motociclo a solo,In marcia / fermata / arresto,Conducente,M,Rimandato,0,NON DECEDUTO,,,,
3940357,18,31/07/2018 10:45:00,Strada Urbana,CIRCONVALLAZIONE AURELIA,da specificare,,,,prossimit� Piazza di Villa Carpegna,Scontro frontale/laterale DX fra veicoli in marcia,Rettilineo,Due carreggiate,Asciutto,Asfaltata,Verticale ed orizzontale,Sereno,Intenso,Buona,Ore Diurne,1,0,0,1,12.4282,41.8971,-1,2,Autovettura privata,In marcia / fermata / arresto,Conducente,M,Illeso,0,,,,,
3940404,17,31/07/2018 23:50:00,Strada Urbana,VIA TRIONFALE,in corrispondenza,,del civico n.,6106,,Ribaltamento senza urto contro ostacolo fisso,Rettilineo,Una carreggiata a doppio senso,Asciutto,Asfaltata,Verticale ed orizzontale,Sereno,Normale,Buona,Insufficiente,1,0,0,0,12.4461,41.9284,-1,1,Motociclo a solo,In marcia / fermata / arresto,Conducente,M,Rimandato,0,NON DECEDUTO,Non accertato,,,
3940409,2,31/07/2018 09:04:00,Strada Urbana,VIALE PARIOLI,da specificare,,,,fronte via della moschea,Tamponamento,Rettilineo,Una carreggiata a doppio senso,Asciutto,Asfaltata,Verticale ed orizzontale,Sereno,Normale,Buona,Ore Diurne,0,0,0,2,12.485,41.9298,-1,1,Autovettura privata,In marcia / fermata / arresto,Conducente,F,Illeso,0,,Non accertato,Inesploso,,
3940409,2,31/07/2018 09:04:00,Strada Urbana,VIALE PARIOLI,da specificare,,,,fronte via della moschea,Tamponamento,Rettilineo,Una carreggiata a doppio senso,Asciutto,Asfaltata,Verticale ed orizzontale,Sereno,Normale,Buona,Ore Diurne,0,0,0,2,12.485,41.9298,-1,2,Autovettura privata,In marcia / fermata / arresto,Conducente,F,Illeso,0,,Non accertato,Inesploso,,
3940410,2,31/07/2018 19:25:00,Strada Urbana,VIA DI S. COSTANZA,da specificare,,,,fronte civ. 37,Scontro laterale fra veicoli in marcia,Rettilineo,Una carreggiata a doppio senso,Asciutto,In cubetti di porfido,Verticale ed orizzontale,Sereno,Normale,Buona,Ore Diurne,0,0,0,3,12.5154,41.9222,-1,1,Motociclo con passeggero,In marcia / fermata / arresto,Conducente,M,Illeso,0,,,,,
3940410,2,31/07/2018 19:25:00,Strada Urbana,VIA DI S. COSTANZA,da specificare,,,,fronte civ. 37,Scontro laterale fra veicoli in marcia,Rettilineo,Una carreggiata a doppio senso,Asciutto,In cubetti di porfido,Verticale ed orizzontale,Sereno,Normale,Buona,Ore Diurne,0,0,0,3,12.5154,41.9222,-1,1,Motociclo con passeggero,In marcia / fermata / arresto,Passeggero,F,Illeso,0,,,,,
3940410,2,31/07/2018 19:25:00,Strada Urbana,VIA DI S. COSTANZA,da specificare,,,,fronte civ. 37,Scontro laterale fra veicoli in marcia,Rettilineo,Una carreggiata a doppio senso,Asciutto,In cubetti di porfido,Verticale ed orizzontale,Sereno,Normale,Buona,Ore Diurne,0,0,0,3,12.5154,41.9222,-1,2,Autovettura privata,In marcia / fermata / arresto,Conducente,M,Illeso,0,,,,,
3940431,17,31/07/2018 15:00:00,Strada Urbana,PIAZZA COLA DI RIENZO,in corrispondenza,,del civico n.,90,,Scontro laterale fra veicoli in marcia,Rettilineo,Una carreggiata a doppio senso,Asciutto,Asfaltata,Verticale ed orizzontale,Sereno,Normale,Buona,Ore Diurne,1,0,0,1,12.4677,41.9085,-1,1,Autovettura privata,In marcia / fermata / arresto,Conducente,F,Illeso,0,,,,,
3940431,17,31/07/2018 15:00:00,Strada Urbana,PIAZZA COLA DI RIENZO,in corrispondenza,,del civico n.,90,,Scontro laterale fra veicoli in marcia,Rettilineo,Una carreggiata a doppio senso,Asciutto,Asfaltata,Verticale ed orizzontale,Sereno,Normale,Buona,Ore Diurne,1,0,0,1,12.4677,41.9085,-1,2,Motociclo a solo,In marcia / fermata / arresto,Conducente,M,Rimandato,0,NON DECEDUTO,,,,
3940437,4,31/07/2018 13:40:00,Strada Urbana,VIA FRANCESCO D'OVIDIO,all'intersezione con,VIA LUIGI CHIARELLI,VIA LUIGI CHIARELLI,,,Scontro frontale/laterale SX fra veicoli in marcia,Intersezione stradale segnalata,Una carreggiata a senso unico di marcia,Asciutto,Asfaltata,Verticale ed orizzontale,Sereno,Scarso,Buona,Ore Diurne,0,0,0,2,12.554,41.9441,-1,1,Motociclo a solo,In marcia / fermata / arresto,Conducente,M,Illeso,0,,,,,
3940437,4,31/07/2018 13:40:00,Strada Urbana,VIA FRANCESCO D'OVIDIO,all'intersezione con,VIA LUIGI CHIARELLI,VIA LUIGI CHIARELLI,,,Scontro frontale/laterale SX fra veicoli in marcia,Intersezione stradale segnalata,Una carreggiata a senso unico di marcia,Asciutto,Asfaltata,Verticale ed orizzontale,Sereno,Scarso,Buona,Ore Diurne,0,0,0,2,12.554,41.9441,-1,2,Autovettura privata,In marcia / fermata / arresto,Conducente,M,Illeso,0,,,,,
3940463,4,31/07/2018 16:00:00,Strada Urbana,VIALE JONIO,in prossimit�,,del civico n.,131,,Tamponamento Multiplo,Rettilineo,Due carreggiate,Asciutto,Asfaltata,Orizzontale,Sereno,Normale,Buona,Ore Diurne,0,0,0,3,12.5371,41.9437,-1,1,Autovettura privata,In marcia / fermata / arresto,Conducente,M,Illeso,0,,,,,
3940463,4,31/07/2018 16:00:00,Strada Urbana,VIALE JONIO,in prossimit�,,del civico n.,131,,Tamponamento Multiplo,Rettilineo,Due carreggiate,Asciutto,Asfaltata,Orizzontale,Sereno,Normale,Buona,Ore Diurne,0,0,0,3,12.5371,41.9437,-1,2,Autovettura privata,In marcia / fermata / arresto,Conducente,F,Illeso,0,,,,,
3940463,4,31/07/2018 16:00:00,Strada Urbana,VIALE JONIO,in prossimit�,,del civico n.,131,,Tamponamento Multiplo,Rettilineo,Due carreggiate,Asciutto,Asfaltata,Orizzontale,Sereno,Normale,Buona,Ore Diurne,0,0,0,3,12.5371,41.9437,-1,3,Autovettura privata,In marcia / fermata / arresto,Conducente,F,Illeso,0,,,,,
3940464,23,31/07/2018 06:10:00,Comunale extraurbana,VIA CRISTOFORO COLOMBO,in corrispondenza,,della chilometrica,16.35,,Veicolo in marcia contro ostacolo fisso,Rettilineo,Due carreggiate,Asciutto,Asfaltata,Verticale ed orizzontale,Sereno,Normale,Buona,Ore Diurne,0,0,0,1,12.4065,41.7829,-1,1,Autocarro inferiore 35 q.,In marcia / fermata / arresto,Conducente,M,Illeso,0,,Non accertato,Inesploso,,
3940474,23,31/07/2018 16:15:00,Strada Urbana,VIA CRISTOFORO COLOMBO,all'intersezione semaforizzata con,VIA ERMANNO WOLF FERRARI,VIA ERMANNO WOLF FERRARI,,,Scontro frontale/laterale DX fra veicoli in marcia,Intersezione semaforizzata,Pi� di due carreggiate,Asciutto,Asfaltata,Verticale ed orizzontale,Sereno,Normale,Buona,Ore Diurne,1,0,0,2,12.4116,41.7858,-1,1,Autovettura privata,In marcia / fermata / arresto,Conducente,F,Rimandato,0,NON DECEDUTO,Non accertato,Inesploso,,
3940474,23,31/07/2018 16:15:00,Strada Urbana,VIA CRISTOFORO COLOMBO,all'intersezione semaforizzata con,VIA ERMANNO WOLF FERRARI,VIA ERMANNO WOLF FERRARI,,,Scontro frontale/laterale DX fra veicoli in marcia,Intersezione semaforizzata,Pi� di due carreggiate,Asciutto,Asfaltata,Verticale ed orizzontale,Sereno,Normale,Buona,Ore Diurne,1,0,0,2,12.4116,41.7858,-1,2,Autovettura privata,In marcia / fermata / arresto,Conducente,M,Illeso,0,,Non accertato,Inesploso,,
3940474,23,31/07/2018 16:15:00,Strada Urbana,VIA CRISTOFORO COLOMBO,all'intersezione semaforizzata con,VIA ERMANNO WOLF FERRARI,VIA ERMANNO WOLF FERRARI,,,Scontro frontale/laterale DX fra veicoli in marcia,Intersezione semaforizzata,Pi� di due carreggiate,Asciutto,Asfaltata,Verticale ed orizzontale,Sereno,Normale,Buona,Ore Diurne,1,0,0,2,12.4116,41.7858,-1,2,Autovettura privata,In marcia / fermata / arresto,Passeggero,M,Illeso,0,,Non accertato,Inesploso,,
3940493,23,31/07/2018 16:25:00,Strada Urbana,LUNGOTEVERE IN AUGUSTA,all'intersezione semaforizzata con,PONTE REGINA MARGHERITA,PONTE REGINA MARGHERITA,,,Scontro laterale fra veicoli in marcia,Intersezione semaforizzata,Una carreggiata a senso unico di marcia,Asciutto,Asfaltata,Verticale ed orizzontale,Sereno,Intenso,Buona,Ore Diurne,0,0,0,2,12.4731,41.9098,-1,1,Motociclo a solo,In marcia / fermata / arresto,Conducente,M,Illeso,0,,Utilizzato,,,
3940493,23,31/07/2018 16:25:00,Strada Urbana,LUNGOTEVERE IN AUGUSTA,all'intersezione semaforizzata con,PONTE REGINA MARGHERITA,PONTE REGINA MARGHERITA,,,Scontro laterale fra veicoli in marcia,Intersezione semaforizzata,Una carreggiata a senso unico di marcia,Asciutto,Asfaltata,Verticale ed orizzontale,Sereno,Intenso,Buona,Ore Diurne,0,0,0,2,12.4731,41.9098,-1,2,Autobus turistico,In marcia / fermata / arresto,Conducente,M,Illeso,0,,Non accertato,Inesploso,,
3940499,7,31/07/2018 22:40:00,Strada Urbana,VIALE PALMIRO TOGLIATTI,da specificare,,,,50 MT DOPO L'INTERS. PRENESTINA DIREZ.COLLATINA,Investimento di pedone,Rettilineo,Due carreggiate,Asciutto,Asfaltata,Verticale ed orizzontale,Sereno,Normale,Buona,Sufficiente,1,0,0,1,12.5757,41.8964,-1,,,,Pedone,F,Rimandato,0,NON DECEDUTO,,,,
3940499,7,31/07/2018 22:40:00,Strada Urbana,VIALE PALMIRO TOGLIATTI,da specificare,,,,50 MT DOPO L'INTERS. PRENESTINA DIREZ.COLLATINA,Investimento di pedone,Rettilineo,Due carreggiate,Asciutto,Asfaltata,Verticale ed orizzontale,Sereno,Normale,Buona,Sufficiente,1,0,0,1,12.5757,41.8964,-1,1,Autovettura privata,In marcia / fermata / arresto,Conducente,M,Illeso,0,,Non accertato,Inesploso,,
3940593,16,30/07/2018 16:55:00,Strada Urbana,VIA DI DONNA OLIMPIA,in prossimit�,,del civico n.,229,,Scontro laterale fra veicoli in marcia,Rettilineo,Una carreggiata a doppio senso,Asciutto,Asfaltata,Orizzontale,Sereno,Normale,Buona,Ore Diurne,1,0,0,1,12.4573,41.8737,-1,1,Autovettura privata,In marcia / fermata / arresto,Conducente,M,Illeso,0,,Non accertato,Inesploso,,
3940593,16,30/07/2018 16:55:00,Strada Urbana,VIA DI DONNA OLIMPIA,in prossimit�,,del civico n.,229,,Scontro laterale fra veicoli in marcia,Rettilineo,Una carreggiata a doppio senso,Asciutto,Asfaltata,Orizzontale,Sereno,Normale,Buona,Ore Diurne,1,0,0,1,12.4573,41.8737,-1,2,Motociclo a solo,In marcia / fermata / arresto,Conducente,M,Rimandato,0,NON DECEDUTO,Non accertato,,,
3940642,16,30/07/2018 11:00:00,Strada Urbana,VIA PIO SPEZI,all'intersezione con,VIA AURELIA,VIA AURELIA,,,Scontro frontale/laterale SX fra veicoli in marcia,Intersezione non regolata/non segnalata,Una carreggiata a doppio senso,Asciutto,Asfaltata,Assente,Sereno,Normale,Buona,Ore Diurne,1,0,0,1,12.3751,41.8854,-1,1,Motociclo a solo,In marcia / fermata / arresto,Conducente,M,Rimandato,0,NON DECEDUTO,Non accertato,,,
3940642,16,30/07/2018 11:00:00,Strada Urbana,VIA PIO SPEZI,all'intersezione con,VIA AURELIA,VIA AURELIA,,,Scontro frontale/laterale SX fra veicoli in marcia,Intersezione non regolata/non segnalata,Una carreggiata a doppio senso,Asciutto,Asfaltata,Assente,Sereno,Normale,Buona,Ore Diurne,1,0,0,1,12.3751,41.8854,-1,2,Autovettura privata,In marcia / fermata / arresto,Conducente,F,Illeso,0,,Non accertato,Inesploso,,
3940663,12,31/07/2018 23:05:00,Strada Urbana,VIALE DELL'AERONAUTICA,all'intersezione con,VIALE DELL'ARTE,VIALE DELL'ARTE,,,Scontro frontale/laterale DX fra veicoli in marcia,Incrocio,Una carreggiata a doppio senso,Asciutto,Asfaltata,Verticale ed orizzontale,Sereno,Scarso,Buona,Sufficiente,0,0,0,2,12.4755,41.8261,-1,1,Autovettura privata,In marcia / fermata / arresto,Conducente,M,Illeso,0,,,Inesploso,,
3940663,12,31/07/2018 23:05:00,Strada Urbana,VIALE DELL'AERONAUTICA,all'intersezione con,VIALE DELL'ARTE,VIALE DELL'ARTE,,,Scontro frontale/laterale DX fra veicoli in marcia,Incrocio,Una carreggiata a doppio senso,Asciutto,Asfaltata,Verticale ed orizzontale,Sereno,Scarso,Buona,Sufficiente,0,0,0,2,12.4755,41.8261,-1,2,Autovettura privata,In marcia / fermata / arresto,Conducente,M,Illeso,0,,Utilizzato,Inesploso,,
3940769,19,06/07/2018 20:41:00,Strada Urbana,VIA DEL FORTE BRASCHI,in corrispondenza,,del civico n.,101,,Infortunio per caduta del veicolo,Curva a visuale libera,Una carreggiata a doppio senso,Asciutto,Asfaltata,Verticale,Sereno,Scarso,Buona,Ore Diurne,1,0,0,0,12.4172,41.9123,-1,1,Motociclo a solo,In marcia / fermata / arresto,Conducente,M,Rimandato,0,NON DECEDUTO,,,,