Protocollo,Gruppo,DataOraIncidente,Localizzazione1,STRADA1,Localizzazione2,STRADA2,Strada02,Chilometrica,DaSpecificare,NaturaIncidente,particolaritastrade,TipoStrada,FondoStradale,Pavimentazione,Segnaletica,CondizioneAtmosferica,Traffico,Visibilita,Illuminazione,NUM_FERITI,NUM_RISERVATA,NUM_MORTI,NUM_ILLESI,Longitudine,Latitudine,Confermato,Progressivo,TipoVeicolo,StatoVeicolo,TipoPersona,Sesso,Tipolesione,Deceduto,DecedutoDopo,CinturaCascoUtilizzato,Airbag,,
3940870,1,30/07/2018 09:50:00,Strada Urbana,VIALE DI TRASTEVERE,all'intersezione con,VIA DI S. FRANCESCO A RIPA,VIA DI S. FRANCESCO A RIPA,,,Scontro frontale/laterale SX fra veicoli in marcia,Incrocio,Pi� di due carreggiate,Asciutto,Asfaltata,Verticale ed orizzontale,Sereno,Normale,Buona,Ore Diurne,0,0,0,2,12.4679,41.8817,-1,1,Autovettura privata,In marcia / fermata / arresto,Conducente,M,Illeso,0,,,,,
3940870,1,30/07/2018 09:50:00,Strada Urbana,VIALE DI TRASTEVERE,all'intersezione con,VIA DI S. FRANCESCO A RIPA,VIA DI S. FRANCESCO A RIPA,,,Scontro frontale/laterale SX fra veicoli in marcia,Incrocio,Pi� di due carreggiate,Asciutto,Asfaltata,Verticale ed orizzontale,Sereno,Normale,Buona,Ore Diurne,0,0,0,2,12.4679,41.8817,-1,2,Autovettura privata,In marcia / fermata / arresto,Conducente,M,Illeso,0,,,,,
3940947,1,31/07/2018 15:10:00,Strada Urbana,VIA CAVOUR,in prossimit�,,del civico n.,188,,Tamponamento,Rettilineo,Una carreggiata a doppio senso,Asciutto,Asfaltata,Verticale ed orizzontale,Sereno,Normale,Buona,Ore Diurne,1,0,0,1,12.4948,41.8961,-1,1,Autovettura privata,In marcia / fermata / arresto,Conducente,M,Illeso,0,,Non accertato,,,
3940947,1,31/07/2018 15:10:00,Strada Urbana,VIA CAVOUR,in prossimit�,,del civico n.,188,,Tamponamento,Rettilineo,Una carreggiata a doppio senso,Asciutto,Asfaltata,Verticale ed orizzontale,Sereno,Normale,Buona,Ore Diurne,1,0,0,1,12.4948,41.8961,-1,2,Motociclo a solo,In marcia / fermata / arresto,Conducente,M,Rimandato,0,NON DECEDUTO,Non accertato,,,
3940960,1,31/07/2018 10:15:00,Strada Urbana,VIA DEL MONTE OPPIO,all'intersezione con,VIA DELLE TERME DI TRAIANO,VIA DELLE TERME DI TRAIANO,,,Scontro frontale/laterale DX fra veicoli in marcia,Incrocio,Una carreggiata a doppio senso,Asciutto,Asfaltata,Verticale ed orizzontale,Sereno,Normale,Buona,Ore Diurne,2,0,0,0,12.4924,41.892,-1,1,Autovettura pubblica,In marcia / fermata / arresto,Conducente,M,Rimandato,0,NON DECEDUTO,,,,
3940960,1,31/07/2018 10:15:00,Strada Urbana,VIA DEL MONTE OPPIO,all'intersezione con,VIA DELLE TERME DI TRAIANO,VIA DELLE TERME DI TRAIANO,,,Scontro frontale/laterale DX fra veicoli in marcia,Incrocio,Una carreggiata a doppio senso,Asciutto,Asfaltata,Verticale ed orizzontale,Sereno,Normale,Buona,Ore Diurne,2,0,0,0,12.4924,41.892,-1,2,Autovettura pubblica,In marcia / fermata / arresto,Conducente,M,Rimandato,0,NON DECEDUTO,,,,
3940978,1,31/07/2018 13:15:00,Strada Urbana,LUNGOTEVERE DEI PIERLEONI,in corrispondenza,,del palo luce n.,6,,Scontro frontale/laterale SX fra veicoli in marcia,Rettilineo,Due carreggiate,Asciutto,Asfaltata,Verticale ed orizzontale,Sereno,Normale,Buona,Ore Diurne,1,0,0,1,12.4795,41.8906,-1,1,Autovettura privata,In marcia / fermata / arresto,Conducente,M,Illeso,0,,Non accertato,Esploso,,
3940978,1,31/07/2018 13:15:00,Strada Urbana,LUNGOTEVERE DEI PIERLEONI,in corrispondenza,,del palo luce n.,6,,Scontro frontale/laterale SX fra veicoli in marcia,Rettilineo,Due carreggiate,Asciutto,Asfaltata,Verticale ed orizzontale,Sereno,Normale,Buona,Ore Diurne,1,0,0,1,12.4795,41.8906,-1,2,Motociclo a solo,In marcia / fermata / arresto,Conducente,M,Rimandato,0,NON DECEDUTO,Non accertato,,,
3941025,16,30/07/2018 09:25:00,Strada Urbana,VIA DI S. PANCRAZIO,in prossimit�,,del civico n.,15,,Scontro laterale fra veicoli in marcia,Rettilineo,Una carreggiata a doppio senso,Asciutto,Asfaltata,Assente,Sereno,Scarso,Buona,Ore Diurne,1,0,0,3,12.4581,41.8867,-1,1,Autovettura privata,In marcia / fermata / arresto,Conducente,M,Illeso,0,,Non accertato,Inesploso,,
3941025,16,30/07/2018 09:25:00,Strada Urbana,VIA DI S. PANCRAZIO,in prossimit�,,del civico n.,15,,Scontro laterale fra veicoli in marcia,Rettilineo,Una carreggiata a doppio senso,Asciutto,Asfaltata,Assente,Sereno,Scarso,Buona,Ore Diurne,1,0,0,3,12.4581,41.8867,-1,1,Autovettura privata,In marcia / fermata / arresto,Passeggero,F,Illeso,0,,Non accertato,Inesploso,,
3941025,16,30/07/2018 09:25:00,Strada Urbana,VIA DI S. PANCRAZIO,in prossimit�,,del civico n.,15,,Scontro laterale fra veicoli in marcia,Rettilineo,Una carreggiata a doppio senso,Asciutto,Asfaltata,Assente,Sereno,Scarso,Buona,Ore Diurne,1,0,0,3,12.4581,41.8867,-1,1,Autovettura privata,In marcia / fermata / arresto,Passeggero,M,Illeso,0,,Non accertato,Inesploso,,
3941025,16,30/07/2018 09:25:00,Strada Urbana,VIA DI S. PANCRAZIO,in prossimit�,,del civico n.,15,,Scontro laterale fra veicoli in marcia,Rettilineo,Una carreggiata a doppio senso,Asciutto,Asfaltata,Assente,Sereno,Scarso,Buona,Ore Diurne,1,0,0,3,12.4581,41.8867,-1,2,Motociclo a solo,In marcia / fermata / arresto,Conducente,M,Rimandato,0,NON DECEDUTO,Non accertato,,,
3941036,16,30/07/2018 17:30:00,Strada Urbana,VIA SILVESTRI,in corrispondenza,,del civico n.,218,,Tamponamento,Rettilineo,Una carreggiata a doppio senso,Asciutto,Asfaltata,Verticale,Sereno,Normale,Buona,Ore Diurne,2,0,0,2,12.4305,41.8772,-1,,,,Pedone,M,Rimandato,0,NON DECEDUTO,,,,
3941036,16,30/07/2018 17:30:00,Strada Urbana,VIA SILVESTRI,in corrispondenza,,del civico n.,218,,Tamponamento,Rettilineo,Una carreggiata a doppio senso,Asciutto,Asfaltata,Verticale,Sereno,Normale,Buona,Ore Diurne,2,0,0,2,12.4305,41.8772,-1,,,,Pedone,M,Rimandato,0,NON DECEDUTO,,,,
3941036,16,30/07/2018 17:30:00,Strada Urbana,VIA SILVESTRI,in corrispondenza,,del civico n.,218,,Tamponamento,Rettilineo,Una carreggiata a doppio senso,Asciutto,Asfaltata,Verticale,Sereno,Normale,Buona,Ore Diurne,2,0,0,2,12.4305,41.8772,-1,1,Autovettura privata,In marcia / fermata / arresto,Conducente,F,Illeso,0,,Non accertato,,,
3941036,16,30/07/2018 17:30:00,Strada Urbana,VIA SILVESTRI,in corrispondenza,,del civico n.,218,,Tamponamento,Rettilineo,Una carreggiata a doppio senso,Asciutto,Asfaltata,Verticale,Sereno,Normale,Buona,Ore Diurne,2,0,0,2,12.4305,41.8772,-1,2,Autovettura privata,In marcia / fermata / arresto,Conducente,F,Illeso,0,,Non accertato,,,
3941079,16,30/07/2018 18:30:00,Strada Urbana,VIA DELLA PISANA,in corrispondenza,,del civico n.,41,,Tamponamento Multiplo,Rettilineo,Una carreggiata a doppio senso,Asciutto,Asfaltata,Verticale,Sereno,Normale,Buona,Ore Diurne,1,0,0,2,12.421,41.8849,-1,1,Autovettura privata,In marcia / fermata / arresto,Conducente,M,Illeso,0,,Non accertato,Inesploso,,
3941079,16,30/07/2018 18:30:00,Strada Urbana,VIA DELLA PISANA,in corrispondenza,,del civico n.,41,,Tamponamento Multiplo,Rettilineo,Una carreggiata a doppio senso,Asciutto,Asfaltata,Verticale,Sereno,Normale,Buona,Ore Diurne,1,0,0,2,12.421,41.8849,-1,2,Autovettura privata,In marcia / fermata / arresto,Conducente,F,Rimandato,0,NON DECEDUTO,Non accertato,Inesploso,,
3941079,16,30/07/2018 18:30:00,Strada Urbana,VIA DELLA PISANA,in corrispondenza,,del civico n.,41,,Tamponamento Multiplo,Rettilineo,Una carreggiata a doppio senso,Asciutto,Asfaltata,Verticale,Sereno,Normale,Buona,Ore Diurne,1,0,0,2,12.421,41.8849,-1,3,Autovettura privata,In marcia / fermata / arresto,Conducente,M,Illeso,0,,Non accertato,Inesploso,,
3941104,16,30/07/2018 20:00:00,,VIA DELLA NOCETTA,in prossimit�,,del civico n.,30,,Veicolo in marcia contro ostacolo accidentale,,,,,,,,,,0,0,0,1,,,0,1,Autovettura privata,In marcia / fermata / arresto,Conducente,M,Illeso,0,,,,,
3941123,16,31/07/2018 02:45:00,Strada Urbana,VIALE DI TRASTEVERE,in prossimit�,,del civico n.,230/B,,Scontro laterale fra veicoli in marcia,Rettilineo,Una carreggiata a senso unico di marcia,Asciutto,Asfaltata,Verticale ed orizzontale,Sereno,Scarso,Sufficiente,Sufficiente,1,0,0,0,12.4655,41.8772,0,1,Ciclomotore,In marcia / fermata / arresto,Conducente,M,Rimandato,0,NON DECEDUTO,Non accertato,,,
3941202,18,31/07/2018 17:50:00,Strada Urbana,VIA DI CASAL SELCE,all'intersezione con,RAMPA AURELIA,RAMPA AURELIA,,,Tamponamento,Incrocio,Una carreggiata a senso unico di marcia,Asciutto,Asfaltata,Verticale,Sereno,Normale,Buona,Ore Diurne,1,0,0,4,12.3471,41.9055,-1,1,Autovettura privata,In marcia / fermata / arresto,Conducente,M,Illeso,0,,,,,
3941202,18,31/07/2018 17:50:00,Strada Urbana,VIA DI CASAL SELCE,all'intersezione con,RAMPA AURELIA,RAMPA AURELIA,,,Tamponamento,Incrocio,Una carreggiata a senso unico di marcia,Asciutto,Asfaltata,Verticale,Sereno,Normale,Buona,Ore Diurne,1,0,0,4,12.3471,41.9055,-1,1,Autovettura privata,In marcia / fermata / arresto,Passeggero,F,Rifiuta cure immediate,0,NON DECEDUTO,,,,
3941202,18,31/07/2018 17:50:00,Strada Urbana,VIA DI CASAL SELCE,all'intersezione con,RAMPA AURELIA,RAMPA AURELIA,,,Tamponamento,Incrocio,Una carreggiata a senso unico di marcia,Asciutto,Asfaltata,Verticale,Sereno,Normale,Buona,Ore Diurne,1,0,0,4,12.3471,41.9055,-1,1,Autovettura privata,In marcia / fermata / arresto,Passeggero,F,Illeso,0,,,,,
3941202,18,31/07/2018 17:50:00,Strada Urbana,VIA DI CASAL SELCE,all'intersezione con,RAMPA AURELIA,RAMPA AURELIA,,,Tamponamento,Incrocio,Una carreggiata a senso unico di marcia,Asciutto,Asfaltata,Verticale,Sereno,Normale,Buona,Ore Diurne,1,0,0,4,12.3471,41.9055,-1,2,Autovettura privata,In marcia / fermata / arresto,Conducente,F,Illeso,0,,,,,
3941202,18,31/07/2018 17:50:00,Strada Urbana,VIA DI CASAL SELCE,all'intersezione con,RAMPA AURELIA,RAMPA AURELIA,,,Tamponamento,Incrocio,Una carreggiata a senso unico di marcia,Asciutto,Asfaltata,Verticale,Sereno,Normale,Buona,Ore Diurne,1,0,0,4,12.3471,41.9055,-1,2,Autovettura privata,In marcia / fermata / arresto,Passeggero,F,Illeso,0,,,,,
3941248,18,31/07/2018 19:00:00,Strada Urbana,VIA GRIGNASCO,in corrispondenza,,del civico n.,4,,Veicolo in marcia contro veicolo in sosta,Pendenza,Una carreggiata a doppio senso,Asciutto,Asfaltata,Verticale ed orizzontale,Sereno,Scarso,Buona,Ore Diurne,0,0,0,3,12.3853,41.8978,-1,1,Autovettura privata,In marcia / fermata / arresto,Conducente,M,Illeso,0,,,,,
3941248,18,31/07/2018 19:00:00,Strada Urbana,VIA GRIGNASCO,in corrispondenza,,del civico n.,4,,Veicolo in marcia contro veicolo in sosta,Pendenza,Una carreggiata a doppio senso,Asciutto,Asfaltata,Verticale ed orizzontale,Sereno,Scarso,Buona,Ore Diurne,0,0,0,3,12.3853,41.8978,-1,1,Autovettura privata,In marcia / fermata / arresto,Passeggero,M,Illeso,0,,,,,
3941248,18,31/07/2018 19:00:00,Strada Urbana,VIA GRIGNASCO,in corrispondenza,,del civico n.,4,,Veicolo in marcia contro veicolo in sosta,Pendenza,Una carreggiata a doppio senso,Asciutto,Asfaltata,Verticale ed orizzontale,Sereno,Scarso,Buona,Ore Diurne,0,0,0,3,12.3853,41.8978,-1,1,Autovettura privata,In marcia / fermata / arresto,Passeggero,M,Illeso,0,,,,,
3941289,18,31/07/2018 19:15:00,Strada Urbana,VIA DI MONTE DEL GALLO,in corrispondenza,,del civico n.,45,,Veicolo in marcia contro ostacolo fisso,Pendenza,Una carreggiata a doppio senso,Asciutto,Asfaltata,Verticale ed orizzontale,Sereno,Normale,Buona,Ore Diurne,0,0,0,1,12.4519,41.897,-1,1,Autocarro inferiore 35 q.,In marcia / fermata / arresto,Conducente,M,Illeso,0,,,,,
3941534,1,24/07/2018 07:40:00,Strada Urbana,VIA AUGUSTO JANDOLO,all'intersezione con,VIA DI S. CECILIA,VIA DI S. CECILIA,,,Scontro laterale fra veicoli in marcia,Incrocio,Una carreggiata a senso unico di marcia,Asciutto,In cubetti di porfido,Assente,Sereno,Scarso,Buona,Ore Diurne,1,0,0,1,12.4773,41.8877,-1,1,Motociclo a solo,In marcia / fermata / arresto,Conducente,M,Rimandato,0,NON DECEDUTO,,,,
3941534,1,24/07/2018 07:40:00,Strada Urbana,VIA AUGUSTO JANDOLO,all'intersezione con,VIA DI S. CECILIA,VIA DI S. CECILIA,,,Scontro laterale fra veicoli in marcia,Incrocio,Una carreggiata a senso unico di marcia,Asciutto,In cubetti di porfido,Assente,Sereno,Scarso,Buona,Ore Diurne,1,0,0,1,12.4773,41.8877,-1,2,Autovettura privata,In marcia / fermata / arresto,Conducente,M,Illeso,0,,,,,
3941960,1,27/07/2018 14:15:00,Strada Urbana,LUNGOTEVERE AVENTINO,all'intersezione semaforizzata con,VIA DI S. MARIA IN COSMEDIN,VIA DI S. MARIA IN COSMEDIN,,,Scontro laterale fra veicoli in marcia,Intersezione semaforizzata,Una carreggiata a senso unico di marcia,Asciutto,Asfaltata,Verticale ed orizzontale,Sereno,Normale,Buona,Ore Diurne,0,0,0,2,,,0,1,Autovettura privata,In marcia / fermata / arresto,Conducente,M,Illeso,0,,,,,
3941960,1,27/07/2018 14:15:00,Strada Urbana,LUNGOTEVERE AVENTINO,all'intersezione semaforizzata con,VIA DI S. MARIA IN COSMEDIN,VIA DI S. MARIA IN COSMEDIN,,,Scontro laterale fra veicoli in marcia,Intersezione semaforizzata,Una carreggiata a senso unico di marcia,Asciutto,Asfaltata,Verticale ed orizzontale,Sereno,Normale,Buona,Ore Diurne,0,0,0,2,,,0,2,Autovettura privata,In marcia / fermata / arresto,Conducente,F,Illeso,0,,,,,
3941962,1,13/07/2018 21:00:00,Strada Urbana,VIALE DI TRASTEVERE,in prossimit�,,del civico n.,22,,Infortunio per caduta del veicolo,Curva a visuale libera,Una carreggiata a senso unico di marcia,Asciutto,Asfaltata,Verticale ed orizzontale,Sereno,Normale,Buona,Sufficiente,1,0,0,0,,,0,1,Motociclo a solo,In marcia / fermata / arresto,Conducente,M,Rimandato,0,NON DECEDUTO,,,,
3941992,1,27/07/2018 18:30:00,Strada Urbana,VIA SALLUSTIANA,all'intersezione con,VIA PIEMONTE,VIA PIEMONTE,,,Veicolo in marcia contro veicolo arresto,Incrocio,Una carreggiata a doppio senso,Asciutto,Asfaltata,Orizzontale,Sereno,Normale,Buona,Ore Diurne,0,0,0,3,12.4939,41.9071,-1,1,Motociclo a solo,In marcia / fermata / arresto,Conducente,M,Illeso,0,,Non accertato,,,
3941992,1,27/07/2018 18:30:00,Strada Urbana,VIA SALLUSTIANA,all'intersezione con,VIA PIEMONTE,VIA PIEMONTE,,,Veicolo in marcia contro veicolo arresto,Incrocio,Una carreggiata a doppio senso,Asciutto,Asfaltata,Orizzontale,Sereno,Normale,Buona,Ore Diurne,0,0,0,3,12.4939,41.9071,-1,2,Autovettura privata,In marcia / fermata / arresto,Conducente,F,Illeso,0,,Non accertato,,,
3941992,1,27/07/2018 18:30:00,Strada Urbana,VIA SALLUSTIANA,all'intersezione con,VIA PIEMONTE,VIA PIEMONTE,,,Veicolo in marcia contro veicolo arresto,Incrocio,Una carreggiata a doppio senso,Asciutto,Asfaltata,Orizzontale,Sereno,Normale,Buona,Ore Diurne,0,0,0,3,12.4939,41.9071,-1,2,Autovettura privata,In marcia / fermata / arresto,Passeggero,M,Illeso,0,,Non accertato,,,
3942000,2,30/07/2018 17:20:00,Strada Urbana,VIALE ETIOPIA,in prossimit�,,del civico n.,40,,Veicolo in marcia contro veicolo fermo,Rettilineo,Una carreggiata a doppio senso,Asciutto,Asfaltata,Verticale ed orizzontale,Sereno,Normale,Buona,Ore Diurne,1,0,0,2,12.5216,41.933,-1,1,Autovettura privata,In marcia / fermata / arresto,Conducente,M,Illeso,0,,Non accertato,Inesploso,,
3942000,2,30/07/2018 17:20:00,Strada Urbana,VIALE ETIOPIA,in prossimit�,,del civico n.,40,,Veicolo in marcia contro veicolo fermo,Rettilineo,Una carreggiata a doppio senso,Asciutto,Asfaltata,Verticale ed orizzontale,Sereno,Normale,Buona,Ore Diurne,1,0,0,2,12.5216,41.933,-1,1,Autovettura privata,In marcia / fermata / arresto,Passeggero,F,Rifiuta cure immediate,0,NON DECEDUTO,Non accertato,Inesploso,,
3942000,2,30/07/2018 17:20:00,Strada Urbana,VIALE ETIOPIA,in prossimit�,,del civico n.,40,,Veicolo in marcia contro veicolo fermo,Rettilineo,Una carreggiata a doppio senso,Asciutto,Asfaltata,Verticale ed orizzontale,Sereno,Normale,Buona,Ore Diurne,1,0,0,2,12.5216,41.933,-1,2,Autovettura privata,In marcia / fermata / arresto,Conducente,F,Illeso,0,,Non accertato,,,
3942152,18,30/07/2018 18:10:00,Strada Urbana,VIA DI PORTA CAVALLEGGERI,all'intersezione con,VIA DEI CAVALLEGGERI,VIA DEI CAVALLEGGERI,,,Scontro laterale fra veicoli in marcia,Intersezione stradale segnalata,Una carreggiata a doppio senso,Asciutto,Asfaltata,Verticale ed orizzontale,Sereno,Normale,Buona,Ore Diurne,0,0,0,2,12.4566,41.9002,-1,1,Autovettura privata,In marcia / fermata / arresto,Conducente,M,Illeso,0,,,,,
3942152,18,30/07/2018 18:10:00,Strada Urbana,VIA DI PORTA CAVALLEGGERI,all'intersezione con,VIA DEI CAVALLEGGERI,VIA DEI CAVALLEGGERI,,,Scontro laterale fra veicoli in marcia,Intersezione stradale segnalata,Una carreggiata a doppio senso,Asciutto,Asfaltata,Verticale ed orizzontale,Sereno,Normale,Buona,Ore Diurne,0,0,0,2,12.4566,41.9002,-1,2,Autovettura pubblica,In marcia / fermata / arresto,Conducente,M,Illeso,0,,,,,
3942342,17,31/07/2018 07:00:00,Strada Urbana,VIA FABIO MASSIMO,all'intersezione con,VIA GERMANICO,VIA GERMANICO,,,Scontro frontale/laterale DX fra veicoli in marcia,Intersezione stradale segnalata,Una carreggiata a senso unico di marcia,Asciutto,Asfaltata,Verticale ed orizzontale,Sereno,Normale,Buona,Ore Diurne,4,0,0,1,12.4622,41.9088,-1,1,Autovettura privata,In marcia / fermata / arresto,Conducente,M,Illeso,0,,,,,
3942342,17,31/07/2018 07:00:00,Strada Urbana,VIA FABIO MASSIMO,all'intersezione con,VIA GERMANICO,VIA GERMANICO,,,Scontro frontale/laterale DX fra veicoli in marcia,Intersezione stradale segnalata,Una carreggiata a senso unico di marcia,Asciutto,Asfaltata,Verticale ed orizzontale,Sereno,Normale,Buona,Ore Diurne,4,0,0,1,12.4622,41.9088,-1,1,Autovettura privata,In marcia / fermata / arresto,Passeggero,F,Rimandato,0,NON DECEDUTO,,,,
3942342,17,31/07/2018 07:00:00,Strada Urbana,VIA FABIO MASSIMO,all'intersezione con,VIA GERMANICO,VIA GERMANICO,,,Scontro frontale/laterale DX fra veicoli in marcia,Intersezione stradale segnalata,Una carreggiata a senso unico di marcia,Asciutto,Asfaltata,Verticale ed orizzontale,Sereno,Normale,Buona,Ore Diurne,4,0,0,1,12.4622,41.9088,-1,1,Autovettura privata,In marcia / fermata / arresto,Passeggero,M,Rimandato,0,NON DECEDUTO,,,,
3942342,17,31/07/2018 07:00:00,Strada Urbana,VIA FABIO MASSIMO,all'intersezione con,VIA GERMANICO,VIA GERMANICO,,,Scontro frontale/laterale DX fra veicoli in marcia,Intersezione stradale segnalata,Una carreggiata a senso unico di marcia,Asciutto,Asfaltata,Verticale ed orizzontale,Sereno,Normale,Buona,Ore Diurne,4,0,0,1,12.4622,41.9088,-1,1,Autovettura privata,In marcia / fermata / arresto,Passeggero,F,Rimandato,0,NON DECEDUTO,,,,
3942342,17,31/07/2018 07:00:00,Strada Urbana,VIA FABIO MASSIMO,all'intersezione con,VIA GERMANICO,VIA GERMANICO,,,Scontro frontale/laterale DX fra veicoli in marcia,Intersezione stradale segnalata,Una carreggiata a senso unico di marcia,Asciutto,Asfaltata,Verticale ed orizzontale,Sereno,Normale,Buona,Ore Diurne,4,0,0,1,12.4622,41.9088,-1,2,Motociclo a solo,In marcia / fermata / arresto,Conducente,M,Rimandato,0,NON DECEDUTO,,,,
3942403,1,27/07/2018 16:30:00,Strada Urbana,PIAZZA DI PORTA CAPENA,all'intersezione semaforizzata con,VIALE DELLE TERME DI CARACALLA,VIALE DELLE TERME DI CARACALLA,,,Scontro laterale fra veicoli in marcia,Intersezione semaforizzata,Due carreggiate,Asciutto,Asfaltata,Verticale ed orizzontale,Sereno,Normale,Buona,Ore Diurne,0,0,0,3,,,0,1,Autovettura privata,In marcia / fermata / arresto,Conducente,M,Illeso,0,,,,,
3942403,1,27/07/2018 16:30:00,Strada Urbana,PIAZZA DI PORTA CAPENA,all'intersezione semaforizzata con,VIALE DELLE TERME DI CARACALLA,VIALE DELLE TERME DI CARACALLA,,,Scontro laterale fra veicoli in marcia,Intersezione semaforizzata,Due carreggiate,Asciutto,Asfaltata,Verticale ed orizzontale,Sereno,Normale,Buona,Ore Diurne,0,0,0,3,,,0,1,Autovettura privata,In marcia / fermata / arresto,Passeggero,F,Illeso,0,,,,,
3942403,1,27/07/2018 16:30:00,Strada Urbana,PIAZZA DI PORTA CAPENA,all'intersezione semaforizzata con,VIALE DELLE TERME DI CARACALLA,VIALE DELLE TERME DI CARACALLA,,,Scontro laterale fra veicoli in marcia,Intersezione semaforizzata,Due carreggiate,Asciutto,Asfaltata,Verticale ed orizzontale,Sereno,Normale,Buona,Ore Diurne,0,0,0,3,,,0,2,Motociclo a solo,In marcia / fermata / arresto,Conducente,M,Illeso,0,,Non accertato,,,
3942418,19,19/07/2018 16:00:00,Strada Urbana,VIA TRIONFALE,da specificare,,,,altezza via del forte trionfale,Scontro laterale fra veicoli in marcia,Rettilineo,Una carreggiata a senso unico di marcia,Asciutto,Asfaltata,Verticale ed orizzontale,Sereno,Normale,Buona,Ore Diurne,0,0,0,3,12.4229,41.9409,-1,1,Autovettura privata,In marcia / fermata / arresto,Conducente,M,Illeso,0,,Non accertato,Inesploso,,
3942418,19,19/07/2018 16:00:00,Strada Urbana,VIA TRIONFALE,da specificare,,,,altezza via del forte trionfale,Scontro laterale fra veicoli in marcia,Rettilineo,Una carreggiata a senso unico di marcia,Asciutto,Asfaltata,Verticale ed orizzontale,Sereno,Normale,Buona,Ore Diurne,0,0,0,3,12.4229,41.9409,-1,2,Motociclo con passeggero,In marcia / fermata / arresto,Conducente,M,Illeso,0,,Utilizzato,,,
3942418,19,19/07/2018 16:00:00,Strada Urbana,VIA TRIONFALE,da specificare,,,,altezza via del forte trionfale,Scontro laterale fra veicoli in marcia,Rettilineo,Una carreggiata a senso unico di marcia,Asciutto,Asfaltata,Verticale ed orizzontale,Sereno,Normale,Buona,Ore Diurne,0,0,0,3,12.4229,41.9409,-1,2,Motociclo con passeggero,In marcia / fermata / arresto,Passeggero,F,Illeso,0,,Utilizzato,,,
3942423,3,25/07/2018 13:00:00,Strada Urbana,VIALE DELLO SCALO S. LORENZO,in corrispondenza,,del civico n.,29,,Veicolo in marcia contro veicolo in sosta,Rettilineo,Pi� di due carreggiate,Asciutto,Asfaltata,Verticale ed orizzontale,Sereno,Normale,Buona,Ore Diurne,0,0,0,1,12.5163,41.8938,-1,1,Autovettura privata,In marcia / fermata / arresto,Conducente,M,Illeso,0,,Non accertato,Inesploso,,
3942424,16,31/07/2018 11:00:00,Strada Urbana,VIA CATERINA FIESCHI,in corrispondenza,,del civico n.,12/B,,Veicolo in marcia contro veicolo in sosta,Rettilineo,Una carreggiata a senso unico di marcia,Asciutto,Asfaltata,Verticale,Sereno,Normale,Sufficiente,Ore Diurne,0,0,0,1,12.4502,41.8699,-1,1,Autocarro inferiore 35 q.,Allontanatosi,Conducente,M,Illeso,0,,,,,
3942428,17,31/07/2018 11:00:00,Strada Urbana,VIA DELLA CAMILLUCCIA,all'intersezione con,PIAZZA WALTER ROSSI,PIAZZA WALTER ROSSI,,,Scontro laterale fra veicoli in marcia,Incrocio,Una carreggiata a senso unico di marcia,Asciutto,Asfaltata,Verticale ed orizzontale,Sereno,Intenso,Buona,Sufficiente,0,0,0,2,12.4435,41.935,-1,1,Autovettura privata,In marcia / fermata / arresto,Conducente,M,Illeso,0,,,,,
3942428,17,31/07/2018 11:00:00,Strada Urbana,VIA DELLA CAMILLUCCIA,all'intersezione con,PIAZZA WALTER ROSSI,PIAZZA WALTER ROSSI,,,Scontro laterale fra veicoli in marcia,Incrocio,Una carreggiata a senso unico di marcia,Asciutto,Asfaltata,Verticale ed orizzontale,Sereno,Intenso,Buona,Sufficiente,0,0,0,2,12.4435,41.935,-1,2,Autovettura privata,In marcia / fermata / arresto,Conducente,M,Illeso,0,,,,,
3942434,16,31/07/2018 14:30:00,Strada Urbana,VIA EDOARDO JENNER,in corrispondenza,,del civico n.,59,,Veicolo in marcia contro veicolo in sosta,Rettilineo,Una carreggiata a doppio senso,Asciutto,Asfaltata,Verticale ed orizzontale,Sereno,Scarso,Buona,Ore Diurne,0,0,0,1,12.4448,41.8729,-1,2,Autovettura privata,In marcia / fermata / arresto,Conducente,F,Illeso,0,,Non accertato,Inesploso,,
3942441,3,26/07/2018 10:15:00,Strada Urbana,VIALE REGINA MARGHERITA,in prossimit�,,del civico n.,286,,Tamponamento,Rettilineo,Una carreggiata a doppio senso,Asciutto,Asfaltata,Verticale ed orizzontale,Sereno,Normale,Buona,Ore Diurne,0,0,0,3,12.5097,41.9103,-1,1,Autovettura privata,In marcia / fermata / arresto,Conducente,M,Illeso,0,,Non accertato,,,
3942441,3,26/07/2018 10:15:00,Strada Urbana,VIALE REGINA MARGHERITA,in prossimit�,,del civico n.,286,,Tamponamento,Rettilineo,Una carreggiata a doppio senso,Asciutto,Asfaltata,Verticale ed orizzontale,Sereno,Normale,Buona,Ore Diurne,0,0,0,3,12.5097,41.9103,-1,1,Autovettura privata,In marcia / fermata / arresto,Passeggero,M,Illeso,0,,Non accertato,Inesploso,,
3942441,3,26/07/2018 10:15:00,Strada Urbana,VIALE REGINA MARGHERITA,in prossimit�,,del civico n.,286,,Tamponamento,Rettilineo,Una carreggiata a doppio senso,Asciutto,Asfaltata,Verticale ed orizzontale,Sereno,Normale,Buona,Ore Diurne,0,0,0,3,12.5097,41.9103,-1,2,Motociclo a solo,In marcia / fermata / arresto,Conducente,M,Illeso,0,,Non accertato,,,
3942842,3,26/07/2018 19:50:00,Strada Urbana,CIRCONVALLAZIONE NOMENTANA,da specificare,,,,direzione Salaria altezza civ. 512,Veicolo in marcia contro ostacolo accidentale,Pendenza,Pi� di due carreggiate,Asciutto,Asfaltata,Verticale,Nuvoloso,Intenso,Buona,Ore Diurne,0,0,0,1,12.5272,41.9185,-1,1,Motociclo a solo,In marcia / fermata / arresto,Conducente,M,Illeso,0,,Non accertato,,,