Protocollo,Gruppo,DataOraIncidente,Localizzazione1,STRADA1,Localizzazione2,STRADA2,Strada02,Chilometrica,DaSpecificare,NaturaIncidente,particolaritastrade,TipoStrada,FondoStradale,Pavimentazione,Segnaletica,CondizioneAtmosferica,Traffico,Visibilita,Illuminazione,NUM_FERITI,NUM_RISERVATA,NUM_MORTI,NUM_ILLESI,Longitudine,Latitudine,Confermato,Progressivo,TipoVeicolo,StatoVeicolo,TipoPersona,Sesso,Tipolesione,Deceduto,DecedutoDopo,CinturaCascoUtilizzato,Airbag,,
3942847,3,27/07/2018 19:15:00,Strada Urbana,VIA TIBURTINA,da specificare,,,,rampa d'immissione direzione Portonaccio,Scontro laterale fra veicoli in marcia,Rettilineo,Una carreggiata a senso unico di marcia,Asciutto,Asfaltata,Verticale ed orizzontale,Sereno,Scarso,Buona,Ore Diurne,0,0,0,2,12.5738,41.9256,-1,1,Autobus di linea,In marcia / fermata / arresto,Conducente,M,Illeso,0,,Non accertato,Inesploso,,
3942847,3,27/07/2018 19:15:00,Strada Urbana,VIA TIBURTINA,da specificare,,,,rampa d'immissione direzione Portonaccio,Scontro laterale fra veicoli in marcia,Rettilineo,Una carreggiata a senso unico di marcia,Asciutto,Asfaltata,Verticale ed orizzontale,Sereno,Scarso,Buona,Ore Diurne,0,0,0,2,12.5738,41.9256,-1,2,Autovettura privata,In marcia / fermata / arresto,Conducente,M,Illeso,0,,Non accertato,Inesploso,,
3942854,1,31/07/2018 20:05:00,Strada Urbana,VIA NAPOLI,in prossimit�,,del civico n.,12,,Veicolo in marcia contro ostacolo fisso,Rettilineo,Una carreggiata a senso unico di marcia,Asciutto,In cubetti di porfido,Assente,Sereno,Normale,Buona,Sufficiente,0,0,0,1,12.495,41.9002,-1,1,Motociclo a solo,In marcia / fermata / arresto,Conducente,M,Illeso,0,,,,,
3942868,3,29/07/2018 03:00:00,Strada Urbana,CIRCONVALLAZIONE TIBURTINA,da specificare,,,,direzione Salaria (corsia laterale) 100 mt prima d,Veicolo in marcia contro ostacolo fisso,Curva a visuale libera,Pi� di due carreggiate,Asciutto,Asfaltata,Verticale ed orizzontale,Sereno,Scarso,Sufficiente,Insufficiente,1,0,0,0,12.5251,41.8976,0,1,Autovettura pubblica,In marcia / fermata / arresto,Conducente,M,Ricoverato,0,NON DECEDUTO,Utilizzato,Esploso,,
3943061,3,31/07/2018 14:45:00,Strada Urbana,PIAZZALE DELLA STAZIONE TIBURTINA,in prossimit�,,del civico n.,1,,Scontro laterale fra veicoli in marcia,Rettilineo,Una carreggiata a senso unico di marcia,Asciutto,Asfaltata,Verticale ed orizzontale,Sereno,Normale,Buona,Ore Diurne,0,0,0,3,12.531,41.9109,-1,1,Autobus di linea,In marcia / fermata / arresto,Conducente,M,Illeso,0,,Non accertato,Inesploso,,
3943061,3,31/07/2018 14:45:00,Strada Urbana,PIAZZALE DELLA STAZIONE TIBURTINA,in prossimit�,,del civico n.,1,,Scontro laterale fra veicoli in marcia,Rettilineo,Una carreggiata a senso unico di marcia,Asciutto,Asfaltata,Verticale ed orizzontale,Sereno,Normale,Buona,Ore Diurne,0,0,0,3,12.531,41.9109,-1,2,Autovettura privata,In marcia / fermata / arresto,Conducente,M,Illeso,0,,Non accertato,Inesploso,,
3943061,3,31/07/2018 14:45:00,Strada Urbana,PIAZZALE DELLA STAZIONE TIBURTINA,in prossimit�,,del civico n.,1,,Scontro laterale fra veicoli in marcia,Rettilineo,Una carreggiata a senso unico di marcia,Asciutto,Asfaltata,Verticale ed orizzontale,Sereno,Normale,Buona,Ore Diurne,0,0,0,3,12.531,41.9109,-1,2,Autovettura privata,In marcia / fermata / arresto,Passeggero,F,Illeso,0,,Non accertato,Inesploso,,
3945548,1,28/07/2018 15:15:00,Strada Urbana,LUNGOTEVERE IN SASSIA,da specificare,,,,0,Scontro laterale fra veicoli in marcia,Sottopasso illuminato,Una carreggiata a senso unico di marcia,Asciutto,Asfaltata,Verticale ed orizzontale,Sereno,Normale,Buona,Ore Diurne,0,0,0,2,12.4631,41.9009,-1,1,Autovettura privata,In marcia / fermata / arresto,Conducente,M,Illeso,0,,Non accertato,Inesploso,,
3945548,1,28/07/2018 15:15:00,Strada Urbana,LUNGOTEVERE IN SASSIA,da specificare,,,,0,Scontro laterale fra veicoli in marcia,Sottopasso illuminato,Una carreggiata a senso unico di marcia,Asciutto,Asfaltata,Verticale ed orizzontale,Sereno,Normale,Buona,Ore Diurne,0,0,0,2,12.4631,41.9009,-1,2,Autovettura privata,In marcia / fermata / arresto,Conducente,M,Illeso,0,,Non accertato,,,
3945561,1,28/07/2018 15:20:00,Strada Urbana,VIA DELLA NAVICELLA,all'intersezione semaforizzata con,PIAZZA DI PORTA METRONIA,PIAZZA DI PORTA METRONIA,,,Veicolo in marcia contro ostacolo accidentale,Intersezione semaforizzata,Una carreggiata a doppio senso,Viscido da liquidi oleosi,Asfaltata,Verticale ed orizzontale,Sereno,Scarso,Buona,Ore Diurne,1,0,0,0,12.4983,41.8824,-1,1,Motociclo a solo,In marcia / fermata / arresto,Conducente,M,Rifiuta cure immediate,0,NON DECEDUTO,Non accertato,,,
3945566,1,29/07/2018 10:00:00,Strada Urbana,PIAZZA DELL'ESQUILINO,all'intersezione con,VIA URBANA,VIA URBANA,,,Scontro frontale/laterale DX fra veicoli in marcia,Incrocio,Una carreggiata a senso unico di marcia,Asciutto,Acciotolata,Verticale ed orizzontale,Sereno,Scarso,Buona,Ore Diurne,0,0,0,5,12.4972,41.8984,-1,1,Autovettura privata,In marcia / fermata / arresto,Conducente,M,Illeso,0,,Non accertato,Inesploso,,
3945566,1,29/07/2018 10:00:00,Strada Urbana,PIAZZA DELL'ESQUILINO,all'intersezione con,VIA URBANA,VIA URBANA,,,Scontro frontale/laterale DX fra veicoli in marcia,Incrocio,Una carreggiata a senso unico di marcia,Asciutto,Acciotolata,Verticale ed orizzontale,Sereno,Scarso,Buona,Ore Diurne,0,0,0,5,12.4972,41.8984,-1,1,Autovettura privata,In marcia / fermata / arresto,Passeggero,F,Illeso,0,,,,,
3945566,1,29/07/2018 10:00:00,Strada Urbana,PIAZZA DELL'ESQUILINO,all'intersezione con,VIA URBANA,VIA URBANA,,,Scontro frontale/laterale DX fra veicoli in marcia,Incrocio,Una carreggiata a senso unico di marcia,Asciutto,Acciotolata,Verticale ed orizzontale,Sereno,Scarso,Buona,Ore Diurne,0,0,0,5,12.4972,41.8984,-1,1,Autovettura privata,In marcia / fermata / arresto,Passeggero,F,Illeso,0,,,,,
3945566,1,29/07/2018 10:00:00,Strada Urbana,PIAZZA DELL'ESQUILINO,all'intersezione con,VIA URBANA,VIA URBANA,,,Scontro frontale/laterale DX fra veicoli in marcia,Incrocio,Una carreggiata a senso unico di marcia,Asciutto,Acciotolata,Verticale ed orizzontale,Sereno,Scarso,Buona,Ore Diurne,0,0,0,5,12.4972,41.8984,-1,1,Autovettura privata,In marcia / fermata / arresto,Passeggero,M,Illeso,0,,,,,
3945566,1,29/07/2018 10:00:00,Strada Urbana,PIAZZA DELL'ESQUILINO,all'intersezione con,VIA URBANA,VIA URBANA,,,Scontro frontale/laterale DX fra veicoli in marcia,Incrocio,Una carreggiata a senso unico di marcia,Asciutto,Acciotolata,Verticale ed orizzontale,Sereno,Scarso,Buona,Ore Diurne,0,0,0,5,12.4972,41.8984,-1,2,Autovettura privata,In marcia / fermata / arresto,Conducente,M,Illeso,0,,Non accertato,Inesploso,,
3945575,1,29/07/2018 00:50:00,Strada Urbana,LUNGOTEVERE DEGLI ALTOVITI,in prossimit�,,del civico n.,7,,Scontro laterale fra veicoli in marcia,Rettilineo,Una carreggiata a senso unico di marcia,Asciutto,Asfaltata,Verticale ed orizzontale,Sereno,Scarso,Sufficiente,Sufficiente,0,0,0,4,12.4654,41.901,-1,1,Autovettura privata,In marcia / fermata / arresto,Conducente,M,Illeso,0,,Non accertato,Inesploso,,
3945575,1,29/07/2018 00:50:00,Strada Urbana,LUNGOTEVERE DEGLI ALTOVITI,in prossimit�,,del civico n.,7,,Scontro laterale fra veicoli in marcia,Rettilineo,Una carreggiata a senso unico di marcia,Asciutto,Asfaltata,Verticale ed orizzontale,Sereno,Scarso,Sufficiente,Sufficiente,0,0,0,4,12.4654,41.901,-1,1,Autovettura privata,In marcia / fermata / arresto,Passeggero,F,Illeso,0,,Non accertato,Inesploso,,
3945575,1,29/07/2018 00:50:00,Strada Urbana,LUNGOTEVERE DEGLI ALTOVITI,in prossimit�,,del civico n.,7,,Scontro laterale fra veicoli in marcia,Rettilineo,Una carreggiata a senso unico di marcia,Asciutto,Asfaltata,Verticale ed orizzontale,Sereno,Scarso,Sufficiente,Sufficiente,0,0,0,4,12.4654,41.901,-1,2,Autovettura privata,In marcia / fermata / arresto,Conducente,M,Illeso,0,,Non accertato,Inesploso,,
3945575,1,29/07/2018 00:50:00,Strada Urbana,LUNGOTEVERE DEGLI ALTOVITI,in prossimit�,,del civico n.,7,,Scontro laterale fra veicoli in marcia,Rettilineo,Una carreggiata a senso unico di marcia,Asciutto,Asfaltata,Verticale ed orizzontale,Sereno,Scarso,Sufficiente,Sufficiente,0,0,0,4,12.4654,41.901,-1,2,Autovettura privata,In marcia / fermata / arresto,Passeggero,M,Illeso,0,,Non accertato,,,
3945580,1,30/07/2018 16:30:00,Strada Urbana,VIA PARMA,in corrispondenza,,del civico n.,3/a,,Veicolo in marcia contro veicolo in sosta,Rettilineo,Una carreggiata a senso unico di marcia,Asciutto,Asfaltata,Verticale ed orizzontale,Sereno,Scarso,Buona,Ore Diurne,0,0,0,1,,,0,1,Macchina operatrice,In marcia / fermata / arresto,Conducente,M,Illeso,0,,Non accertato,Inesploso,,
3945588,1,30/07/2018 16:50:00,Strada Urbana,VIALE MANZONI,all'intersezione con,VIA LUIGI LUZZATTI,VIA LUIGI LUZZATTI,,,Scontro frontale/laterale DX fra veicoli in marcia,Incrocio,Una carreggiata a doppio senso,Asciutto,Asfaltata,Orizzontale,Sereno,Normale,Buona,Ore Diurne,0,0,0,3,12.5091,41.8925,-1,1,Autovettura privata,In marcia / fermata / arresto,Conducente,F,Illeso,0,,Non accertato,Inesploso,,
3945588,1,30/07/2018 16:50:00,Strada Urbana,VIALE MANZONI,all'intersezione con,VIA LUIGI LUZZATTI,VIA LUIGI LUZZATTI,,,Scontro frontale/laterale DX fra veicoli in marcia,Incrocio,Una carreggiata a doppio senso,Asciutto,Asfaltata,Orizzontale,Sereno,Normale,Buona,Ore Diurne,0,0,0,3,12.5091,41.8925,-1,1,Autovettura privata,In marcia / fermata / arresto,Passeggero,F,Illeso,0,,Non accertato,Inesploso,,
3945588,1,30/07/2018 16:50:00,Strada Urbana,VIALE MANZONI,all'intersezione con,VIA LUIGI LUZZATTI,VIA LUIGI LUZZATTI,,,Scontro frontale/laterale DX fra veicoli in marcia,Incrocio,Una carreggiata a doppio senso,Asciutto,Asfaltata,Orizzontale,Sereno,Normale,Buona,Ore Diurne,0,0,0,3,12.5091,41.8925,-1,2,Autovettura privata,In marcia / fermata / arresto,Conducente,M,Illeso,0,,Non accertato,Inesploso,,
3945598,1,31/07/2018 17:00:00,Strada Urbana,VIA CRISTOFORO COLOMBO,all'intersezione semaforizzata con,LARGO DELLE TERME DI CARACALLA,LARGO DELLE TERME DI CARACALLA,,,Tamponamento,Intersezione semaforizzata,Pi� di due carreggiate,Asciutto,Asfaltata,Verticale ed orizzontale,Sereno,Normale,Buona,Ore Diurne,0,0,0,2,12.4121,41.786,-1,1,Autovettura privata,In marcia / fermata / arresto,Conducente,F,Illeso,0,,Non accertato,Inesploso,,
3945598,1,31/07/2018 17:00:00,Strada Urbana,VIA CRISTOFORO COLOMBO,all'intersezione semaforizzata con,LARGO DELLE TERME DI CARACALLA,LARGO DELLE TERME DI CARACALLA,,,Tamponamento,Intersezione semaforizzata,Pi� di due carreggiate,Asciutto,Asfaltata,Verticale ed orizzontale,Sereno,Normale,Buona,Ore Diurne,0,0,0,2,12.4121,41.786,-1,2,Autovettura privata,In marcia / fermata / arresto,Conducente,M,Illeso,0,,Non accertato,Esploso,,
3945605,1,31/07/2018 10:45:00,Strada Urbana,PONTE GARIBALDI,all'intersezione semaforizzata con,LUNGOTEVERE DEI VALLATI,LUNGOTEVERE DEI VALLATI,,,Scontro laterale fra veicoli in marcia,Intersezione semaforizzata,Pi� di due carreggiate,Asciutto,Asfaltata,Verticale ed orizzontale,Sereno,Normale,Buona,Ore Diurne,0,0,0,2,12.4746,41.8911,-1,1,Autovettura pubblica,In marcia / fermata / arresto,Conducente,M,Illeso,0,,Non accertato,Inesploso,,
3945605,1,31/07/2018 10:45:00,Strada Urbana,PONTE GARIBALDI,all'intersezione semaforizzata con,LUNGOTEVERE DEI VALLATI,LUNGOTEVERE DEI VALLATI,,,Scontro laterale fra veicoli in marcia,Intersezione semaforizzata,Pi� di due carreggiate,Asciutto,Asfaltata,Verticale ed orizzontale,Sereno,Normale,Buona,Ore Diurne,0,0,0,2,12.4746,41.8911,-1,2,Autovettura privata,In marcia / fermata / arresto,Conducente,M,Illeso,0,,,,,
3945613,1,31/07/2018 19:10:00,Strada Urbana,VIALE AVENTINO,in prossimit�,,del civico n.,76A,,Veicolo in marcia contro veicolo in sosta,Rettilineo,Due carreggiate,Asciutto,Asfaltata,Verticale ed orizzontale,Sereno,Normale,Buona,Ore Diurne,0,0,0,1,12.486,41.8823,0,1,Autovettura privata,In marcia / fermata / arresto,Conducente,F,Illeso,0,,Non accertato,Inesploso,,
3946806,1,26/07/2018 19:00:00,Strada Urbana,VIA NAPOLEONE III,all'intersezione con,PIAZZA VITTORIO EMANUELE II,PIAZZA VITTORIO EMANUELE II,,,Scontro laterale fra veicoli in marcia,Incrocio,Una carreggiata a doppio senso,Asciutto,Asfaltata,Assente,Sereno,Normale,Buona,Ore Diurne,0,0,0,1,,,0,1,Autovettura privata,In marcia / fermata / arresto,Conducente,M,Illeso,0,,,,,
3946873,12,30/07/2018 02:30:00,Strada Urbana,VIA LAURENTINA,all'intersezione semaforizzata con,PIAZZALE GIULIO DOUHET,PIAZZALE GIULIO DOUHET,,,Scontro laterale fra veicoli in marcia,Incrocio,Una carreggiata a senso unico di marcia,Asciutto,Asfaltata,Verticale ed orizzontale,Sereno,Scarso,Buona,Sufficiente,0,0,0,2,12.4853,41.8102,-1,1,Autobus di linea,In marcia / fermata / arresto,Conducente,M,Illeso,0,,Utilizzato,Inesploso,,
3946873,12,30/07/2018 02:30:00,Strada Urbana,VIA LAURENTINA,all'intersezione semaforizzata con,PIAZZALE GIULIO DOUHET,PIAZZALE GIULIO DOUHET,,,Scontro laterale fra veicoli in marcia,Incrocio,Una carreggiata a senso unico di marcia,Asciutto,Asfaltata,Verticale ed orizzontale,Sereno,Scarso,Buona,Sufficiente,0,0,0,2,12.4853,41.8102,-1,2,Autovettura privata,In marcia / fermata / arresto,Conducente,M,Illeso,0,,Utilizzato,Inesploso,,
3947021,17,31/07/2018 16:45:00,Strada Urbana,LUNGOTEVERE MICHELANGELO,all'intersezione con,VIALE GIULIO CESARE,VIALE GIULIO CESARE,,,Scontro laterale fra veicoli in marcia,Intersezione stradale segnalata,Due carreggiate,Asciutto,Asfaltata,Verticale ed orizzontale,Sereno,Normale,Buona,Ore Diurne,0,0,0,1,12.4706,41.9119,-1,1,Autovettura privata,In marcia / fermata / arresto,Conducente,F,Illeso,0,,,,,
3947309,18,27/07/2018 11:50:00,Strada Urbana,VIA GREGORIO VII,in corrispondenza,,del civico n.,178,,Scontro laterale fra veicoli in marcia,Rettilineo,Pi� di due carreggiate,Asciutto,Asfaltata,Verticale ed orizzontale,Sereno,Normale,Buona,Ore Diurne,0,0,0,2,12.4436,41.8963,-1,1,Motociclo a solo,In marcia / fermata / arresto,Conducente,M,Illeso,0,,,,,
3947309,18,27/07/2018 11:50:00,Strada Urbana,VIA GREGORIO VII,in corrispondenza,,del civico n.,178,,Scontro laterale fra veicoli in marcia,Rettilineo,Pi� di due carreggiate,Asciutto,Asfaltata,Verticale ed orizzontale,Sereno,Normale,Buona,Ore Diurne,0,0,0,2,12.4436,41.8963,-1,2,Autovettura privata,In marcia / fermata / arresto,Conducente,F,Illeso,0,,,,,
3958865,1,11/07/2018 16:30:00,Strada Urbana,VIA GIOVANNI GIOLITTI,in prossimit�,,del civico n.,463,,Veicolo in marcia contro veicolo fermo,Rettilineo,Una carreggiata a senso unico di marcia,Asciutto,Asfaltata,Verticale ed orizzontale,Sereno,Normale,Buona,Ore Diurne,1,0,0,3,12.5143,41.8922,-1,1,Autovettura privata,In marcia / fermata / arresto,Conducente,F,Illeso,0,,Non accertato,Inesploso,,
3958865,1,11/07/2018 16:30:00,Strada Urbana,VIA GIOVANNI GIOLITTI,in prossimit�,,del civico n.,463,,Veicolo in marcia contro veicolo fermo,Rettilineo,Una carreggiata a senso unico di marcia,Asciutto,Asfaltata,Verticale ed orizzontale,Sereno,Normale,Buona,Ore Diurne,1,0,0,3,12.5143,41.8922,-1,1,Autovettura privata,In marcia / fermata / arresto,Passeggero,F,Rimandato,0,NON DECEDUTO,Non accertato,,,
3958865,1,11/07/2018 16:30:00,Strada Urbana,VIA GIOVANNI GIOLITTI,in prossimit�,,del civico n.,463,,Veicolo in marcia contro veicolo fermo,Rettilineo,Una carreggiata a senso unico di marcia,Asciutto,Asfaltata,Verticale ed orizzontale,Sereno,Normale,Buona,Ore Diurne,1,0,0,3,12.5143,41.8922,-1,1,Autovettura privata,In marcia / fermata / arresto,Passeggero,M,Illeso,0,,,,,
3958865,1,11/07/2018 16:30:00,Strada Urbana,VIA GIOVANNI GIOLITTI,in prossimit�,,del civico n.,463,,Veicolo in marcia contro veicolo fermo,Rettilineo,Una carreggiata a senso unico di marcia,Asciutto,Asfaltata,Verticale ed orizzontale,Sereno,Normale,Buona,Ore Diurne,1,0,0,3,12.5143,41.8922,-1,2,Autovettura privata,In marcia / fermata / arresto,Conducente,M,Illeso,0,,Non accertato,,,
3967085,5,29/07/2018 17:00:00,Strada Urbana,VIA TIBURTINA,da specificare,,,,direzione centro in prossimit� G.R.A.,Tamponamento,Rettilineo,Una carreggiata a doppio senso,Asciutto,Asfaltata,Verticale ed orizzontale,Sereno,Scarso,Buona,Ore Diurne,1,0,0,3,12.6002,41.9333,-1,1,Autovettura privata,In marcia / fermata / arresto,Conducente,M,Illeso,0,,Non accertato,Inesploso,,
3967085,5,29/07/2018 17:00:00,Strada Urbana,VIA TIBURTINA,da specificare,,,,direzione centro in prossimit� G.R.A.,Tamponamento,Rettilineo,Una carreggiata a doppio senso,Asciutto,Asfaltata,Verticale ed orizzontale,Sereno,Scarso,Buona,Ore Diurne,1,0,0,3,12.6002,41.9333,-1,1,Autovettura privata,In marcia / fermata / arresto,Passeggero,F,Illeso,0,,Non accertato,Inesploso,,
3967085,5,29/07/2018 17:00:00,Strada Urbana,VIA TIBURTINA,da specificare,,,,direzione centro in prossimit� G.R.A.,Tamponamento,Rettilineo,Una carreggiata a doppio senso,Asciutto,Asfaltata,Verticale ed orizzontale,Sereno,Scarso,Buona,Ore Diurne,1,0,0,3,12.6002,41.9333,-1,1,Autovettura privata,In marcia / fermata / arresto,Passeggero,F,Illeso,0,,Non accertato,Inesploso,,
3967085,5,29/07/2018 17:00:00,Strada Urbana,VIA TIBURTINA,da specificare,,,,direzione centro in prossimit� G.R.A.,Tamponamento,Rettilineo,Una carreggiata a doppio senso,Asciutto,Asfaltata,Verticale ed orizzontale,Sereno,Scarso,Buona,Ore Diurne,1,0,0,3,12.6002,41.9333,-1,2,Motociclo a solo,In marcia / fermata / arresto,Conducente,M,Rimandato,0,NON DECEDUTO,Non accertato,,,
3967100,5,30/07/2018 00:01:00,Strada Urbana,VIA TIBURTINA,all'intersezione semaforizzata con,VIA GALLA PLACIDIA,VIA GALLA PLACIDIA,,,Scontro laterale fra veicoli in marcia,Intersezione semaforizzata,Due carreggiate,Asciutto,Asfaltata,Verticale ed orizzontale,Sereno,Scarso,Buona,Sufficiente,0,0,0,3,12.5427,41.9085,-1,1,Autovettura privata,In marcia / fermata / arresto,Conducente,M,Illeso,0,,,,,
3967100,5,30/07/2018 00:01:00,Strada Urbana,VIA TIBURTINA,all'intersezione semaforizzata con,VIA GALLA PLACIDIA,VIA GALLA PLACIDIA,,,Scontro laterale fra veicoli in marcia,Intersezione semaforizzata,Due carreggiate,Asciutto,Asfaltata,Verticale ed orizzontale,Sereno,Scarso,Buona,Sufficiente,0,0,0,3,12.5427,41.9085,-1,1,Autovettura privata,In marcia / fermata / arresto,Passeggero,F,Illeso,0,,,Inesploso,,
3967100,5,30/07/2018 00:01:00,Strada Urbana,VIA TIBURTINA,all'intersezione semaforizzata con,VIA GALLA PLACIDIA,VIA GALLA PLACIDIA,,,Scontro laterale fra veicoli in marcia,Intersezione semaforizzata,Due carreggiate,Asciutto,Asfaltata,Verticale ed orizzontale,Sereno,Scarso,Buona,Sufficiente,0,0,0,3,12.5427,41.9085,-1,2,Autovettura privata,In marcia / fermata / arresto,Conducente,M,Illeso,0,,,,,
3972818,5,21/07/2018 03:50:00,Strada Urbana,VIA TIBURTINA,all'intersezione con,VIA SAMBUCI,VIA SAMBUCI,,,Scontro frontale/laterale SX fra veicoli in marcia,Incrocio,Due carreggiate,Asciutto,Asfaltata,Verticale ed orizzontale,Sereno,Scarso,Buona,Sufficiente,0,0,0,4,12.6125,41.9359,-1,1,Autocarro inferiore 35 q.,In marcia / fermata / arresto,Conducente,M,Illeso,0,,Non accertato,Esploso,,
3972818,5,21/07/2018 03:50:00,Strada Urbana,VIA TIBURTINA,all'intersezione con,VIA SAMBUCI,VIA SAMBUCI,,,Scontro frontale/laterale SX fra veicoli in marcia,Incrocio,Due carreggiate,Asciutto,Asfaltata,Verticale ed orizzontale,Sereno,Scarso,Buona,Sufficiente,0,0,0,4,12.6125,41.9359,-1,1,Autocarro inferiore 35 q.,In marcia / fermata / arresto,Passeggero,M,Illeso,0,,,,,
3972818,5,21/07/2018 03:50:00,Strada Urbana,VIA TIBURTINA,all'intersezione con,VIA SAMBUCI,VIA SAMBUCI,,,Scontro frontale/laterale SX fra veicoli in marcia,Incrocio,Due carreggiate,Asciutto,Asfaltata,Verticale ed orizzontale,Sereno,Scarso,Buona,Sufficiente,0,0,0,4,12.6125,41.9359,-1,1,Autocarro inferiore 35 q.,In marcia / fermata / arresto,Passeggero,M,Illeso,0,,Non accertato,Inesploso,,
3972818,5,21/07/2018 03:50:00,Strada Urbana,VIA TIBURTINA,all'intersezione con,VIA SAMBUCI,VIA SAMBUCI,,,Scontro frontale/laterale SX fra veicoli in marcia,Incrocio,Due carreggiate,Asciutto,Asfaltata,Verticale ed orizzontale,Sereno,Scarso,Buona,Sufficiente,0,0,0,4,12.6125,41.9359,-1,2,Autovettura privata,In marcia / fermata / arresto,Conducente,M,Illeso,0,,Non accertato,Inesploso,,
4006468,5,20/07/2018 19:40:00,Strada Urbana,VIA TIBURTINA,in corrispondenza,,del civico n.,415,,Tamponamento,Rettilineo,Pi� di due carreggiate,Asciutto,Asfaltata,Verticale ed orizzontale,Sereno,Intenso,Buona,Ore Diurne,0,0,0,3,12.537,41.9085,-1,1,Autovettura privata,In marcia / fermata / arresto,Conducente,M,Illeso,0,,Non accertato,Inesploso,,
4006468,5,20/07/2018 19:40:00,Strada Urbana,VIA TIBURTINA,in corrispondenza,,del civico n.,415,,Tamponamento,Rettilineo,Pi� di due carreggiate,Asciutto,Asfaltata,Verticale ed orizzontale,Sereno,Intenso,Buona,Ore Diurne,0,0,0,3,12.537,41.9085,-1,1,Autovettura privata,In marcia / fermata / arresto,Passeggero,F,Illeso,0,,Non accertato,Inesploso,,
4006468,5,20/07/2018 19:40:00,Strada Urbana,VIA TIBURTINA,in corrispondenza,,del civico n.,415,,Tamponamento,Rettilineo,Pi� di due carreggiate,Asciutto,Asfaltata,Verticale ed orizzontale,Sereno,Intenso,Buona,Ore Diurne,0,0,0,3,12.537,41.9085,-1,2,Autovettura privata,In marcia / fermata / arresto,Conducente,M,Illeso,0,,Non accertato,Inesploso,,
4006480,5,20/07/2018 15:00:00,Strada Urbana,VIA TIBURTINA,da specificare,,,,ALTEZZA PONTE DI PORTONACCIO DIR.GRA,Scontro laterale fra veicoli in marcia,Rettilineo,Una carreggiata a doppio senso,Asciutto,Asfaltata,Orizzontale,Sereno,Intenso,Buona,Ore Diurne,0,0,0,3,12.5343,41.9082,-1,1,Motociclo a solo,In marcia / fermata / arresto,Conducente,M,Illeso,0,,Non accertato,,,
4006480,5,20/07/2018 15:00:00,Strada Urbana,VIA TIBURTINA,da specificare,,,,ALTEZZA PONTE DI PORTONACCIO DIR.GRA,Scontro laterale fra veicoli in marcia,Rettilineo,Una carreggiata a doppio senso,Asciutto,Asfaltata,Orizzontale,Sereno,Intenso,Buona,Ore Diurne,0,0,0,3,12.5343,41.9082,-1,2,Autovettura privata,In marcia / fermata / arresto,Conducente,F,Illeso,0,,Non accertato,Inesploso,,
4006480,5,20/07/2018 15:00:00,Strada Urbana,VIA TIBURTINA,da specificare,,,,ALTEZZA PONTE DI PORTONACCIO DIR.GRA,Scontro laterale fra veicoli in marcia,Rettilineo,Una carreggiata a doppio senso,Asciutto,Asfaltata,Orizzontale,Sereno,Intenso,Buona,Ore Diurne,0,0,0,3,12.5343,41.9082,-1,2,Autovettura privata,In marcia / fermata / arresto,Passeggero,F,Illeso,0,,Non accertato,Inesploso,,
4014377,1,10/07/2018 00:30:00,Strada Urbana,VIA LEONINA,da specificare,,,,0,Tamponamento,Rettilineo,Una carreggiata a senso unico di marcia,Asciutto,Acciotolata,Verticale ed orizzontale,Sereno,,Buona,Sufficiente,1,0,0,0,12.4912,41.8947,0,1,Velocipede,In marcia / fermata / arresto,Conducente,F,Rifiuta cure immediate,0,NON DECEDUTO,Esente,,,
4021741,2,17/07/2018 11:15:00,Strada Urbana,SOTTOVIA IGNAZIO GUIDI,da specificare,,,,DIR CASTRO PRETORIO PROSS. USCITA,Veicolo in marcia contro ostacolo accidentale,Sottopasso illuminato,Una carreggiata a senso unico di marcia,Asciutto,Asfaltata,Verticale ed orizzontale,Sereno,Normale,Buona,Ore Diurne,0,0,0,1,12.5044,41.9081,-1,1,Autovettura privata,In marcia / fermata / arresto,Conducente,M,Illeso,0,,Non accertato,Inesploso,,
4026179,5,20/07/2018 13:00:00,Strada Urbana,VIA CORCOLLE,in corrispondenza,,del civico n.,4/6,,Scontro frontale/laterale DX fra veicoli in marcia,Rettilineo,Una carreggiata a doppio senso,Asciutto,Asfaltata,Assente,Sereno,Scarso,Buona,Ore Diurne,0,0,0,3,12.6204,41.9336,-1,1,Autovettura privata,In marcia / fermata / arresto,Conducente,M,Illeso,0,,Non accertato,Inesploso,,
4026179,5,20/07/2018 13:00:00,Strada Urbana,VIA CORCOLLE,in corrispondenza,,del civico n.,4/6,,Scontro frontale/laterale DX fra veicoli in marcia,Rettilineo,Una carreggiata a doppio senso,Asciutto,Asfaltata,Assente,Sereno,Scarso,Buona,Ore Diurne,0,0,0,3,12.6204,41.9336,-1,1,Autovettura privata,In marcia / fermata / arresto,Passeggero,M,Illeso,0,,Non accertato,Inesploso,,
4026179,5,20/07/2018 13:00:00,Strada Urbana,VIA CORCOLLE,in corrispondenza,,del civico n.,4/6,,Scontro frontale/laterale DX fra veicoli in marcia,Rettilineo,Una carreggiata a doppio senso,Asciutto,Asfaltata,Assente,Sereno,Scarso,Buona,Ore Diurne,0,0,0,3,12.6204,41.9336,-1,2,Autocarro inferiore 35 q.,In marcia / fermata / arresto,Conducente,M,Illeso,0,,Non accertato,Inesploso,,